delivery_id,order_id,partner_id,pickup_time,delivery_time,delivery_duration_mins,delivery_status,distance_km
1,1,244,2025-07-27 11:42:56,2025-07-27 12:29:56,47,Late,1.82
2,2,307,2025-06-20 15:47:47,2025-06-20 16:06:47,19,Early,9.82
3,3,52,2025-01-16 08:50:49,2025-01-16 09:31:49,41,Late,10.32
4,4,6,2025-06-09 11:12:50,2025-06-09 11:32:50,20,Early,11.28
5,5,61,2025-12-22 12:35:45,2025-12-22 13:35:45,60,Late,5.3
6,6,475,2025-05-17 20:18:19,2025-05-17 20:47:19,29,On Time,11.16
7,8,464,2025-05-02 13:25:29,2025-05-02 13:48:29,23,On Time,5.99
8,9,196,2025-08-19 21:59:55,2025-08-19 22:19:55,20,Early,12.62
9,10,291,2025-10-06 16:53:42,2025-10-06 17:41:42,48,Late,10.37
10,11,224,2025-09-15 12:14:29,2025-09-15 12:48:29,34,On Time,8.82
11,12,385,2025-01-13 07:45:25,2025-01-13 08:44:25,59,Late,9.57
12,13,203,2025-04-17 14:16:37,2025-04-17 14:58:37,42,Late,10.8
13,15,452,2025-02-18 13:43:16,2025-02-18 14:30:16,47,Late,7.5
14,16,72,2025-05-21 13:50:22,2025-05-21 14:35:22,45,Late,8.06
15,17,21,2025-07-12 12:59:50,2025-07-12 13:45:50,46,Late,6.45
16,18,385,2025-11-29 18:41:32,2025-11-29 19:04:32,23,On Time,3.13
17,19,6,2025-06-29 14:30:17,2025-06-29 14:48:17,18,Early,8.39
18,20,419,2025-12-07 19:05:50,2025-12-07 19:33:50,28,On Time,2.84
19,21,51,2025-11-18 22:05:42,2025-11-18 22:22:42,17,Early,13.25
20,22,236,2025-04-09 13:46:19,2025-04-09 14:27:19,41,Late,2.4
21,23,214,2025-11-25 13:52:16,2025-11-25 14:31:16,39,On Time,7.84
22,24,176,2025-06-25 16:46:47,2025-06-25 17:18:47,32,Late,9.57
23,26,461,2025-04-16 21:06:38,2025-04-16 21:30:38,24,On Time,4.94
24,27,136,2025-07-12 23:27:59,2025-07-13 00:09:59,42,Late,6.72
25,28,196,2025-06-02 20:20:20,2025-06-02 21:17:20,57,Late,9.15
26,30,247,2025-04-15 18:56:23,2025-04-15 19:11:23,15,Early,4.72
27,31,266,2025-11-12 14:27:45,2025-11-12 15:15:45,48,Late,6.12
28,32,298,2025-11-12 20:24:22,2025-11-12 21:03:22,39,Late,14.47
29,33,369,2025-07-14 19:48:03,2025-07-14 20:25:03,37,On Time,5.13
30,34,494,2025-09-03 11:56:22,2025-09-03 12:27:22,31,On Time,8.59
31,35,194,2025-05-31 21:28:24,2025-05-31 22:18:24,50,Late,7.85
32,37,319,2025-08-04 12:37:06,2025-08-04 13:21:06,44,Late,4.82
33,38,485,2025-05-08 20:15:05,2025-05-08 21:08:05,53,Late,9.3
34,39,20,2025-05-09 22:19:32,2025-05-09 23:01:32,42,Late,11.96
35,40,168,2025-12-15 20:43:48,2025-12-15 21:38:48,55,Late,13.96
36,41,6,2025-09-27 22:09:00,2025-09-27 22:33:00,24,On Time,11.55
37,42,398,2025-02-22 11:46:02,2025-02-22 12:29:02,43,Late,11.74
38,43,344,2025-02-04 20:15:06,2025-02-04 20:55:06,40,On Time,2.07
39,44,402,2025-04-10 17:25:57,2025-04-10 17:54:57,29,On Time,7.82
40,45,328,2025-10-18 11:18:01,2025-10-18 12:13:01,55,Late,10.48
41,46,324,2025-12-16 20:20:24,2025-12-16 21:12:24,52,Late,5.55
42,48,369,2025-06-03 13:11:13,2025-06-03 13:52:13,41,Late,7.89
43,49,74,2025-03-02 12:25:51,2025-03-02 12:45:51,20,Early,2.61
44,50,23,2025-10-04 15:50:09,2025-10-04 16:23:09,33,Late,10.66
45,51,266,2025-07-02 10:02:32,2025-07-02 10:34:32,32,Late,9.81
46,52,415,2025-03-12 14:40:52,2025-03-12 15:13:52,33,Late,7.14
47,53,163,2025-08-11 12:56:56,2025-08-11 13:56:56,60,Late,8.0
48,54,374,2025-10-28 22:15:55,2025-10-28 23:01:55,46,Late,7.76
49,55,55,2025-06-15 10:47:11,2025-06-15 11:23:11,36,On Time,2.07
50,56,171,2025-11-06 22:18:07,2025-11-06 22:42:07,24,On Time,5.99
51,57,404,2025-05-21 13:30:42,2025-05-21 14:03:42,33,Late,1.74
52,58,104,2025-08-31 21:29:29,2025-08-31 22:09:29,40,Late,1.56
53,59,355,2025-08-19 14:01:03,2025-08-19 14:54:03,53,Late,10.45
54,60,114,2025-10-01 12:24:38,2025-10-01 12:49:38,25,On Time,10.38
55,61,5,2025-03-24 11:48:35,2025-03-24 12:07:35,19,Early,12.01
56,63,172,2025-07-02 13:37:02,2025-07-02 14:22:02,45,Late,14.88
57,64,63,2025-01-16 21:40:08,2025-01-16 22:37:08,57,Late,14.11
58,65,179,2025-08-23 12:29:00,2025-08-23 12:44:00,15,Early,14.59
59,66,310,2025-03-10 18:52:39,2025-03-10 19:25:39,33,On Time,13.09
60,67,59,2025-12-07 20:13:06,2025-12-07 21:01:06,48,Late,9.64
61,68,421,2025-02-28 22:39:52,2025-02-28 23:39:52,60,Late,8.91
62,69,345,2025-10-07 21:59:15,2025-10-07 22:20:15,21,On Time,13.53
63,70,178,2025-09-11 10:58:56,2025-09-11 11:56:56,58,Late,8.38
64,71,337,2025-12-15 21:16:27,2025-12-15 21:56:27,40,Late,13.8
65,72,438,2025-11-12 19:47:17,2025-11-12 20:43:17,56,Late,9.33
66,73,207,2025-03-09 11:40:49,2025-03-09 12:16:49,36,On Time,7.54
67,74,275,2025-03-05 12:41:33,2025-03-05 13:38:33,57,Late,13.08
68,76,151,2025-05-26 11:35:12,2025-05-26 12:04:12,29,On Time,7.41
69,77,206,2025-05-01 15:39:30,2025-05-01 15:58:30,19,Early,9.16
70,78,460,2025-05-25 20:33:43,2025-05-25 21:04:43,31,Late,9.41
71,79,70,2025-11-05 17:48:43,2025-11-05 18:17:43,29,On Time,7.04
72,80,407,2025-11-01 23:52:40,2025-11-02 00:20:40,28,On Time,2.76
73,82,157,2025-04-21 22:09:36,2025-04-21 22:30:36,21,On Time,14.74
74,83,355,2025-05-21 11:19:37,2025-05-21 12:17:37,58,Late,7.33
75,84,135,2025-08-31 01:03:56,2025-08-31 02:03:56,60,Late,8.52
76,85,11,2025-10-30 23:35:18,2025-10-31 00:15:18,40,Late,6.57
77,86,122,2025-10-25 20:22:58,2025-10-25 21:10:58,48,Late,3.93
78,87,444,2025-05-04 17:15:52,2025-05-04 17:43:52,28,On Time,3.39
79,89,239,2025-12-16 07:38:40,2025-12-16 07:56:40,18,Early,12.13
80,90,466,2025-01-14 23:52:11,2025-01-15 00:25:11,33,Late,8.55
81,91,335,2025-03-31 16:43:16,2025-03-31 17:21:16,38,Late,8.66
82,92,438,2025-03-04 13:57:07,2025-03-04 14:14:07,17,Early,8.96
83,93,281,2025-05-06 12:03:31,2025-05-06 12:26:31,23,On Time,2.37
84,95,420,2025-06-04 20:04:56,2025-06-04 20:45:56,41,Late,5.52
85,96,374,2025-03-08 19:39:28,2025-03-08 20:16:28,37,Late,11.73
86,97,247,2025-04-06 20:59:58,2025-04-06 21:46:58,47,Late,9.27
87,99,244,2025-08-27 20:32:46,2025-08-27 21:32:46,60,Late,3.15
88,100,99,2025-05-28 09:30:44,2025-05-28 10:10:44,40,Late,14.99
89,102,265,2025-04-18 00:20:02,2025-04-18 00:56:02,36,Late,10.1
90,103,176,2025-11-02 22:31:29,2025-11-02 23:23:29,52,Late,3.38
91,104,395,2025-03-29 23:03:27,2025-03-29 23:26:27,23,On Time,8.52
92,106,25,2025-03-11 22:54:05,2025-03-11 23:18:05,24,On Time,10.75
93,107,409,2025-04-19 22:52:20,2025-04-19 23:46:20,54,Late,4.35
94,108,396,2025-07-02 10:42:07,2025-07-02 11:23:07,41,Late,2.12
95,109,19,2025-05-26 10:20:39,2025-05-26 10:51:39,31,On Time,6.94
96,110,186,2025-11-16 14:09:26,2025-11-16 15:04:26,55,Late,14.35
97,111,477,2025-10-17 12:55:53,2025-10-17 13:36:53,41,Late,9.9
98,112,262,2025-08-31 13:55:36,2025-08-31 14:30:36,35,Late,10.28
99,113,465,2025-06-11 22:18:48,2025-06-11 22:54:48,36,On Time,8.91
100,114,207,2025-07-27 20:41:59,2025-07-27 21:09:59,28,On Time,1.7
101,115,476,2025-02-20 20:29:19,2025-02-20 20:45:19,16,Early,12.74
102,116,189,2025-07-10 00:18:08,2025-07-10 00:37:08,19,Early,2.6
103,117,372,2025-06-21 09:19:40,2025-06-21 10:15:40,56,Late,7.05
104,118,385,2025-08-08 12:35:38,2025-08-08 13:32:38,57,Late,3.26
105,119,138,2025-10-12 20:31:07,2025-10-12 21:11:07,40,Late,2.41
106,120,151,2025-08-21 09:40:03,2025-08-21 10:00:03,20,Early,9.64
107,121,424,2025-04-23 12:40:39,2025-04-23 13:14:39,34,Late,9.5
108,122,244,2025-10-24 08:58:39,2025-10-24 09:38:39,40,Late,8.71
109,124,424,2025-08-03 17:31:54,2025-08-03 17:53:54,22,On Time,12.95
110,126,12,2025-12-08 19:46:54,2025-12-08 20:35:54,49,Late,3.44
111,128,236,2025-06-03 16:58:10,2025-06-03 17:47:10,49,Late,13.22
112,129,128,2025-01-20 20:14:49,2025-01-20 20:47:49,33,Late,7.6
113,130,441,2025-02-28 15:14:30,2025-02-28 15:46:30,32,Late,12.03
114,131,114,2025-11-18 16:07:57,2025-11-18 16:55:57,48,Late,9.29
115,132,251,2025-01-20 17:47:19,2025-01-20 18:26:19,39,Late,10.76
116,133,279,2025-12-06 11:46:41,2025-12-06 12:44:41,58,Late,8.69
117,134,220,2025-07-20 21:25:23,2025-07-20 22:04:23,39,On Time,14.58
118,136,267,2025-11-27 17:06:37,2025-11-27 17:21:37,15,Early,4.12
119,137,80,2025-12-31 09:20:23,2025-12-31 09:53:23,33,Late,2.95
120,138,265,2025-02-24 20:16:09,2025-02-24 20:59:09,43,Late,13.0
121,140,444,2025-10-15 18:34:22,2025-10-15 18:52:22,18,Early,14.4
122,142,74,2025-11-20 19:44:43,2025-11-20 20:20:43,36,On Time,3.34
123,143,78,2025-01-21 11:43:39,2025-01-21 12:18:39,35,Late,7.99
124,144,270,2025-11-21 17:52:55,2025-11-21 18:35:55,43,Late,13.63
125,145,467,2025-05-30 13:38:58,2025-05-30 14:05:58,27,On Time,12.79
126,146,139,2025-11-27 18:40:28,2025-11-27 19:05:28,25,On Time,4.25
127,147,449,2025-01-13 11:41:17,2025-01-13 12:26:17,45,Late,3.33
128,148,70,2025-04-18 11:12:55,2025-04-18 11:30:55,18,Early,8.92
129,149,371,2025-12-25 19:40:10,2025-12-25 20:21:10,41,Late,13.4
130,150,133,2025-06-17 22:15:46,2025-06-17 23:05:46,50,Late,14.19
131,151,496,2025-09-08 14:41:09,2025-09-08 15:07:09,26,On Time,13.56
132,152,396,2025-10-26 01:11:33,2025-10-26 01:39:33,28,On Time,8.12
133,153,356,2025-03-12 22:22:06,2025-03-12 22:48:06,26,On Time,2.01
134,154,190,2025-10-11 19:09:07,2025-10-11 19:35:07,26,On Time,4.7
135,155,456,2025-01-21 06:42:15,2025-01-21 07:39:15,57,Late,1.82
136,156,423,2025-05-22 22:00:08,2025-05-22 22:53:08,53,Late,14.56
137,157,31,2025-06-13 10:44:35,2025-06-13 11:38:35,54,Late,11.24
138,158,66,2025-11-22 22:10:01,2025-11-22 22:43:01,33,On Time,2.86
139,159,61,2025-12-16 18:32:25,2025-12-16 19:00:25,28,On Time,11.16
140,160,152,2025-07-19 15:30:35,2025-07-19 15:46:35,16,Early,5.0
141,161,460,2025-03-21 11:08:01,2025-03-21 11:50:01,42,Late,7.25
142,162,269,2025-04-27 10:53:57,2025-04-27 11:22:57,29,On Time,10.97
143,163,319,2025-05-08 10:32:07,2025-05-08 11:24:07,52,Late,10.64
144,164,19,2025-07-25 20:41:47,2025-07-25 20:58:47,17,Early,8.99
145,165,353,2025-10-15 07:51:54,2025-10-15 08:12:54,21,On Time,3.5
146,166,418,2025-06-25 14:30:49,2025-06-25 15:16:49,46,Late,5.55
147,167,92,2025-02-28 07:22:22,2025-02-28 08:12:22,50,Late,1.57
148,168,178,2025-04-13 13:30:55,2025-04-13 13:46:55,16,Early,1.93
149,169,409,2025-08-01 09:41:39,2025-08-01 10:41:39,60,Late,9.1
150,171,302,2025-09-12 20:35:53,2025-09-12 21:16:53,41,Late,13.76
151,172,269,2025-04-21 12:58:24,2025-04-21 13:50:24,52,Late,9.17
152,174,497,2025-12-05 19:23:55,2025-12-05 19:47:55,24,On Time,13.62
153,175,253,2025-01-12 16:53:11,2025-01-12 17:42:11,49,Late,3.37
154,177,315,2025-08-31 15:53:29,2025-08-31 16:37:29,44,Late,11.3
155,178,485,2025-12-07 08:25:01,2025-12-07 08:51:01,26,On Time,8.08
156,179,302,2025-12-27 17:30:30,2025-12-27 18:09:30,39,On Time,11.22
157,180,265,2025-01-14 15:03:18,2025-01-14 15:35:18,32,On Time,1.5
158,181,238,2025-04-24 17:52:54,2025-04-24 18:34:54,42,Late,1.8
159,182,225,2025-08-25 11:54:20,2025-08-25 12:23:20,29,On Time,4.38
160,183,108,2025-08-15 00:00:35,2025-08-15 00:42:35,42,Late,5.79
161,184,440,2025-12-24 12:45:39,2025-12-24 13:44:39,59,Late,4.99
162,186,416,2025-12-03 21:05:28,2025-12-03 22:04:28,59,Late,14.67
163,187,65,2025-10-09 12:14:57,2025-10-09 13:08:57,54,Late,3.32
164,188,292,2025-01-30 23:45:40,2025-01-31 00:13:40,28,On Time,7.19
165,189,152,2025-11-28 09:53:44,2025-11-28 10:41:44,48,Late,14.61
166,190,334,2025-06-01 00:05:07,2025-06-01 00:43:07,38,Late,11.71
167,191,367,2025-10-20 20:46:23,2025-10-20 21:09:23,23,On Time,13.03
168,192,160,2025-07-03 08:55:44,2025-07-03 09:37:44,42,Late,14.52
169,193,288,2025-08-31 13:40:33,2025-08-31 13:58:33,18,Early,1.58
170,194,47,2025-01-08 16:11:41,2025-01-08 17:02:41,51,Late,9.54
171,195,137,2025-01-07 15:19:48,2025-01-07 15:56:48,37,Late,13.2
172,196,233,2025-10-11 23:06:21,2025-10-11 23:38:21,32,On Time,1.92
173,197,379,2025-07-09 14:05:06,2025-07-09 14:54:06,49,Late,9.8
174,198,157,2025-12-16 20:01:08,2025-12-16 20:26:08,25,On Time,1.91
175,199,325,2025-10-03 20:05:02,2025-10-03 20:22:02,17,Early,6.72
176,200,30,2025-09-19 17:04:16,2025-09-19 17:51:16,47,Late,2.43
177,202,497,2025-08-19 10:24:53,2025-08-19 11:13:53,49,Late,11.43
178,203,351,2025-10-24 23:43:42,2025-10-25 00:14:42,31,Late,4.64
179,204,46,2025-11-03 20:53:37,2025-11-03 21:49:37,56,Late,10.4
180,205,440,2025-03-22 11:59:42,2025-03-22 12:43:42,44,Late,7.36
181,206,302,2025-12-07 19:19:16,2025-12-07 20:15:16,56,Late,4.79
182,207,5,2025-02-27 12:50:13,2025-02-27 13:06:13,16,Early,7.67
183,208,28,2025-01-02 20:51:24,2025-01-02 21:33:24,42,Late,14.63
184,209,373,2025-08-15 08:39:02,2025-08-15 09:33:02,54,Late,7.84
185,210,257,2025-08-16 20:51:02,2025-08-16 21:06:02,15,Early,8.63
186,211,461,2025-10-12 22:08:02,2025-10-12 22:59:02,51,Late,7.64
187,213,298,2025-10-11 20:34:46,2025-10-11 21:27:46,53,Late,4.0
188,214,175,2025-12-11 17:40:58,2025-12-11 18:23:58,43,Late,2.22
189,215,291,2025-07-07 22:06:57,2025-07-07 22:21:57,15,Early,11.09
190,216,296,2025-02-02 13:10:53,2025-02-02 13:28:53,18,Early,2.7
191,217,407,2025-06-19 20:02:31,2025-06-19 20:22:31,20,Early,3.07
192,218,183,2025-05-28 22:10:14,2025-05-28 22:53:14,43,Late,2.22
193,219,475,2025-06-28 14:31:42,2025-06-28 15:30:42,59,Late,5.46
194,220,201,2025-10-18 15:12:06,2025-10-18 16:06:06,54,Late,12.21
195,221,354,2025-10-01 20:45:40,2025-10-01 21:16:40,31,On Time,6.05
196,223,53,2025-09-15 17:28:29,2025-09-15 18:06:29,38,Late,9.87
197,224,4,2025-07-23 12:01:20,2025-07-23 12:30:20,29,On Time,2.85
198,225,216,2025-08-25 22:48:40,2025-08-25 23:20:40,32,On Time,10.71
199,226,333,2025-06-07 14:56:06,2025-06-07 15:39:06,43,Late,10.06
200,227,21,2025-11-25 08:34:10,2025-11-25 09:31:10,57,Late,11.64
201,228,444,2025-07-21 22:39:48,2025-07-21 23:26:48,47,Late,9.76
202,229,168,2025-05-27 17:58:18,2025-05-27 18:56:18,58,Late,9.16
203,230,356,2025-07-18 07:45:21,2025-07-18 08:04:21,19,Early,8.88
204,231,84,2025-05-15 20:56:18,2025-05-15 21:31:18,35,On Time,4.44
205,232,60,2025-02-07 12:12:28,2025-02-07 13:09:28,57,Late,14.28
206,233,412,2025-04-23 12:21:29,2025-04-23 12:51:29,30,On Time,1.69
207,234,175,2025-02-15 14:22:55,2025-02-15 14:57:55,35,On Time,2.68
208,235,152,2025-08-05 11:30:53,2025-08-05 12:13:53,43,Late,3.05
209,238,50,2025-08-26 11:29:42,2025-08-26 12:22:42,53,Late,14.23
210,239,448,2025-09-28 20:30:33,2025-09-28 21:25:33,55,Late,14.01
211,240,390,2025-12-06 08:49:40,2025-12-06 09:12:40,23,On Time,1.99
212,242,14,2025-08-22 00:25:26,2025-08-22 01:18:26,53,Late,2.71
213,243,91,2025-02-08 12:19:01,2025-02-08 13:00:01,41,Late,8.07
214,244,437,2025-07-27 21:39:10,2025-07-27 22:17:10,38,Late,2.32
215,245,6,2025-05-11 20:15:27,2025-05-11 21:11:27,56,Late,9.66
216,246,321,2025-03-08 13:27:03,2025-03-08 14:25:03,58,Late,3.54
217,247,127,2025-09-20 21:29:52,2025-09-20 21:59:52,30,On Time,13.48
218,248,291,2025-09-13 22:12:45,2025-09-13 22:52:45,40,On Time,6.55
219,249,149,2025-08-28 21:28:51,2025-08-28 22:06:51,38,On Time,7.39
220,250,345,2025-05-19 13:38:34,2025-05-19 14:32:34,54,Late,13.88
221,251,143,2025-07-02 20:58:56,2025-07-02 21:28:56,30,On Time,6.47
222,252,84,2025-05-17 13:59:41,2025-05-17 14:21:41,22,On Time,5.56
223,253,349,2025-04-20 14:16:58,2025-04-20 14:40:58,24,On Time,14.08
224,254,40,2025-02-17 12:29:44,2025-02-17 13:15:44,46,Late,4.12
225,255,133,2025-12-21 13:31:41,2025-12-21 14:15:41,44,Late,1.55
226,257,350,2025-09-05 19:41:14,2025-09-05 20:27:14,46,Late,14.91
227,258,425,2025-06-09 13:29:47,2025-06-09 14:06:47,37,On Time,11.21
228,259,495,2025-12-04 22:02:45,2025-12-04 22:39:45,37,On Time,3.24
229,260,497,2025-09-17 22:59:36,2025-09-17 23:26:36,27,On Time,6.65
230,262,481,2025-12-08 15:09:50,2025-12-08 16:02:50,53,Late,5.44
231,263,450,2025-10-14 12:01:36,2025-10-14 12:31:36,30,On Time,2.4
232,264,421,2025-01-29 14:06:13,2025-01-29 15:02:13,56,Late,9.08
233,265,39,2025-10-24 11:56:42,2025-10-24 12:28:42,32,Late,2.11
234,266,134,2025-02-07 22:42:43,2025-02-07 23:34:43,52,Late,14.79
235,267,283,2025-10-08 13:16:57,2025-10-08 13:40:57,24,On Time,5.65
236,268,300,2025-08-09 13:50:04,2025-08-09 14:13:04,23,On Time,7.41
237,269,477,2025-01-15 23:04:43,2025-01-15 23:31:43,27,On Time,3.06
238,270,333,2025-06-18 11:39:30,2025-06-18 12:18:30,39,Late,14.91
239,271,80,2025-07-05 00:51:26,2025-07-05 01:18:26,27,On Time,6.71
240,272,166,2025-05-12 07:26:15,2025-05-12 08:09:15,43,Late,2.57
241,273,207,2025-11-29 10:18:16,2025-11-29 11:00:16,42,Late,5.55
242,274,310,2025-09-15 18:25:49,2025-09-15 18:56:49,31,Late,11.56
243,275,142,2025-02-15 18:30:03,2025-02-15 19:01:03,31,On Time,8.6
244,276,355,2025-12-25 11:44:18,2025-12-25 12:05:18,21,On Time,4.86
245,277,264,2025-10-20 10:38:18,2025-10-20 11:30:18,52,Late,3.28
246,278,22,2025-05-06 08:36:11,2025-05-06 09:13:11,37,On Time,3.34
247,279,242,2025-11-13 21:20:08,2025-11-13 21:51:08,31,Late,8.96
248,281,380,2025-07-28 22:06:13,2025-07-28 22:55:13,49,Late,12.72
249,282,250,2025-12-07 19:49:29,2025-12-07 20:22:29,33,On Time,7.79
250,283,484,2025-06-04 20:49:01,2025-06-04 21:16:01,27,On Time,4.21
251,284,238,2025-10-10 00:42:41,2025-10-10 01:41:41,59,Late,3.16
252,285,408,2025-08-22 21:35:47,2025-08-22 22:21:47,46,Late,3.8
253,286,120,2025-03-09 11:00:56,2025-03-09 11:18:56,18,Early,13.39
254,287,362,2025-07-31 19:40:40,2025-07-31 20:11:40,31,On Time,6.72
255,288,330,2025-11-01 11:24:44,2025-11-01 12:04:44,40,Late,11.12
256,289,284,2025-03-17 15:11:27,2025-03-17 15:41:27,30,On Time,10.91
257,290,83,2025-08-01 08:42:43,2025-08-01 09:03:43,21,On Time,9.43
258,291,101,2025-12-22 12:19:25,2025-12-22 12:45:25,26,On Time,3.71
259,292,174,2025-07-04 10:31:19,2025-07-04 11:04:19,33,Late,5.58
260,293,497,2025-06-06 20:38:04,2025-06-06 20:57:04,19,Early,9.76
261,294,228,2025-12-16 15:34:05,2025-12-16 15:59:05,25,On Time,13.81
262,295,412,2025-08-03 22:11:58,2025-08-03 22:28:58,17,Early,3.55
263,296,194,2025-12-07 13:21:26,2025-12-07 14:03:26,42,Late,6.59
264,297,386,2025-11-16 07:58:39,2025-11-16 08:17:39,19,Early,12.56
265,298,447,2025-02-18 20:40:41,2025-02-18 21:29:41,49,Late,8.24
266,299,344,2025-02-23 10:28:15,2025-02-23 11:19:15,51,Late,14.03
267,300,460,2025-08-15 16:28:20,2025-08-15 16:56:20,28,On Time,5.5
268,301,237,2025-08-12 11:29:23,2025-08-12 11:49:23,20,Early,7.86
269,303,30,2025-05-19 14:03:41,2025-05-19 14:29:41,26,On Time,5.15
270,304,245,2025-10-09 21:27:10,2025-10-09 21:57:10,30,On Time,13.08
271,305,499,2025-04-16 18:37:45,2025-04-16 19:03:45,26,On Time,6.87
272,306,185,2025-10-10 22:20:38,2025-10-10 23:04:38,44,Late,11.45
273,307,85,2025-12-06 20:00:46,2025-12-06 20:55:46,55,Late,13.63
274,308,141,2025-12-01 13:02:57,2025-12-01 13:54:57,52,Late,7.16
275,309,260,2025-05-07 20:03:52,2025-05-07 20:28:52,25,On Time,9.76
276,310,69,2025-03-12 14:57:04,2025-03-12 15:40:04,43,Late,5.12
277,311,454,2025-07-30 18:43:10,2025-07-30 19:23:10,40,Late,2.52
278,312,370,2025-06-04 13:24:51,2025-06-04 14:16:51,52,Late,8.71
279,313,146,2025-04-28 11:12:29,2025-04-28 11:28:29,16,Early,12.84
280,315,93,2025-07-10 18:05:31,2025-07-10 18:43:31,38,On Time,2.14
281,316,203,2025-06-26 20:31:47,2025-06-26 20:52:47,21,On Time,9.03
282,318,68,2025-04-19 18:17:50,2025-04-19 18:57:50,40,Late,5.2
283,319,263,2025-10-14 20:49:42,2025-10-14 21:24:42,35,Late,11.87
284,320,252,2025-03-16 00:31:21,2025-03-16 01:24:21,53,Late,4.51
285,321,77,2025-02-19 17:38:17,2025-02-19 18:38:17,60,Late,12.02
286,322,85,2025-11-24 18:27:47,2025-11-24 19:19:47,52,Late,10.53
287,323,154,2025-03-13 09:40:56,2025-03-13 10:25:56,45,Late,4.61
288,324,32,2025-07-02 12:28:20,2025-07-02 12:57:20,29,On Time,8.09
289,325,422,2025-04-10 16:47:39,2025-04-10 17:37:39,50,Late,2.42
290,326,161,2025-10-06 11:43:07,2025-10-06 12:30:07,47,Late,2.18
291,327,204,2025-07-03 19:44:06,2025-07-03 20:24:06,40,On Time,9.43
292,329,491,2025-09-30 20:50:04,2025-09-30 21:44:04,54,Late,11.64
293,330,355,2025-11-11 19:01:07,2025-11-11 19:49:07,48,Late,3.21
294,331,89,2025-12-18 08:57:58,2025-12-18 09:17:58,20,Early,7.74
295,334,444,2025-11-26 22:17:33,2025-11-26 23:09:33,52,Late,4.3
296,335,119,2025-02-15 21:04:53,2025-02-15 21:55:53,51,Late,4.76
297,336,76,2025-05-08 10:36:33,2025-05-08 10:53:33,17,Early,5.33
298,337,206,2025-06-03 20:00:30,2025-06-03 20:28:30,28,On Time,6.27
299,338,168,2025-12-04 18:27:32,2025-12-04 19:23:32,56,Late,6.01
300,339,266,2025-06-28 15:32:28,2025-06-28 16:16:28,44,Late,1.88
301,340,317,2025-08-04 14:00:17,2025-08-04 14:55:17,55,Late,13.54
302,341,114,2025-07-29 08:53:12,2025-07-29 09:24:12,31,Late,10.63
303,342,45,2025-11-20 11:19:52,2025-11-20 11:45:52,26,On Time,8.33
304,343,105,2025-11-11 14:56:14,2025-11-11 15:28:14,32,On Time,1.79
305,344,474,2025-10-14 20:42:44,2025-10-14 21:29:44,47,Late,4.5
306,345,62,2025-08-16 14:31:25,2025-08-16 15:11:25,40,On Time,6.21
307,346,38,2025-05-15 19:38:09,2025-05-15 19:56:09,18,Early,11.05
308,347,271,2025-02-21 11:58:19,2025-02-21 12:14:19,16,Early,9.43
309,348,23,2025-03-19 23:27:28,2025-03-20 00:01:28,34,Late,8.6
310,349,63,2025-05-13 16:10:47,2025-05-13 16:37:47,27,On Time,7.03
311,350,89,2025-04-09 14:31:28,2025-04-09 15:27:28,56,Late,7.59
312,351,228,2025-04-15 20:58:49,2025-04-15 21:39:49,41,Late,12.2
313,352,262,2025-06-23 21:14:17,2025-06-23 21:47:17,33,On Time,3.98
314,353,479,2025-04-25 13:29:43,2025-04-25 14:08:43,39,On Time,4.31
315,355,77,2025-12-21 18:19:26,2025-12-21 19:01:26,42,Late,8.8
316,356,392,2025-12-26 19:41:45,2025-12-26 20:15:45,34,Late,4.99
317,357,127,2025-08-13 18:18:00,2025-08-13 19:11:00,53,Late,14.49
318,359,146,2025-01-05 08:29:22,2025-01-05 09:13:22,44,Late,4.73
319,360,224,2025-06-29 17:01:33,2025-06-29 17:59:33,58,Late,8.18
320,361,449,2025-12-11 22:45:01,2025-12-11 23:30:01,45,Late,15.0
321,362,297,2025-01-26 22:02:22,2025-01-26 22:23:22,21,On Time,8.57
322,363,399,2025-12-06 18:09:44,2025-12-06 18:28:44,19,Early,6.4
323,364,51,2025-05-23 13:14:56,2025-05-23 13:32:56,18,Early,8.93
324,365,337,2025-03-13 21:49:37,2025-03-13 22:35:37,46,Late,5.04
325,366,11,2025-09-06 20:26:45,2025-09-06 20:59:45,33,On Time,3.65
326,367,118,2025-04-05 19:16:07,2025-04-05 19:34:07,18,Early,7.77
327,368,110,2025-05-16 13:54:38,2025-05-16 14:13:38,19,Early,6.24
328,369,161,2025-05-16 19:41:56,2025-05-16 20:20:56,39,On Time,2.95
329,370,343,2025-04-08 15:34:25,2025-04-08 15:59:25,25,On Time,14.19
330,371,152,2025-04-08 20:00:22,2025-04-08 20:19:22,19,Early,14.41
331,372,284,2025-09-23 15:11:16,2025-09-23 15:58:16,47,Late,9.14
332,374,105,2025-08-12 19:13:46,2025-08-12 20:10:46,57,Late,11.09
333,375,52,2025-10-07 09:20:26,2025-10-07 10:12:26,52,Late,12.32
334,376,88,2025-07-27 21:44:15,2025-07-27 22:00:15,16,Early,3.1
335,377,226,2025-11-09 13:26:11,2025-11-09 14:19:11,53,Late,7.53
336,378,456,2025-02-11 20:39:26,2025-02-11 21:35:26,56,Late,8.99
337,380,258,2025-08-27 12:19:26,2025-08-27 13:09:26,50,Late,8.63
338,381,419,2025-09-25 15:21:33,2025-09-25 15:44:33,23,On Time,13.57
339,382,5,2025-05-09 15:46:01,2025-05-09 16:19:01,33,On Time,10.6
340,383,468,2025-08-25 22:18:56,2025-08-25 23:11:56,53,Late,10.53
341,384,316,2025-08-22 13:41:03,2025-08-22 14:01:03,20,Early,5.85
342,385,204,2025-06-02 13:31:10,2025-06-02 14:04:10,33,Late,8.3
343,386,408,2025-07-14 20:16:02,2025-07-14 21:15:02,59,Late,5.43
344,387,46,2025-07-25 21:47:19,2025-07-25 22:34:19,47,Late,12.57
345,388,76,2025-05-16 15:53:10,2025-05-16 16:22:10,29,On Time,9.5
346,389,495,2025-09-17 13:54:05,2025-09-17 14:36:05,42,Late,11.74
347,390,216,2025-05-24 20:48:43,2025-05-24 21:45:43,57,Late,11.26
348,392,274,2025-01-26 18:04:53,2025-01-26 18:47:53,43,Late,7.12
349,393,230,2025-08-17 22:08:51,2025-08-17 22:55:51,47,Late,12.78
350,394,319,2025-12-10 20:22:59,2025-12-10 20:53:59,31,On Time,6.18
351,395,463,2025-11-06 15:36:17,2025-11-06 16:17:17,41,Late,7.58
352,396,166,2025-11-01 16:17:15,2025-11-01 16:45:15,28,On Time,13.11
353,397,96,2025-12-01 11:53:32,2025-12-01 12:18:32,25,On Time,2.27
354,398,9,2025-07-10 12:25:04,2025-07-10 13:17:04,52,Late,13.06
355,399,81,2025-04-10 23:24:40,2025-04-10 23:51:40,27,On Time,7.52
356,400,65,2025-12-17 22:47:32,2025-12-17 23:12:32,25,On Time,9.1
357,402,488,2025-06-05 15:00:55,2025-06-05 15:18:55,18,Early,3.19
358,403,447,2025-08-20 19:42:10,2025-08-20 19:57:10,15,Early,7.15
359,404,365,2025-07-31 12:06:24,2025-07-31 12:36:24,30,On Time,9.87
360,405,264,2025-10-21 18:36:34,2025-10-21 18:54:34,18,Early,3.03
361,406,102,2025-06-22 12:38:42,2025-06-22 13:08:42,30,On Time,6.82
362,407,489,2025-03-09 20:29:49,2025-03-09 20:47:49,18,Early,3.09
363,408,366,2025-09-30 09:28:43,2025-09-30 10:11:43,43,Late,6.12
364,409,288,2025-06-25 13:56:59,2025-06-25 14:17:59,21,On Time,13.61
365,411,266,2025-04-08 19:27:06,2025-04-08 20:22:06,55,Late,3.39
366,412,452,2025-07-11 21:24:01,2025-07-11 21:39:01,15,Early,5.58
367,414,424,2025-04-27 14:38:22,2025-04-27 15:13:22,35,Late,11.09
368,415,359,2025-03-30 19:54:17,2025-03-30 20:44:17,50,Late,3.65
369,416,55,2025-01-13 18:07:11,2025-01-13 18:32:11,25,On Time,4.82
370,417,330,2025-10-19 12:03:36,2025-10-19 12:55:36,52,Late,6.38
371,418,111,2025-09-02 19:37:40,2025-09-02 20:11:40,34,Late,2.76
372,419,42,2025-07-16 19:37:38,2025-07-16 20:19:38,42,Late,13.25
373,420,159,2025-12-29 19:25:27,2025-12-29 20:23:27,58,Late,3.0
374,421,247,2025-12-09 11:15:27,2025-12-09 11:37:27,22,On Time,13.86
375,422,196,2025-08-26 19:24:26,2025-08-26 20:17:26,53,Late,5.45
376,423,331,2025-05-23 20:52:13,2025-05-23 21:18:13,26,On Time,5.55
377,424,78,2025-06-06 17:49:01,2025-06-06 18:40:01,51,Late,4.95
378,425,243,2025-03-26 21:16:06,2025-03-26 22:12:06,56,Late,1.66
379,426,452,2025-08-18 16:26:11,2025-08-18 16:43:11,17,Early,9.35
380,427,328,2025-03-21 19:56:01,2025-03-21 20:52:01,56,Late,14.5
381,428,319,2025-08-05 20:15:36,2025-08-05 20:33:36,18,Early,3.51
382,429,31,2025-03-27 20:17:10,2025-03-27 21:17:10,60,Late,4.85
383,430,122,2025-10-31 12:47:21,2025-10-31 13:13:21,26,On Time,7.18
384,432,321,2025-07-18 20:18:19,2025-07-18 21:15:19,57,Late,10.1
385,433,63,2025-03-02 08:56:51,2025-03-02 09:21:51,25,On Time,9.3
386,435,282,2025-10-02 16:11:57,2025-10-02 16:45:57,34,Late,3.82
387,436,108,2025-01-16 19:49:33,2025-01-16 20:26:33,37,Late,7.57
388,437,500,2025-02-02 12:45:42,2025-02-02 13:42:42,57,Late,12.12
389,438,162,2025-03-17 15:04:35,2025-03-17 16:00:35,56,Late,8.62
390,439,380,2025-02-22 20:08:16,2025-02-22 20:25:16,17,Early,7.52
391,440,416,2025-09-20 18:04:17,2025-09-20 18:48:17,44,Late,3.49
392,441,362,2025-06-23 11:56:08,2025-06-23 12:18:08,22,On Time,3.82
393,442,165,2025-03-09 17:51:58,2025-03-09 18:23:58,32,Late,4.45
394,443,347,2025-11-19 11:52:02,2025-11-19 12:44:02,52,Late,2.72
395,444,252,2025-09-17 12:29:40,2025-09-17 13:28:40,59,Late,5.66
396,445,342,2025-12-24 12:42:14,2025-12-24 13:04:14,22,On Time,6.26
397,446,227,2025-09-13 16:14:26,2025-09-13 16:53:26,39,Late,12.39
398,447,6,2025-09-28 13:12:44,2025-09-28 13:53:44,41,Late,6.88
399,448,309,2025-10-26 12:08:41,2025-10-26 12:36:41,28,On Time,5.83
400,449,267,2025-07-24 16:31:33,2025-07-24 16:52:33,21,On Time,5.92
401,450,385,2025-11-03 11:18:53,2025-11-03 12:12:53,54,Late,11.28
402,451,110,2025-05-30 21:24:44,2025-05-30 22:16:44,52,Late,9.77
403,452,492,2025-12-10 13:21:18,2025-12-10 14:03:18,42,Late,9.72
404,454,419,2025-11-11 10:40:25,2025-11-11 11:36:25,56,Late,13.86
405,455,6,2025-08-30 12:25:41,2025-08-30 13:11:41,46,Late,8.12
406,456,472,2025-02-07 23:16:14,2025-02-08 00:08:14,52,Late,4.18
407,457,348,2025-08-24 11:42:04,2025-08-24 12:11:04,29,On Time,5.76
408,458,349,2025-12-21 13:19:40,2025-12-21 14:04:40,45,Late,10.88
409,460,144,2025-02-18 21:51:08,2025-02-18 22:43:08,52,Late,4.82
410,461,31,2025-06-09 21:53:43,2025-06-09 22:40:43,47,Late,6.52
411,462,294,2025-07-24 18:24:49,2025-07-24 18:52:49,28,On Time,11.25
412,463,419,2025-03-09 08:28:05,2025-03-09 09:21:05,53,Late,3.77
413,464,315,2025-03-02 20:00:35,2025-03-02 20:36:35,36,On Time,12.3
414,465,45,2025-03-03 18:28:26,2025-03-03 19:13:26,45,Late,14.35
415,466,473,2025-08-13 19:49:07,2025-08-13 20:19:07,30,On Time,9.28
416,467,20,2025-08-04 11:05:40,2025-08-04 11:43:40,38,Late,12.47
417,468,73,2025-04-21 16:31:10,2025-04-21 17:03:10,32,On Time,9.92
418,469,291,2025-04-21 08:45:32,2025-04-21 09:44:32,59,Late,9.57
419,470,406,2025-10-22 20:57:20,2025-10-22 21:54:20,57,Late,5.84
420,472,365,2025-11-04 13:54:19,2025-11-04 14:16:19,22,On Time,8.16
421,473,434,2025-12-25 14:11:58,2025-12-25 14:27:58,16,Early,3.27
422,474,53,2025-07-07 13:41:56,2025-07-07 14:04:56,23,On Time,3.92
423,475,97,2025-05-06 12:50:28,2025-05-06 13:34:28,44,Late,3.16
424,476,429,2025-11-26 18:23:15,2025-11-26 18:50:15,27,On Time,13.39
425,477,213,2025-08-29 20:15:08,2025-08-29 20:35:08,20,Early,8.82
426,478,260,2025-04-29 11:50:20,2025-04-29 12:21:20,31,On Time,4.01
427,479,264,2025-07-24 20:58:26,2025-07-24 21:15:26,17,Early,3.34
428,480,298,2025-10-22 12:39:10,2025-10-22 13:07:10,28,On Time,14.48
429,481,321,2025-11-06 16:54:02,2025-11-06 17:45:02,51,Late,10.81
430,482,393,2025-08-01 07:47:34,2025-08-01 08:15:34,28,On Time,14.18
431,483,31,2025-12-25 22:33:46,2025-12-25 23:27:46,54,Late,5.73
432,484,484,2025-03-11 13:17:38,2025-03-11 14:04:38,47,Late,3.75
433,485,138,2025-10-22 22:06:22,2025-10-22 22:25:22,19,Early,5.32
434,486,184,2025-11-01 19:53:01,2025-11-01 20:24:01,31,Late,1.96
435,487,131,2025-06-10 21:53:02,2025-06-10 22:14:02,21,On Time,3.27
436,488,14,2025-12-20 20:35:48,2025-12-20 21:34:48,59,Late,2.49
437,489,266,2025-12-24 11:08:50,2025-12-24 11:55:50,47,Late,11.95
438,490,233,2025-04-15 16:44:35,2025-04-15 17:24:35,40,Late,7.81
439,491,382,2025-10-02 14:16:02,2025-10-02 14:40:02,24,On Time,4.22
440,492,351,2025-10-06 17:32:39,2025-10-06 18:04:39,32,Late,8.24
441,493,299,2025-06-15 21:19:02,2025-06-15 22:07:02,48,Late,13.05
442,494,146,2025-07-02 13:45:44,2025-07-02 14:09:44,24,On Time,12.32
443,495,347,2025-12-20 22:07:05,2025-12-20 22:39:05,32,On Time,13.87
444,496,52,2025-05-13 08:34:42,2025-05-13 09:06:42,32,On Time,9.38
445,498,2,2025-07-13 13:15:06,2025-07-13 14:07:06,52,Late,12.68
446,499,393,2025-06-23 00:13:07,2025-06-23 00:47:07,34,On Time,2.05
447,500,268,2025-12-07 15:59:31,2025-12-07 16:26:31,27,On Time,1.55
448,501,172,2025-03-08 12:27:38,2025-03-08 12:43:38,16,Early,11.45
449,502,351,2025-10-28 20:56:19,2025-10-28 21:55:19,59,Late,1.53
450,503,20,2025-05-14 09:54:37,2025-05-14 10:18:37,24,On Time,4.68
451,504,419,2025-04-23 15:59:10,2025-04-23 16:16:10,17,Early,11.06
452,505,451,2025-09-16 22:18:47,2025-09-16 23:04:47,46,Late,5.74
453,506,42,2025-02-09 18:08:47,2025-02-09 18:46:47,38,Late,3.76
454,507,107,2025-09-16 17:50:47,2025-09-16 18:12:47,22,On Time,14.13
455,508,266,2025-01-15 20:10:42,2025-01-15 20:50:42,40,Late,11.16
456,510,436,2025-06-04 20:13:59,2025-06-04 20:28:59,15,Early,12.3
457,511,24,2025-05-04 20:34:08,2025-05-04 20:57:08,23,On Time,10.19
458,513,390,2025-09-05 20:14:17,2025-09-05 21:03:17,49,Late,9.62
459,514,142,2025-11-24 22:17:37,2025-11-24 22:59:37,42,Late,8.42
460,515,466,2025-10-22 07:57:02,2025-10-22 08:19:02,22,On Time,6.29
461,516,199,2025-09-22 19:00:53,2025-09-22 19:23:53,23,On Time,9.13
462,517,393,2025-12-28 19:20:45,2025-12-28 19:54:45,34,Late,12.23
463,518,373,2025-05-11 11:22:17,2025-05-11 12:04:17,42,Late,2.36
464,519,327,2025-03-24 09:19:43,2025-03-24 10:16:43,57,Late,7.97
465,520,187,2025-07-14 11:38:41,2025-07-14 12:02:41,24,On Time,7.23
466,521,290,2025-01-16 20:19:24,2025-01-16 21:01:24,42,Late,14.36
467,522,478,2025-07-21 12:56:24,2025-07-21 13:15:24,19,Early,13.65
468,523,359,2025-08-05 11:22:38,2025-08-05 11:54:38,32,Late,1.86
469,524,117,2025-11-28 09:10:35,2025-11-28 09:33:35,23,On Time,6.62
470,525,259,2025-11-26 22:04:09,2025-11-26 22:20:09,16,Early,4.42
471,526,307,2025-06-15 22:23:25,2025-06-15 23:13:25,50,Late,6.89
472,527,402,2025-10-02 17:38:35,2025-10-02 18:30:35,52,Late,12.7
473,528,437,2025-07-03 19:45:32,2025-07-03 20:03:32,18,Early,10.93
474,529,476,2025-01-27 09:23:34,2025-01-27 09:38:34,15,Early,8.06
475,530,361,2025-10-13 08:42:35,2025-10-13 09:06:35,24,On Time,13.16
476,531,489,2025-04-12 22:13:52,2025-04-12 23:09:52,56,Late,10.83
477,532,18,2025-01-10 22:06:07,2025-01-10 22:41:07,35,On Time,4.96
478,533,211,2025-02-17 23:42:30,2025-02-18 00:08:30,26,On Time,10.48
479,534,65,2025-06-17 08:06:54,2025-06-17 08:31:54,25,On Time,4.78
480,535,142,2025-07-30 12:33:53,2025-07-30 12:51:53,18,Early,11.35
481,536,77,2025-05-07 21:15:13,2025-05-07 22:14:13,59,Late,3.9
482,537,262,2025-07-09 17:23:23,2025-07-09 18:03:23,40,Late,3.65
483,538,442,2025-07-21 20:08:44,2025-07-21 20:38:44,30,On Time,3.58
484,539,326,2025-09-10 11:57:05,2025-09-10 12:27:05,30,On Time,10.53
485,541,370,2025-12-11 09:23:28,2025-12-11 10:08:28,45,Late,10.83
486,542,68,2025-01-03 12:41:26,2025-01-03 13:14:26,33,Late,12.08
487,543,192,2025-08-15 11:42:57,2025-08-15 12:35:57,53,Late,2.97
488,544,160,2025-10-29 22:20:35,2025-10-29 23:19:35,59,Late,13.8
489,545,54,2025-08-24 18:28:10,2025-08-24 19:05:10,37,On Time,3.03
490,546,92,2025-10-18 13:12:17,2025-10-18 14:01:17,49,Late,12.23
491,548,352,2025-10-11 19:40:33,2025-10-11 19:59:33,19,Early,13.33
492,549,477,2025-05-30 10:28:24,2025-05-30 11:14:24,46,Late,12.8
493,550,178,2025-04-16 14:00:23,2025-04-16 14:52:23,52,Late,10.7
494,552,224,2025-12-23 20:56:01,2025-12-23 21:13:01,17,Early,13.89
495,553,150,2025-10-18 20:48:45,2025-10-18 21:07:45,19,Early,6.99
496,554,271,2025-06-22 23:26:17,2025-06-23 00:08:17,42,Late,6.77
497,555,220,2025-11-03 23:26:34,2025-11-04 00:21:34,55,Late,11.28
498,556,296,2025-07-26 21:04:07,2025-07-26 21:33:07,29,On Time,1.57
499,557,421,2025-11-16 21:32:38,2025-11-16 22:18:38,46,Late,3.33
500,559,117,2025-07-03 18:24:49,2025-07-03 19:21:49,57,Late,1.9
501,560,450,2025-06-10 12:25:19,2025-06-10 13:11:19,46,Late,9.01
502,561,430,2025-08-19 12:18:06,2025-08-19 13:14:06,56,Late,5.05
503,562,407,2025-08-21 19:38:47,2025-08-21 20:36:47,58,Late,14.94
504,563,250,2025-03-01 09:39:44,2025-03-01 10:31:44,52,Late,9.22
505,564,93,2025-10-06 11:30:51,2025-10-06 11:45:51,15,Early,6.59
506,565,38,2025-09-22 14:37:19,2025-09-22 15:29:19,52,Late,13.64
507,566,6,2025-04-23 06:26:13,2025-04-23 07:24:13,58,Late,3.99
508,567,330,2025-03-31 13:04:24,2025-03-31 13:48:24,44,Late,5.3
509,568,471,2025-07-16 20:40:21,2025-07-16 21:38:21,58,Late,9.6
510,569,80,2025-02-12 20:07:45,2025-02-12 20:32:45,25,On Time,2.84
511,570,340,2025-11-30 20:18:17,2025-11-30 20:58:17,40,Late,9.66
512,571,33,2025-07-22 23:16:25,2025-07-23 00:07:25,51,Late,4.73
513,572,70,2025-07-02 19:11:07,2025-07-02 19:35:07,24,On Time,3.99
514,573,404,2025-12-13 19:37:21,2025-12-13 20:26:21,49,Late,11.87
515,574,420,2025-05-29 19:27:34,2025-05-29 20:13:34,46,Late,7.28
516,576,238,2025-01-29 19:58:37,2025-01-29 20:37:37,39,Late,10.04
517,578,148,2025-03-19 12:21:25,2025-03-19 13:20:25,59,Late,10.91
518,580,107,2025-12-16 13:23:33,2025-12-16 14:20:33,57,Late,13.26
519,581,222,2025-03-25 13:59:54,2025-03-25 14:37:54,38,Late,5.74
520,582,207,2025-08-29 13:11:15,2025-08-29 14:02:15,51,Late,7.15
521,583,243,2025-02-26 20:26:22,2025-02-26 20:45:22,19,Early,3.27
522,585,122,2025-06-20 22:45:25,2025-06-20 23:18:25,33,Late,9.0
523,586,421,2025-06-13 14:25:45,2025-06-13 14:40:45,15,Early,6.84
524,587,460,2025-12-05 20:26:11,2025-12-05 21:13:11,47,Late,13.89
525,588,231,2025-10-06 11:46:38,2025-10-06 12:32:38,46,Late,11.27
526,589,331,2025-04-16 01:03:43,2025-04-16 01:25:43,22,On Time,13.21
527,590,453,2025-08-13 21:35:25,2025-08-13 22:24:25,49,Late,13.35
528,591,175,2025-12-01 19:16:38,2025-12-01 20:04:38,48,Late,10.06
529,592,255,2025-06-26 12:46:42,2025-06-26 13:08:42,22,On Time,8.08
530,593,398,2025-06-27 09:40:50,2025-06-27 10:22:50,42,Late,14.74
531,594,37,2025-02-27 17:26:05,2025-02-27 17:42:05,16,Early,5.99
532,595,340,2025-07-11 13:09:10,2025-07-11 13:42:10,33,On Time,6.74
533,596,226,2025-08-28 12:42:53,2025-08-28 13:06:53,24,On Time,12.15
534,597,391,2025-08-25 15:43:31,2025-08-25 16:13:31,30,On Time,1.56
535,598,461,2025-01-04 21:42:05,2025-01-04 22:04:05,22,On Time,13.36
536,599,181,2025-06-13 19:58:12,2025-06-13 20:22:12,24,On Time,4.11
537,600,419,2025-04-21 14:06:13,2025-04-21 14:45:13,39,Late,11.08
538,601,370,2025-07-26 13:55:31,2025-07-26 14:22:31,27,On Time,12.03
539,602,116,2025-04-04 21:00:50,2025-04-04 21:18:50,18,Early,11.79
540,603,197,2025-02-12 08:18:10,2025-02-12 09:11:10,53,Late,7.65
541,604,115,2025-04-15 12:24:01,2025-04-15 12:54:01,30,On Time,14.6
542,605,123,2025-11-21 21:20:09,2025-11-21 21:54:09,34,Late,8.77
543,606,352,2025-10-31 23:25:36,2025-11-01 00:22:36,57,Late,2.17
544,607,91,2025-07-13 12:49:09,2025-07-13 13:45:09,56,Late,10.9
545,608,36,2025-06-13 20:30:16,2025-06-13 21:22:16,52,Late,2.21
546,609,494,2025-05-01 17:42:06,2025-05-01 18:01:06,19,Early,6.02
547,610,400,2025-04-03 19:55:19,2025-04-03 20:42:19,47,Late,12.15
548,611,73,2025-11-02 09:06:46,2025-11-02 09:43:46,37,On Time,10.6
549,612,67,2025-11-10 16:04:08,2025-11-10 16:27:08,23,On Time,10.51
550,613,200,2025-07-28 20:20:38,2025-07-28 20:50:38,30,On Time,7.34
551,614,415,2025-01-13 19:21:45,2025-01-13 20:12:45,51,Late,10.94
552,617,292,2025-03-05 10:26:58,2025-03-05 10:46:58,20,Early,10.25
553,618,492,2025-09-27 07:57:08,2025-09-27 08:52:08,55,Late,7.75
554,619,98,2025-11-25 20:46:23,2025-11-25 21:26:23,40,Late,3.51
555,620,442,2025-04-07 19:13:27,2025-04-07 20:09:27,56,Late,11.09
556,621,232,2025-10-21 13:44:43,2025-10-21 14:24:43,40,Late,13.67
557,622,336,2025-08-07 20:11:34,2025-08-07 20:48:34,37,On Time,10.49
558,623,389,2025-05-14 18:13:05,2025-05-14 18:51:05,38,Late,1.56
559,625,17,2025-11-02 21:27:39,2025-11-02 22:11:39,44,Late,4.16
560,626,5,2025-10-18 19:56:47,2025-10-18 20:46:47,50,Late,13.99
561,628,65,2025-03-13 19:07:36,2025-03-13 19:37:36,30,On Time,10.37
562,630,39,2025-12-13 14:01:47,2025-12-13 14:36:47,35,On Time,2.56
563,631,116,2025-06-26 12:24:55,2025-06-26 12:55:55,31,Late,2.79
564,632,87,2025-09-16 13:42:01,2025-09-16 13:58:01,16,Early,8.43
565,633,363,2025-12-02 13:30:43,2025-12-02 13:48:43,18,Early,5.7
566,634,408,2025-12-25 20:40:40,2025-12-25 21:12:40,32,On Time,12.68
567,635,87,2025-04-26 16:31:05,2025-04-26 16:52:05,21,On Time,4.83
568,636,47,2025-07-09 13:20:36,2025-07-09 14:16:36,56,Late,5.54
569,637,426,2025-07-10 21:35:34,2025-07-10 22:28:34,53,Late,3.21
570,638,216,2025-02-02 11:41:13,2025-02-02 12:06:13,25,On Time,2.82
571,639,351,2025-11-13 21:03:58,2025-11-13 21:40:58,37,On Time,6.54
572,641,390,2025-06-27 11:12:46,2025-06-27 12:01:46,49,Late,11.1
573,642,84,2025-09-26 09:37:09,2025-09-26 09:52:09,15,Early,2.83
574,643,77,2025-07-05 12:00:39,2025-07-05 12:30:39,30,On Time,11.47
575,644,136,2025-09-19 19:45:21,2025-09-19 20:30:21,45,Late,13.83
576,645,372,2025-05-04 17:59:37,2025-05-04 18:53:37,54,Late,5.08
577,646,238,2025-08-14 13:37:47,2025-08-14 14:35:47,58,Late,12.45
578,647,16,2025-09-14 20:28:10,2025-09-14 21:06:10,38,Late,4.3
579,648,205,2025-09-26 20:45:49,2025-09-26 21:11:49,26,On Time,8.17
580,649,380,2025-01-01 23:06:29,2025-01-01 23:51:29,45,Late,1.87
581,650,270,2025-07-13 22:58:41,2025-07-13 23:27:41,29,On Time,10.82
582,651,80,2025-10-23 20:59:40,2025-10-23 21:24:40,25,On Time,3.23
583,652,462,2025-04-28 12:10:53,2025-04-28 13:01:53,51,Late,7.94
584,654,91,2025-05-22 18:20:48,2025-05-22 18:45:48,25,On Time,9.55
585,656,172,2025-12-20 19:41:49,2025-12-20 20:20:49,39,On Time,12.33
586,657,151,2025-03-03 10:09:49,2025-03-03 10:42:49,33,Late,8.46
587,659,233,2025-04-22 19:23:55,2025-04-22 20:04:55,41,Late,13.62
588,660,131,2025-12-27 19:58:00,2025-12-27 20:27:00,29,On Time,2.77
589,661,293,2025-01-27 13:08:30,2025-01-27 13:58:30,50,Late,14.8
590,662,200,2025-05-18 16:11:51,2025-05-18 16:38:51,27,On Time,14.11
591,663,440,2025-11-04 11:14:16,2025-11-04 11:32:16,18,Early,7.06
592,664,184,2025-08-07 13:01:49,2025-08-07 13:58:49,57,Late,14.8
593,665,335,2025-09-08 21:17:26,2025-09-08 21:49:26,32,On Time,9.77
594,666,53,2025-06-08 13:16:19,2025-06-08 13:55:19,39,On Time,10.51
595,667,386,2025-01-14 11:46:39,2025-01-14 12:28:39,42,Late,9.37
596,669,422,2025-06-06 12:54:02,2025-06-06 13:24:02,30,On Time,4.97
597,670,158,2025-09-27 15:14:51,2025-09-27 16:08:51,54,Late,14.25
598,672,91,2025-07-15 20:37:42,2025-07-15 20:54:42,17,Early,11.79
599,674,253,2025-09-20 07:47:30,2025-09-20 08:08:30,21,On Time,6.05
600,675,369,2025-08-03 20:04:00,2025-08-03 20:20:00,16,Early,13.42
601,676,223,2025-06-15 19:51:20,2025-06-15 20:41:20,50,Late,7.37
602,677,145,2025-10-28 21:28:36,2025-10-28 22:02:36,34,On Time,9.99
603,678,74,2025-09-27 12:43:00,2025-09-27 13:03:00,20,Early,12.98
604,679,27,2025-10-23 19:00:22,2025-10-23 19:42:22,42,Late,4.41
605,680,453,2025-07-17 19:04:46,2025-07-17 19:47:46,43,Late,13.42
606,681,26,2025-06-04 21:36:32,2025-06-04 22:22:32,46,Late,5.08
607,682,265,2025-12-16 20:20:32,2025-12-16 20:59:32,39,Late,7.17
608,683,31,2025-05-16 07:39:19,2025-05-16 08:30:19,51,Late,12.99
609,684,493,2025-08-17 13:53:22,2025-08-17 14:31:22,38,On Time,6.12
610,685,300,2025-12-13 23:05:16,2025-12-13 23:46:16,41,Late,2.55
611,687,429,2025-08-07 13:01:07,2025-08-07 14:01:07,60,Late,9.79
612,688,227,2025-03-10 13:44:47,2025-03-10 14:00:47,16,Early,5.76
613,689,195,2025-11-16 13:40:47,2025-11-16 14:11:47,31,Late,11.4
614,690,198,2025-05-14 12:51:24,2025-05-14 13:38:24,47,Late,7.99
615,691,316,2025-02-12 21:45:41,2025-02-12 22:32:41,47,Late,10.6
616,692,448,2025-09-21 11:57:46,2025-09-21 12:52:46,55,Late,3.77
617,693,306,2025-10-03 14:16:14,2025-10-03 14:54:14,38,On Time,6.59
618,694,91,2025-04-02 18:01:57,2025-04-02 18:32:57,31,Late,4.05
619,695,133,2025-06-09 10:01:56,2025-06-09 10:21:56,20,Early,14.87
620,696,101,2025-07-22 12:20:34,2025-07-22 12:47:34,27,On Time,2.29
621,698,428,2025-12-29 13:02:03,2025-12-29 13:38:03,36,On Time,2.24
622,700,357,2025-03-05 18:05:38,2025-03-05 18:29:38,24,On Time,1.91
623,701,40,2025-09-12 21:07:35,2025-09-12 21:32:35,25,On Time,3.47
624,702,79,2025-10-29 22:13:05,2025-10-29 22:33:05,20,Early,5.49
625,703,17,2025-06-19 22:00:52,2025-06-19 22:37:52,37,Late,13.47
626,704,257,2025-07-24 22:25:59,2025-07-24 23:20:59,55,Late,12.85
627,705,218,2025-04-23 17:56:38,2025-04-23 18:24:38,28,On Time,6.76
628,708,80,2025-10-19 12:56:10,2025-10-19 13:41:10,45,Late,4.4
629,711,486,2025-10-02 20:28:31,2025-10-02 21:15:31,47,Late,1.75
630,712,173,2025-06-15 11:26:07,2025-06-15 12:24:07,58,Late,12.13
631,713,84,2025-03-23 19:41:42,2025-03-23 20:24:42,43,Late,5.86
632,714,118,2025-12-01 15:53:49,2025-12-01 16:36:49,43,Late,8.65
633,715,486,2025-02-22 18:02:50,2025-02-22 18:28:50,26,On Time,13.95
634,716,497,2025-09-08 20:53:48,2025-09-08 21:25:48,32,On Time,12.21
635,717,329,2025-10-11 08:20:56,2025-10-11 08:57:56,37,On Time,9.41
636,718,335,2025-11-11 16:11:33,2025-11-11 16:51:33,40,Late,9.92
637,719,228,2025-05-30 20:35:21,2025-05-30 21:25:21,50,Late,4.82
638,720,2,2025-08-21 21:47:08,2025-08-21 22:37:08,50,Late,9.73
639,721,179,2025-06-25 20:15:32,2025-06-25 21:13:32,58,Late,2.85
640,722,180,2025-10-05 16:50:30,2025-10-05 17:25:30,35,On Time,8.0
641,723,452,2025-07-17 20:54:58,2025-07-17 21:48:58,54,Late,13.09
642,724,139,2025-12-22 13:03:27,2025-12-22 14:00:27,57,Late,2.47
643,725,251,2025-12-22 15:56:07,2025-12-22 16:24:07,28,On Time,9.86
644,726,487,2025-03-16 13:49:47,2025-03-16 14:44:47,55,Late,10.14
645,727,456,2025-03-27 12:05:39,2025-03-27 13:04:39,59,Late,4.82
646,728,470,2025-06-28 17:47:36,2025-06-28 18:14:36,27,On Time,9.71
647,729,463,2025-02-09 14:03:08,2025-02-09 14:54:08,51,Late,1.95
648,730,109,2025-07-04 12:38:37,2025-07-04 13:21:37,43,Late,6.92
649,731,242,2025-08-09 00:01:26,2025-08-09 00:21:26,20,Early,14.56
650,732,402,2025-02-24 18:26:28,2025-02-24 19:09:28,43,Late,11.88
651,733,257,2025-05-18 23:06:18,2025-05-18 23:53:18,47,Late,3.85
652,734,110,2025-12-09 12:20:45,2025-12-09 12:47:45,27,On Time,12.26
653,735,268,2025-11-17 12:18:42,2025-11-17 12:56:42,38,On Time,3.94
654,738,65,2025-09-12 13:10:21,2025-09-12 13:53:21,43,Late,3.78
655,739,336,2025-01-06 00:20:17,2025-01-06 01:09:17,49,Late,4.7
656,740,398,2025-11-06 00:57:12,2025-11-06 01:47:12,50,Late,2.17
657,741,47,2025-10-25 12:16:35,2025-10-25 12:33:35,17,Early,5.86
658,742,455,2025-04-29 19:34:52,2025-04-29 20:32:52,58,Late,2.22
659,743,61,2025-10-14 10:10:38,2025-10-14 11:05:38,55,Late,13.67
660,744,368,2025-09-27 13:32:27,2025-09-27 13:59:27,27,On Time,11.93
661,745,494,2025-11-25 12:12:05,2025-11-25 12:34:05,22,On Time,1.85
662,746,345,2025-06-05 22:07:51,2025-06-05 22:58:51,51,Late,9.31
663,747,131,2025-12-30 09:53:19,2025-12-30 10:08:19,15,Early,5.95
664,748,7,2025-10-04 20:48:30,2025-10-04 21:20:30,32,On Time,5.69
665,749,399,2025-12-13 19:27:13,2025-12-13 19:49:13,22,On Time,12.02
666,750,97,2025-10-01 18:58:20,2025-10-01 19:51:20,53,Late,12.02
667,751,337,2025-10-24 21:15:56,2025-10-24 21:51:56,36,Late,3.52
668,752,280,2025-04-17 13:21:32,2025-04-17 14:19:32,58,Late,6.63
669,753,31,2025-01-06 14:11:48,2025-01-06 14:54:48,43,Late,13.52
670,754,474,2025-10-04 20:53:18,2025-10-04 21:12:18,19,Early,10.55
671,755,137,2025-05-03 10:12:10,2025-05-03 10:36:10,24,On Time,4.41
672,756,3,2025-05-10 13:33:30,2025-05-10 14:27:30,54,Late,6.14
673,757,418,2025-11-08 21:54:35,2025-11-08 22:27:35,33,Late,12.03
674,758,380,2025-03-01 18:23:05,2025-03-01 18:46:05,23,On Time,6.43
675,759,24,2025-10-13 17:38:50,2025-10-13 18:32:50,54,Late,14.58
676,760,417,2025-08-01 23:01:14,2025-08-01 23:28:14,27,On Time,12.66
677,761,497,2025-04-15 17:26:34,2025-04-15 18:11:34,45,Late,1.56
678,762,59,2025-01-22 16:55:35,2025-01-22 17:33:35,38,Late,6.45
679,763,378,2025-05-22 15:41:25,2025-05-22 16:12:25,31,Late,3.81
680,765,136,2025-01-26 21:36:04,2025-01-26 21:51:04,15,Early,2.79
681,766,3,2025-11-11 18:22:17,2025-11-11 19:13:17,51,Late,10.24
682,767,495,2025-10-27 16:47:45,2025-10-27 17:23:45,36,Late,5.59
683,769,413,2025-12-01 23:21:20,2025-12-01 23:46:20,25,On Time,9.65
684,770,40,2025-09-01 12:17:59,2025-09-01 12:49:59,32,On Time,10.15
685,771,208,2025-10-25 22:29:47,2025-10-25 23:09:47,40,Late,10.88
686,772,390,2025-03-06 12:30:28,2025-03-06 12:51:28,21,On Time,10.66
687,773,115,2025-06-05 20:22:16,2025-06-05 21:16:16,54,Late,12.26
688,774,414,2025-11-09 23:24:18,2025-11-10 00:01:18,37,On Time,13.15
689,775,42,2025-03-27 21:05:08,2025-03-27 21:39:08,34,Late,6.99
690,776,265,2025-06-09 11:10:46,2025-06-09 11:50:46,40,Late,9.58
691,777,166,2025-12-19 15:06:36,2025-12-19 15:32:36,26,On Time,8.43
692,778,220,2025-08-10 11:51:37,2025-08-10 12:24:37,33,Late,14.1
693,779,425,2025-10-03 11:49:41,2025-10-03 12:27:41,38,Late,5.88
694,780,341,2025-10-28 19:03:46,2025-10-28 19:23:46,20,Early,3.28
695,781,371,2025-01-19 21:07:22,2025-01-19 21:29:22,22,On Time,6.0
696,782,376,2025-07-03 22:26:54,2025-07-03 22:48:54,22,On Time,11.56
697,783,416,2025-12-10 19:53:53,2025-12-10 20:40:53,47,Late,12.42
698,784,478,2025-11-01 14:23:58,2025-11-01 14:44:58,21,On Time,2.1
699,785,141,2025-08-02 20:51:49,2025-08-02 21:21:49,30,On Time,8.99
700,786,86,2025-11-19 19:52:09,2025-11-19 20:28:09,36,Late,11.74
701,787,273,2025-07-14 11:35:35,2025-07-14 12:19:35,44,Late,8.46
702,788,192,2025-10-01 08:27:50,2025-10-01 09:11:50,44,Late,13.54
703,790,476,2025-08-09 15:18:01,2025-08-09 15:46:01,28,On Time,9.45
704,791,409,2025-01-17 14:19:15,2025-01-17 14:40:15,21,On Time,9.49
705,792,146,2025-05-20 12:50:50,2025-05-20 13:25:50,35,On Time,10.39
706,793,46,2025-10-30 16:27:29,2025-10-30 17:06:29,39,On Time,6.79
707,794,492,2025-05-08 11:27:23,2025-05-08 11:48:23,21,On Time,7.41
708,795,149,2025-08-19 23:40:08,2025-08-20 00:23:08,43,Late,12.0
709,796,62,2025-02-13 10:23:29,2025-02-13 10:43:29,20,Early,10.4
710,797,99,2025-05-28 09:47:12,2025-05-28 10:33:12,46,Late,8.62
711,798,144,2025-09-06 18:25:55,2025-09-06 18:59:55,34,On Time,1.7
712,799,71,2025-12-22 11:24:07,2025-12-22 12:23:07,59,Late,3.56
713,800,59,2025-10-28 21:39:02,2025-10-28 22:00:02,21,On Time,12.5
714,801,30,2025-03-06 20:45:50,2025-03-06 21:16:50,31,On Time,5.29
715,802,420,2025-09-22 10:56:24,2025-09-22 11:30:24,34,Late,7.58
716,804,18,2025-07-01 12:35:22,2025-07-01 13:07:22,32,On Time,4.5
717,805,307,2025-05-16 18:36:12,2025-05-16 19:02:12,26,On Time,12.51
718,806,30,2025-02-06 20:30:24,2025-02-06 21:16:24,46,Late,13.99
719,807,238,2025-12-17 09:38:05,2025-12-17 10:26:05,48,Late,6.9
720,808,413,2025-07-13 18:32:26,2025-07-13 18:47:26,15,Early,11.67
721,809,297,2025-04-24 16:01:20,2025-04-24 16:52:20,51,Late,11.0
722,810,216,2025-01-19 18:24:22,2025-01-19 19:21:22,57,Late,10.44
723,811,471,2025-08-26 22:52:04,2025-08-26 23:31:04,39,Late,14.73
724,812,337,2025-02-27 15:42:02,2025-02-27 16:18:02,36,On Time,12.78
725,813,431,2025-11-18 17:20:38,2025-11-18 18:05:38,45,Late,13.28
726,814,319,2025-11-08 10:51:42,2025-11-08 11:31:42,40,Late,6.91
727,815,193,2025-11-28 14:55:54,2025-11-28 15:33:54,38,Late,3.2
728,816,225,2025-04-22 08:11:17,2025-04-22 08:52:17,41,Late,2.45
729,818,390,2025-01-27 21:41:49,2025-01-27 22:36:49,55,Late,14.89
730,819,25,2025-06-12 08:29:17,2025-06-12 08:56:17,27,On Time,7.08
731,820,338,2025-11-18 19:05:14,2025-11-18 20:05:14,60,Late,9.22
732,821,130,2025-06-25 20:25:38,2025-06-25 20:50:38,25,On Time,14.14
733,822,437,2025-08-09 12:34:59,2025-08-09 12:56:59,22,On Time,2.5
734,823,85,2025-08-22 15:06:12,2025-08-22 15:54:12,48,Late,7.97
735,824,193,2025-07-02 09:22:45,2025-07-02 09:38:45,16,Early,4.42
736,825,311,2025-06-02 17:59:17,2025-06-02 18:18:17,19,Early,9.12
737,826,384,2025-05-11 12:50:11,2025-05-11 13:32:11,42,Late,2.9
738,829,378,2025-10-29 21:03:27,2025-10-29 21:45:27,42,Late,10.71
739,830,59,2025-12-24 20:50:05,2025-12-24 21:37:05,47,Late,3.05
740,831,89,2025-12-06 19:37:05,2025-12-06 20:35:05,58,Late,3.42
741,832,395,2025-07-24 13:00:06,2025-07-24 13:29:06,29,On Time,3.17
742,833,193,2025-09-15 13:30:24,2025-09-15 14:12:24,42,Late,6.78
743,834,436,2025-06-03 13:09:03,2025-06-03 13:57:03,48,Late,1.55
744,835,429,2025-05-28 00:14:30,2025-05-28 00:49:30,35,On Time,14.79
745,836,480,2025-06-05 13:49:23,2025-06-05 14:42:23,53,Late,6.42
746,837,448,2025-03-01 20:10:02,2025-03-01 20:40:02,30,On Time,1.77
747,838,310,2025-11-30 21:39:46,2025-11-30 22:05:46,26,On Time,9.72
748,839,368,2025-10-27 23:09:34,2025-10-27 23:30:34,21,On Time,10.69
749,840,96,2025-11-30 06:20:14,2025-11-30 06:59:14,39,On Time,8.92
750,841,427,2025-09-29 14:58:08,2025-09-29 15:21:08,23,On Time,10.57
751,842,168,2025-09-22 18:46:41,2025-09-22 19:37:41,51,Late,13.43
752,843,500,2025-08-27 19:11:39,2025-08-27 19:58:39,47,Late,10.3
753,844,327,2025-08-24 22:51:02,2025-08-24 23:26:02,35,Late,10.73
754,845,64,2025-09-09 10:27:20,2025-09-09 10:43:20,16,Early,14.15
755,846,186,2025-06-24 19:26:27,2025-06-24 20:09:27,43,Late,8.35
756,847,239,2025-12-02 13:13:36,2025-12-02 14:11:36,58,Late,12.84
757,848,392,2025-02-18 21:31:09,2025-02-18 22:04:09,33,On Time,4.69
758,849,420,2025-10-28 13:19:29,2025-10-28 13:41:29,22,On Time,5.34
759,850,379,2025-10-13 12:08:09,2025-10-13 12:32:09,24,On Time,2.0
760,851,124,2025-05-09 12:05:52,2025-05-09 13:03:52,58,Late,11.39
761,852,275,2025-08-08 14:21:48,2025-08-08 15:18:48,57,Late,1.56
762,853,60,2025-06-15 18:40:58,2025-06-15 19:38:58,58,Late,12.62
763,854,4,2025-04-02 14:15:27,2025-04-02 14:36:27,21,On Time,7.68
764,855,394,2025-11-26 08:04:45,2025-11-26 08:26:45,22,On Time,6.66
765,856,495,2025-07-14 20:53:11,2025-07-14 21:15:11,22,On Time,1.53
766,857,18,2025-09-03 11:25:46,2025-09-03 11:58:46,33,Late,8.13
767,858,434,2025-03-27 22:07:02,2025-03-27 22:40:02,33,Late,7.12
768,859,353,2025-10-24 11:11:53,2025-10-24 11:39:53,28,On Time,7.62
769,860,44,2025-08-29 17:23:56,2025-08-29 17:43:56,20,Early,3.42
770,861,370,2025-11-07 22:49:15,2025-11-07 23:11:15,22,On Time,7.41
771,862,419,2025-09-10 20:03:49,2025-09-10 20:58:49,55,Late,2.37
772,863,438,2025-04-08 21:41:09,2025-04-08 22:35:09,54,Late,9.01
773,864,18,2025-09-25 00:26:10,2025-09-25 01:10:10,44,Late,10.26
774,865,321,2025-10-12 08:35:05,2025-10-12 08:55:05,20,Early,1.97
775,866,220,2025-01-27 08:15:30,2025-01-27 08:35:30,20,Early,1.66
776,867,172,2025-09-05 21:37:12,2025-09-05 22:01:12,24,On Time,6.68
777,868,291,2025-12-15 19:35:25,2025-12-15 20:02:25,27,On Time,4.72
778,870,140,2025-01-03 12:40:13,2025-01-03 13:28:13,48,Late,8.37
779,871,447,2025-12-18 11:23:23,2025-12-18 11:49:23,26,On Time,4.99
780,873,215,2025-05-09 20:14:26,2025-05-09 21:13:26,59,Late,14.15
781,874,146,2025-01-21 10:56:13,2025-01-21 11:47:13,51,Late,8.48
782,875,168,2025-10-08 20:06:46,2025-10-08 20:27:46,21,On Time,8.0
783,877,143,2025-04-03 14:35:51,2025-04-03 14:57:51,22,On Time,13.89
784,878,233,2025-10-25 14:07:22,2025-10-25 14:37:22,30,On Time,8.47
785,879,224,2025-05-23 12:24:24,2025-05-23 13:08:24,44,Late,1.88
786,880,62,2025-08-11 08:17:35,2025-08-11 08:36:35,19,Early,8.75
787,881,260,2025-05-26 15:14:32,2025-05-26 15:33:32,19,Early,5.81
788,882,16,2025-12-05 12:50:32,2025-12-05 13:45:32,55,Late,13.04
789,883,221,2025-10-10 09:19:45,2025-10-10 10:08:45,49,Late,8.27
790,885,325,2025-04-18 22:03:05,2025-04-18 22:48:05,45,Late,3.44
791,886,337,2025-02-11 12:12:16,2025-02-11 12:57:16,45,Late,4.78
792,887,178,2025-04-09 10:55:45,2025-04-09 11:45:45,50,Late,6.15
793,888,204,2025-02-14 19:45:57,2025-02-14 20:29:57,44,Late,10.26
794,889,241,2025-10-17 22:43:18,2025-10-17 23:36:18,53,Late,1.64
795,890,231,2025-09-21 20:57:55,2025-09-21 21:34:55,37,Late,13.89
796,891,458,2025-12-04 21:44:34,2025-12-04 22:12:34,28,On Time,2.3
797,892,472,2025-03-26 21:23:22,2025-03-26 21:58:22,35,On Time,2.02
798,893,357,2025-07-14 12:18:13,2025-07-14 13:11:13,53,Late,7.33
799,894,284,2025-12-20 14:07:13,2025-12-20 14:40:13,33,On Time,9.05
800,895,390,2025-12-20 10:38:38,2025-12-20 10:58:38,20,Early,5.54
801,896,187,2025-06-01 12:56:17,2025-06-01 13:43:17,47,Late,11.36
802,897,194,2025-07-03 21:07:53,2025-07-03 21:49:53,42,Late,4.65
803,898,414,2025-01-12 13:16:01,2025-01-12 13:36:01,20,Early,3.34
804,899,201,2025-08-01 13:04:47,2025-08-01 13:48:47,44,Late,7.27
805,900,29,2025-09-10 12:59:34,2025-09-10 13:16:34,17,Early,2.75
806,901,156,2025-10-14 11:31:04,2025-10-14 11:53:04,22,On Time,12.63
807,902,359,2025-10-30 16:43:51,2025-10-30 17:01:51,18,Early,14.89
808,903,192,2025-09-05 06:20:51,2025-09-05 06:36:51,16,Early,11.81
809,904,159,2025-08-31 13:55:11,2025-08-31 14:55:11,60,Late,13.11
810,905,16,2025-02-08 21:00:16,2025-02-08 21:51:16,51,Late,9.76
811,906,218,2025-01-31 13:43:23,2025-01-31 14:42:23,59,Late,7.73
812,907,385,2025-12-15 16:55:17,2025-12-15 17:44:17,49,Late,12.01
813,908,494,2025-12-21 17:23:21,2025-12-21 18:21:21,58,Late,6.55
814,909,278,2025-05-21 13:13:50,2025-05-21 14:03:50,50,Late,11.09
815,910,232,2025-11-22 10:23:32,2025-11-22 11:08:32,45,Late,14.24
816,911,65,2025-06-24 21:10:48,2025-06-24 21:41:48,31,On Time,6.49
817,912,498,2025-06-16 20:02:52,2025-06-16 20:42:52,40,On Time,12.07
818,913,226,2025-11-19 14:07:58,2025-11-19 15:05:58,58,Late,5.18
819,914,370,2025-06-23 14:02:45,2025-06-23 14:34:45,32,On Time,10.82
820,915,316,2025-04-17 20:24:13,2025-04-17 21:13:13,49,Late,3.03
821,916,175,2025-05-13 13:02:04,2025-05-13 14:02:04,60,Late,3.18
822,917,132,2025-05-11 18:32:46,2025-05-11 18:47:46,15,Early,3.02
823,918,99,2025-02-04 23:53:21,2025-02-05 00:18:21,25,On Time,7.2
824,919,307,2025-10-11 20:02:35,2025-10-11 20:45:35,43,Late,6.97
825,920,116,2025-05-03 21:49:27,2025-05-03 22:49:27,60,Late,6.23
826,921,296,2025-07-25 11:41:53,2025-07-25 12:41:53,60,Late,7.88
827,922,435,2025-09-23 10:37:08,2025-09-23 10:59:08,22,On Time,14.85
828,923,160,2025-12-26 12:55:42,2025-12-26 13:41:42,46,Late,4.37
829,926,245,2025-06-20 13:34:24,2025-06-20 14:15:24,41,Late,5.65
830,927,60,2025-03-10 21:19:50,2025-03-10 22:19:50,60,Late,11.02
831,928,447,2025-03-26 15:44:55,2025-03-26 16:18:55,34,Late,13.18
832,929,403,2025-11-12 14:13:19,2025-11-12 14:59:19,46,Late,7.93
833,930,90,2025-01-21 12:25:25,2025-01-21 13:22:25,57,Late,14.35
834,931,359,2025-07-10 11:33:24,2025-07-10 12:11:24,38,On Time,3.19
835,932,133,2025-09-04 18:16:32,2025-09-04 19:02:32,46,Late,7.37
836,933,64,2025-05-21 17:37:28,2025-05-21 18:06:28,29,On Time,12.43
837,934,427,2025-12-24 01:09:13,2025-12-24 02:04:13,55,Late,9.96
838,936,396,2025-02-21 16:48:12,2025-02-21 17:09:12,21,On Time,6.46
839,937,68,2025-04-24 19:08:40,2025-04-24 20:03:40,55,Late,12.34
840,938,74,2025-12-31 15:16:25,2025-12-31 15:39:25,23,On Time,5.98
841,939,426,2025-11-29 13:27:42,2025-11-29 13:57:42,30,On Time,3.42
842,940,375,2025-01-01 16:43:52,2025-01-01 17:11:52,28,On Time,9.23
843,941,128,2025-08-28 12:48:40,2025-08-28 13:06:40,18,Early,8.43
844,942,416,2025-05-31 06:42:52,2025-05-31 07:10:52,28,On Time,11.22
845,943,439,2025-04-15 21:45:46,2025-04-15 22:25:46,40,On Time,11.6
846,944,465,2025-08-21 12:26:12,2025-08-21 13:19:12,53,Late,4.17
847,945,310,2025-07-17 20:13:05,2025-07-17 20:59:05,46,Late,12.2
848,946,322,2025-10-04 20:25:14,2025-10-04 21:02:14,37,On Time,8.97
849,947,206,2025-10-30 09:26:44,2025-10-30 10:20:44,54,Late,4.39
850,948,130,2025-10-31 09:03:24,2025-10-31 09:37:24,34,On Time,6.34
851,949,361,2025-06-18 23:45:14,2025-06-19 00:24:14,39,Late,1.51
852,950,28,2025-07-26 13:38:53,2025-07-26 14:29:53,51,Late,12.52
853,951,121,2025-06-29 20:27:13,2025-06-29 21:27:13,60,Late,11.15
854,952,17,2025-05-13 12:59:23,2025-05-13 13:15:23,16,Early,2.43
855,953,456,2025-08-27 22:43:49,2025-08-27 23:34:49,51,Late,7.06
856,955,31,2025-02-21 14:02:04,2025-02-21 14:30:04,28,On Time,7.95
857,956,212,2025-09-11 16:27:27,2025-09-11 16:44:27,17,Early,10.27
858,957,67,2025-10-30 22:43:35,2025-10-30 23:40:35,57,Late,11.09
859,958,363,2025-07-03 11:22:30,2025-07-03 11:38:30,16,Early,13.4
860,959,359,2025-02-25 21:04:45,2025-02-25 21:25:45,21,On Time,14.21
861,960,449,2025-05-10 20:34:17,2025-05-10 21:06:17,32,Late,9.11
862,962,381,2025-09-16 20:11:27,2025-09-16 20:37:27,26,On Time,5.77
863,963,250,2025-11-18 12:39:47,2025-11-18 13:27:47,48,Late,14.74
864,964,374,2025-06-18 22:01:54,2025-06-18 22:24:54,23,On Time,11.88
865,965,84,2025-01-05 13:19:16,2025-01-05 14:05:16,46,Late,12.59
866,966,322,2025-02-02 20:26:00,2025-02-02 20:41:00,15,Early,8.53
867,967,500,2025-11-14 18:32:48,2025-11-14 19:10:48,38,Late,1.72
868,968,268,2025-05-28 12:44:23,2025-05-28 13:13:23,29,On Time,11.29
869,969,478,2025-12-24 20:33:34,2025-12-24 21:32:34,59,Late,13.3
870,971,497,2025-12-17 14:03:19,2025-12-17 14:46:19,43,Late,14.63
871,972,287,2025-03-07 11:26:58,2025-03-07 12:01:58,35,On Time,2.41
872,975,368,2025-12-03 14:29:28,2025-12-03 14:50:28,21,On Time,6.51
873,976,450,2025-08-17 09:53:28,2025-08-17 10:08:28,15,Early,12.37
874,977,216,2025-09-26 18:27:56,2025-09-26 18:59:56,32,Late,3.72
875,978,400,2025-12-08 09:23:14,2025-12-08 10:13:14,50,Late,11.18
876,979,405,2025-09-26 09:45:39,2025-09-26 10:37:39,52,Late,13.21
877,980,440,2025-04-20 11:32:44,2025-04-20 12:12:44,40,Late,5.68
878,981,150,2025-05-11 14:27:55,2025-05-11 14:49:55,22,On Time,9.34
879,982,341,2025-08-01 11:56:29,2025-08-01 12:47:29,51,Late,3.74
880,983,143,2025-07-25 07:39:27,2025-07-25 08:01:27,22,On Time,14.55
881,984,262,2025-06-29 11:56:15,2025-06-29 12:27:15,31,On Time,2.62
882,985,412,2025-10-24 21:59:44,2025-10-24 22:58:44,59,Late,6.82
883,986,310,2025-09-08 14:45:15,2025-09-08 15:31:15,46,Late,4.97
884,987,492,2025-04-23 07:35:17,2025-04-23 07:57:17,22,On Time,6.4
885,988,496,2025-02-08 12:14:07,2025-02-08 12:33:07,19,Early,5.03
886,989,303,2025-04-28 21:17:32,2025-04-28 21:53:32,36,Late,4.53
887,990,421,2025-07-15 18:48:11,2025-07-15 19:32:11,44,Late,3.95
888,991,378,2025-03-30 13:28:48,2025-03-30 14:22:48,54,Late,4.14
889,992,242,2025-08-28 10:30:32,2025-08-28 11:11:32,41,Late,1.56
890,993,258,2025-09-18 13:39:27,2025-09-18 14:16:27,37,Late,14.82
891,994,423,2025-10-30 21:03:49,2025-10-30 21:40:49,37,Late,12.41
892,995,297,2025-08-31 15:10:07,2025-08-31 15:45:07,35,On Time,11.18
893,997,462,2025-05-13 21:27:56,2025-05-13 22:07:56,40,On Time,4.02
894,998,233,2025-07-28 14:02:32,2025-07-28 14:37:32,35,On Time,2.12
895,999,447,2025-07-28 16:19:32,2025-07-28 16:49:32,30,On Time,4.45
896,1000,237,2025-09-08 20:28:24,2025-09-08 20:47:24,19,Early,2.22
897,1001,394,2025-11-18 15:13:44,2025-11-18 15:40:44,27,On Time,8.5
898,1002,78,2025-01-12 09:53:02,2025-01-12 10:09:02,16,Early,14.27
899,1003,43,2025-12-04 13:55:41,2025-12-04 14:48:41,53,Late,3.96
900,1004,92,2025-02-18 18:14:08,2025-02-18 19:00:08,46,Late,7.05
901,1005,448,2025-06-21 20:42:14,2025-06-21 21:25:14,43,Late,8.67
902,1006,120,2025-01-06 12:43:04,2025-01-06 13:09:04,26,On Time,8.44
903,1008,404,2025-05-17 17:51:58,2025-05-17 18:33:58,42,Late,1.57
904,1009,442,2025-07-04 18:39:46,2025-07-04 19:09:46,30,On Time,6.34
905,1010,376,2025-05-16 22:18:01,2025-05-16 22:44:01,26,On Time,10.72
906,1012,155,2025-07-16 11:08:47,2025-07-16 12:08:47,60,Late,7.55
907,1014,358,2025-10-12 14:24:38,2025-10-12 15:12:38,48,Late,12.08
908,1015,209,2025-06-22 18:41:21,2025-06-22 19:02:21,21,On Time,10.62
909,1016,343,2025-09-02 12:32:07,2025-09-02 13:09:07,37,Late,9.62
910,1017,88,2025-07-08 16:27:39,2025-07-08 17:00:39,33,On Time,3.2
911,1018,273,2025-06-28 20:40:52,2025-06-28 21:31:52,51,Late,10.79
912,1019,239,2025-05-16 15:08:31,2025-05-16 16:02:31,54,Late,11.41
913,1020,271,2025-03-05 21:51:18,2025-03-05 22:37:18,46,Late,13.74
914,1021,150,2025-07-14 12:33:31,2025-07-14 13:15:31,42,Late,14.89
915,1022,411,2025-04-15 20:57:51,2025-04-15 21:57:51,60,Late,2.19
916,1023,28,2025-02-15 21:46:29,2025-02-15 22:05:29,19,Early,10.52
917,1024,39,2025-12-05 00:02:49,2025-12-05 00:23:49,21,On Time,6.49
918,1025,61,2025-03-24 13:02:41,2025-03-24 13:50:41,48,Late,5.51
919,1026,433,2025-09-24 20:49:00,2025-09-24 21:15:00,26,On Time,5.47
920,1027,207,2025-08-11 15:55:06,2025-08-11 16:38:06,43,Late,9.52
921,1028,465,2025-02-17 15:20:45,2025-02-17 15:50:45,30,On Time,2.74
922,1029,380,2025-07-26 19:31:17,2025-07-26 19:53:17,22,On Time,10.43
923,1030,293,2025-03-13 21:10:28,2025-03-13 21:49:28,39,On Time,4.25
924,1031,403,2025-12-28 23:19:45,2025-12-29 00:15:45,56,Late,12.56
925,1032,369,2025-08-24 13:35:32,2025-08-24 14:30:32,55,Late,4.95
926,1033,413,2025-08-01 11:22:45,2025-08-01 12:00:45,38,On Time,2.18
927,1035,97,2025-04-06 20:03:53,2025-04-06 20:26:53,23,On Time,4.3
928,1036,302,2025-09-29 21:51:35,2025-09-29 22:29:35,38,On Time,6.01
929,1037,263,2025-12-27 13:54:37,2025-12-27 14:16:37,22,On Time,4.48
930,1038,148,2025-11-01 21:45:32,2025-11-01 22:18:32,33,On Time,2.62
931,1039,191,2025-05-08 11:24:01,2025-05-08 11:55:01,31,Late,5.9
932,1040,363,2025-08-18 21:28:18,2025-08-18 21:45:18,17,Early,7.25
933,1041,353,2025-02-08 22:53:05,2025-02-08 23:41:05,48,Late,5.31
934,1042,430,2025-02-11 12:34:27,2025-02-11 13:29:27,55,Late,14.04
935,1043,186,2025-10-21 11:10:37,2025-10-21 11:39:37,29,On Time,14.74
936,1044,267,2025-03-04 15:46:40,2025-03-04 16:29:40,43,Late,14.04
937,1045,473,2025-04-28 20:54:28,2025-04-28 21:14:28,20,Early,7.56
938,1046,364,2025-08-19 17:08:36,2025-08-19 17:24:36,16,Early,11.81
939,1047,288,2025-12-18 19:57:23,2025-12-18 20:14:23,17,Early,6.71
940,1048,353,2025-08-31 21:05:23,2025-08-31 21:56:23,51,Late,5.02
941,1049,269,2025-08-29 21:57:14,2025-08-29 22:16:14,19,Early,3.14
942,1052,325,2025-03-21 19:29:16,2025-03-21 20:25:16,56,Late,10.36
943,1053,43,2025-07-25 14:24:16,2025-07-25 15:02:16,38,Late,4.74
944,1054,380,2025-12-06 21:08:55,2025-12-06 21:35:55,27,On Time,6.4
945,1055,326,2025-12-31 15:25:51,2025-12-31 15:53:51,28,On Time,8.75
946,1056,405,2025-03-05 13:40:37,2025-03-05 14:31:37,51,Late,2.7
947,1057,401,2025-12-04 12:18:12,2025-12-04 12:56:12,38,On Time,4.68
948,1058,187,2025-08-05 08:34:00,2025-08-05 09:12:00,38,On Time,7.6
949,1059,287,2025-03-07 18:25:15,2025-03-07 19:24:15,59,Late,10.41
950,1060,456,2025-08-23 12:10:47,2025-08-23 12:54:47,44,Late,3.63
951,1061,245,2025-01-18 14:00:54,2025-01-18 14:48:54,48,Late,8.75
952,1062,112,2025-10-03 12:19:47,2025-10-03 13:11:47,52,Late,7.9
953,1063,456,2025-08-30 11:33:56,2025-08-30 12:11:56,38,Late,14.61
954,1064,207,2025-07-23 21:37:22,2025-07-23 22:35:22,58,Late,3.68
955,1065,47,2025-06-15 13:44:02,2025-06-15 14:14:02,30,On Time,10.5
956,1066,18,2025-07-16 21:39:34,2025-07-16 22:30:34,51,Late,14.94
957,1067,330,2025-05-03 10:39:50,2025-05-03 11:10:50,31,On Time,8.64
958,1068,231,2025-05-19 11:39:10,2025-05-19 12:22:10,43,Late,10.23
959,1069,142,2025-08-31 12:11:52,2025-08-31 12:44:52,33,On Time,5.34
960,1070,22,2025-09-20 19:23:24,2025-09-20 20:06:24,43,Late,5.58
961,1071,203,2025-12-19 12:56:31,2025-12-19 13:53:31,57,Late,5.91
962,1072,200,2025-08-02 22:34:56,2025-08-02 23:11:56,37,Late,12.69
963,1073,235,2025-05-01 11:48:07,2025-05-01 12:03:07,15,Early,14.93
964,1074,448,2025-03-31 18:13:05,2025-03-31 19:08:05,55,Late,11.03
965,1075,468,2025-07-22 12:27:13,2025-07-22 12:46:13,19,Early,1.75
966,1076,420,2025-11-03 23:13:04,2025-11-04 00:05:04,52,Late,3.9
967,1077,377,2025-06-29 17:24:03,2025-06-29 18:08:03,44,Late,8.92
968,1078,50,2025-10-20 12:38:47,2025-10-20 13:20:47,42,Late,10.7
969,1079,491,2025-06-20 12:00:41,2025-06-20 12:51:41,51,Late,5.31
970,1080,275,2025-07-24 20:30:08,2025-07-24 20:55:08,25,On Time,3.7
971,1081,43,2025-08-17 11:50:14,2025-08-17 12:43:14,53,Late,7.04
972,1082,131,2025-12-19 22:35:18,2025-12-19 23:21:18,46,Late,4.7
973,1083,426,2025-03-14 12:53:17,2025-03-14 13:21:17,28,On Time,10.05
974,1084,129,2025-09-22 15:19:09,2025-09-22 15:54:09,35,Late,4.8
975,1085,452,2025-02-06 12:29:32,2025-02-06 13:27:32,58,Late,12.71
976,1087,429,2025-03-08 16:52:56,2025-03-08 17:41:56,49,Late,7.52
977,1088,107,2025-04-05 12:31:18,2025-04-05 13:12:18,41,Late,6.38
978,1089,269,2025-07-27 00:37:06,2025-07-27 01:35:06,58,Late,4.63
979,1091,438,2025-10-04 15:42:11,2025-10-04 16:36:11,54,Late,7.66
980,1093,265,2025-08-22 12:20:54,2025-08-22 12:57:54,37,Late,12.37
981,1094,170,2025-10-19 21:08:39,2025-10-19 22:00:39,52,Late,3.97
982,1095,271,2025-08-03 22:22:55,2025-08-03 22:40:55,18,Early,10.77
983,1097,310,2025-09-15 17:33:15,2025-09-15 17:52:15,19,Early,14.83
984,1098,15,2025-07-26 20:09:47,2025-07-26 20:59:47,50,Late,7.27
985,1099,470,2025-08-09 22:45:40,2025-08-09 23:00:40,15,Early,4.62
986,1102,117,2025-10-21 13:05:22,2025-10-21 13:35:22,30,On Time,2.63
987,1103,95,2025-12-19 21:08:50,2025-12-19 21:47:50,39,Late,5.5
988,1104,15,2025-11-27 11:16:12,2025-11-27 11:32:12,16,Early,6.62
989,1105,91,2025-07-25 18:57:06,2025-07-25 19:54:06,57,Late,3.34
990,1106,238,2025-03-05 11:14:15,2025-03-05 12:03:15,49,Late,14.61
991,1107,178,2025-11-25 14:01:02,2025-11-25 14:38:02,37,Late,9.51
992,1108,406,2025-01-29 22:42:34,2025-01-29 23:34:34,52,Late,10.76
993,1109,357,2025-08-19 14:00:43,2025-08-19 14:52:43,52,Late,4.81
994,1110,420,2025-02-05 15:10:37,2025-02-05 15:48:37,38,Late,12.33
995,1111,191,2025-10-15 21:59:09,2025-10-15 22:19:09,20,Early,11.7
996,1112,94,2025-06-20 19:26:08,2025-06-20 19:59:08,33,On Time,3.18
997,1114,179,2025-07-03 19:58:14,2025-07-03 20:51:14,53,Late,10.93
998,1115,70,2025-11-16 21:10:24,2025-11-16 21:33:24,23,On Time,12.98
999,1116,142,2025-03-09 12:02:35,2025-03-09 12:59:35,57,Late,5.24
1000,1117,328,2025-12-15 12:25:44,2025-12-15 12:42:44,17,Early,7.94
1001,1118,92,2025-11-22 18:39:29,2025-11-22 19:38:29,59,Late,5.08
1002,1119,333,2025-12-04 23:28:22,2025-12-04 23:45:22,17,Early,1.66
1003,1120,370,2025-08-14 08:20:44,2025-08-14 08:48:44,28,On Time,13.31
1004,1121,104,2025-09-01 10:16:07,2025-09-01 10:39:07,23,On Time,9.77
1005,1122,123,2025-02-13 16:43:08,2025-02-13 17:32:08,49,Late,11.17
1006,1123,150,2025-08-30 11:46:18,2025-08-30 12:39:18,53,Late,14.95
1007,1125,262,2025-11-14 11:14:33,2025-11-14 11:32:33,18,Early,7.49
1008,1126,194,2025-09-10 13:56:07,2025-09-10 14:36:07,40,Late,9.9
1009,1127,234,2025-08-17 16:50:48,2025-08-17 17:14:48,24,On Time,2.93
1010,1128,434,2025-12-06 21:23:26,2025-12-06 22:12:26,49,Late,5.75
1011,1129,78,2025-03-27 14:23:16,2025-03-27 15:08:16,45,Late,2.21
1012,1130,305,2025-10-22 21:54:47,2025-10-22 22:26:47,32,Late,1.54
1013,1131,408,2025-09-20 13:35:53,2025-09-20 14:32:53,57,Late,14.58
1014,1132,330,2025-04-17 20:51:44,2025-04-17 21:48:44,57,Late,8.33
1015,1133,448,2025-02-28 12:38:37,2025-02-28 13:19:37,41,Late,10.32
1016,1134,89,2025-05-20 21:35:40,2025-05-20 22:27:40,52,Late,8.46
1017,1135,107,2025-06-02 21:44:50,2025-06-02 22:14:50,30,On Time,4.84
1018,1136,377,2025-05-23 09:53:36,2025-05-23 10:23:36,30,On Time,8.3
1019,1137,249,2025-04-14 22:05:18,2025-04-14 22:37:18,32,On Time,8.1
1020,1138,486,2025-04-06 10:22:38,2025-04-06 10:45:38,23,On Time,4.27
1021,1139,140,2025-12-06 21:23:01,2025-12-06 22:10:01,47,Late,4.99
1022,1140,212,2025-08-21 08:52:04,2025-08-21 09:43:04,51,Late,2.64
1023,1141,206,2025-06-08 14:47:33,2025-06-08 15:32:33,45,Late,14.63
1024,1142,286,2025-06-14 16:43:23,2025-06-14 17:31:23,48,Late,3.31
1025,1143,404,2025-05-04 13:19:24,2025-05-04 14:15:24,56,Late,8.6
1026,1144,80,2025-03-12 13:32:47,2025-03-12 14:02:47,30,On Time,2.25
1027,1146,286,2025-03-10 13:48:31,2025-03-10 14:23:31,35,On Time,14.16
1028,1147,400,2025-07-14 17:01:18,2025-07-14 18:01:18,60,Late,13.45
1029,1148,467,2025-05-09 14:52:11,2025-05-09 15:15:11,23,On Time,5.06
1030,1149,33,2025-11-21 13:19:52,2025-11-21 13:34:52,15,Early,3.27
1031,1150,317,2025-09-11 19:03:22,2025-09-11 19:24:22,21,On Time,13.85
1032,1151,299,2025-11-23 18:07:20,2025-11-23 18:48:20,41,Late,4.43
1033,1152,45,2025-06-17 08:07:43,2025-06-17 08:25:43,18,Early,10.18
1034,1153,498,2025-10-05 08:36:00,2025-10-05 09:06:00,30,On Time,14.21
1035,1154,475,2025-10-27 22:32:20,2025-10-27 23:02:20,30,On Time,10.65
1036,1155,264,2025-03-16 16:08:09,2025-03-16 16:42:09,34,On Time,5.39
1037,1156,46,2025-08-25 14:59:32,2025-08-25 15:36:32,37,On Time,14.11
1038,1157,68,2025-04-24 12:21:38,2025-04-24 12:50:38,29,On Time,7.57
1039,1158,134,2025-05-01 23:46:23,2025-05-02 00:44:23,58,Late,4.02
1040,1159,7,2025-12-01 19:01:24,2025-12-01 19:45:24,44,Late,9.99
1041,1160,106,2025-07-23 12:23:45,2025-07-23 13:16:45,53,Late,13.87
1042,1161,144,2025-07-10 08:18:19,2025-07-10 08:56:19,38,Late,3.13
1043,1162,273,2025-08-25 08:01:10,2025-08-25 08:37:10,36,Late,11.61
1044,1163,343,2025-03-03 13:16:59,2025-03-03 13:57:59,41,Late,1.67
1045,1164,223,2025-06-20 15:18:15,2025-06-20 15:55:15,37,Late,13.89
1046,1165,39,2025-04-12 19:46:56,2025-04-12 20:32:56,46,Late,3.6
1047,1166,237,2025-03-04 18:57:15,2025-03-04 19:20:15,23,On Time,9.02
1048,1167,441,2025-08-10 19:42:06,2025-08-10 20:00:06,18,Early,14.34
1049,1169,159,2025-11-21 11:31:40,2025-11-21 11:55:40,24,On Time,5.92
1050,1170,145,2025-09-07 19:11:18,2025-09-07 20:09:18,58,Late,10.68
1051,1171,374,2025-08-09 13:34:10,2025-08-09 14:28:10,54,Late,14.55
1052,1172,18,2025-11-06 21:33:39,2025-11-06 22:32:39,59,Late,10.35
1053,1173,464,2025-05-07 08:06:22,2025-05-07 09:01:22,55,Late,14.59
1054,1174,265,2025-02-16 12:06:36,2025-02-16 13:01:36,55,Late,11.76
1055,1175,368,2025-08-12 18:20:38,2025-08-12 18:50:38,30,On Time,2.82
1056,1176,99,2025-11-22 13:54:29,2025-11-22 14:27:29,33,Late,8.65
1057,1179,312,2025-04-02 11:42:36,2025-04-02 12:42:36,60,Late,7.59
1058,1180,70,2025-12-02 21:45:47,2025-12-02 22:25:47,40,Late,8.32
1059,1181,373,2025-11-15 13:52:07,2025-11-15 14:12:07,20,Early,8.02
1060,1182,8,2025-04-17 21:37:39,2025-04-17 22:24:39,47,Late,5.82
1061,1183,86,2025-10-22 08:35:34,2025-10-22 09:22:34,47,Late,4.64
1062,1184,4,2025-02-13 21:19:54,2025-02-13 22:18:54,59,Late,8.89
1063,1185,38,2025-07-04 10:20:47,2025-07-04 11:15:47,55,Late,11.13
1064,1186,169,2025-02-09 14:24:48,2025-02-09 15:07:48,43,Late,11.47
1065,1187,278,2025-11-21 18:12:28,2025-11-21 18:56:28,44,Late,7.43
1066,1188,404,2025-06-23 12:53:20,2025-06-23 13:16:20,23,On Time,13.44
1067,1189,397,2025-01-03 19:24:35,2025-01-03 20:13:35,49,Late,5.11
1068,1190,386,2025-05-01 19:26:05,2025-05-01 19:42:05,16,Early,13.57
1069,1191,384,2025-07-25 11:46:33,2025-07-25 12:09:33,23,On Time,11.09
1070,1192,224,2025-10-11 19:28:26,2025-10-11 19:43:26,15,Early,14.18
1071,1193,434,2025-03-22 14:13:52,2025-03-22 14:53:52,40,On Time,12.3
1072,1194,128,2025-04-04 12:07:22,2025-04-04 12:51:22,44,Late,6.08
1073,1195,84,2025-05-31 12:53:00,2025-05-31 13:15:00,22,On Time,14.71
1074,1196,410,2025-09-21 18:46:46,2025-09-21 19:24:46,38,On Time,6.36
1075,1197,135,2025-08-26 20:48:29,2025-08-26 21:23:29,35,On Time,14.97
1076,1198,372,2025-02-16 12:28:31,2025-02-16 12:50:31,22,On Time,11.29
1077,1199,86,2025-11-01 14:10:56,2025-11-01 14:46:56,36,On Time,7.23
1078,1200,28,2025-08-13 13:12:27,2025-08-13 13:43:27,31,On Time,4.03
1079,1201,79,2025-10-13 17:57:33,2025-10-13 18:14:33,17,Early,12.98
1080,1202,17,2025-12-02 21:48:44,2025-12-02 22:17:44,29,On Time,12.87
1081,1203,195,2025-08-06 19:52:57,2025-08-06 20:51:57,59,Late,11.83
1082,1204,56,2025-04-28 12:13:43,2025-04-28 12:51:43,38,On Time,9.67
1083,1205,309,2025-05-28 00:54:18,2025-05-28 01:48:18,54,Late,10.04
1084,1207,115,2025-06-09 13:08:44,2025-06-09 13:53:44,45,Late,11.93
1085,1208,313,2025-01-20 19:31:03,2025-01-20 20:07:03,36,On Time,3.8
1086,1209,300,2025-05-29 14:30:59,2025-05-29 15:24:59,54,Late,5.2
1087,1210,23,2025-06-17 12:18:07,2025-06-17 12:33:07,15,Early,2.29
1088,1211,235,2025-06-25 20:05:56,2025-06-25 20:30:56,25,On Time,9.8
1089,1212,250,2025-03-08 21:13:55,2025-03-08 21:40:55,27,On Time,7.56
1090,1213,304,2025-06-28 22:14:46,2025-06-28 22:32:46,18,Early,8.31
1091,1214,129,2025-02-14 19:27:55,2025-02-14 19:44:55,17,Early,9.33
1092,1215,411,2025-07-31 22:22:21,2025-07-31 23:16:21,54,Late,5.97
1093,1216,122,2025-04-14 20:18:33,2025-04-14 21:17:33,59,Late,4.87
1094,1217,225,2025-02-12 13:39:31,2025-02-12 14:18:31,39,Late,5.3
1095,1218,169,2025-03-05 13:02:42,2025-03-05 13:46:42,44,Late,10.91
1096,1219,192,2025-07-18 12:23:07,2025-07-18 13:07:07,44,Late,11.87
1097,1220,143,2025-06-26 12:53:07,2025-06-26 13:33:07,40,Late,14.98
1098,1222,482,2025-01-05 16:48:00,2025-01-05 17:30:00,42,Late,8.12
1099,1223,445,2025-01-23 22:03:00,2025-01-23 22:20:00,17,Early,10.58
1100,1224,140,2025-04-24 07:06:08,2025-04-24 08:06:08,60,Late,8.29
1101,1225,128,2025-06-09 20:55:09,2025-06-09 21:32:09,37,Late,2.98
1102,1226,265,2025-12-13 09:31:38,2025-12-13 10:02:38,31,Late,10.13
1103,1228,342,2025-06-08 23:21:05,2025-06-08 23:48:05,27,On Time,2.65
1104,1229,227,2025-01-30 11:57:08,2025-01-30 12:20:08,23,On Time,4.67
1105,1230,237,2025-09-05 13:38:05,2025-09-05 14:08:05,30,On Time,7.8
1106,1231,384,2025-09-26 19:31:35,2025-09-26 19:56:35,25,On Time,11.85
1107,1232,147,2025-05-04 22:12:55,2025-05-04 22:40:55,28,On Time,11.6
1108,1233,61,2025-04-28 20:46:06,2025-04-28 21:13:06,27,On Time,13.9
1109,1234,373,2025-12-30 10:03:57,2025-12-30 10:48:57,45,Late,3.87
1110,1235,143,2025-03-23 22:14:42,2025-03-23 22:43:42,29,On Time,8.12
1111,1236,488,2025-05-22 20:12:10,2025-05-22 20:30:10,18,Early,6.48
1112,1237,265,2025-02-01 20:51:19,2025-02-01 21:06:19,15,Early,13.74
1113,1238,85,2025-05-22 14:36:32,2025-05-22 15:36:32,60,Late,14.28
1114,1239,163,2025-10-18 13:15:59,2025-10-18 14:00:59,45,Late,12.75
1115,1240,353,2025-11-07 20:08:49,2025-11-07 20:48:49,40,Late,8.46
1116,1241,43,2025-10-16 23:02:30,2025-10-16 23:59:30,57,Late,4.6
1117,1242,453,2025-09-10 07:44:31,2025-09-10 08:34:31,50,Late,14.19
1118,1243,411,2025-04-13 20:41:55,2025-04-13 21:20:55,39,Late,7.18
1119,1244,207,2025-04-28 18:30:30,2025-04-28 19:15:30,45,Late,1.96
1120,1245,406,2025-04-14 13:09:59,2025-04-14 14:09:59,60,Late,10.42
1121,1246,268,2025-09-15 18:01:37,2025-09-15 18:48:37,47,Late,13.58
1122,1247,192,2025-09-22 13:13:02,2025-09-22 13:44:02,31,Late,7.45
1123,1248,309,2025-11-19 19:33:05,2025-11-19 19:54:05,21,On Time,4.34
1124,1249,220,2025-10-22 16:06:40,2025-10-22 17:01:40,55,Late,2.41
1125,1250,23,2025-07-20 19:08:57,2025-07-20 19:31:57,23,On Time,4.83
1126,1251,303,2025-12-14 23:24:44,2025-12-15 00:20:44,56,Late,4.37
1127,1252,320,2025-12-30 18:12:56,2025-12-30 18:59:56,47,Late,3.75
1128,1253,128,2025-06-28 17:28:50,2025-06-28 18:28:50,60,Late,12.06
1129,1254,166,2025-10-10 10:22:31,2025-10-10 11:20:31,58,Late,12.79
1130,1255,215,2025-07-13 16:18:37,2025-07-13 16:51:37,33,Late,7.93
1131,1256,287,2025-02-18 12:29:24,2025-02-18 13:10:24,41,Late,10.34
1132,1257,144,2025-01-25 20:28:45,2025-01-25 21:14:45,46,Late,14.91
1133,1258,253,2025-12-05 20:26:45,2025-12-05 21:01:45,35,On Time,3.9
1134,1259,147,2025-08-23 13:13:46,2025-08-23 13:36:46,23,On Time,5.27
1135,1260,91,2025-07-31 13:03:29,2025-07-31 13:35:29,32,On Time,7.76
1136,1261,414,2025-09-26 20:21:16,2025-09-26 20:49:16,28,On Time,10.74
1137,1262,125,2025-08-29 20:41:55,2025-08-29 21:01:55,20,Early,11.92
1138,1264,281,2025-10-04 11:32:56,2025-10-04 12:14:56,42,Late,7.91
1139,1265,493,2025-11-10 12:33:49,2025-11-10 12:53:49,20,Early,4.13
1140,1266,145,2025-05-29 13:21:48,2025-05-29 13:37:48,16,Early,9.28
1141,1267,193,2025-08-13 16:37:51,2025-08-13 16:58:51,21,On Time,7.83
1142,1268,496,2025-09-21 12:50:11,2025-09-21 13:41:11,51,Late,2.59
1143,1269,177,2025-05-11 20:04:18,2025-05-11 20:38:18,34,On Time,5.42
1144,1270,327,2025-06-19 18:54:09,2025-06-19 19:14:09,20,Early,1.99
1145,1271,136,2025-08-13 19:57:35,2025-08-13 20:20:35,23,On Time,13.67
1146,1272,79,2025-08-02 18:21:28,2025-08-02 19:03:28,42,Late,6.21
1147,1273,317,2025-12-16 12:13:08,2025-12-16 13:07:08,54,Late,8.46
1148,1274,67,2025-12-05 08:24:07,2025-12-05 08:44:07,20,Early,4.94
1149,1275,220,2025-07-02 19:29:04,2025-07-02 20:16:04,47,Late,9.42
1150,1276,44,2025-07-21 20:26:44,2025-07-21 20:55:44,29,On Time,14.82
1151,1278,22,2025-04-29 19:55:34,2025-04-29 20:50:34,55,Late,4.94
1152,1280,213,2025-06-11 17:30:35,2025-06-11 18:16:35,46,Late,14.19
1153,1281,247,2025-01-16 19:39:48,2025-01-16 20:19:48,40,Late,14.27
1154,1283,295,2025-12-22 19:50:24,2025-12-22 20:33:24,43,Late,6.54
1155,1284,449,2025-08-03 12:36:44,2025-08-03 13:06:44,30,On Time,6.07
1156,1285,27,2025-05-18 19:03:23,2025-05-18 19:30:23,27,On Time,3.94
1157,1286,493,2025-05-02 19:58:07,2025-05-02 20:42:07,44,Late,2.0
1158,1287,394,2025-10-12 14:26:58,2025-10-12 15:06:58,40,On Time,13.95
1159,1288,427,2025-05-22 21:04:48,2025-05-22 22:01:48,57,Late,7.63
1160,1289,453,2025-08-06 19:21:40,2025-08-06 20:04:40,43,Late,14.1
1161,1290,500,2025-10-05 21:16:51,2025-10-05 22:12:51,56,Late,3.72
1162,1292,223,2025-02-01 11:25:31,2025-02-01 12:15:31,50,Late,11.08
1163,1293,238,2025-06-06 00:29:57,2025-06-06 00:54:57,25,On Time,9.39
1164,1294,345,2025-05-05 16:52:18,2025-05-05 17:43:18,51,Late,12.61
1165,1295,284,2025-02-28 21:46:38,2025-02-28 22:36:38,50,Late,10.98
1166,1296,436,2025-05-05 22:03:00,2025-05-05 22:47:00,44,Late,3.13
1167,1297,469,2025-07-25 20:26:25,2025-07-25 21:12:25,46,Late,7.78
1168,1298,246,2025-01-01 11:11:25,2025-01-01 12:10:25,59,Late,7.69
1169,1299,359,2025-06-23 11:59:29,2025-06-23 12:50:29,51,Late,2.4
1170,1301,42,2025-11-14 14:09:50,2025-11-14 14:48:50,39,Late,7.38
1171,1302,474,2025-04-11 13:11:29,2025-04-11 13:30:29,19,Early,7.8
1172,1303,315,2025-10-11 12:50:04,2025-10-11 13:23:04,33,Late,5.99
1173,1304,32,2025-02-26 10:50:47,2025-02-26 11:39:47,49,Late,8.15
1174,1306,482,2025-12-09 18:51:34,2025-12-09 19:50:34,59,Late,14.35
1175,1307,444,2025-11-18 13:13:06,2025-11-18 13:35:06,22,On Time,4.16
1176,1308,253,2025-07-23 19:29:37,2025-07-23 19:46:37,17,Early,11.51
1177,1309,119,2025-02-24 17:03:19,2025-02-24 17:43:19,40,On Time,8.08
1178,1311,166,2025-08-06 13:07:58,2025-08-06 13:37:58,30,On Time,15.0
1179,1312,391,2025-09-18 12:59:40,2025-09-18 13:23:40,24,On Time,8.33
1180,1313,220,2025-12-06 17:59:24,2025-12-06 18:14:24,15,Early,13.14
1181,1314,193,2025-07-05 20:13:39,2025-07-05 20:59:39,46,Late,12.98
1182,1315,374,2025-07-19 13:03:35,2025-07-19 14:03:35,60,Late,14.08
1183,1317,411,2025-07-31 21:51:41,2025-07-31 22:42:41,51,Late,4.81
1184,1318,71,2025-09-23 14:13:57,2025-09-23 14:28:57,15,Early,7.35
1185,1319,145,2025-11-10 11:33:29,2025-11-10 12:09:29,36,On Time,13.73
1186,1320,32,2025-11-10 19:21:44,2025-11-10 19:44:44,23,On Time,13.57
1187,1321,107,2025-09-12 20:15:13,2025-09-12 21:14:13,59,Late,4.83
1188,1322,336,2025-04-22 23:09:55,2025-04-23 00:04:55,55,Late,8.07
1189,1324,124,2025-07-21 20:52:58,2025-07-21 21:27:58,35,On Time,9.48
1190,1328,414,2025-10-15 08:36:13,2025-10-15 09:17:13,41,Late,11.57
1191,1329,364,2025-09-26 16:43:05,2025-09-26 17:43:05,60,Late,14.63
1192,1330,369,2025-09-09 12:11:19,2025-09-09 12:51:19,40,On Time,8.32
1193,1331,4,2025-12-23 13:04:18,2025-12-23 13:35:18,31,On Time,8.31
1194,1332,28,2025-10-18 13:28:03,2025-10-18 14:11:03,43,Late,2.83
1195,1333,396,2025-01-08 00:58:50,2025-01-08 01:40:50,42,Late,6.22
1196,1334,220,2025-06-02 12:03:49,2025-06-02 12:34:49,31,On Time,11.74
1197,1335,483,2025-08-10 14:12:05,2025-08-10 14:30:05,18,Early,4.29
1198,1336,361,2025-12-29 18:45:30,2025-12-29 19:42:30,57,Late,14.88
1199,1337,217,2025-07-19 13:42:25,2025-07-19 14:21:25,39,Late,8.26
1200,1338,457,2025-06-18 13:57:37,2025-06-18 14:43:37,46,Late,4.29
1201,1339,397,2025-05-23 19:16:59,2025-05-23 20:13:59,57,Late,6.97
1202,1340,206,2025-12-15 11:38:35,2025-12-15 11:54:35,16,Early,2.33
1203,1341,94,2025-03-16 20:30:02,2025-03-16 20:58:02,28,On Time,11.5
1204,1342,62,2025-12-08 21:26:52,2025-12-08 22:18:52,52,Late,11.62
1205,1343,429,2025-08-29 12:28:40,2025-08-29 13:13:40,45,Late,1.63
1206,1344,144,2025-05-07 21:05:48,2025-05-07 21:43:48,38,Late,8.01
1207,1345,231,2025-09-27 11:55:53,2025-09-27 12:19:53,24,On Time,4.47
1208,1346,356,2025-05-18 13:09:29,2025-05-18 14:02:29,53,Late,14.03
1209,1347,489,2025-03-15 22:11:34,2025-03-15 22:43:34,32,Late,5.24
1210,1348,367,2025-08-21 21:48:37,2025-08-21 22:25:37,37,On Time,11.59
1211,1349,429,2025-10-07 12:49:09,2025-10-07 13:28:09,39,On Time,12.71
1212,1350,123,2025-09-09 12:24:58,2025-09-09 12:49:58,25,On Time,8.28
1213,1351,285,2025-08-30 11:11:07,2025-08-30 11:42:07,31,Late,3.26
1214,1352,328,2025-09-02 17:41:35,2025-09-02 18:33:35,52,Late,3.05
1215,1353,333,2025-06-02 22:59:49,2025-06-02 23:42:49,43,Late,3.07
1216,1354,238,2025-12-20 22:28:02,2025-12-20 22:48:02,20,Early,3.41
1217,1355,101,2025-08-22 13:24:45,2025-08-22 13:50:45,26,On Time,12.49
1218,1356,345,2025-04-30 12:22:29,2025-04-30 13:13:29,51,Late,4.53
1219,1357,343,2025-05-29 11:12:55,2025-05-29 11:42:55,30,On Time,4.23
1220,1359,116,2025-04-26 13:49:30,2025-04-26 14:41:30,52,Late,14.08
1221,1360,53,2025-11-25 20:05:03,2025-11-25 20:37:03,32,Late,10.43
1222,1361,203,2025-10-04 23:00:08,2025-10-04 23:16:08,16,Early,5.99
1223,1363,3,2025-08-22 09:30:23,2025-08-22 09:57:23,27,On Time,11.51
1224,1364,464,2025-05-30 17:18:28,2025-05-30 18:01:28,43,Late,3.95
1225,1365,100,2025-06-10 13:52:44,2025-06-10 14:43:44,51,Late,3.8
1226,1367,379,2025-03-05 14:41:53,2025-03-05 15:16:53,35,Late,2.86
1227,1369,141,2025-11-26 21:50:54,2025-11-26 22:23:54,33,On Time,6.49
1228,1370,397,2025-06-05 12:27:42,2025-06-05 13:22:42,55,Late,6.66
1229,1372,392,2025-11-17 07:34:14,2025-11-17 08:32:14,58,Late,4.54
1230,1373,49,2025-10-15 14:14:12,2025-10-15 15:10:12,56,Late,10.52
1231,1374,429,2025-07-25 19:24:17,2025-07-25 20:10:17,46,Late,10.03
1232,1375,497,2025-06-04 19:35:22,2025-06-04 20:15:22,40,Late,14.45
1233,1376,46,2025-08-19 11:59:55,2025-08-19 12:42:55,43,Late,4.63
1234,1377,248,2025-07-23 10:46:13,2025-07-23 11:41:13,55,Late,9.39
1235,1378,484,2025-07-06 17:41:06,2025-07-06 18:27:06,46,Late,2.77
1236,1379,253,2025-03-30 23:14:55,2025-03-30 23:51:55,37,On Time,9.59
1237,1380,413,2025-12-31 19:35:21,2025-12-31 20:06:21,31,Late,12.68
1238,1381,405,2025-11-19 21:15:12,2025-11-19 22:12:12,57,Late,10.62
1239,1382,460,2025-05-19 20:21:25,2025-05-19 20:41:25,20,Early,4.31
1240,1383,53,2025-12-19 13:24:37,2025-12-19 14:20:37,56,Late,13.34
1241,1384,289,2025-01-07 12:11:08,2025-01-07 12:41:08,30,On Time,3.54
1242,1385,67,2025-05-07 12:11:40,2025-05-07 12:50:40,39,Late,10.14
1243,1386,367,2025-12-31 22:52:58,2025-12-31 23:39:58,47,Late,5.02
1244,1387,96,2025-12-27 11:26:37,2025-12-27 12:09:37,43,Late,9.56
1245,1388,1,2025-01-22 17:48:00,2025-01-22 18:18:00,30,On Time,7.22
1246,1389,279,2025-03-03 12:09:08,2025-03-03 12:58:08,49,Late,13.77
1247,1390,31,2025-05-14 21:23:09,2025-05-14 22:04:09,41,Late,13.82
1248,1391,265,2025-06-09 17:20:09,2025-06-09 17:37:09,17,Early,14.4
1249,1392,37,2025-09-29 07:56:31,2025-09-29 08:52:31,56,Late,6.28
1250,1394,359,2025-11-03 15:28:46,2025-11-03 16:08:46,40,On Time,8.01
1251,1395,438,2025-07-21 13:19:44,2025-07-21 14:16:44,57,Late,10.67
1252,1397,243,2025-08-25 19:55:45,2025-08-25 20:23:45,28,On Time,6.9
1253,1399,281,2025-10-29 20:21:49,2025-10-29 20:54:49,33,On Time,4.33
1254,1400,321,2025-12-18 18:33:50,2025-12-18 18:48:50,15,Early,12.96
1255,1401,8,2025-07-16 20:11:11,2025-07-16 20:56:11,45,Late,2.66
1256,1403,21,2025-07-31 20:17:19,2025-07-31 21:17:19,60,Late,4.01
1257,1404,274,2025-07-12 23:37:15,2025-07-13 00:15:15,38,Late,2.65
1258,1405,281,2025-03-07 21:16:30,2025-03-07 21:56:30,40,On Time,2.83
1259,1406,221,2025-12-18 09:30:33,2025-12-18 10:13:33,43,Late,4.43
1260,1407,163,2025-08-16 21:53:25,2025-08-16 22:42:25,49,Late,6.25
1261,1408,65,2025-04-09 00:28:14,2025-04-09 01:26:14,58,Late,3.2
1262,1409,6,2025-02-16 18:11:05,2025-02-16 18:30:05,19,Early,9.19
1263,1410,67,2025-06-12 21:58:11,2025-06-12 22:30:11,32,On Time,5.16
1264,1411,256,2025-12-05 20:46:17,2025-12-05 21:05:17,19,Early,12.25
1265,1412,76,2025-05-14 08:57:32,2025-05-14 09:29:32,32,Late,1.63
1266,1413,305,2025-11-27 09:40:07,2025-11-27 10:35:07,55,Late,8.03
1267,1415,294,2025-06-15 21:25:59,2025-06-15 21:49:59,24,On Time,12.79
1268,1417,130,2025-05-18 06:51:24,2025-05-18 07:15:24,24,On Time,6.77
1269,1418,261,2025-04-16 18:26:34,2025-04-16 18:52:34,26,On Time,11.49
1270,1419,102,2025-12-12 07:31:39,2025-12-12 08:01:39,30,On Time,14.4
1271,1420,223,2025-09-17 10:20:42,2025-09-17 10:47:42,27,On Time,5.27
1272,1421,150,2025-04-07 11:25:30,2025-04-07 12:08:30,43,Late,9.52
1273,1422,366,2025-02-27 19:41:26,2025-02-27 20:38:26,57,Late,14.45
1274,1423,317,2025-11-25 21:25:46,2025-11-25 22:09:46,44,Late,3.51
1275,1424,34,2025-05-29 22:35:28,2025-05-29 22:51:28,16,Early,7.92
1276,1425,104,2025-12-13 11:51:53,2025-12-13 12:08:53,17,Early,9.03
1277,1427,381,2025-03-05 22:30:56,2025-03-05 23:02:56,32,On Time,8.79
1278,1428,22,2025-05-23 15:03:59,2025-05-23 15:49:59,46,Late,13.41
1279,1429,271,2025-04-30 13:22:51,2025-04-30 14:07:51,45,Late,9.49
1280,1430,230,2025-06-24 15:57:00,2025-06-24 16:40:00,43,Late,11.92
1281,1431,295,2025-12-15 09:17:53,2025-12-15 09:46:53,29,On Time,1.85
1282,1432,423,2025-12-05 20:25:13,2025-12-05 20:41:13,16,Early,7.09
1283,1433,155,2025-03-12 22:05:04,2025-03-12 22:39:04,34,Late,9.04
1284,1434,397,2025-05-11 21:19:50,2025-05-11 21:42:50,23,On Time,1.83
1285,1435,464,2025-12-29 18:37:43,2025-12-29 19:26:43,49,Late,13.11
1286,1436,62,2025-07-24 12:17:35,2025-07-24 12:52:35,35,Late,2.25
1287,1437,455,2025-06-14 21:45:04,2025-06-14 22:02:04,17,Early,13.98
1288,1438,131,2025-05-12 10:09:10,2025-05-12 10:51:10,42,Late,6.35
1289,1439,238,2025-05-29 07:50:36,2025-05-29 08:15:36,25,On Time,6.38
1290,1440,250,2025-10-10 18:29:07,2025-10-10 18:49:07,20,Early,2.7
1291,1441,197,2025-12-08 21:05:14,2025-12-08 21:51:14,46,Late,4.97
1292,1442,473,2025-07-01 22:45:49,2025-07-01 23:44:49,59,Late,4.84
1293,1443,166,2025-08-30 11:24:30,2025-08-30 12:22:30,58,Late,5.66
1294,1444,376,2025-04-27 16:59:37,2025-04-27 17:51:37,52,Late,7.68
1295,1445,206,2025-02-17 21:58:25,2025-02-17 22:50:25,52,Late,3.59
1296,1446,351,2025-12-25 18:10:53,2025-12-25 18:45:53,35,On Time,5.2
1297,1447,193,2025-09-30 21:48:36,2025-09-30 22:47:36,59,Late,9.74
1298,1448,6,2025-04-08 11:37:52,2025-04-08 12:18:52,41,Late,11.65
1299,1449,184,2025-03-01 19:08:08,2025-03-01 19:45:08,37,Late,12.92
1300,1450,382,2025-03-11 23:37:46,2025-03-12 00:21:46,44,Late,12.47
1301,1451,3,2025-11-19 16:12:53,2025-11-19 16:28:53,16,Early,15.0
1302,1452,431,2025-04-07 11:46:32,2025-04-07 12:04:32,18,Early,14.28
1303,1453,155,2025-03-22 23:47:16,2025-03-23 00:36:16,49,Late,3.83
1304,1454,254,2025-05-27 19:27:21,2025-05-27 19:50:21,23,On Time,5.26
1305,1455,428,2025-10-16 18:33:11,2025-10-16 19:10:11,37,Late,9.78
1306,1456,199,2025-11-16 10:58:17,2025-11-16 11:32:17,34,On Time,3.9
1307,1457,448,2025-07-18 18:22:50,2025-07-18 19:12:50,50,Late,7.74
1308,1458,357,2025-05-15 22:12:29,2025-05-15 23:10:29,58,Late,7.34
1309,1459,374,2025-04-22 23:10:49,2025-04-22 23:55:49,45,Late,11.21
1310,1460,128,2025-10-09 21:18:04,2025-10-09 21:43:04,25,On Time,6.33
1311,1461,46,2025-06-30 11:34:14,2025-06-30 12:24:14,50,Late,11.2
1312,1462,135,2025-10-29 20:10:34,2025-10-29 20:55:34,45,Late,4.97
1313,1463,420,2025-11-12 08:13:19,2025-11-12 08:37:19,24,On Time,1.75
1314,1464,166,2025-12-27 14:40:22,2025-12-27 15:18:22,38,Late,8.64
1315,1465,210,2025-05-16 12:26:11,2025-05-16 12:44:11,18,Early,10.87
1316,1466,166,2025-12-07 13:00:26,2025-12-07 14:00:26,60,Late,14.1
1317,1467,198,2025-07-17 11:44:54,2025-07-17 12:42:54,58,Late,13.6
1318,1468,311,2025-09-09 12:00:57,2025-09-09 12:32:57,32,On Time,6.11
1319,1469,473,2025-05-22 09:31:49,2025-05-22 09:49:49,18,Early,12.71
1320,1470,53,2025-11-04 21:16:14,2025-11-04 21:47:14,31,Late,6.58
1321,1472,331,2025-09-25 21:48:17,2025-09-25 22:45:17,57,Late,12.11
1322,1473,474,2025-01-22 11:30:02,2025-01-22 12:24:02,54,Late,14.63
1323,1474,145,2025-07-27 21:21:28,2025-07-27 22:08:28,47,Late,4.9
1324,1476,67,2025-05-13 12:02:11,2025-05-13 12:22:11,20,Early,5.85
1325,1477,483,2025-08-10 09:55:22,2025-08-10 10:12:22,17,Early,7.35
1326,1478,65,2025-02-17 20:20:42,2025-02-17 20:45:42,25,On Time,7.61
1327,1479,393,2025-11-15 18:02:06,2025-11-15 18:54:06,52,Late,11.42
1328,1481,162,2025-01-20 20:54:37,2025-01-20 21:37:37,43,Late,13.64
1329,1482,33,2025-12-28 11:16:58,2025-12-28 11:54:58,38,On Time,14.74
1330,1483,413,2025-04-07 20:31:12,2025-04-07 21:27:12,56,Late,13.14
1331,1484,453,2025-10-02 18:34:06,2025-10-02 18:50:06,16,Early,11.71
1332,1485,479,2025-07-23 20:45:09,2025-07-23 21:39:09,54,Late,12.26
1333,1486,404,2025-11-09 19:14:16,2025-11-09 19:45:16,31,Late,3.03
1334,1487,84,2025-01-25 21:55:27,2025-01-25 22:42:27,47,Late,5.89
1335,1488,335,2025-06-26 11:42:32,2025-06-26 12:13:32,31,Late,2.59
1336,1489,64,2025-09-19 19:29:25,2025-09-19 19:45:25,16,Early,14.56
1337,1490,472,2025-09-10 18:38:14,2025-09-10 19:17:14,39,Late,7.55
1338,1491,71,2025-11-10 07:39:36,2025-11-10 08:24:36,45,Late,4.27
1339,1492,92,2025-02-14 20:22:04,2025-02-14 20:59:04,37,On Time,2.63
1340,1493,410,2025-06-19 22:55:22,2025-06-19 23:44:22,49,Late,7.54
1341,1494,22,2025-09-14 12:32:39,2025-09-14 13:18:39,46,Late,1.72
1342,1495,187,2025-05-06 22:16:20,2025-05-06 23:03:20,47,Late,1.89
1343,1496,307,2025-04-10 08:41:37,2025-04-10 09:27:37,46,Late,2.18
1344,1497,477,2025-06-07 19:25:54,2025-06-07 19:40:54,15,Early,1.69
1345,1498,14,2025-09-16 08:26:46,2025-09-16 09:15:46,49,Late,11.98
1346,1499,431,2025-03-22 13:09:05,2025-03-22 14:03:05,54,Late,8.87
1347,1501,227,2025-10-04 22:06:53,2025-10-04 22:40:53,34,On Time,5.82
1348,1502,224,2025-12-22 11:27:25,2025-12-22 11:48:25,21,On Time,3.21
1349,1503,105,2025-09-28 07:29:36,2025-09-28 08:26:36,57,Late,6.07
1350,1505,451,2025-11-29 15:51:06,2025-11-29 16:24:06,33,Late,14.6
1351,1506,358,2025-11-11 16:56:12,2025-11-11 17:50:12,54,Late,3.91
1352,1507,431,2025-03-25 00:18:30,2025-03-25 01:15:30,57,Late,8.76
1353,1508,18,2025-12-22 21:11:49,2025-12-22 21:49:49,38,Late,6.53
1354,1509,33,2025-01-27 21:34:22,2025-01-27 21:58:22,24,On Time,12.6
1355,1510,456,2025-07-19 20:30:53,2025-07-19 21:04:53,34,Late,14.23
1356,1511,449,2025-01-20 10:23:26,2025-01-20 11:21:26,58,Late,14.06
1357,1512,390,2025-04-12 11:06:49,2025-04-12 11:25:49,19,Early,13.17
1358,1513,435,2025-04-20 00:31:18,2025-04-20 01:28:18,57,Late,7.09
1359,1514,319,2025-12-11 09:18:58,2025-12-11 09:45:58,27,On Time,11.18
1360,1515,167,2025-10-03 13:24:03,2025-10-03 14:12:03,48,Late,11.46
1361,1516,371,2025-06-05 21:13:38,2025-06-05 21:57:38,44,Late,11.02
1362,1517,394,2025-04-27 20:41:51,2025-04-27 21:04:51,23,On Time,5.03
1363,1518,343,2025-12-31 22:22:26,2025-12-31 23:17:26,55,Late,13.62
1364,1519,178,2025-01-12 18:33:19,2025-01-12 19:10:19,37,Late,14.47
1365,1520,104,2025-01-26 12:51:04,2025-01-26 13:49:04,58,Late,14.84
1366,1523,176,2025-09-01 23:55:09,2025-09-02 00:26:09,31,Late,14.66
1367,1524,14,2025-08-26 22:30:35,2025-08-26 22:53:35,23,On Time,6.7
1368,1526,347,2025-09-29 12:42:49,2025-09-29 13:09:49,27,On Time,6.75
1369,1527,82,2025-06-03 12:33:41,2025-06-03 13:10:41,37,On Time,5.76
1370,1528,216,2025-03-26 21:44:13,2025-03-26 22:41:13,57,Late,4.38
1371,1529,28,2025-09-24 22:11:30,2025-09-24 22:57:30,46,Late,8.63
1372,1530,167,2025-10-24 22:16:23,2025-10-24 23:03:23,47,Late,13.62
1373,1531,145,2025-04-09 18:50:44,2025-04-09 19:37:44,47,Late,10.63
1374,1532,403,2025-02-15 21:03:34,2025-02-15 21:24:34,21,On Time,5.69
1375,1533,3,2025-12-01 12:23:44,2025-12-01 13:09:44,46,Late,7.53
1376,1535,385,2025-04-09 19:39:50,2025-04-09 20:37:50,58,Late,6.58
1377,1536,404,2025-06-20 20:20:15,2025-06-20 21:01:15,41,Late,12.9
1378,1537,148,2025-07-05 21:57:28,2025-07-05 22:27:28,30,On Time,2.24
1379,1538,101,2025-12-23 11:09:55,2025-12-23 11:38:55,29,On Time,12.79
1380,1539,493,2025-04-24 12:09:21,2025-04-24 12:31:21,22,On Time,6.25
1381,1540,416,2025-07-07 14:08:20,2025-07-07 14:51:20,43,Late,9.72
1382,1541,437,2025-11-02 00:13:39,2025-11-02 00:29:39,16,Early,8.43
1383,1542,427,2025-09-22 19:42:19,2025-09-22 20:08:19,26,On Time,7.53
1384,1543,304,2025-04-06 06:47:54,2025-04-06 07:26:54,39,Late,13.08
1385,1544,303,2025-02-03 14:08:29,2025-02-03 15:04:29,56,Late,4.74
1386,1545,210,2025-01-29 12:53:35,2025-01-29 13:49:35,56,Late,12.7
1387,1546,221,2025-11-30 20:01:52,2025-11-30 20:54:52,53,Late,5.03
1388,1547,172,2025-10-31 12:44:47,2025-10-31 13:33:47,49,Late,9.55
1389,1548,107,2025-08-07 20:02:11,2025-08-07 20:47:11,45,Late,11.75
1390,1550,381,2025-09-03 19:59:27,2025-09-03 20:51:27,52,Late,9.04
1391,1551,354,2025-12-18 18:29:27,2025-12-18 19:22:27,53,Late,9.23
1392,1552,276,2025-07-26 11:42:41,2025-07-26 12:24:41,42,Late,8.33
1393,1553,365,2025-07-09 11:49:32,2025-07-09 12:17:32,28,On Time,9.9
1394,1554,210,2025-07-08 11:16:40,2025-07-08 11:48:40,32,On Time,4.89
1395,1555,303,2025-10-13 20:49:09,2025-10-13 21:43:09,54,Late,13.55
1396,1556,403,2025-11-20 16:57:51,2025-11-20 17:39:51,42,Late,13.33
1397,1557,47,2025-08-27 22:49:46,2025-08-27 23:33:46,44,Late,6.54
1398,1558,273,2025-07-09 20:36:27,2025-07-09 21:21:27,45,Late,13.99
1399,1560,251,2025-12-26 12:22:56,2025-12-26 13:18:56,56,Late,8.07
1400,1561,142,2025-05-28 10:19:38,2025-05-28 11:11:38,52,Late,9.14
1401,1562,493,2025-04-18 09:07:09,2025-04-18 10:00:09,53,Late,9.58
1402,1563,425,2025-07-16 21:10:28,2025-07-16 21:28:28,18,Early,4.81
1403,1564,3,2025-01-07 13:29:04,2025-01-07 13:45:04,16,Early,8.59
1404,1566,225,2025-09-05 12:50:13,2025-09-05 13:36:13,46,Late,13.02
1405,1567,234,2025-02-07 09:38:03,2025-02-07 10:00:03,22,On Time,9.0
1406,1568,395,2025-02-03 20:32:12,2025-02-03 21:06:12,34,Late,1.6
1407,1570,96,2025-11-09 07:14:17,2025-11-09 08:05:17,51,Late,6.15
1408,1572,480,2025-04-01 20:23:18,2025-04-01 21:02:18,39,Late,2.61
1409,1573,369,2025-10-25 21:34:19,2025-10-25 22:33:19,59,Late,10.75
1410,1574,67,2025-05-04 13:56:46,2025-05-04 14:26:46,30,On Time,1.98
1411,1575,127,2025-02-08 09:38:12,2025-02-08 10:29:12,51,Late,10.03
1412,1576,75,2025-05-03 17:46:38,2025-05-03 18:02:38,16,Early,12.24
1413,1577,426,2025-06-20 16:02:59,2025-06-20 16:41:59,39,Late,10.18
1414,1578,206,2025-02-24 21:40:20,2025-02-24 22:33:20,53,Late,3.01
1415,1579,155,2025-01-17 22:53:06,2025-01-17 23:46:06,53,Late,10.6
1416,1581,299,2025-07-16 11:37:20,2025-07-16 11:56:20,19,Early,13.16
1417,1582,46,2025-08-28 22:57:28,2025-08-28 23:56:28,59,Late,3.38
1418,1583,27,2025-12-18 07:36:48,2025-12-18 08:03:48,27,On Time,7.15
1419,1584,381,2025-09-09 20:32:25,2025-09-09 20:58:25,26,On Time,14.92
1420,1585,141,2025-09-15 22:17:32,2025-09-15 22:44:32,27,On Time,9.78
1421,1586,320,2025-11-13 22:16:31,2025-11-13 22:55:31,39,Late,11.23
1422,1587,438,2025-08-18 14:41:21,2025-08-18 15:18:21,37,Late,13.42
1423,1588,398,2025-03-29 14:58:15,2025-03-29 15:33:15,35,Late,3.4
1424,1591,10,2025-07-08 10:05:32,2025-07-08 10:26:32,21,On Time,9.31
1425,1592,236,2025-09-06 23:05:35,2025-09-06 23:33:35,28,On Time,8.96
1426,1593,258,2025-12-21 12:20:25,2025-12-21 12:45:25,25,On Time,14.5
1427,1594,64,2025-01-22 20:14:29,2025-01-22 20:33:29,19,Early,10.75
1428,1595,339,2025-08-26 16:40:38,2025-08-26 17:25:38,45,Late,12.2
1429,1597,393,2025-04-09 09:49:29,2025-04-09 10:14:29,25,On Time,1.84
1430,1598,61,2025-10-03 21:44:48,2025-10-03 22:24:48,40,Late,9.5
1431,1599,44,2025-08-31 19:29:44,2025-08-31 19:48:44,19,Early,8.36
1432,1600,305,2025-05-03 12:38:30,2025-05-03 13:06:30,28,On Time,11.82
1433,1601,262,2025-02-26 17:42:08,2025-02-26 18:38:08,56,Late,8.58
1434,1602,343,2025-11-25 19:17:32,2025-11-25 19:45:32,28,On Time,13.35
1435,1603,80,2025-12-24 22:03:15,2025-12-24 22:43:15,40,Late,2.36
1436,1604,214,2025-05-06 12:32:15,2025-05-06 12:47:15,15,Early,6.07
1437,1605,431,2025-08-02 17:44:15,2025-08-02 18:10:15,26,On Time,12.13
1438,1606,381,2025-02-19 15:13:19,2025-02-19 16:08:19,55,Late,5.56
1439,1607,83,2025-03-11 14:34:11,2025-03-11 15:05:11,31,Late,7.41
1440,1608,352,2025-03-23 23:44:09,2025-03-24 00:43:09,59,Late,2.45
1441,1609,343,2025-08-20 23:01:07,2025-08-20 23:57:07,56,Late,4.46
1442,1610,496,2025-12-29 20:13:20,2025-12-29 21:04:20,51,Late,3.36
1443,1611,371,2025-09-16 13:52:33,2025-09-16 14:09:33,17,Early,5.31
1444,1614,6,2025-07-28 18:39:40,2025-07-28 19:00:40,21,On Time,9.8
1445,1615,359,2025-09-11 11:38:35,2025-09-11 12:21:35,43,Late,6.42
1446,1616,60,2025-09-10 12:05:48,2025-09-10 12:40:48,35,Late,4.34
1447,1617,416,2025-05-26 08:32:57,2025-05-26 08:59:57,27,On Time,14.78
1448,1618,357,2025-01-11 13:23:24,2025-01-11 13:59:24,36,Late,5.99
1449,1619,141,2025-09-18 14:00:29,2025-09-18 14:35:29,35,On Time,5.39
1450,1620,85,2025-04-09 23:30:23,2025-04-10 00:26:23,56,Late,11.52
1451,1621,375,2025-11-04 19:42:26,2025-11-04 19:59:26,17,Early,7.92
1452,1622,307,2025-10-13 10:52:44,2025-10-13 11:22:44,30,On Time,6.89
1453,1623,81,2025-09-07 13:27:16,2025-09-07 14:12:16,45,Late,5.73
1454,1624,274,2025-12-07 08:04:45,2025-12-07 08:54:45,50,Late,14.0
1455,1625,359,2025-10-29 13:26:12,2025-10-29 14:14:12,48,Late,11.84
1456,1626,254,2025-10-09 00:09:57,2025-10-09 00:35:57,26,On Time,7.68
1457,1627,141,2025-07-26 14:13:42,2025-07-26 14:52:42,39,On Time,4.73
1458,1628,136,2025-06-26 12:34:55,2025-06-26 13:25:55,51,Late,10.33
1459,1629,116,2025-11-18 23:30:40,2025-11-19 00:15:40,45,Late,12.0
1460,1630,114,2025-04-03 14:06:38,2025-04-03 15:04:38,58,Late,12.56
1461,1631,279,2025-01-14 12:30:39,2025-01-14 13:21:39,51,Late,10.27
1462,1632,400,2025-02-25 14:55:58,2025-02-25 15:11:58,16,Early,12.16
1463,1633,99,2025-07-01 22:13:36,2025-07-01 22:33:36,20,Early,12.11
1464,1634,160,2025-06-03 22:56:51,2025-06-03 23:39:51,43,Late,12.49
1465,1635,453,2025-07-16 12:02:35,2025-07-16 12:53:35,51,Late,12.86
1466,1636,222,2025-01-28 12:20:18,2025-01-28 13:15:18,55,Late,7.01
1467,1637,424,2025-05-11 23:24:10,2025-05-12 00:05:10,41,Late,7.64
1468,1638,220,2025-08-11 10:13:09,2025-08-11 11:08:09,55,Late,11.15
1469,1639,401,2025-10-18 20:41:41,2025-10-18 20:58:41,17,Early,7.75
1470,1640,184,2025-09-15 06:56:08,2025-09-15 07:56:08,60,Late,6.24
1471,1641,137,2025-11-12 20:08:25,2025-11-12 20:40:25,32,On Time,8.89
1472,1642,9,2025-12-11 08:56:50,2025-12-11 09:54:50,58,Late,4.05
1473,1643,357,2025-05-19 19:07:14,2025-05-19 19:54:14,47,Late,5.57
1474,1644,339,2025-06-26 17:27:48,2025-06-26 17:47:48,20,Early,14.61
1475,1645,186,2025-08-16 15:13:49,2025-08-16 15:53:49,40,On Time,12.74
1476,1646,76,2025-08-03 20:07:46,2025-08-03 20:44:46,37,Late,12.6
1477,1647,443,2025-12-07 07:58:42,2025-12-07 08:53:42,55,Late,6.89
1478,1648,493,2025-05-09 23:38:35,2025-05-10 00:00:35,22,On Time,2.41
1479,1649,397,2025-07-23 22:08:42,2025-07-23 22:49:42,41,Late,10.44
1480,1650,235,2025-04-13 20:00:36,2025-04-13 20:58:36,58,Late,13.66
1481,1651,322,2025-05-20 01:05:02,2025-05-20 02:05:02,60,Late,10.89
1482,1652,467,2025-10-09 08:03:17,2025-10-09 08:35:17,32,Late,3.06
1483,1653,461,2025-02-01 14:54:28,2025-02-01 15:47:28,53,Late,1.84
1484,1654,444,2025-11-14 19:44:29,2025-11-14 20:33:29,49,Late,10.0
1485,1655,25,2025-09-27 07:50:28,2025-09-27 08:35:28,45,Late,8.64
1486,1657,225,2025-08-02 22:33:45,2025-08-02 23:21:45,48,Late,3.38
1487,1658,222,2025-03-14 11:16:25,2025-03-14 12:05:25,49,Late,11.85
1488,1659,402,2025-10-11 23:26:07,2025-10-11 23:46:07,20,Early,2.85
1489,1660,114,2025-11-16 01:13:54,2025-11-16 01:58:54,45,Late,4.23
1490,1661,449,2025-02-07 14:47:17,2025-02-07 15:14:17,27,On Time,10.08
1491,1662,427,2025-06-25 12:37:36,2025-06-25 12:57:36,20,Early,6.74
1492,1663,36,2025-04-25 23:15:53,2025-04-26 00:11:53,56,Late,12.44
1493,1664,126,2025-11-06 22:32:23,2025-11-06 23:32:23,60,Late,9.48
1494,1665,20,2025-09-21 22:38:06,2025-09-21 23:04:06,26,On Time,8.89
1495,1667,136,2025-04-13 21:21:48,2025-04-13 22:05:48,44,Late,6.73
1496,1668,145,2025-09-09 12:54:01,2025-09-09 13:15:01,21,On Time,7.18
1497,1669,120,2025-10-13 13:45:56,2025-10-13 14:25:56,40,Late,4.51
1498,1670,480,2025-02-23 15:02:41,2025-02-23 15:50:41,48,Late,12.28
1499,1671,167,2025-07-31 11:44:48,2025-07-31 12:39:48,55,Late,1.81
1500,1672,389,2025-05-14 19:29:24,2025-05-14 19:46:24,17,Early,8.19
1501,1673,222,2025-09-15 12:24:14,2025-09-15 12:45:14,21,On Time,8.08
1502,1674,58,2025-07-03 11:04:56,2025-07-03 11:55:56,51,Late,8.34
1503,1675,149,2025-06-10 13:17:28,2025-06-10 14:13:28,56,Late,8.28
1504,1676,156,2025-10-30 19:44:57,2025-10-30 20:35:57,51,Late,10.08
1505,1677,314,2025-02-19 18:25:41,2025-02-19 18:48:41,23,On Time,8.58
1506,1678,9,2025-10-09 12:10:40,2025-10-09 13:09:40,59,Late,4.84
1507,1679,456,2025-08-22 11:59:27,2025-08-22 12:38:27,39,Late,3.76
1508,1680,458,2025-06-28 22:47:01,2025-06-28 23:11:01,24,On Time,10.44
1509,1681,354,2025-10-03 13:00:17,2025-10-03 13:48:17,48,Late,8.31
1510,1683,347,2025-10-28 10:07:18,2025-10-28 10:39:18,32,Late,12.99
1511,1684,263,2025-02-06 22:46:38,2025-02-06 23:38:38,52,Late,4.98
1512,1685,20,2025-08-04 18:02:37,2025-08-04 18:46:37,44,Late,12.33
1513,1686,312,2025-05-27 23:00:27,2025-05-27 23:55:27,55,Late,7.19
1514,1687,208,2025-10-08 14:05:37,2025-10-08 14:50:37,45,Late,10.66
1515,1688,423,2025-03-01 20:04:53,2025-03-01 20:37:53,33,Late,8.04
1516,1689,296,2025-04-04 11:44:55,2025-04-04 12:18:55,34,On Time,8.32
1517,1690,463,2025-03-10 19:54:31,2025-03-10 20:41:31,47,Late,12.96
1518,1691,497,2025-07-04 13:25:22,2025-07-04 14:13:22,48,Late,3.77
1519,1692,253,2025-09-18 11:22:43,2025-09-18 11:55:43,33,Late,1.58
1520,1693,272,2025-11-29 13:33:11,2025-11-29 14:25:11,52,Late,6.82
1521,1694,461,2025-12-09 21:27:06,2025-12-09 21:47:06,20,Early,2.59
1522,1695,148,2025-12-22 15:08:30,2025-12-22 15:29:30,21,On Time,14.93
1523,1696,342,2025-10-21 16:15:40,2025-10-21 16:35:40,20,Early,6.78
1524,1697,48,2025-12-07 20:53:41,2025-12-07 21:44:41,51,Late,11.44
1525,1698,444,2025-07-14 19:23:10,2025-07-14 20:01:10,38,On Time,10.15
1526,1699,185,2025-04-27 15:26:53,2025-04-27 15:52:53,26,On Time,5.4
1527,1700,393,2025-05-19 21:00:00,2025-05-19 21:55:00,55,Late,13.69
1528,1701,199,2025-02-08 22:54:08,2025-02-08 23:32:08,38,Late,5.25
1529,1702,96,2025-04-02 20:59:09,2025-04-02 21:22:09,23,On Time,10.27
1530,1703,255,2025-07-07 13:00:09,2025-07-07 13:24:09,24,On Time,13.34
1531,1704,464,2025-07-04 08:52:04,2025-07-04 09:37:04,45,Late,6.41
1532,1706,171,2025-11-10 20:41:42,2025-11-10 21:25:42,44,Late,9.92
1533,1707,343,2025-07-27 14:17:31,2025-07-27 14:54:31,37,Late,8.46
1534,1708,20,2025-12-11 12:39:50,2025-12-11 13:19:50,40,On Time,10.82
1535,1709,181,2025-08-08 15:53:25,2025-08-08 16:14:25,21,On Time,3.3
1536,1710,157,2025-11-14 12:42:29,2025-11-14 13:12:29,30,On Time,1.8
1537,1711,211,2025-12-26 06:21:44,2025-12-26 06:50:44,29,On Time,11.75
1538,1712,487,2025-03-01 22:33:50,2025-03-01 23:17:50,44,Late,9.33
1539,1713,156,2025-02-05 00:23:54,2025-02-05 00:42:54,19,Early,8.11
1540,1714,89,2025-06-06 11:51:52,2025-06-06 12:10:52,19,Early,5.27
1541,1715,298,2025-03-26 23:57:28,2025-03-27 00:55:28,58,Late,2.79
1542,1716,2,2025-03-29 12:37:28,2025-03-29 13:28:28,51,Late,11.03
1543,1717,462,2025-11-26 07:58:12,2025-11-26 08:26:12,28,On Time,11.16
1544,1718,220,2025-10-26 20:38:48,2025-10-26 21:23:48,45,Late,3.24
1545,1719,209,2025-10-15 07:18:26,2025-10-15 07:43:26,25,On Time,11.53
1546,1720,416,2025-05-08 22:31:08,2025-05-08 22:57:08,26,On Time,5.99
1547,1721,485,2025-08-11 10:05:18,2025-08-11 10:23:18,18,Early,11.48
1548,1722,152,2025-10-18 12:40:20,2025-10-18 13:35:20,55,Late,2.41
1549,1723,25,2025-01-31 15:54:50,2025-01-31 16:24:50,30,On Time,11.31
1550,1724,104,2025-04-07 00:08:14,2025-04-07 00:52:14,44,Late,14.77
1551,1725,118,2025-09-26 20:18:18,2025-09-26 20:52:18,34,On Time,1.84
1552,1726,145,2025-01-28 23:07:11,2025-01-28 23:40:11,33,On Time,1.72
1553,1728,93,2025-04-26 15:04:46,2025-04-26 15:49:46,45,Late,2.2
1554,1729,225,2025-04-28 13:59:23,2025-04-28 14:14:23,15,Early,10.03
1555,1730,176,2025-04-06 13:48:48,2025-04-06 14:22:48,34,On Time,8.91
1556,1731,82,2025-11-09 19:54:06,2025-11-09 20:12:06,18,Early,1.85
1557,1732,41,2025-09-16 11:29:36,2025-09-16 12:29:36,60,Late,9.48
1558,1734,278,2025-08-12 17:33:18,2025-08-12 18:19:18,46,Late,9.84
1559,1735,103,2025-11-12 16:58:12,2025-11-12 17:19:12,21,On Time,14.91
1560,1736,340,2025-01-29 11:47:32,2025-01-29 12:09:32,22,On Time,10.67
1561,1737,432,2025-01-30 21:43:15,2025-01-30 22:40:15,57,Late,10.35
1562,1738,227,2025-07-20 11:46:01,2025-07-20 12:46:01,60,Late,6.09
1563,1740,2,2025-06-01 20:35:45,2025-06-01 21:28:45,53,Late,10.08
1564,1741,288,2025-01-22 13:11:40,2025-01-22 13:41:40,30,On Time,3.31
1565,1742,26,2025-09-07 17:27:39,2025-09-07 17:54:39,27,On Time,12.65
1566,1743,323,2025-10-29 13:00:50,2025-10-29 13:27:50,27,On Time,14.28
1567,1744,163,2025-09-11 17:52:59,2025-09-11 18:23:59,31,Late,5.34
1568,1745,487,2025-09-12 16:24:16,2025-09-12 16:39:16,15,Early,9.56
1569,1746,372,2025-08-26 15:58:07,2025-08-26 16:55:07,57,Late,11.03
1570,1747,286,2025-02-08 23:07:27,2025-02-08 23:48:27,41,Late,6.3
1571,1748,368,2025-02-16 18:30:40,2025-02-16 19:19:40,49,Late,2.08
1572,1749,377,2025-11-04 10:08:00,2025-11-04 11:02:00,54,Late,14.58
1573,1750,366,2025-10-23 11:31:32,2025-10-23 11:46:32,15,Early,3.64
1574,1751,65,2025-11-01 22:56:34,2025-11-01 23:42:34,46,Late,6.94
1575,1752,361,2025-11-08 09:14:15,2025-11-08 10:04:15,50,Late,3.27
1576,1753,344,2025-06-18 19:29:19,2025-06-18 20:22:19,53,Late,11.7
1577,1754,217,2025-07-27 16:18:21,2025-07-27 16:55:21,37,On Time,1.8
1578,1755,57,2025-10-31 20:47:43,2025-10-31 21:40:43,53,Late,8.63
1579,1757,175,2025-06-07 21:26:06,2025-06-07 21:43:06,17,Early,11.99
1580,1758,244,2025-09-05 18:36:37,2025-09-05 19:08:37,32,On Time,14.93
1581,1759,212,2025-08-11 11:28:06,2025-08-11 12:17:06,49,Late,6.12
1582,1760,154,2025-10-30 19:20:06,2025-10-30 19:38:06,18,Early,2.33
1583,1762,400,2025-03-10 12:25:14,2025-03-10 13:06:14,41,Late,12.55
1584,1763,345,2025-08-09 11:43:44,2025-08-09 12:36:44,53,Late,7.56
1585,1764,445,2025-06-27 19:48:18,2025-06-27 20:42:18,54,Late,10.43
1586,1766,110,2025-08-19 21:41:08,2025-08-19 22:41:08,60,Late,4.74
1587,1767,475,2025-04-01 08:23:19,2025-04-01 09:12:19,49,Late,11.11
1588,1768,58,2025-12-21 15:40:19,2025-12-21 16:21:19,41,Late,3.16
1589,1769,227,2025-02-03 12:02:46,2025-02-03 12:36:46,34,Late,9.83
1590,1770,450,2025-12-02 19:39:45,2025-12-02 20:02:45,23,On Time,4.98
1591,1771,160,2025-08-05 07:17:06,2025-08-05 07:52:06,35,On Time,9.57
1592,1772,70,2025-11-14 13:05:06,2025-11-14 13:42:06,37,Late,8.49
1593,1773,118,2025-02-03 10:33:35,2025-02-03 10:54:35,21,On Time,12.21
1594,1774,279,2025-06-02 12:38:08,2025-06-02 12:58:08,20,Early,1.95
1595,1775,186,2025-10-18 12:48:33,2025-10-18 13:37:33,49,Late,10.38
1596,1776,342,2025-04-11 08:04:39,2025-04-11 08:46:39,42,Late,8.26
1597,1777,21,2025-12-09 19:43:21,2025-12-09 20:43:21,60,Late,12.09
1598,1778,330,2025-06-13 18:36:39,2025-06-13 19:18:39,42,Late,9.63
1599,1780,18,2025-05-17 21:43:16,2025-05-17 22:00:16,17,Early,5.69
1600,1781,212,2025-01-04 20:03:45,2025-01-04 20:40:45,37,Late,5.04
1601,1782,106,2025-03-03 12:53:33,2025-03-03 13:47:33,54,Late,12.29
1602,1783,331,2025-07-12 12:58:32,2025-07-12 13:17:32,19,Early,7.18
1603,1784,368,2025-11-13 13:24:25,2025-11-13 13:52:25,28,On Time,3.2
1604,1785,475,2025-07-31 22:22:54,2025-07-31 22:56:54,34,Late,2.08
1605,1786,246,2025-12-25 12:14:54,2025-12-25 12:34:54,20,Early,13.81
1606,1787,392,2025-04-12 10:00:12,2025-04-12 10:48:12,48,Late,13.32
1607,1789,309,2025-11-21 16:11:47,2025-11-21 17:02:47,51,Late,10.17
1608,1790,436,2025-04-24 14:27:27,2025-04-24 14:59:27,32,On Time,5.81
1609,1791,487,2025-02-21 20:04:18,2025-02-21 21:02:18,58,Late,4.1
1610,1792,296,2025-01-05 12:25:51,2025-01-05 12:49:51,24,On Time,10.45
1611,1793,103,2025-12-11 14:59:10,2025-12-11 15:30:10,31,On Time,9.59
1612,1794,25,2025-06-20 21:11:33,2025-06-20 21:52:33,41,Late,7.64
1613,1795,255,2025-07-09 00:08:44,2025-07-09 00:33:44,25,On Time,3.87
1614,1796,442,2025-05-16 20:14:43,2025-05-16 20:39:43,25,On Time,8.58
1615,1797,245,2025-04-29 11:39:48,2025-04-29 12:17:48,38,Late,6.04
1616,1798,419,2025-07-02 11:39:01,2025-07-02 12:30:01,51,Late,8.72
1617,1799,46,2025-03-21 09:49:20,2025-03-21 10:18:20,29,On Time,2.32
1618,1800,393,2025-07-25 11:47:44,2025-07-25 12:34:44,47,Late,10.65
1619,1801,150,2025-06-21 10:49:13,2025-06-21 11:29:13,40,Late,10.25
1620,1802,238,2025-04-27 06:52:28,2025-04-27 07:13:28,21,On Time,9.82
1621,1803,307,2025-01-25 23:11:46,2025-01-25 23:34:46,23,On Time,14.41
1622,1804,419,2025-04-25 19:53:23,2025-04-25 20:51:23,58,Late,5.65
1623,1805,42,2025-01-21 11:01:28,2025-01-21 11:47:28,46,Late,3.09
1624,1806,415,2025-07-25 11:41:51,2025-07-25 12:41:51,60,Late,6.58
1625,1807,278,2025-09-18 20:49:08,2025-09-18 21:44:08,55,Late,5.64
1626,1808,408,2025-09-07 20:50:56,2025-09-07 21:34:56,44,Late,3.08
1627,1809,110,2025-08-27 16:52:13,2025-08-27 17:22:13,30,On Time,10.84
1628,1810,241,2025-04-30 16:37:23,2025-04-30 17:32:23,55,Late,11.86
1629,1811,299,2025-12-05 19:13:13,2025-12-05 19:29:13,16,Early,14.88
1630,1813,206,2025-07-07 13:38:35,2025-07-07 14:02:35,24,On Time,11.75
1631,1814,308,2025-11-22 11:23:24,2025-11-22 12:07:24,44,Late,3.69
1632,1815,162,2025-02-01 20:13:25,2025-02-01 20:52:25,39,On Time,12.15
1633,1816,420,2025-01-01 19:43:54,2025-01-01 20:06:54,23,On Time,4.44
1634,1817,194,2025-02-06 21:59:03,2025-02-06 22:37:03,38,On Time,10.9
1635,1818,160,2025-03-05 14:10:44,2025-03-05 14:27:44,17,Early,8.19
1636,1819,206,2025-07-07 21:16:51,2025-07-07 21:49:51,33,On Time,8.8
1637,1821,323,2025-04-16 19:29:16,2025-04-16 20:24:16,55,Late,4.03
1638,1822,477,2025-11-09 17:56:53,2025-11-09 18:14:53,18,Early,3.29
1639,1823,354,2025-12-10 10:10:02,2025-12-10 10:43:02,33,On Time,9.42
1640,1824,143,2025-04-12 15:10:51,2025-04-12 16:07:51,57,Late,5.13
1641,1825,405,2025-01-05 18:02:29,2025-01-05 18:24:29,22,On Time,3.93
1642,1826,124,2025-12-15 11:53:00,2025-12-15 12:23:00,30,On Time,8.87
1643,1827,279,2025-06-19 22:48:05,2025-06-19 23:30:05,42,Late,1.69
1644,1828,370,2025-07-13 08:27:25,2025-07-13 09:16:25,49,Late,14.25
1645,1829,219,2025-08-02 12:30:47,2025-08-02 13:13:47,43,Late,12.32
1646,1830,280,2025-05-24 21:09:41,2025-05-24 22:00:41,51,Late,5.92
1647,1831,441,2025-08-02 18:56:10,2025-08-02 19:50:10,54,Late,8.28
1648,1832,451,2025-03-07 07:28:50,2025-03-07 08:00:50,32,Late,5.95
1649,1833,177,2025-07-04 13:12:43,2025-07-04 13:36:43,24,On Time,5.82
1650,1834,360,2025-11-13 11:13:41,2025-11-13 12:02:41,49,Late,6.89
1651,1835,205,2025-10-31 22:08:57,2025-10-31 22:53:57,45,Late,2.39
1652,1836,51,2025-06-02 22:06:33,2025-06-02 22:34:33,28,On Time,7.34
1653,1837,191,2025-06-24 22:42:23,2025-06-24 23:22:23,40,On Time,11.5
1654,1838,106,2025-05-21 17:32:13,2025-05-21 17:56:13,24,On Time,7.3
1655,1839,454,2025-10-16 20:03:16,2025-10-16 20:32:16,29,On Time,4.97
1656,1840,230,2025-08-15 08:00:29,2025-08-15 08:20:29,20,Early,14.53
1657,1841,242,2025-04-15 00:00:54,2025-04-15 00:55:54,55,Late,10.06
1658,1842,244,2025-08-07 10:21:14,2025-08-07 11:11:14,50,Late,10.78
1659,1843,498,2025-08-12 14:53:05,2025-08-12 15:14:05,21,On Time,13.92
1660,1844,76,2025-06-23 12:01:02,2025-06-23 12:16:02,15,Early,5.8
1661,1845,353,2025-12-16 16:00:20,2025-12-16 16:19:20,19,Early,3.85
1662,1846,309,2025-09-16 19:23:53,2025-09-16 19:48:53,25,On Time,9.77
1663,1848,367,2025-12-15 18:28:38,2025-12-15 19:10:38,42,Late,3.01
1664,1849,164,2025-11-29 09:05:52,2025-11-29 09:36:52,31,On Time,6.3
1665,1850,196,2025-11-12 14:04:20,2025-11-12 14:58:20,54,Late,9.87
1666,1851,392,2025-06-08 11:35:19,2025-06-08 12:22:19,47,Late,14.07
1667,1852,353,2025-10-22 10:39:22,2025-10-22 11:34:22,55,Late,6.12
1668,1853,60,2025-04-10 12:26:43,2025-04-10 13:26:43,60,Late,3.53
1669,1854,399,2025-03-04 18:26:46,2025-03-04 19:18:46,52,Late,6.92
1670,1855,365,2025-06-09 17:29:31,2025-06-09 18:13:31,44,Late,7.32
1671,1856,307,2025-01-26 20:39:06,2025-01-26 21:25:06,46,Late,3.79
1672,1857,92,2025-05-24 10:01:35,2025-05-24 10:16:35,15,Early,3.92
1673,1858,287,2025-02-02 12:38:37,2025-02-02 13:08:37,30,On Time,8.0
1674,1859,397,2025-01-15 18:30:29,2025-01-15 19:11:29,41,Late,6.13
1675,1860,234,2025-04-17 17:46:36,2025-04-17 18:13:36,27,On Time,6.44
1676,1861,118,2025-05-29 22:33:25,2025-05-29 22:54:25,21,On Time,9.94
1677,1862,286,2025-10-20 21:49:51,2025-10-20 22:47:51,58,Late,2.65
1678,1863,360,2025-10-06 11:31:42,2025-10-06 12:03:42,32,On Time,13.7
1679,1864,11,2025-06-28 21:52:50,2025-06-28 22:21:50,29,On Time,8.28
1680,1865,122,2025-01-30 08:34:33,2025-01-30 09:28:33,54,Late,4.76
1681,1866,307,2025-11-24 07:26:48,2025-11-24 07:52:48,26,On Time,10.85
1682,1867,310,2025-09-24 18:50:05,2025-09-24 19:43:05,53,Late,3.41
1683,1868,283,2025-08-31 21:06:02,2025-08-31 21:57:02,51,Late,2.5
1684,1869,313,2025-04-01 19:26:37,2025-04-01 19:50:37,24,On Time,7.32
1685,1870,158,2025-10-07 14:19:33,2025-10-07 14:44:33,25,On Time,8.1
1686,1871,129,2025-04-17 12:59:40,2025-04-17 13:51:40,52,Late,14.38
1687,1872,91,2025-06-16 08:10:55,2025-06-16 09:00:55,50,Late,13.75
1688,1873,315,2025-06-28 21:34:52,2025-06-28 22:12:52,38,On Time,6.85
1689,1874,207,2025-10-25 21:27:25,2025-10-25 21:42:25,15,Early,5.69
1690,1875,374,2025-07-13 15:30:20,2025-07-13 16:17:20,47,Late,11.01
1691,1876,103,2025-10-11 07:41:04,2025-10-11 08:07:04,26,On Time,9.34
1692,1878,476,2025-06-11 10:50:05,2025-06-11 11:26:05,36,Late,9.2
1693,1879,309,2025-12-16 20:33:35,2025-12-16 21:19:35,46,Late,10.51
1694,1880,8,2025-05-08 10:37:12,2025-05-08 11:35:12,58,Late,14.94
1695,1881,298,2025-11-22 19:03:48,2025-11-22 19:56:48,53,Late,11.43
1696,1882,158,2025-06-04 07:15:52,2025-06-04 07:51:52,36,On Time,11.03
1697,1883,55,2025-03-03 08:27:18,2025-03-03 09:19:18,52,Late,5.22
1698,1884,343,2025-02-21 20:29:22,2025-02-21 20:52:22,23,On Time,7.11
1699,1885,183,2025-08-19 17:21:02,2025-08-19 18:18:02,57,Late,3.36
1700,1886,337,2025-08-18 19:43:54,2025-08-18 20:10:54,27,On Time,4.26
1701,1887,252,2025-12-22 19:01:42,2025-12-22 19:29:42,28,On Time,4.23
1702,1888,26,2025-05-22 19:10:07,2025-05-22 19:37:07,27,On Time,10.61
1703,1889,32,2025-09-17 11:28:34,2025-09-17 11:52:34,24,On Time,10.53
1704,1890,262,2025-10-30 06:50:15,2025-10-30 07:20:15,30,On Time,8.17
1705,1891,54,2025-05-12 11:33:16,2025-05-12 12:14:16,41,Late,8.26
1706,1893,200,2025-08-25 00:48:43,2025-08-25 01:12:43,24,On Time,12.68
1707,1894,339,2025-12-23 22:15:43,2025-12-23 22:31:43,16,Early,9.46
1708,1895,208,2025-09-27 16:47:15,2025-09-27 17:11:15,24,On Time,10.39
1709,1896,233,2025-09-08 20:17:40,2025-09-08 20:48:40,31,Late,5.9
1710,1898,93,2025-07-14 21:46:41,2025-07-14 22:16:41,30,On Time,14.18
1711,1899,238,2025-08-12 18:24:10,2025-08-12 19:02:10,38,Late,12.78
1712,1900,489,2025-06-25 22:57:14,2025-06-25 23:21:14,24,On Time,2.09
1713,1902,427,2025-04-18 22:28:57,2025-04-18 23:09:57,41,Late,14.25
1714,1903,125,2025-09-28 13:11:37,2025-09-28 13:57:37,46,Late,12.54
1715,1904,438,2025-05-27 21:18:42,2025-05-27 22:18:42,60,Late,2.83
1716,1905,461,2025-11-17 12:44:29,2025-11-17 13:06:29,22,On Time,6.58
1717,1906,15,2025-07-09 19:33:18,2025-07-09 19:55:18,22,On Time,13.59
1718,1907,479,2025-07-07 18:18:00,2025-07-07 18:50:00,32,Late,10.29
1719,1908,275,2025-11-30 18:09:38,2025-11-30 18:30:38,21,On Time,13.37
1720,1909,14,2025-05-22 23:04:16,2025-05-22 23:43:16,39,Late,11.63
1721,1910,268,2025-05-19 20:40:13,2025-05-19 21:27:13,47,Late,2.51
1722,1911,350,2025-01-25 10:36:15,2025-01-25 11:04:15,28,On Time,14.39
1723,1912,123,2025-06-27 12:06:32,2025-06-27 12:41:32,35,Late,12.96
1724,1913,144,2025-12-04 15:23:32,2025-12-04 15:51:32,28,On Time,7.45
1725,1914,248,2025-08-12 14:46:32,2025-08-12 15:11:32,25,On Time,11.71
1726,1915,205,2025-03-29 13:45:26,2025-03-29 14:44:26,59,Late,10.23
1727,1916,366,2025-09-22 16:00:34,2025-09-22 16:26:34,26,On Time,14.01
1728,1917,21,2025-05-24 12:57:59,2025-05-24 13:33:59,36,Late,13.55
1729,1918,97,2025-08-11 12:52:08,2025-08-11 13:20:08,28,On Time,6.69
1730,1919,419,2025-06-17 16:56:38,2025-06-17 17:31:38,35,On Time,2.27
1731,1920,101,2025-10-25 17:27:27,2025-10-25 18:00:27,33,Late,8.01
1732,1921,353,2025-10-16 18:49:39,2025-10-16 19:16:39,27,On Time,5.8
1733,1922,144,2025-12-11 14:00:21,2025-12-11 14:41:21,41,Late,5.19
1734,1923,398,2025-09-04 20:02:31,2025-09-04 20:19:31,17,Early,2.46
1735,1925,206,2025-09-01 15:55:27,2025-09-01 16:40:27,45,Late,5.44
1736,1926,344,2025-08-25 08:13:15,2025-08-25 08:28:15,15,Early,8.61
1737,1927,431,2025-11-17 07:47:16,2025-11-17 08:41:16,54,Late,2.06
1738,1928,483,2025-03-04 20:59:27,2025-03-04 21:16:27,17,Early,12.82
1739,1929,149,2025-06-06 10:15:21,2025-06-06 10:37:21,22,On Time,7.34
1740,1930,467,2025-12-26 06:53:48,2025-12-26 07:53:48,60,Late,2.63
1741,1931,65,2025-08-08 18:59:21,2025-08-08 19:54:21,55,Late,5.82
1742,1932,227,2025-03-05 11:28:26,2025-03-05 12:00:26,32,Late,8.49
1743,1933,158,2025-09-08 06:33:37,2025-09-08 06:50:37,17,Early,10.04
1744,1934,274,2025-12-01 20:41:19,2025-12-01 21:12:19,31,Late,10.11
1745,1935,474,2025-06-05 14:05:10,2025-06-05 15:00:10,55,Late,12.87
1746,1936,304,2025-04-21 22:37:59,2025-04-21 23:19:59,42,Late,10.8
1747,1937,87,2025-11-28 11:24:01,2025-11-28 11:47:01,23,On Time,14.73
1748,1939,29,2025-09-05 12:37:11,2025-09-05 13:15:11,38,Late,8.0
1749,1940,449,2025-02-15 21:23:39,2025-02-15 21:45:39,22,On Time,6.34
1750,1941,347,2025-10-22 07:30:06,2025-10-22 07:48:06,18,Early,1.91
1751,1942,329,2025-05-31 06:18:41,2025-05-31 07:08:41,50,Late,1.62
1752,1943,394,2025-07-15 21:23:49,2025-07-15 21:55:49,32,On Time,5.09
1753,1944,91,2025-11-17 10:53:31,2025-11-17 11:40:31,47,Late,13.27
1754,1945,90,2025-08-13 20:18:31,2025-08-13 20:43:31,25,On Time,10.3
1755,1946,114,2025-10-16 22:27:16,2025-10-16 22:43:16,16,Early,1.63
1756,1947,68,2025-10-30 10:41:45,2025-10-30 11:34:45,53,Late,3.89
1757,1948,264,2025-12-10 20:34:15,2025-12-10 21:29:15,55,Late,6.48
1758,1949,177,2025-09-07 10:09:39,2025-09-07 10:55:39,46,Late,4.71
1759,1950,101,2025-06-26 11:23:24,2025-06-26 12:13:24,50,Late,7.92
1760,1951,391,2025-07-04 23:05:02,2025-07-04 23:32:02,27,On Time,10.59
1761,1953,178,2025-10-19 12:51:39,2025-10-19 13:31:39,40,Late,9.13
1762,1955,356,2025-03-06 16:57:06,2025-03-06 17:22:06,25,On Time,3.45
1763,1956,296,2025-07-01 09:50:34,2025-07-01 10:17:34,27,On Time,1.9
1764,1957,189,2025-06-22 19:41:37,2025-06-22 20:08:37,27,On Time,11.73
1765,1958,179,2025-05-05 11:57:06,2025-05-05 12:41:06,44,Late,11.21
1766,1959,322,2025-01-23 18:22:26,2025-01-23 19:08:26,46,Late,5.16
1767,1961,112,2025-01-26 00:40:33,2025-01-26 01:00:33,20,Early,9.15
1768,1962,66,2025-10-14 23:02:05,2025-10-14 23:50:05,48,Late,7.32
1769,1963,215,2025-06-13 10:45:20,2025-06-13 11:13:20,28,On Time,2.63
1770,1964,241,2025-08-24 17:49:44,2025-08-24 18:35:44,46,Late,7.21
1771,1965,380,2025-09-23 12:53:36,2025-09-23 13:42:36,49,Late,2.76
1772,1966,434,2025-05-28 12:49:23,2025-05-28 13:24:23,35,Late,5.57
1773,1967,321,2025-12-25 12:53:47,2025-12-25 13:38:47,45,Late,5.27
1774,1968,396,2025-07-21 11:23:53,2025-07-21 12:12:53,49,Late,8.12
1775,1969,434,2025-09-09 12:12:51,2025-09-09 12:50:51,38,Late,11.82
1776,1970,244,2025-08-05 18:25:43,2025-08-05 19:17:43,52,Late,7.83
1777,1972,280,2025-06-30 21:13:22,2025-06-30 21:58:22,45,Late,8.37
1778,1973,419,2025-12-20 14:51:11,2025-12-20 15:12:11,21,On Time,5.45
1779,1974,182,2025-11-05 13:54:36,2025-11-05 14:10:36,16,Early,8.78
1780,1975,122,2025-03-10 20:15:21,2025-03-10 20:36:21,21,On Time,2.8
1781,1976,434,2025-08-15 14:01:06,2025-08-15 14:17:06,16,Early,8.79
1782,1977,266,2025-12-15 12:01:08,2025-12-15 12:25:08,24,On Time,3.03
1783,1978,171,2025-09-23 19:11:24,2025-09-23 20:09:24,58,Late,13.37
1784,1979,310,2025-12-12 19:31:14,2025-12-12 19:47:14,16,Early,13.21
1785,1980,392,2025-08-19 11:34:55,2025-08-19 12:14:55,40,On Time,12.91
1786,1981,263,2025-11-07 20:02:58,2025-11-07 20:18:58,16,Early,11.38
1787,1982,314,2025-08-04 09:47:25,2025-08-04 10:41:25,54,Late,6.85
1788,1983,145,2025-05-22 15:58:33,2025-05-22 16:49:33,51,Late,9.47
1789,1984,338,2025-12-02 20:24:45,2025-12-02 20:49:45,25,On Time,11.44
1790,1985,179,2025-08-23 23:43:52,2025-08-24 00:36:52,53,Late,2.68
1791,1986,394,2025-08-01 19:55:45,2025-08-01 20:51:45,56,Late,10.75
1792,1987,160,2025-09-09 13:41:38,2025-09-09 14:25:38,44,Late,6.5
1793,1988,485,2025-03-25 13:44:55,2025-03-25 14:13:55,29,On Time,2.82
1794,1989,233,2025-11-01 11:41:37,2025-11-01 12:29:37,48,Late,11.93
1795,1990,377,2025-10-03 11:13:01,2025-10-03 12:07:01,54,Late,11.84
1796,1992,316,2025-10-13 23:01:23,2025-10-13 23:23:23,22,On Time,9.33
1797,1993,159,2025-09-22 21:41:28,2025-09-22 22:38:28,57,Late,10.02
1798,1994,455,2025-02-09 13:46:59,2025-02-09 14:05:59,19,Early,8.69
1799,1995,188,2025-07-03 18:57:26,2025-07-03 19:15:26,18,Early,11.07
1800,1996,372,2025-12-18 15:30:36,2025-12-18 15:46:36,16,Early,6.9
1801,1997,415,2025-05-07 14:58:36,2025-05-07 15:46:36,48,Late,11.96
1802,1998,334,2025-12-22 20:48:35,2025-12-22 21:23:35,35,On Time,13.26
1803,1999,323,2025-10-09 20:13:32,2025-10-09 21:13:32,60,Late,2.33
1804,2000,9,2025-11-26 11:25:07,2025-11-26 12:11:07,46,Late,1.65
1805,2001,498,2025-01-31 20:30:23,2025-01-31 20:52:23,22,On Time,14.06
1806,2002,134,2025-02-06 20:59:28,2025-02-06 21:37:28,38,Late,14.03
1807,2003,408,2025-05-01 21:34:48,2025-05-01 22:30:48,56,Late,2.65
1808,2004,428,2025-11-04 11:35:53,2025-11-04 12:35:53,60,Late,2.38
1809,2005,193,2025-05-26 22:15:17,2025-05-26 23:03:17,48,Late,3.46
1810,2006,42,2025-11-10 19:15:44,2025-11-10 19:39:44,24,On Time,2.51
1811,2008,150,2025-11-10 08:30:02,2025-11-10 09:26:02,56,Late,12.9
1812,2009,237,2025-05-10 14:53:52,2025-05-10 15:25:52,32,Late,13.27
1813,2010,275,2025-06-28 21:13:09,2025-06-28 22:00:09,47,Late,13.01
1814,2011,270,2025-08-23 12:59:24,2025-08-23 13:23:24,24,On Time,13.33
1815,2012,22,2025-07-13 22:05:17,2025-07-13 22:49:17,44,Late,7.2
1816,2013,403,2025-05-29 11:29:53,2025-05-29 12:24:53,55,Late,14.08
1817,2014,408,2025-05-08 18:26:14,2025-05-08 18:54:14,28,On Time,5.67
1818,2016,352,2025-10-11 07:41:59,2025-10-11 08:16:59,35,Late,12.73
1819,2019,422,2025-06-01 15:13:13,2025-06-01 15:46:13,33,Late,10.51
1820,2020,120,2025-04-23 21:24:04,2025-04-23 22:14:04,50,Late,2.88
1821,2021,195,2025-07-15 22:57:15,2025-07-15 23:46:15,49,Late,14.2
1822,2022,1,2025-04-13 19:24:24,2025-04-13 20:10:24,46,Late,8.34
1823,2023,412,2025-06-07 22:51:40,2025-06-07 23:16:40,25,On Time,6.17
1824,2024,75,2025-10-30 20:21:10,2025-10-30 20:48:10,27,On Time,9.74
1825,2025,267,2025-09-19 21:01:57,2025-09-19 21:37:57,36,On Time,2.67
1826,2026,77,2025-07-03 12:33:04,2025-07-03 12:51:04,18,Early,13.53
1827,2027,64,2025-05-09 21:27:39,2025-05-09 22:25:39,58,Late,14.26
1828,2029,193,2025-07-11 19:43:46,2025-07-11 20:27:46,44,Late,3.86
1829,2030,393,2025-09-22 18:03:22,2025-09-22 18:30:22,27,On Time,10.3
1830,2031,53,2025-11-06 14:20:43,2025-11-06 15:07:43,47,Late,7.97
1831,2032,373,2025-04-01 19:16:55,2025-04-01 19:34:55,18,Early,5.03
1832,2033,312,2025-12-21 12:53:57,2025-12-21 13:44:57,51,Late,7.82
1833,2034,461,2025-07-09 11:45:54,2025-07-09 12:29:54,44,Late,4.95
1834,2035,303,2025-02-28 19:35:24,2025-02-28 20:31:24,56,Late,14.7
1835,2036,190,2025-07-21 14:33:39,2025-07-21 14:57:39,24,On Time,5.9
1836,2038,300,2025-04-14 11:56:03,2025-04-14 12:33:03,37,On Time,10.15
1837,2039,441,2025-07-20 13:03:59,2025-07-20 13:51:59,48,Late,14.6
1838,2040,264,2025-08-14 13:44:11,2025-08-14 14:03:11,19,Early,6.25
1839,2041,61,2025-05-27 14:00:38,2025-05-27 14:28:38,28,On Time,12.56
1840,2043,173,2025-05-13 12:46:39,2025-05-13 13:18:39,32,Late,3.18
1841,2044,158,2025-11-26 18:20:35,2025-11-26 18:47:35,27,On Time,6.06
1842,2045,449,2025-11-09 11:41:44,2025-11-09 12:18:44,37,Late,6.1
1843,2046,216,2025-08-29 20:04:43,2025-08-29 20:58:43,54,Late,9.76
1844,2047,64,2025-09-18 22:19:05,2025-09-18 23:14:05,55,Late,9.17
1845,2048,388,2025-10-03 14:16:05,2025-10-03 15:04:05,48,Late,11.77
1846,2049,196,2025-04-18 11:19:57,2025-04-18 11:39:57,20,Early,6.7
1847,2050,299,2025-12-31 14:05:57,2025-12-31 14:48:57,43,Late,8.19
1848,2051,480,2025-04-15 23:19:13,2025-04-15 23:47:13,28,On Time,4.95
1849,2053,146,2025-04-06 21:54:23,2025-04-06 22:31:23,37,On Time,9.04
1850,2054,166,2025-12-27 20:03:57,2025-12-27 20:44:57,41,Late,5.59
1851,2055,277,2025-12-19 20:16:52,2025-12-19 20:39:52,23,On Time,6.46
1852,2057,266,2025-10-09 11:53:03,2025-10-09 12:18:03,25,On Time,1.61
1853,2058,458,2025-10-15 18:58:26,2025-10-15 19:13:26,15,Early,8.67
1854,2059,7,2025-08-28 21:41:30,2025-08-28 22:07:30,26,On Time,6.04
1855,2060,424,2025-05-20 20:31:12,2025-05-20 20:56:12,25,On Time,3.4
1856,2061,202,2025-02-14 12:43:48,2025-02-14 13:10:48,27,On Time,13.09
1857,2062,342,2025-10-11 11:32:08,2025-10-11 11:58:08,26,On Time,12.62
1858,2063,374,2025-12-31 18:37:29,2025-12-31 18:52:29,15,Early,14.39
1859,2064,25,2025-04-11 09:35:32,2025-04-11 10:31:32,56,Late,5.14
1860,2065,225,2025-01-09 11:01:23,2025-01-09 11:55:23,54,Late,14.41
1861,2066,475,2025-07-19 18:41:08,2025-07-19 19:02:08,21,On Time,12.7
1862,2067,212,2025-10-07 10:48:12,2025-10-07 11:16:12,28,On Time,8.85
1863,2068,74,2025-12-20 13:38:11,2025-12-20 14:29:11,51,Late,13.83
1864,2069,402,2025-11-11 18:22:45,2025-11-11 18:42:45,20,Early,3.98
1865,2070,116,2025-01-13 11:00:53,2025-01-13 11:50:53,50,Late,3.53
1866,2071,356,2025-11-13 08:29:03,2025-11-13 09:08:03,39,Late,14.22
1867,2072,500,2025-07-20 18:38:47,2025-07-20 19:14:47,36,Late,5.16
1868,2073,230,2025-03-21 14:03:43,2025-03-21 14:36:43,33,On Time,9.32
1869,2074,218,2025-03-06 14:17:45,2025-03-06 15:00:45,43,Late,2.81
1870,2075,62,2025-11-28 21:37:57,2025-11-28 21:55:57,18,Early,8.51
1871,2076,394,2025-02-28 20:13:23,2025-02-28 20:38:23,25,On Time,3.87
1872,2078,107,2025-08-11 21:16:50,2025-08-11 22:04:50,48,Late,11.93
1873,2079,384,2025-04-05 17:50:03,2025-04-05 18:37:03,47,Late,9.49
1874,2080,478,2025-03-14 10:49:57,2025-03-14 11:33:57,44,Late,8.64
1875,2081,9,2025-08-28 20:57:45,2025-08-28 21:42:45,45,Late,4.64
1876,2082,81,2025-10-12 11:25:55,2025-10-12 11:54:55,29,On Time,1.78
1877,2083,289,2025-07-15 14:55:49,2025-07-15 15:25:49,30,On Time,5.24
1878,2084,229,2025-02-23 13:41:02,2025-02-23 14:20:02,39,On Time,6.73
1879,2086,97,2025-02-06 09:58:14,2025-02-06 10:36:14,38,Late,3.42
1880,2087,298,2025-09-27 09:26:50,2025-09-27 10:11:50,45,Late,11.43
1881,2088,366,2025-02-04 07:59:18,2025-02-04 08:36:18,37,Late,11.31
1882,2089,143,2025-01-27 15:18:40,2025-01-27 16:16:40,58,Late,7.28
1883,2090,11,2025-08-23 12:47:48,2025-08-23 13:42:48,55,Late,8.61
1884,2091,218,2025-07-08 14:00:28,2025-07-08 14:37:28,37,Late,8.73
1885,2092,115,2025-03-14 14:34:57,2025-03-14 14:59:57,25,On Time,9.5
1886,2093,492,2025-10-04 11:59:14,2025-10-04 12:36:14,37,Late,12.76
1887,2094,18,2025-11-16 09:45:43,2025-11-16 10:39:43,54,Late,5.89
1888,2096,358,2025-10-04 14:10:00,2025-10-04 14:36:00,26,On Time,9.57
1889,2097,383,2025-12-15 22:11:30,2025-12-15 22:32:30,21,On Time,10.82
1890,2098,234,2025-08-16 07:30:47,2025-08-16 08:19:47,49,Late,2.58
1891,2099,85,2025-10-02 19:34:03,2025-10-02 19:55:03,21,On Time,4.75
1892,2100,306,2025-11-09 11:31:27,2025-11-09 12:05:27,34,Late,8.69
1893,2101,433,2025-12-02 20:20:26,2025-12-02 20:50:26,30,On Time,14.52
1894,2102,454,2025-01-29 12:49:19,2025-01-29 13:48:19,59,Late,13.25
1895,2103,185,2025-11-21 21:06:19,2025-11-21 21:31:19,25,On Time,5.8
1896,2104,176,2025-02-05 23:24:58,2025-02-05 23:40:58,16,Early,1.82
1897,2105,95,2025-06-02 09:13:57,2025-06-02 09:29:57,16,Early,3.71
1898,2106,239,2025-10-18 20:45:45,2025-10-18 21:00:45,15,Early,10.57
1899,2107,167,2025-08-06 00:10:40,2025-08-06 00:36:40,26,On Time,5.24
1900,2108,147,2025-09-16 11:39:02,2025-09-16 11:59:02,20,Early,11.97
1901,2109,167,2025-03-12 17:32:38,2025-03-12 17:52:38,20,Early,8.94
1902,2110,52,2025-05-04 23:37:04,2025-05-05 00:04:04,27,On Time,2.41
1903,2112,38,2025-12-24 19:39:37,2025-12-24 20:07:37,28,On Time,5.04
1904,2113,280,2025-10-31 22:09:03,2025-10-31 23:03:03,54,Late,2.13
1905,2114,275,2025-11-18 14:48:56,2025-11-18 15:42:56,54,Late,7.1
1906,2115,316,2025-08-28 11:25:21,2025-08-28 12:15:21,50,Late,7.61
1907,2116,428,2025-04-11 10:43:51,2025-04-11 11:00:51,17,Early,11.22
1908,2117,127,2025-08-18 20:42:13,2025-08-18 21:39:13,57,Late,11.03
1909,2118,214,2025-08-01 18:30:27,2025-08-01 19:06:27,36,Late,3.41
1910,2119,350,2025-04-08 09:14:30,2025-04-08 09:32:30,18,Early,12.52
1911,2120,249,2025-05-29 20:02:47,2025-05-29 21:00:47,58,Late,9.16
1912,2122,62,2025-08-26 11:28:04,2025-08-26 11:44:04,16,Early,7.92
1913,2123,69,2025-09-18 12:42:49,2025-09-18 13:11:49,29,On Time,8.85
1914,2124,201,2025-05-12 15:04:11,2025-05-12 15:27:11,23,On Time,5.16
1915,2125,404,2025-12-15 12:19:36,2025-12-15 13:13:36,54,Late,11.0
1916,2126,270,2025-11-30 11:47:32,2025-11-30 12:25:32,38,Late,12.31
1917,2127,113,2025-05-23 10:51:38,2025-05-23 11:41:38,50,Late,10.67
1918,2128,491,2025-03-11 12:09:46,2025-03-11 12:34:46,25,On Time,14.05
1919,2129,334,2025-10-08 15:17:44,2025-10-08 16:15:44,58,Late,10.01
1920,2130,392,2025-12-29 12:08:29,2025-12-29 12:23:29,15,Early,10.77
1921,2131,72,2025-10-03 11:29:50,2025-10-03 11:51:50,22,On Time,12.78
1922,2132,26,2025-08-07 21:29:05,2025-08-07 22:10:05,41,Late,5.88
1923,2133,33,2025-09-29 20:09:21,2025-09-29 21:08:21,59,Late,5.62
1924,2134,176,2025-09-16 10:38:15,2025-09-16 11:12:15,34,Late,8.75
1925,2135,451,2025-11-22 13:33:37,2025-11-22 14:00:37,27,On Time,7.54
1926,2137,336,2025-05-13 19:34:54,2025-05-13 19:51:54,17,Early,10.93
1927,2138,140,2025-06-29 09:59:20,2025-06-29 10:32:20,33,On Time,3.23
1928,2142,40,2025-05-24 15:08:59,2025-05-24 15:46:59,38,On Time,6.92
1929,2143,491,2025-10-17 09:52:32,2025-10-17 10:34:32,42,Late,10.89
1930,2145,437,2025-06-10 14:41:04,2025-06-10 15:33:04,52,Late,2.78
1931,2146,158,2025-12-04 12:27:21,2025-12-04 13:08:21,41,Late,12.42
1932,2147,413,2025-10-21 12:55:36,2025-10-21 13:35:36,40,On Time,4.93
1933,2148,297,2025-01-24 16:43:27,2025-01-24 17:16:27,33,On Time,8.21
1934,2149,158,2025-05-22 09:27:30,2025-05-22 10:13:30,46,Late,13.27
1935,2151,84,2025-04-27 08:54:39,2025-04-27 09:31:39,37,On Time,9.33
1936,2152,249,2025-03-17 13:05:19,2025-03-17 13:55:19,50,Late,9.24
1937,2153,368,2025-11-22 20:06:18,2025-11-22 21:05:18,59,Late,10.59
1938,2154,119,2025-04-25 22:28:40,2025-04-25 23:19:40,51,Late,12.89
1939,2155,458,2025-08-20 20:22:34,2025-08-20 21:05:34,43,Late,10.46
1940,2156,394,2025-09-02 16:04:23,2025-09-02 16:33:23,29,On Time,9.14
1941,2158,468,2025-08-12 10:03:29,2025-08-12 11:01:29,58,Late,9.07
1942,2159,498,2025-09-18 21:17:30,2025-09-18 21:58:30,41,Late,3.22
1943,2160,305,2025-02-12 19:54:24,2025-02-12 20:43:24,49,Late,11.52
1944,2161,46,2025-12-27 20:22:51,2025-12-27 21:06:51,44,Late,3.91
1945,2162,29,2025-07-14 18:22:09,2025-07-14 18:44:09,22,On Time,7.77
1946,2163,377,2025-06-20 17:34:49,2025-06-20 17:51:49,17,Early,5.73
1947,2164,333,2025-07-17 22:19:04,2025-07-17 22:53:04,34,Late,2.66
1948,2165,288,2025-08-02 13:39:19,2025-08-02 14:14:19,35,On Time,13.64
1949,2166,483,2025-02-02 10:02:53,2025-02-02 10:49:53,47,Late,9.94
1950,2167,253,2025-05-16 12:36:54,2025-05-16 13:13:54,37,On Time,12.75
1951,2168,87,2025-04-17 12:10:36,2025-04-17 12:42:36,32,On Time,14.54
1952,2169,331,2025-10-25 20:10:31,2025-10-25 21:07:31,57,Late,4.79
1953,2170,256,2025-03-07 18:47:18,2025-03-07 19:10:18,23,On Time,8.4
1954,2171,447,2025-01-02 15:08:05,2025-01-02 15:54:05,46,Late,9.87
1955,2172,49,2025-03-14 22:39:59,2025-03-14 23:09:59,30,On Time,6.26
1956,2174,302,2025-10-02 11:05:05,2025-10-02 11:34:05,29,On Time,3.41
1957,2175,229,2025-05-08 12:19:50,2025-05-08 13:04:50,45,Late,6.19
1958,2176,31,2025-08-27 19:40:17,2025-08-27 20:39:17,59,Late,5.84
1959,2177,379,2025-04-17 12:29:54,2025-04-17 13:04:54,35,Late,8.17
1960,2178,238,2025-06-14 07:37:03,2025-06-14 08:08:03,31,Late,8.9
1961,2179,449,2025-09-23 18:17:50,2025-09-23 19:04:50,47,Late,3.87
1962,2180,124,2025-06-15 16:53:32,2025-06-15 17:48:32,55,Late,6.16
1963,2181,135,2025-04-19 20:03:26,2025-04-19 20:48:26,45,Late,9.57
1964,2182,23,2025-08-06 18:09:46,2025-08-06 18:35:46,26,On Time,12.85
1965,2184,434,2025-10-15 13:41:06,2025-10-15 13:58:06,17,Early,1.79
1966,2185,117,2025-08-22 18:57:58,2025-08-22 19:20:58,23,On Time,10.91
1967,2186,451,2025-02-24 12:41:55,2025-02-24 13:36:55,55,Late,8.12
1968,2187,29,2025-04-05 19:49:35,2025-04-05 20:18:35,29,On Time,6.45
1969,2188,185,2025-06-04 19:03:07,2025-06-04 19:52:07,49,Late,14.49
1970,2189,446,2025-10-05 12:40:31,2025-10-05 13:15:31,35,Late,3.09
1971,2190,454,2025-12-01 13:22:56,2025-12-01 13:44:56,22,On Time,12.65
1972,2191,141,2025-05-07 11:37:55,2025-05-07 12:24:55,47,Late,10.33
1973,2192,92,2025-02-03 18:33:19,2025-02-03 19:06:19,33,Late,2.17
1974,2193,47,2025-05-21 13:34:32,2025-05-21 14:19:32,45,Late,9.45
1975,2194,36,2025-07-17 06:51:16,2025-07-17 07:34:16,43,Late,2.99
1976,2195,58,2025-09-12 09:48:14,2025-09-12 10:30:14,42,Late,6.7
1977,2196,390,2025-10-17 13:18:52,2025-10-17 14:18:52,60,Late,9.97
1978,2197,471,2025-02-11 14:59:50,2025-02-11 15:24:50,25,On Time,11.46
1979,2198,20,2025-08-01 17:39:20,2025-08-01 18:10:20,31,On Time,12.36
1980,2199,373,2025-07-30 15:39:21,2025-07-30 15:58:21,19,Early,14.82
1981,2200,404,2025-01-15 22:39:20,2025-01-15 23:31:20,52,Late,14.68
1982,2201,228,2025-01-25 22:04:23,2025-01-25 22:56:23,52,Late,9.52
1983,2202,53,2025-10-13 09:36:31,2025-10-13 10:27:31,51,Late,3.38
1984,2203,92,2025-11-22 13:28:06,2025-11-22 14:10:06,42,Late,2.83
1985,2204,130,2025-05-14 21:20:17,2025-05-14 22:05:17,45,Late,11.41
1986,2206,370,2025-05-13 22:08:02,2025-05-13 22:35:02,27,On Time,10.27
1987,2207,335,2025-04-17 12:09:36,2025-04-17 12:55:36,46,Late,5.05
1988,2208,330,2025-03-10 09:44:12,2025-03-10 10:29:12,45,Late,13.59
1989,2209,451,2025-03-19 11:51:05,2025-03-19 12:30:05,39,Late,14.72
1990,2210,170,2025-06-13 08:33:42,2025-06-13 08:53:42,20,Early,12.45
1991,2211,443,2025-06-30 08:38:57,2025-06-30 08:56:57,18,Early,7.19
1992,2212,44,2025-05-12 08:54:33,2025-05-12 09:20:33,26,On Time,10.25
1993,2213,446,2025-08-08 21:22:33,2025-08-08 22:13:33,51,Late,13.73
1994,2214,447,2025-03-27 20:44:54,2025-03-27 21:28:54,44,Late,7.89
1995,2215,128,2025-04-20 14:01:04,2025-04-20 14:41:04,40,On Time,11.32
1996,2216,292,2025-09-12 17:42:19,2025-09-12 18:30:19,48,Late,6.29
1997,2217,453,2025-11-14 12:29:03,2025-11-14 13:14:03,45,Late,2.37
1998,2218,354,2025-05-19 21:45:51,2025-05-19 22:21:51,36,On Time,12.79
1999,2219,113,2025-03-30 20:20:46,2025-03-30 21:00:46,40,Late,3.67
2000,2220,252,2025-05-14 10:40:15,2025-05-14 11:23:15,43,Late,4.69
2001,2221,380,2025-11-23 12:58:04,2025-11-23 13:17:04,19,Early,7.84
2002,2222,184,2025-07-21 20:18:01,2025-07-21 20:54:01,36,On Time,10.28
2003,2224,372,2025-12-21 12:29:13,2025-12-21 12:46:13,17,Early,12.57
2004,2225,414,2025-07-26 11:43:53,2025-07-26 12:12:53,29,On Time,5.92
2005,2226,149,2025-11-08 12:11:34,2025-11-08 12:42:34,31,On Time,7.33
2006,2227,234,2025-10-25 14:26:23,2025-10-25 15:25:23,59,Late,8.17
2007,2230,30,2025-07-18 18:44:08,2025-07-18 19:10:08,26,On Time,10.41
2008,2231,466,2025-02-22 21:37:09,2025-02-22 21:55:09,18,Early,3.97
2009,2234,72,2025-02-23 15:31:18,2025-02-23 16:30:18,59,Late,14.21
2010,2235,19,2025-03-24 19:11:17,2025-03-24 19:56:17,45,Late,11.96
2011,2236,358,2025-04-27 19:44:54,2025-04-27 20:05:54,21,On Time,7.35
2012,2237,260,2025-07-30 20:12:33,2025-07-30 21:04:33,52,Late,12.45
2013,2238,192,2025-06-09 21:49:48,2025-06-09 22:24:48,35,On Time,1.64
2014,2239,209,2025-03-26 22:15:28,2025-03-26 23:14:28,59,Late,9.06
2015,2240,480,2025-09-01 15:07:15,2025-09-01 15:22:15,15,Early,8.37
2016,2241,51,2025-01-23 11:32:13,2025-01-23 12:11:13,39,On Time,10.0
2017,2242,219,2025-07-24 14:59:14,2025-07-24 15:47:14,48,Late,10.25
2018,2243,366,2025-12-08 23:06:11,2025-12-09 00:05:11,59,Late,4.22
2019,2245,20,2025-06-09 20:54:46,2025-06-09 21:24:46,30,On Time,10.73
2020,2248,184,2025-03-27 10:16:05,2025-03-27 11:13:05,57,Late,3.72
2021,2250,34,2025-09-21 19:52:41,2025-09-21 20:40:41,48,Late,13.76
2022,2251,289,2025-11-13 21:11:42,2025-11-13 21:54:42,43,Late,12.84
2023,2252,474,2025-01-26 14:16:03,2025-01-26 15:01:03,45,Late,11.77
2024,2254,398,2025-11-11 20:48:44,2025-11-11 21:12:44,24,On Time,11.53
2025,2255,239,2025-11-07 13:14:35,2025-11-07 13:32:35,18,Early,2.56
2026,2256,209,2025-01-12 10:38:01,2025-01-12 11:12:01,34,Late,10.84
2027,2258,483,2025-10-22 12:09:06,2025-10-22 12:44:06,35,Late,12.17
2028,2259,365,2025-12-24 11:56:10,2025-12-24 12:28:10,32,On Time,11.91
2029,2260,347,2025-07-06 20:48:35,2025-07-06 21:36:35,48,Late,4.68
2030,2261,101,2025-10-03 13:50:33,2025-10-03 14:29:33,39,On Time,13.83
2031,2262,337,2025-07-21 07:39:52,2025-07-21 07:56:52,17,Early,2.93
2032,2263,166,2025-08-14 12:47:55,2025-08-14 13:46:55,59,Late,13.74
2033,2264,255,2025-12-18 20:43:08,2025-12-18 21:22:08,39,Late,14.44
2034,2266,498,2025-06-04 21:45:51,2025-06-04 22:06:51,21,On Time,7.27
2035,2268,311,2025-09-04 17:19:40,2025-09-04 18:06:40,47,Late,2.69
2036,2269,498,2025-12-12 11:42:52,2025-12-12 12:15:52,33,Late,12.26
2037,2270,10,2025-10-13 22:06:15,2025-10-13 22:28:15,22,On Time,4.45
2038,2271,81,2025-03-26 15:12:24,2025-03-26 15:52:24,40,On Time,5.77
2039,2272,487,2025-10-12 13:22:54,2025-10-12 13:55:54,33,On Time,8.08
2040,2273,421,2025-06-10 12:25:22,2025-06-10 12:49:22,24,On Time,5.44
2041,2274,200,2025-12-04 14:40:07,2025-12-04 15:17:07,37,On Time,4.38
2042,2275,2,2025-12-16 22:46:48,2025-12-16 23:40:48,54,Late,11.62
2043,2276,393,2025-08-26 21:40:11,2025-08-26 22:06:11,26,On Time,8.91
2044,2277,151,2025-11-13 11:36:07,2025-11-13 12:08:07,32,Late,10.65
2045,2279,8,2025-03-18 19:01:18,2025-03-18 19:43:18,42,Late,3.94
2046,2280,273,2025-01-07 19:31:07,2025-01-07 20:05:07,34,Late,1.84
2047,2281,68,2025-02-10 13:32:43,2025-02-10 14:07:43,35,Late,1.96
2048,2283,253,2025-08-31 19:33:02,2025-08-31 20:13:02,40,On Time,13.98
2049,2284,175,2025-10-31 22:52:30,2025-10-31 23:19:30,27,On Time,13.48
2050,2285,197,2025-10-03 20:56:20,2025-10-03 21:52:20,56,Late,5.59
2051,2286,330,2025-02-12 19:37:01,2025-02-12 20:27:01,50,Late,11.24
2052,2287,287,2025-10-04 21:58:22,2025-10-04 22:36:22,38,On Time,7.88
2053,2288,231,2025-11-25 20:52:05,2025-11-25 21:23:05,31,Late,4.72
2054,2289,210,2025-10-02 13:42:21,2025-10-02 14:38:21,56,Late,2.7
2055,2290,6,2025-03-21 20:23:18,2025-03-21 21:05:18,42,Late,7.37
2056,2291,77,2025-10-11 21:43:40,2025-10-11 22:33:40,50,Late,1.68
2057,2292,462,2025-05-12 19:32:47,2025-05-12 19:57:47,25,On Time,6.29
2058,2293,320,2025-03-10 11:08:41,2025-03-10 11:41:41,33,On Time,9.68
2059,2294,202,2025-09-29 11:12:21,2025-09-29 12:03:21,51,Late,3.08
2060,2295,266,2025-08-22 21:15:15,2025-08-22 21:34:15,19,Early,10.12
2061,2296,371,2025-06-02 13:52:34,2025-06-02 14:50:34,58,Late,13.28
2062,2297,115,2025-03-08 16:33:40,2025-03-08 16:56:40,23,On Time,5.84
2063,2298,186,2025-10-23 12:31:04,2025-10-23 13:02:04,31,Late,3.5
2064,2299,82,2025-03-12 19:32:05,2025-03-12 19:49:05,17,Early,5.37
2065,2300,124,2025-07-01 09:30:09,2025-07-01 09:55:09,25,On Time,9.83
2066,2301,45,2025-06-14 13:03:41,2025-06-14 13:34:41,31,Late,3.41
2067,2302,147,2025-10-31 23:14:29,2025-10-31 23:59:29,45,Late,1.81
2068,2303,104,2025-01-12 13:29:44,2025-01-12 14:28:44,59,Late,12.56
2069,2304,72,2025-03-07 08:34:50,2025-03-07 09:15:50,41,Late,4.96
2070,2305,436,2025-06-12 16:13:52,2025-06-12 16:45:52,32,Late,4.42
2071,2306,437,2025-10-26 08:57:20,2025-10-26 09:54:20,57,Late,8.61
2072,2307,276,2025-12-10 11:16:18,2025-12-10 12:08:18,52,Late,3.87
2073,2308,284,2025-02-14 12:10:16,2025-02-14 12:42:16,32,Late,2.52
2074,2309,217,2025-01-12 19:17:50,2025-01-12 20:03:50,46,Late,6.06
2075,2310,389,2025-12-05 11:23:05,2025-12-05 12:00:05,37,Late,13.97
2076,2311,350,2025-11-15 23:34:50,2025-11-16 00:06:50,32,Late,10.11
2077,2312,177,2025-12-30 13:36:38,2025-12-30 13:57:38,21,On Time,2.09
2078,2313,340,2025-12-01 17:51:52,2025-12-01 18:06:52,15,Early,12.62
2079,2314,6,2025-12-21 20:07:03,2025-12-21 20:39:03,32,On Time,6.0
2080,2315,394,2025-10-22 19:50:53,2025-10-22 20:13:53,23,On Time,6.09
2081,2317,11,2025-11-30 23:38:24,2025-12-01 00:29:24,51,Late,8.75
2082,2318,313,2025-06-29 20:02:40,2025-06-29 20:45:40,43,Late,1.55
2083,2319,390,2025-11-07 12:19:48,2025-11-07 12:46:48,27,On Time,7.02
2084,2320,333,2025-02-15 22:03:42,2025-02-15 22:39:42,36,Late,2.23
2085,2321,453,2025-09-05 19:58:37,2025-09-05 20:38:37,40,Late,8.1
2086,2322,220,2025-01-14 11:33:04,2025-01-14 12:17:04,44,Late,14.78
2087,2323,239,2025-05-13 21:53:23,2025-05-13 22:49:23,56,Late,6.84
2088,2324,58,2025-04-28 13:06:12,2025-04-28 13:23:12,17,Early,1.95
2089,2327,126,2025-10-19 21:57:25,2025-10-19 22:17:25,20,Early,8.3
2090,2328,87,2025-10-22 14:16:38,2025-10-22 15:09:38,53,Late,12.21
2091,2329,4,2025-12-13 19:50:07,2025-12-13 20:27:07,37,On Time,6.2
2092,2330,34,2025-05-14 13:37:52,2025-05-14 14:23:52,46,Late,6.92
2093,2331,344,2025-08-19 00:07:54,2025-08-19 00:54:54,47,Late,9.43
2094,2332,103,2025-04-18 19:37:20,2025-04-18 19:57:20,20,Early,10.97
2095,2333,112,2025-08-04 19:39:58,2025-08-04 20:32:58,53,Late,8.22
2096,2335,157,2025-02-09 08:23:55,2025-02-09 08:43:55,20,Early,5.71
2097,2337,23,2025-11-29 07:58:18,2025-11-29 08:22:18,24,On Time,8.82
2098,2338,121,2025-12-02 19:05:11,2025-12-02 20:03:11,58,Late,7.56
2099,2341,192,2025-03-18 13:01:36,2025-03-18 13:21:36,20,Early,3.0
2100,2342,496,2025-10-01 08:26:58,2025-10-01 08:44:58,18,Early,9.18
2101,2344,68,2025-09-27 13:20:01,2025-09-27 13:36:01,16,Early,4.85
2102,2345,17,2025-02-27 13:17:27,2025-02-27 14:00:27,43,Late,2.57
2103,2346,306,2025-06-14 21:51:36,2025-06-14 22:31:36,40,On Time,14.67
2104,2347,449,2025-04-17 10:47:15,2025-04-17 11:03:15,16,Early,5.58
2105,2348,467,2025-04-21 19:29:44,2025-04-21 20:22:44,53,Late,1.59
2106,2349,449,2025-11-05 10:56:37,2025-11-05 11:14:37,18,Early,13.97
2107,2350,112,2025-12-06 09:37:50,2025-12-06 10:27:50,50,Late,4.53
2108,2351,60,2025-12-19 20:01:06,2025-12-19 20:47:06,46,Late,10.59
2109,2352,339,2025-09-19 09:33:49,2025-09-19 09:58:49,25,On Time,14.07
2110,2354,24,2025-09-04 11:57:49,2025-09-04 12:51:49,54,Late,13.52
2111,2355,258,2025-01-04 22:56:49,2025-01-04 23:13:49,17,Early,3.6
2112,2356,73,2025-12-10 11:28:29,2025-12-10 12:25:29,57,Late,11.59
2113,2357,429,2025-07-09 09:04:38,2025-07-09 09:48:38,44,Late,12.13
2114,2359,275,2025-11-25 12:58:20,2025-11-25 13:26:20,28,On Time,2.14
2115,2360,15,2025-09-03 17:14:27,2025-09-03 17:48:27,34,Late,14.21
2116,2361,375,2025-08-03 07:55:52,2025-08-03 08:31:52,36,On Time,6.72
2117,2362,263,2025-12-18 12:25:34,2025-12-18 12:41:34,16,Early,3.42
2118,2363,418,2025-10-05 11:20:30,2025-10-05 11:45:30,25,On Time,8.35
2119,2364,463,2025-05-16 13:43:08,2025-05-16 14:17:08,34,Late,10.47
2120,2365,134,2025-10-24 18:32:04,2025-10-24 19:10:04,38,Late,4.69
2121,2366,293,2025-08-09 18:46:00,2025-08-09 19:37:00,51,Late,10.34
2122,2367,172,2025-05-03 21:22:14,2025-05-03 21:37:14,15,Early,10.12
2123,2368,498,2025-10-06 21:02:02,2025-10-06 21:33:02,31,Late,3.03
2124,2369,42,2025-05-16 19:41:45,2025-05-16 19:57:45,16,Early,9.08
2125,2370,219,2025-02-26 20:28:00,2025-02-26 21:03:00,35,On Time,2.87
2126,2371,179,2025-10-07 09:51:34,2025-10-07 10:46:34,55,Late,2.11
2127,2372,47,2025-11-18 06:55:04,2025-11-18 07:55:04,60,Late,12.76
2128,2373,456,2025-04-03 18:16:29,2025-04-03 19:02:29,46,Late,10.17
2129,2374,355,2025-04-12 19:53:18,2025-04-12 20:08:18,15,Early,12.17
2130,2375,224,2025-04-29 12:49:15,2025-04-29 13:17:15,28,On Time,3.0
2131,2376,366,2025-01-06 18:35:54,2025-01-06 19:24:54,49,Late,12.2
2132,2377,124,2025-04-22 16:28:16,2025-04-22 17:18:16,50,Late,3.46
2133,2378,161,2025-02-19 09:35:01,2025-02-19 10:21:01,46,Late,3.15
2134,2380,472,2025-07-14 11:22:28,2025-07-14 11:53:28,31,Late,9.06
2135,2382,155,2025-05-17 08:14:06,2025-05-17 08:55:06,41,Late,3.52
2136,2383,302,2025-07-29 11:40:23,2025-07-29 12:11:23,31,On Time,13.04
2137,2384,353,2025-08-21 23:14:56,2025-08-22 00:09:56,55,Late,5.0
2138,2385,215,2025-04-03 12:35:13,2025-04-03 13:20:13,45,Late,12.73
2139,2386,347,2025-05-28 13:39:31,2025-05-28 14:27:31,48,Late,4.28
2140,2387,492,2025-10-04 11:34:31,2025-10-04 12:09:31,35,On Time,2.84
2141,2388,384,2025-08-10 11:58:52,2025-08-10 12:43:52,45,Late,12.37
2142,2389,440,2025-07-06 19:13:22,2025-07-06 19:54:22,41,Late,11.42
2143,2390,487,2025-08-09 18:46:40,2025-08-09 19:23:40,37,Late,12.45
2144,2391,83,2025-12-10 07:47:29,2025-12-10 08:17:29,30,On Time,9.27
2145,2392,341,2025-07-25 07:25:18,2025-07-25 07:54:18,29,On Time,9.9
2146,2393,3,2025-08-21 21:21:29,2025-08-21 22:15:29,54,Late,5.47
2147,2394,465,2025-09-27 11:45:04,2025-09-27 12:34:04,49,Late,7.51
2148,2395,240,2025-10-19 17:41:00,2025-10-19 18:19:00,38,On Time,4.97
2149,2396,485,2025-02-28 22:32:37,2025-02-28 23:25:37,53,Late,1.66
2150,2398,384,2025-04-27 21:36:16,2025-04-27 22:02:16,26,On Time,12.97
2151,2401,479,2025-01-14 12:56:17,2025-01-14 13:43:17,47,Late,9.66
2152,2402,9,2025-08-29 08:51:00,2025-08-29 09:47:00,56,Late,13.91
2153,2403,124,2025-06-07 11:55:36,2025-06-07 12:20:36,25,On Time,6.37
2154,2404,347,2025-07-02 12:17:31,2025-07-02 12:58:31,41,Late,5.59
2155,2405,327,2025-01-14 20:06:29,2025-01-14 20:32:29,26,On Time,8.39
2156,2406,234,2025-10-24 12:57:34,2025-10-24 13:49:34,52,Late,2.29
2157,2407,76,2025-04-25 12:36:20,2025-04-25 13:32:20,56,Late,12.33
2158,2408,366,2025-11-13 12:45:13,2025-11-13 13:41:13,56,Late,14.35
2159,2409,485,2025-09-10 11:42:36,2025-09-10 12:37:36,55,Late,5.56
2160,2410,174,2025-05-02 20:45:21,2025-05-02 21:16:21,31,Late,8.57
2161,2411,212,2025-03-27 08:35:43,2025-03-27 09:19:43,44,Late,14.04
2162,2412,230,2025-05-24 11:24:59,2025-05-24 11:41:59,17,Early,11.88
2163,2413,1,2025-07-17 21:43:24,2025-07-17 22:18:24,35,On Time,13.8
2164,2414,437,2025-10-24 11:10:58,2025-10-24 11:26:58,16,Early,8.2
2165,2415,462,2025-01-18 11:16:00,2025-01-18 11:52:00,36,Late,8.24
2166,2416,251,2025-07-14 19:48:31,2025-07-14 20:09:31,21,On Time,3.3
2167,2417,193,2025-09-06 20:29:09,2025-09-06 21:29:09,60,Late,8.97
2168,2418,239,2025-02-23 13:02:49,2025-02-23 13:37:49,35,Late,5.42
2169,2419,309,2025-07-19 13:10:49,2025-07-19 13:57:49,47,Late,8.63
2170,2420,485,2025-11-15 20:33:10,2025-11-15 20:54:10,21,On Time,14.67
2171,2421,199,2025-04-06 20:17:56,2025-04-06 20:56:56,39,Late,7.56
2172,2422,116,2025-09-10 10:17:15,2025-09-10 11:16:15,59,Late,6.33
2173,2423,327,2025-06-16 20:46:58,2025-06-16 21:20:58,34,Late,1.71
2174,2424,443,2025-12-24 07:04:52,2025-12-24 07:33:52,29,On Time,1.7
2175,2425,495,2025-06-21 19:47:15,2025-06-21 20:02:15,15,Early,5.33
2176,2426,385,2025-04-25 14:56:32,2025-04-25 15:28:32,32,Late,6.42
2177,2429,172,2025-04-01 16:05:23,2025-04-01 16:21:23,16,Early,8.36
2178,2430,332,2025-05-02 20:24:48,2025-05-02 20:48:48,24,On Time,4.86
2179,2431,131,2025-05-19 11:21:26,2025-05-19 11:37:26,16,Early,13.97
2180,2432,383,2025-11-13 19:15:12,2025-11-13 19:39:12,24,On Time,11.83
2181,2433,336,2025-05-15 21:51:08,2025-05-15 22:31:08,40,On Time,4.96
2182,2434,398,2025-01-14 12:14:19,2025-01-14 12:58:19,44,Late,5.33
2183,2436,443,2025-12-08 20:17:50,2025-12-08 21:00:50,43,Late,9.73
2184,2437,475,2025-12-04 08:46:12,2025-12-04 09:31:12,45,Late,12.75
2185,2438,482,2025-09-24 16:40:59,2025-09-24 17:15:59,35,On Time,14.05
2186,2439,372,2025-02-26 21:17:08,2025-02-26 21:40:08,23,On Time,13.91
2187,2441,446,2025-11-23 22:21:35,2025-11-23 23:14:35,53,Late,14.03
2188,2442,497,2025-06-23 08:37:25,2025-06-23 09:13:25,36,On Time,3.7
2189,2443,150,2025-01-30 10:20:13,2025-01-30 10:51:13,31,Late,13.81
2190,2445,243,2025-07-29 11:49:32,2025-07-29 12:29:32,40,Late,11.38
2191,2446,360,2025-06-18 14:07:51,2025-06-18 14:23:51,16,Early,11.79
2192,2447,111,2025-08-30 12:15:18,2025-08-30 12:42:18,27,On Time,1.67
2193,2448,243,2025-11-16 12:33:15,2025-11-16 13:23:15,50,Late,7.22
2194,2449,489,2025-04-26 07:41:45,2025-04-26 08:08:45,27,On Time,8.96
2195,2450,195,2025-08-20 22:14:54,2025-08-20 22:54:54,40,Late,12.01
2196,2451,32,2025-10-25 14:26:26,2025-10-25 14:47:26,21,On Time,14.8
2197,2452,296,2025-11-13 20:14:47,2025-11-13 20:55:47,41,Late,2.17
2198,2454,363,2025-07-14 22:59:19,2025-07-14 23:49:19,50,Late,10.79
2199,2456,409,2025-05-11 13:19:22,2025-05-11 13:46:22,27,On Time,2.18
2200,2457,471,2025-08-29 17:12:46,2025-08-29 18:08:46,56,Late,7.6
2201,2459,497,2025-06-26 13:54:17,2025-06-26 14:34:17,40,Late,9.65
2202,2460,23,2025-07-28 13:28:51,2025-07-28 13:47:51,19,Early,10.75
2203,2461,431,2025-01-11 07:28:05,2025-01-11 07:59:05,31,Late,5.58
2204,2462,260,2025-10-18 21:15:48,2025-10-18 21:35:48,20,Early,4.5
2205,2464,419,2025-10-03 21:29:02,2025-10-03 22:22:02,53,Late,13.11
2206,2465,361,2025-01-06 11:17:09,2025-01-06 11:43:09,26,On Time,4.01
2207,2466,194,2025-07-19 19:27:34,2025-07-19 19:53:34,26,On Time,5.07
2208,2467,448,2025-05-18 07:57:58,2025-05-18 08:16:58,19,Early,8.95
2209,2468,387,2025-07-07 20:56:15,2025-07-07 21:28:15,32,Late,6.6
2210,2470,341,2025-06-07 21:21:18,2025-06-07 21:56:18,35,Late,1.85
2211,2471,410,2025-06-25 01:10:40,2025-06-25 01:55:40,45,Late,2.19
2212,2472,192,2025-07-16 10:03:35,2025-07-16 10:19:35,16,Early,11.82
2213,2473,137,2025-06-05 18:25:30,2025-06-05 19:10:30,45,Late,12.6
2214,2474,274,2025-03-15 17:54:27,2025-03-15 18:23:27,29,On Time,8.35
2215,2475,418,2025-01-12 00:44:25,2025-01-12 01:08:25,24,On Time,6.54
2216,2476,119,2025-04-07 12:24:32,2025-04-07 12:55:32,31,Late,14.26
2217,2477,94,2025-05-14 07:42:10,2025-05-14 08:03:10,21,On Time,14.95
2218,2478,381,2025-08-20 18:11:20,2025-08-20 18:47:20,36,Late,8.24
2219,2480,127,2025-12-06 20:30:35,2025-12-06 21:11:35,41,Late,9.06
2220,2481,435,2025-12-14 13:55:04,2025-12-14 14:25:04,30,On Time,11.62
2221,2482,470,2025-02-03 06:40:22,2025-02-03 07:33:22,53,Late,4.44
2222,2483,316,2025-09-07 19:27:13,2025-09-07 19:57:13,30,On Time,4.08
2223,2484,440,2025-07-29 14:01:29,2025-07-29 14:58:29,57,Late,14.04
2224,2486,365,2025-11-16 12:47:27,2025-11-16 13:21:27,34,On Time,7.14
2225,2487,125,2025-10-30 12:07:59,2025-10-30 13:03:59,56,Late,4.06
2226,2489,266,2025-10-07 08:55:31,2025-10-07 09:32:31,37,On Time,4.68
2227,2490,8,2025-09-12 14:37:44,2025-09-12 15:06:44,29,On Time,6.03
2228,2491,485,2025-09-12 18:09:39,2025-09-12 18:40:39,31,Late,14.98
2229,2492,293,2025-12-08 20:08:01,2025-12-08 20:39:01,31,Late,12.28
2230,2493,181,2025-09-17 18:56:53,2025-09-17 19:29:53,33,On Time,6.44
2231,2495,131,2025-06-05 13:21:08,2025-06-05 13:59:08,38,On Time,13.11
2232,2496,435,2025-09-18 10:11:13,2025-09-18 11:02:13,51,Late,14.32
2233,2497,206,2025-03-20 11:11:26,2025-03-20 11:53:26,42,Late,1.61
2234,2498,279,2025-07-08 20:10:39,2025-07-08 20:26:39,16,Early,2.11
2235,2499,122,2025-06-04 18:45:28,2025-06-04 19:02:28,17,Early,9.49
2236,2501,467,2025-07-23 10:42:55,2025-07-23 11:29:55,47,Late,7.5
2237,2502,371,2025-10-20 13:53:56,2025-10-20 14:15:56,22,On Time,5.75
2238,2504,44,2025-04-19 13:04:53,2025-04-19 13:39:53,35,Late,14.42
2239,2505,279,2025-08-08 17:46:26,2025-08-08 18:03:26,17,Early,12.93
2240,2507,46,2025-07-25 18:44:59,2025-07-25 19:06:59,22,On Time,1.89
2241,2508,154,2025-10-20 08:07:58,2025-10-20 08:48:58,41,Late,6.58
2242,2509,49,2025-09-10 22:36:13,2025-09-10 23:34:13,58,Late,2.5
2243,2511,416,2025-11-04 10:07:21,2025-11-04 10:34:21,27,On Time,12.61
2244,2512,27,2025-08-08 18:31:57,2025-08-08 19:05:57,34,On Time,14.94
2245,2513,77,2025-11-15 19:08:40,2025-11-15 19:37:40,29,On Time,10.49
2246,2514,71,2025-12-30 11:27:40,2025-12-30 11:56:40,29,On Time,8.35
2247,2515,8,2025-07-06 09:11:08,2025-07-06 10:06:08,55,Late,11.86
2248,2516,177,2025-09-14 08:49:58,2025-09-14 09:21:58,32,On Time,6.52
2249,2517,131,2025-04-20 14:33:06,2025-04-20 15:07:06,34,On Time,9.84
2250,2518,90,2025-01-16 12:14:30,2025-01-16 13:11:30,57,Late,9.36
2251,2519,450,2025-09-13 12:25:51,2025-09-13 12:44:51,19,Early,14.75
2252,2520,398,2025-12-04 23:46:29,2025-12-05 00:38:29,52,Late,10.52
2253,2521,407,2025-10-18 20:10:06,2025-10-18 20:25:06,15,Early,9.47
2254,2522,143,2025-05-24 21:22:31,2025-05-24 22:14:31,52,Late,8.88
2255,2523,306,2025-05-12 18:56:15,2025-05-12 19:41:15,45,Late,4.98
2256,2524,439,2025-11-03 12:36:50,2025-11-03 13:13:50,37,Late,14.16
2257,2525,443,2025-04-11 20:49:49,2025-04-11 21:49:49,60,Late,3.73
2258,2527,408,2025-07-12 13:06:54,2025-07-12 14:02:54,56,Late,3.15
2259,2528,251,2025-04-29 11:33:00,2025-04-29 12:14:00,41,Late,6.78
2260,2529,318,2025-11-27 13:06:28,2025-11-27 13:32:28,26,On Time,12.51
2261,2530,12,2025-12-20 12:40:27,2025-12-20 13:12:27,32,On Time,1.88
2262,2531,404,2025-09-23 19:52:36,2025-09-23 20:28:36,36,On Time,4.55
2263,2532,54,2025-09-13 23:11:08,2025-09-13 23:57:08,46,Late,2.41
2264,2533,409,2025-08-30 20:08:18,2025-08-30 20:32:18,24,On Time,10.34
2265,2534,94,2025-01-31 21:36:09,2025-01-31 21:56:09,20,Early,6.64
2266,2535,338,2025-11-10 12:10:15,2025-11-10 12:43:15,33,On Time,3.4
2267,2536,481,2025-05-28 20:03:43,2025-05-28 20:47:43,44,Late,1.8
2268,2537,317,2025-05-30 09:01:26,2025-05-30 09:19:26,18,Early,5.21
2269,2538,454,2025-04-05 10:43:57,2025-04-05 11:10:57,27,On Time,3.95
2270,2539,383,2025-03-11 14:44:46,2025-03-11 15:29:46,45,Late,11.97
2271,2540,443,2025-09-17 12:07:19,2025-09-17 12:30:19,23,On Time,7.52
2272,2542,232,2025-09-07 20:24:54,2025-09-07 20:54:54,30,On Time,2.68
2273,2543,253,2025-12-17 12:06:52,2025-12-17 12:52:52,46,Late,1.82
2274,2544,28,2025-02-25 22:03:01,2025-02-25 22:37:01,34,Late,1.84
2275,2545,310,2025-03-09 19:22:18,2025-03-09 20:18:18,56,Late,7.43
2276,2546,293,2025-08-01 12:18:58,2025-08-01 12:38:58,20,Early,14.08
2277,2547,39,2025-12-25 12:54:22,2025-12-25 13:26:22,32,Late,1.84
2278,2548,359,2025-01-20 11:54:35,2025-01-20 12:35:35,41,Late,11.41
2279,2549,310,2025-05-19 11:14:29,2025-05-19 12:11:29,57,Late,6.14
2280,2550,121,2025-11-27 12:38:12,2025-11-27 13:36:12,58,Late,4.32
2281,2551,133,2025-10-19 08:11:11,2025-10-19 09:10:11,59,Late,3.5
2282,2552,456,2025-03-16 09:29:54,2025-03-16 10:15:54,46,Late,2.27
2283,2553,70,2025-10-16 12:00:50,2025-10-16 12:33:50,33,On Time,12.21
2284,2554,387,2025-12-28 14:00:12,2025-12-28 14:47:12,47,Late,2.07
2285,2555,188,2025-07-17 12:56:57,2025-07-17 13:27:57,31,On Time,4.47
2286,2556,174,2025-07-29 20:30:14,2025-07-29 21:28:14,58,Late,5.33
2287,2557,282,2025-05-09 12:38:07,2025-05-09 13:20:07,42,Late,6.44
2288,2558,389,2025-10-25 12:21:12,2025-10-25 12:52:12,31,On Time,1.73
2289,2559,396,2025-01-19 12:48:42,2025-01-19 13:14:42,26,On Time,14.58
2290,2560,341,2025-11-21 12:45:23,2025-11-21 13:36:23,51,Late,6.32
2291,2561,387,2025-07-08 20:56:18,2025-07-08 21:24:18,28,On Time,3.25
2292,2562,179,2025-06-20 12:07:48,2025-06-20 12:41:48,34,On Time,13.31
2293,2564,220,2025-08-20 19:10:38,2025-08-20 19:37:38,27,On Time,4.94
2294,2565,203,2025-12-23 10:18:05,2025-12-23 10:37:05,19,Early,12.83
2295,2566,263,2025-02-27 01:05:26,2025-02-27 01:53:26,48,Late,2.97
2296,2567,252,2025-04-07 12:45:07,2025-04-07 13:32:07,47,Late,11.46
2297,2568,399,2025-07-12 10:26:43,2025-07-12 11:17:43,51,Late,4.88
2298,2569,116,2025-06-11 22:20:01,2025-06-11 23:09:01,49,Late,9.29
2299,2570,132,2025-01-12 19:41:38,2025-01-12 20:06:38,25,On Time,8.41
2300,2571,303,2025-09-30 11:00:47,2025-09-30 11:44:47,44,Late,13.84
2301,2572,37,2025-02-10 12:51:13,2025-02-10 13:40:13,49,Late,8.48
2302,2573,479,2025-07-02 13:56:00,2025-07-02 14:33:00,37,Late,12.36
2303,2574,327,2025-12-30 21:45:27,2025-12-30 22:40:27,55,Late,3.88
2304,2575,403,2025-06-24 16:46:45,2025-06-24 17:11:45,25,On Time,9.31
2305,2576,123,2025-07-13 08:39:17,2025-07-13 09:26:17,47,Late,13.05
2306,2577,368,2025-09-22 19:45:32,2025-09-22 20:07:32,22,On Time,3.68
2307,2578,394,2025-09-16 21:24:38,2025-09-16 21:58:38,34,Late,2.07
2308,2579,54,2025-09-07 19:45:58,2025-09-07 20:39:58,54,Late,10.0
2309,2580,161,2025-12-05 09:24:11,2025-12-05 10:17:11,53,Late,2.36
2310,2582,435,2025-12-01 10:35:20,2025-12-01 11:01:20,26,On Time,9.61
2311,2583,368,2025-10-16 14:59:28,2025-10-16 15:36:28,37,Late,12.23
2312,2584,144,2025-07-11 21:03:02,2025-07-11 21:21:02,18,Early,4.7
2313,2585,497,2025-09-03 23:09:35,2025-09-03 23:25:35,16,Early,6.0
2314,2586,212,2025-09-30 18:00:16,2025-09-30 18:15:16,15,Early,4.82
2315,2587,331,2025-07-11 22:49:15,2025-07-11 23:20:15,31,Late,1.7
2316,2588,49,2025-11-06 08:36:27,2025-11-06 09:34:27,58,Late,5.82
2317,2589,22,2025-02-24 12:48:49,2025-02-24 13:41:49,53,Late,6.24
2318,2590,253,2025-12-09 12:55:31,2025-12-09 13:13:31,18,Early,12.73
2319,2591,146,2025-03-02 20:39:05,2025-03-02 21:16:05,37,On Time,2.69
2320,2592,345,2025-05-22 21:04:03,2025-05-22 21:39:03,35,On Time,2.87
2321,2593,374,2025-05-29 11:07:26,2025-05-29 11:56:26,49,Late,10.89
2322,2594,4,2025-03-31 12:33:29,2025-03-31 13:27:29,54,Late,5.12
2323,2595,288,2025-11-19 15:14:11,2025-11-19 15:29:11,15,Early,7.75
2324,2596,376,2025-06-18 21:58:01,2025-06-18 22:20:01,22,On Time,13.36
2325,2597,459,2025-07-17 21:13:35,2025-07-17 22:12:35,59,Late,10.25
2326,2598,378,2025-03-10 10:19:50,2025-03-10 10:56:50,37,Late,7.84
2327,2600,381,2025-03-18 21:10:27,2025-03-18 21:35:27,25,On Time,3.91
2328,2601,52,2025-06-18 21:01:47,2025-06-18 21:31:47,30,On Time,7.54
2329,2602,312,2025-02-15 00:44:47,2025-02-15 01:39:47,55,Late,5.49
2330,2604,442,2025-03-15 20:50:16,2025-03-15 21:39:16,49,Late,10.39
2331,2605,293,2025-11-26 13:00:28,2025-11-26 13:39:28,39,On Time,13.64
2332,2606,336,2025-01-29 17:39:30,2025-01-29 18:32:30,53,Late,6.69
2333,2607,367,2025-11-19 15:56:05,2025-11-19 16:43:05,47,Late,14.62
2334,2608,288,2025-07-04 08:38:58,2025-07-04 08:53:58,15,Early,5.32
2335,2609,425,2025-01-13 19:26:31,2025-01-13 19:44:31,18,Early,2.34
2336,2610,489,2025-02-18 22:31:59,2025-02-18 23:30:59,59,Late,12.73
2337,2611,414,2025-10-31 20:34:03,2025-10-31 21:04:03,30,On Time,1.74
2338,2612,311,2025-08-25 11:41:41,2025-08-25 11:59:41,18,Early,2.71
2339,2613,135,2025-05-21 13:29:05,2025-05-21 13:53:05,24,On Time,7.46
2340,2614,387,2025-06-24 10:00:26,2025-06-24 10:16:26,16,Early,14.98
2341,2615,32,2025-10-05 22:03:53,2025-10-05 23:01:53,58,Late,14.57
2342,2616,332,2025-05-21 19:54:38,2025-05-21 20:19:38,25,On Time,13.9
2343,2617,357,2025-07-13 07:34:44,2025-07-13 08:08:44,34,Late,1.73
2344,2618,484,2025-12-29 17:49:39,2025-12-29 18:10:39,21,On Time,14.52
2345,2619,355,2025-12-14 11:08:45,2025-12-14 11:55:45,47,Late,9.46
2346,2620,353,2025-07-03 12:01:13,2025-07-03 12:18:13,17,Early,7.96
2347,2622,171,2025-10-29 21:09:12,2025-10-29 21:46:12,37,Late,8.63
2348,2623,434,2025-05-01 20:06:06,2025-05-01 21:06:06,60,Late,10.79
2349,2624,133,2025-03-05 19:52:35,2025-03-05 20:39:35,47,Late,8.01
2350,2625,415,2025-04-16 18:56:02,2025-04-16 19:46:02,50,Late,9.11
2351,2627,410,2025-09-16 00:46:38,2025-09-16 01:37:38,51,Late,8.65
2352,2628,124,2025-05-20 12:57:26,2025-05-20 13:52:26,55,Late,5.06
2353,2629,415,2025-02-16 15:19:55,2025-02-16 16:00:55,41,Late,10.64
2354,2630,174,2025-07-27 21:13:06,2025-07-27 21:54:06,41,Late,4.07
2355,2631,418,2025-01-30 19:48:06,2025-01-30 20:33:06,45,Late,3.16
2356,2632,349,2025-03-07 12:44:31,2025-03-07 13:10:31,26,On Time,13.49
2357,2633,252,2025-07-05 19:14:00,2025-07-05 19:54:00,40,On Time,7.34
2358,2634,24,2025-11-03 18:49:57,2025-11-03 19:33:57,44,Late,5.21
2359,2635,77,2025-04-21 12:31:21,2025-04-21 12:54:21,23,On Time,14.66
2360,2636,473,2025-11-15 19:33:40,2025-11-15 19:55:40,22,On Time,5.98
2361,2637,79,2025-12-12 13:43:25,2025-12-12 14:21:25,38,Late,3.32
2362,2638,438,2025-05-28 14:16:37,2025-05-28 15:16:37,60,Late,7.44
2363,2639,404,2025-02-08 19:42:00,2025-02-08 20:41:00,59,Late,4.46
2364,2641,21,2025-08-27 12:47:48,2025-08-27 13:06:48,19,Early,3.23
2365,2642,20,2025-09-20 20:03:17,2025-09-20 21:01:17,58,Late,2.89
2366,2643,482,2025-10-04 21:45:09,2025-10-04 22:16:09,31,Late,2.01
2367,2644,374,2025-06-12 22:32:14,2025-06-12 23:23:14,51,Late,4.26
2368,2645,427,2025-04-06 22:12:52,2025-04-06 22:28:52,16,Early,8.25
2369,2646,68,2025-09-19 22:50:19,2025-09-19 23:05:19,15,Early,8.35
2370,2647,325,2025-06-21 19:37:27,2025-06-21 20:15:27,38,Late,10.26
2371,2648,25,2025-09-24 16:43:01,2025-09-24 17:32:01,49,Late,14.93
2372,2650,262,2025-12-16 19:53:06,2025-12-16 20:28:06,35,On Time,3.87
2373,2651,31,2025-07-09 20:24:35,2025-07-09 20:49:35,25,On Time,10.15
2374,2652,209,2025-05-02 15:12:42,2025-05-02 15:38:42,26,On Time,12.03
2375,2653,165,2025-01-20 10:41:18,2025-01-20 11:12:18,31,On Time,12.43
2376,2654,151,2025-02-20 20:51:23,2025-02-20 21:19:23,28,On Time,9.18
2377,2655,362,2025-10-04 21:47:27,2025-10-04 22:16:27,29,On Time,10.71
2378,2656,231,2025-06-18 15:26:03,2025-06-18 15:59:03,33,On Time,10.09
2379,2657,377,2025-12-22 12:47:50,2025-12-22 13:08:50,21,On Time,6.2
2380,2658,22,2025-02-28 20:13:17,2025-02-28 20:44:17,31,Late,6.64
2381,2659,373,2025-05-18 08:19:45,2025-05-18 08:42:45,23,On Time,6.54
2382,2660,41,2025-03-06 20:06:13,2025-03-06 20:50:13,44,Late,12.54
2383,2661,399,2025-05-19 10:06:21,2025-05-19 10:56:21,50,Late,12.84
2384,2662,439,2025-04-04 19:30:41,2025-04-04 20:05:41,35,On Time,2.85
2385,2664,311,2025-01-19 19:43:01,2025-01-19 20:12:01,29,On Time,5.15
2386,2665,53,2025-07-06 13:09:19,2025-07-06 14:08:19,59,Late,3.56
2387,2666,116,2025-08-14 18:39:25,2025-08-14 18:56:25,17,Early,4.89
2388,2667,457,2025-12-27 19:49:32,2025-12-27 20:41:32,52,Late,5.47
2389,2668,458,2025-04-05 13:05:06,2025-04-05 13:34:06,29,On Time,1.55
2390,2669,215,2025-06-14 13:47:42,2025-06-14 14:34:42,47,Late,10.55
2391,2670,257,2025-09-01 20:52:24,2025-09-01 21:30:24,38,Late,4.51
2392,2671,466,2025-04-24 08:22:00,2025-04-24 08:58:00,36,Late,9.15
2393,2673,206,2025-07-08 21:35:42,2025-07-08 21:50:42,15,Early,6.87
2394,2674,184,2025-08-30 13:54:23,2025-08-30 14:18:23,24,On Time,4.56
2395,2675,262,2025-11-04 16:33:03,2025-11-04 17:14:03,41,Late,11.48
2396,2678,320,2025-07-12 22:29:35,2025-07-12 23:26:35,57,Late,3.78
2397,2679,498,2025-08-09 11:55:10,2025-08-09 12:34:10,39,On Time,14.08
2398,2680,479,2025-12-15 20:13:56,2025-12-15 20:54:56,41,Late,4.94
2399,2681,220,2025-07-22 22:18:20,2025-07-22 23:17:20,59,Late,5.04
2400,2683,170,2025-11-27 16:41:54,2025-11-27 17:37:54,56,Late,14.75
2401,2685,41,2025-02-02 20:55:44,2025-02-02 21:35:44,40,On Time,4.22
2402,2686,45,2025-06-17 16:40:37,2025-06-17 17:36:37,56,Late,7.96
2403,2687,124,2025-12-30 14:03:03,2025-12-30 14:54:03,51,Late,10.79
2404,2688,493,2025-11-03 19:45:50,2025-11-03 20:07:50,22,On Time,9.48
2405,2689,369,2025-07-22 20:59:42,2025-07-22 21:17:42,18,Early,6.34
2406,2690,349,2025-07-30 20:28:51,2025-07-30 21:18:51,50,Late,10.0
2407,2691,145,2025-08-18 19:42:36,2025-08-18 20:17:36,35,Late,3.99
2408,2692,450,2025-04-10 14:05:45,2025-04-10 14:20:45,15,Early,6.63
2409,2693,217,2025-08-19 21:03:47,2025-08-19 22:01:47,58,Late,12.88
2410,2694,217,2025-10-27 15:21:34,2025-10-27 16:13:34,52,Late,11.87
2411,2695,2,2025-09-10 13:47:07,2025-09-10 14:17:07,30,On Time,10.75
2412,2696,207,2025-04-08 11:58:02,2025-04-08 12:25:02,27,On Time,6.13
2413,2697,217,2025-05-20 08:54:28,2025-05-20 09:13:28,19,Early,12.48
2414,2698,192,2025-11-21 15:55:35,2025-11-21 16:11:35,16,Early,11.49
2415,2699,335,2025-05-03 22:44:20,2025-05-03 23:15:20,31,On Time,9.03
2416,2700,208,2025-12-14 18:51:13,2025-12-14 19:43:13,52,Late,10.26
2417,2701,257,2025-10-30 12:00:24,2025-10-30 12:42:24,42,Late,12.08
2418,2702,301,2025-04-03 07:42:34,2025-04-03 08:40:34,58,Late,11.64
2419,2703,437,2025-10-23 21:29:06,2025-10-23 22:00:06,31,Late,10.3
2420,2704,130,2025-02-01 18:53:02,2025-02-01 19:44:02,51,Late,3.83
2421,2705,416,2025-04-14 20:58:34,2025-04-14 21:48:34,50,Late,10.62
2422,2706,481,2025-01-16 14:19:07,2025-01-16 15:08:07,49,Late,11.45
2423,2707,355,2025-06-21 17:44:46,2025-06-21 18:16:46,32,Late,9.08
2424,2709,284,2025-09-30 18:35:44,2025-09-30 19:07:44,32,Late,11.06
2425,2710,472,2025-04-04 13:05:34,2025-04-04 13:24:34,19,Early,8.3
2426,2711,141,2025-12-09 14:17:00,2025-12-09 15:05:00,48,Late,11.59
2427,2712,26,2025-10-13 19:40:33,2025-10-13 20:16:33,36,Late,5.31
2428,2713,447,2025-12-27 08:31:07,2025-12-27 09:06:07,35,On Time,11.63
2429,2714,187,2025-09-22 13:02:26,2025-09-22 13:48:26,46,Late,4.25
2430,2715,140,2025-12-04 20:15:59,2025-12-04 20:59:59,44,Late,4.65
2431,2717,48,2025-12-09 06:20:24,2025-12-09 06:44:24,24,On Time,6.26
2432,2718,348,2025-07-29 14:12:18,2025-07-29 14:30:18,18,Early,13.95
2433,2719,414,2025-08-14 08:54:40,2025-08-14 09:52:40,58,Late,10.8
2434,2720,177,2025-12-23 13:36:31,2025-12-23 14:24:31,48,Late,10.01
2435,2721,107,2025-11-05 14:38:40,2025-11-05 14:56:40,18,Early,12.68
2436,2722,5,2025-12-28 20:55:51,2025-12-28 21:14:51,19,Early,14.0
2437,2723,293,2025-04-16 09:51:50,2025-04-16 10:06:50,15,Early,14.99
2438,2724,332,2025-11-02 21:02:19,2025-11-02 21:31:19,29,On Time,1.92
2439,2725,369,2025-10-21 00:03:11,2025-10-21 00:49:11,46,Late,13.76
2440,2726,495,2025-09-26 21:28:05,2025-09-26 21:52:05,24,On Time,4.17
2441,2728,382,2025-01-14 19:23:49,2025-01-14 20:08:49,45,Late,1.96
2442,2730,190,2025-10-21 22:13:00,2025-10-21 22:57:00,44,Late,4.4
2443,2731,285,2025-12-11 22:09:11,2025-12-11 22:42:11,33,On Time,7.12
2444,2732,446,2025-01-31 09:31:34,2025-01-31 09:47:34,16,Early,14.18
2445,2733,46,2025-02-09 23:46:31,2025-02-10 00:26:31,40,On Time,1.58
2446,2734,252,2025-10-27 20:03:10,2025-10-27 20:39:10,36,Late,9.67
2447,2735,354,2025-05-05 13:18:06,2025-05-05 14:01:06,43,Late,3.52
2448,2736,146,2025-09-05 00:52:32,2025-09-05 01:11:32,19,Early,7.18
2449,2738,207,2025-12-18 20:06:01,2025-12-18 20:45:01,39,Late,13.11
2450,2739,224,2025-01-04 19:43:51,2025-01-04 20:03:51,20,Early,9.49
2451,2740,93,2025-01-15 21:47:38,2025-01-15 22:16:38,29,On Time,2.51
2452,2741,350,2025-03-24 19:26:50,2025-03-24 20:08:50,42,Late,4.66
2453,2742,281,2025-03-07 06:17:07,2025-03-07 06:36:07,19,Early,10.0
2454,2743,33,2025-05-16 12:07:31,2025-05-16 13:07:31,60,Late,2.19
2455,2744,38,2025-02-10 18:46:00,2025-02-10 19:02:00,16,Early,10.47
2456,2745,381,2025-03-24 08:43:33,2025-03-24 09:16:33,33,On Time,8.15
2457,2746,52,2025-11-04 07:34:42,2025-11-04 08:25:42,51,Late,6.22
2458,2747,474,2025-10-04 12:54:01,2025-10-04 13:31:01,37,On Time,11.83
2459,2748,462,2025-12-06 15:35:32,2025-12-06 16:02:32,27,On Time,13.9
2460,2749,442,2025-12-06 23:39:39,2025-12-07 00:02:39,23,On Time,14.82
2461,2750,117,2025-10-14 23:07:54,2025-10-14 23:55:54,48,Late,3.44
2462,2751,403,2025-11-15 18:18:58,2025-11-15 19:06:58,48,Late,2.84
2463,2752,104,2025-08-08 12:47:27,2025-08-08 13:14:27,27,On Time,5.27
2464,2753,58,2025-03-06 21:52:32,2025-03-06 22:13:32,21,On Time,3.07
2465,2754,355,2025-12-11 16:01:41,2025-12-11 16:52:41,51,Late,13.03
2466,2755,203,2025-08-19 10:33:00,2025-08-19 10:48:00,15,Early,6.01
2467,2756,416,2025-08-02 17:59:11,2025-08-02 18:30:11,31,On Time,9.35
2468,2757,226,2025-05-10 23:07:20,2025-05-10 23:29:20,22,On Time,10.62
2469,2758,208,2025-09-27 12:51:56,2025-09-27 13:37:56,46,Late,3.12
2470,2759,352,2025-07-03 12:07:06,2025-07-03 12:25:06,18,Early,2.61
2471,2760,163,2025-02-25 21:00:13,2025-02-25 21:21:13,21,On Time,11.36
2472,2761,261,2025-03-14 06:43:33,2025-03-14 07:04:33,21,On Time,2.99
2473,2762,118,2025-02-10 17:23:01,2025-02-10 18:04:01,41,Late,6.37
2474,2763,420,2025-12-27 21:09:10,2025-12-27 21:58:10,49,Late,3.65
2475,2764,264,2025-06-23 20:27:21,2025-06-23 21:19:21,52,Late,9.52
2476,2766,338,2025-11-20 17:49:22,2025-11-20 18:30:22,41,Late,2.72
2477,2767,406,2025-08-29 15:41:37,2025-08-29 16:30:37,49,Late,14.25
2478,2768,348,2025-03-10 21:54:58,2025-03-10 22:43:58,49,Late,4.88
2479,2769,449,2025-10-24 19:27:13,2025-10-24 20:09:13,42,Late,10.14
2480,2770,33,2025-06-30 20:30:53,2025-06-30 21:17:53,47,Late,3.66
2481,2771,140,2025-04-01 20:49:23,2025-04-01 21:42:23,53,Late,3.4
2482,2772,336,2025-10-11 12:49:24,2025-10-11 13:34:24,45,Late,3.62
2483,2773,372,2025-01-22 08:51:09,2025-01-22 09:19:09,28,On Time,14.19
2484,2774,419,2025-03-30 12:37:15,2025-03-30 13:02:15,25,On Time,2.17
2485,2775,210,2025-07-16 08:26:40,2025-07-16 09:16:40,50,Late,7.99
2486,2777,138,2025-07-29 21:50:47,2025-07-29 22:20:47,30,On Time,8.4
2487,2778,273,2025-05-06 20:30:28,2025-05-06 21:03:28,33,Late,14.87
2488,2779,492,2025-09-01 22:48:30,2025-09-01 23:07:30,19,Early,12.83
2489,2780,74,2025-04-10 16:22:50,2025-04-10 16:54:50,32,On Time,2.25
2490,2781,296,2025-04-20 11:18:40,2025-04-20 11:51:40,33,Late,3.83
2491,2782,195,2025-05-27 11:41:05,2025-05-27 12:04:05,23,On Time,3.52
2492,2783,277,2025-04-17 19:23:51,2025-04-17 19:56:51,33,On Time,5.28
2493,2784,204,2025-11-04 00:20:20,2025-11-04 00:51:20,31,On Time,12.54
2494,2785,243,2025-11-29 13:42:32,2025-11-29 14:06:32,24,On Time,12.1
2495,2787,230,2025-08-18 18:26:32,2025-08-18 18:50:32,24,On Time,13.11
2496,2788,371,2025-08-27 13:36:19,2025-08-27 14:32:19,56,Late,8.79
2497,2789,253,2025-04-29 13:31:39,2025-04-29 13:50:39,19,Early,13.59
2498,2790,489,2025-06-04 22:05:36,2025-06-04 23:00:36,55,Late,7.31
2499,2791,240,2025-10-28 00:15:05,2025-10-28 00:57:05,42,Late,9.07
2500,2794,357,2025-05-27 21:17:36,2025-05-27 22:15:36,58,Late,11.82
2501,2795,93,2025-05-22 12:24:48,2025-05-22 13:16:48,52,Late,1.75
2502,2797,107,2025-04-08 09:45:20,2025-04-08 10:39:20,54,Late,11.0
2503,2798,266,2025-05-20 17:06:21,2025-05-20 17:56:21,50,Late,9.92
2504,2799,284,2025-09-30 08:33:28,2025-09-30 09:24:28,51,Late,8.01
2505,2800,466,2025-11-24 19:54:20,2025-11-24 20:15:20,21,On Time,14.62
2506,2801,408,2025-06-21 09:34:23,2025-06-21 10:30:23,56,Late,10.66
2507,2802,253,2025-03-20 11:25:16,2025-03-20 11:45:16,20,Early,8.19
2508,2803,84,2025-05-27 21:23:25,2025-05-27 22:20:25,57,Late,5.77
2509,2804,417,2025-09-29 14:00:27,2025-09-29 14:26:27,26,On Time,14.86
2510,2805,159,2025-12-13 16:31:34,2025-12-13 16:46:34,15,Early,6.4
2511,2806,500,2025-08-13 13:43:23,2025-08-13 14:42:23,59,Late,14.46
2512,2809,448,2025-06-04 17:49:36,2025-06-04 18:25:36,36,Late,12.35
2513,2811,258,2025-02-09 15:46:20,2025-02-09 16:25:20,39,Late,7.64
2514,2812,14,2025-03-12 19:26:48,2025-03-12 20:21:48,55,Late,2.74
2515,2813,229,2025-09-23 11:19:11,2025-09-23 12:09:11,50,Late,3.17
2516,2814,31,2025-11-02 13:50:37,2025-11-02 14:25:37,35,On Time,6.89
2517,2815,304,2025-06-13 21:17:17,2025-06-13 21:33:17,16,Early,1.58
2518,2816,150,2025-06-27 13:18:20,2025-06-27 13:53:20,35,Late,14.27
2519,2817,422,2025-08-10 22:52:58,2025-08-10 23:22:58,30,On Time,2.72
2520,2818,170,2025-10-21 14:53:28,2025-10-21 15:25:28,32,On Time,10.32
2521,2819,442,2025-11-13 11:54:20,2025-11-13 12:15:20,21,On Time,9.87
2522,2820,320,2025-11-21 16:46:57,2025-11-21 17:27:57,41,Late,9.14
2523,2821,82,2025-05-08 12:07:04,2025-05-08 12:41:04,34,Late,7.11
2524,2822,21,2025-03-22 16:31:18,2025-03-22 16:47:18,16,Early,10.53
2525,2823,337,2025-03-13 14:53:27,2025-03-13 15:29:27,36,On Time,14.73
2526,2824,431,2025-04-04 19:30:12,2025-04-04 20:27:12,57,Late,1.89
2527,2825,450,2025-05-09 12:19:33,2025-05-09 12:45:33,26,On Time,6.66
2528,2826,408,2025-05-21 21:41:07,2025-05-21 22:37:07,56,Late,5.21
2529,2827,417,2025-06-22 22:20:56,2025-06-22 22:39:56,19,Early,9.38
2530,2828,223,2025-11-21 19:24:57,2025-11-21 19:40:57,16,Early,7.79
2531,2829,101,2025-03-23 12:54:53,2025-03-23 13:14:53,20,Early,6.39
2532,2831,230,2025-05-16 14:01:47,2025-05-16 15:00:47,59,Late,8.55
2533,2832,102,2025-02-09 14:18:19,2025-02-09 14:39:19,21,On Time,8.7
2534,2833,300,2025-08-03 20:34:35,2025-08-03 21:23:35,49,Late,12.23
2535,2834,126,2025-06-04 21:27:15,2025-06-04 22:14:15,47,Late,14.13
2536,2835,425,2025-08-09 21:27:45,2025-08-09 22:08:45,41,Late,2.43
2537,2836,100,2025-08-17 11:51:36,2025-08-17 12:51:36,60,Late,13.66
2538,2837,430,2025-09-17 18:52:30,2025-09-17 19:32:30,40,On Time,7.0
2539,2838,451,2025-03-01 13:52:47,2025-03-01 14:32:47,40,Late,6.35
2540,2839,485,2025-05-31 12:26:07,2025-05-31 13:22:07,56,Late,7.95
2541,2840,18,2025-06-26 20:37:31,2025-06-26 21:30:31,53,Late,9.58
2542,2843,469,2025-08-02 20:10:40,2025-08-02 20:25:40,15,Early,4.07
2543,2844,305,2025-06-22 21:14:00,2025-06-22 21:42:00,28,On Time,11.91
2544,2845,464,2025-02-02 19:58:57,2025-02-02 20:32:57,34,On Time,7.9
2545,2846,428,2025-05-20 18:28:21,2025-05-20 19:19:21,51,Late,4.88
2546,2847,489,2025-02-03 17:24:06,2025-02-03 18:12:06,48,Late,4.06
2547,2848,451,2025-05-21 20:16:48,2025-05-21 20:51:48,35,On Time,2.95
2548,2849,364,2025-10-27 18:20:14,2025-10-27 18:41:14,21,On Time,3.01
2549,2850,259,2025-12-25 07:51:11,2025-12-25 08:23:11,32,Late,7.45
2550,2851,433,2025-12-22 11:06:50,2025-12-22 11:46:50,40,Late,3.9
2551,2853,162,2025-06-08 12:40:07,2025-06-08 13:19:07,39,On Time,4.24
2552,2854,381,2025-05-01 18:36:22,2025-05-01 18:53:22,17,Early,7.85
2553,2856,31,2025-02-24 13:57:00,2025-02-24 14:15:00,18,Early,12.3
2554,2857,468,2025-06-16 21:07:43,2025-06-16 21:35:43,28,On Time,1.86
2555,2858,54,2025-07-18 20:34:43,2025-07-18 20:53:43,19,Early,7.35
2556,2859,463,2025-08-15 15:18:17,2025-08-15 16:11:17,53,Late,12.89
2557,2861,116,2025-02-17 16:42:35,2025-02-17 16:57:35,15,Early,2.94
2558,2863,205,2025-10-30 22:05:41,2025-10-30 22:20:41,15,Early,9.43
2559,2864,191,2025-09-28 15:53:36,2025-09-28 16:22:36,29,On Time,14.16
2560,2865,142,2025-07-31 15:10:50,2025-07-31 15:43:50,33,On Time,14.97
2561,2866,262,2025-10-01 20:21:45,2025-10-01 21:21:45,60,Late,1.81
2562,2867,33,2025-06-17 19:30:56,2025-06-17 20:27:56,57,Late,5.02
2563,2868,99,2025-09-22 08:50:41,2025-09-22 09:32:41,42,Late,3.82
2564,2869,36,2025-01-12 23:34:32,2025-01-13 00:33:32,59,Late,8.48
2565,2870,414,2025-06-21 20:51:50,2025-06-21 21:08:50,17,Early,11.62
2566,2872,135,2025-01-31 12:49:24,2025-01-31 13:49:24,60,Late,13.53
2567,2873,325,2025-07-25 12:42:11,2025-07-25 13:28:11,46,Late,13.33
2568,2874,370,2025-10-24 13:06:38,2025-10-24 13:40:38,34,Late,9.77
2569,2875,227,2025-12-21 21:13:05,2025-12-21 21:28:05,15,Early,10.66
2570,2876,216,2025-02-06 13:57:03,2025-02-06 14:56:03,59,Late,5.92
2571,2877,255,2025-04-05 08:12:56,2025-04-05 08:37:56,25,On Time,13.15
2572,2878,181,2025-04-02 09:15:21,2025-04-02 09:49:21,34,On Time,2.44
2573,2879,403,2025-11-22 07:59:32,2025-11-22 08:55:32,56,Late,5.18
2574,2881,409,2025-11-16 12:01:44,2025-11-16 12:30:44,29,On Time,7.11
2575,2882,180,2025-11-08 13:58:51,2025-11-08 14:15:51,17,Early,12.61
2576,2883,462,2025-09-26 12:55:49,2025-09-26 13:15:49,20,Early,4.13
2577,2884,437,2025-01-05 11:37:45,2025-01-05 11:54:45,17,Early,2.16
2578,2885,201,2025-08-12 21:29:01,2025-08-12 22:02:01,33,Late,7.66
2579,2886,260,2025-12-24 18:29:01,2025-12-24 19:28:01,59,Late,6.09
2580,2887,449,2025-04-08 21:39:37,2025-04-08 21:54:37,15,Early,7.24
2581,2888,241,2025-12-05 00:17:46,2025-12-05 00:39:46,22,On Time,6.11
2582,2889,326,2025-05-11 11:41:06,2025-05-11 12:37:06,56,Late,4.46
2583,2890,280,2025-12-25 12:35:32,2025-12-25 13:03:32,28,On Time,6.57
2584,2891,140,2025-04-30 23:26:01,2025-05-01 00:26:01,60,Late,4.57
2585,2892,112,2025-06-01 20:33:13,2025-06-01 21:14:13,41,Late,11.79
2586,2893,279,2025-08-23 08:33:38,2025-08-23 09:33:38,60,Late,8.03
2587,2894,224,2025-02-03 14:10:36,2025-02-03 14:25:36,15,Early,9.3
2588,2896,177,2025-02-21 11:30:22,2025-02-21 11:58:22,28,On Time,8.36
2589,2897,173,2025-06-06 10:31:17,2025-06-06 11:13:17,42,Late,4.89
2590,2898,127,2025-06-12 16:12:01,2025-06-12 17:07:01,55,Late,8.31
2591,2899,467,2025-09-24 20:35:07,2025-09-24 21:24:07,49,Late,11.41
2592,2900,265,2025-05-01 22:58:22,2025-05-01 23:55:22,57,Late,3.68
2593,2901,281,2025-08-28 19:09:29,2025-08-28 19:43:29,34,Late,7.23
2594,2902,409,2025-10-27 11:58:25,2025-10-27 12:28:25,30,On Time,11.76
2595,2904,64,2025-10-18 12:23:36,2025-10-18 12:42:36,19,Early,4.51
2596,2905,350,2025-04-17 19:33:30,2025-04-17 20:01:30,28,On Time,14.78
2597,2906,424,2025-03-14 17:11:31,2025-03-14 17:30:31,19,Early,13.65
2598,2907,382,2025-07-11 12:38:02,2025-07-11 13:17:02,39,On Time,3.47
2599,2908,33,2025-11-11 14:04:33,2025-11-11 14:32:33,28,On Time,3.53
2600,2909,385,2025-08-25 20:06:32,2025-08-25 20:30:32,24,On Time,7.6
2601,2910,152,2025-06-24 15:27:12,2025-06-24 16:12:12,45,Late,3.21
2602,2911,6,2025-10-31 11:43:51,2025-10-31 12:28:51,45,Late,13.51
2603,2912,364,2025-10-26 23:02:29,2025-10-27 00:00:29,58,Late,6.96
2604,2913,310,2025-02-15 11:57:58,2025-02-15 12:39:58,42,Late,3.55
2605,2914,352,2025-12-13 13:42:52,2025-12-13 14:21:52,39,On Time,8.81
2606,2915,326,2025-12-27 18:32:07,2025-12-27 19:25:07,53,Late,14.53
2607,2916,343,2025-06-14 21:13:45,2025-06-14 22:10:45,57,Late,3.86
2608,2917,214,2025-01-29 22:35:33,2025-01-29 23:23:33,48,Late,11.42
2609,2918,307,2025-04-25 14:18:30,2025-04-25 14:37:30,19,Early,8.71
2610,2919,297,2025-12-12 19:29:32,2025-12-12 20:09:32,40,Late,11.49
2611,2922,459,2025-03-16 07:51:12,2025-03-16 08:13:12,22,On Time,6.92
2612,2923,397,2025-01-18 14:42:33,2025-01-18 15:09:33,27,On Time,6.23
2613,2924,1,2025-01-11 21:36:49,2025-01-11 21:54:49,18,Early,8.21
2614,2925,465,2025-11-17 08:18:40,2025-11-17 09:17:40,59,Late,3.74
2615,2926,58,2025-12-17 23:33:15,2025-12-18 00:06:15,33,On Time,13.09
2616,2927,235,2025-04-19 00:02:57,2025-04-19 00:31:57,29,On Time,5.22
2617,2928,247,2025-12-05 20:33:49,2025-12-05 21:18:49,45,Late,7.1
2618,2929,63,2025-08-13 15:58:02,2025-08-13 16:37:02,39,Late,5.84
2619,2930,195,2025-01-05 20:19:12,2025-01-05 21:12:12,53,Late,12.43
2620,2931,408,2025-04-04 11:57:48,2025-04-04 12:43:48,46,Late,2.31
2621,2932,371,2025-06-12 17:30:33,2025-06-12 17:45:33,15,Early,13.31
2622,2933,416,2025-04-15 20:42:41,2025-04-15 21:21:41,39,On Time,2.17
2623,2934,94,2025-08-06 08:41:37,2025-08-06 09:10:37,29,On Time,11.24
2624,2935,146,2025-09-12 13:09:56,2025-09-12 13:40:56,31,On Time,3.56
2625,2936,191,2025-10-30 10:43:22,2025-10-30 10:59:22,16,Early,12.47
2626,2937,263,2025-01-11 20:16:24,2025-01-11 20:52:24,36,On Time,6.11
2627,2938,473,2025-10-27 23:37:59,2025-10-28 00:26:59,49,Late,11.95
2628,2939,447,2025-05-09 14:45:22,2025-05-09 15:21:22,36,Late,2.32
2629,2940,129,2025-06-29 23:02:00,2025-06-29 23:20:00,18,Early,11.22
2630,2941,231,2025-10-09 19:31:24,2025-10-09 20:17:24,46,Late,7.08
2631,2942,406,2025-10-20 21:58:20,2025-10-20 22:41:20,43,Late,4.11
2632,2943,79,2025-03-24 20:11:24,2025-03-24 21:03:24,52,Late,3.59
2633,2944,433,2025-08-11 19:51:38,2025-08-11 20:13:38,22,On Time,3.7
2634,2945,102,2025-01-19 13:25:27,2025-01-19 13:40:27,15,Early,7.92
2635,2946,394,2025-04-27 19:00:55,2025-04-27 19:17:55,17,Early,6.85
2636,2947,173,2025-12-19 17:51:55,2025-12-19 18:50:55,59,Late,10.82
2637,2949,222,2025-10-18 20:32:39,2025-10-18 21:04:39,32,On Time,10.61
2638,2950,36,2025-10-18 23:13:44,2025-10-19 00:03:44,50,Late,3.68
2639,2951,290,2025-10-27 18:44:51,2025-10-27 19:16:51,32,Late,5.56
2640,2952,26,2025-08-25 08:32:31,2025-08-25 09:29:31,57,Late,8.8
2641,2953,37,2025-10-12 18:20:48,2025-10-12 18:50:48,30,On Time,12.84
2642,2954,379,2025-09-17 21:39:52,2025-09-17 22:00:52,21,On Time,1.78
2643,2955,500,2025-09-07 22:55:05,2025-09-07 23:49:05,54,Late,10.15
2644,2956,244,2025-07-27 21:58:43,2025-07-27 22:39:43,41,Late,9.03
2645,2957,331,2025-11-23 13:33:59,2025-11-23 14:28:59,55,Late,12.64
2646,2958,340,2025-12-18 08:49:02,2025-12-18 09:34:02,45,Late,14.52
2647,2959,224,2025-06-04 21:09:11,2025-06-04 22:08:11,59,Late,3.68
2648,2960,165,2025-04-13 22:33:26,2025-04-13 23:21:26,48,Late,2.9
2649,2962,413,2025-12-27 21:42:07,2025-12-27 22:35:07,53,Late,8.91
2650,2963,355,2025-08-03 11:24:25,2025-08-03 11:40:25,16,Early,7.22
2651,2964,10,2025-10-06 12:01:30,2025-10-06 12:26:30,25,On Time,8.55
2652,2966,121,2025-07-11 08:26:22,2025-07-11 09:17:22,51,Late,8.11
2653,2967,267,2025-04-20 14:06:59,2025-04-20 14:52:59,46,Late,5.08
2654,2968,500,2025-05-31 13:30:18,2025-05-31 14:07:18,37,Late,4.08
2655,2969,310,2025-12-09 19:34:28,2025-12-09 20:14:28,40,Late,14.49
2656,2970,59,2025-05-28 17:32:24,2025-05-28 18:20:24,48,Late,10.32
2657,2971,226,2025-07-28 20:02:25,2025-07-28 20:43:25,41,Late,12.97
2658,2972,285,2025-04-28 17:09:57,2025-04-28 17:57:57,48,Late,4.59
2659,2973,194,2025-12-23 08:24:31,2025-12-23 08:48:31,24,On Time,4.67
2660,2975,278,2025-12-12 08:12:42,2025-12-12 09:10:42,58,Late,10.18
2661,2976,489,2025-03-13 18:14:09,2025-03-13 18:39:09,25,On Time,13.09
2662,2977,106,2025-06-17 13:33:08,2025-06-17 14:07:08,34,Late,5.94
2663,2978,442,2025-06-13 11:27:53,2025-06-13 12:13:53,46,Late,7.87
2664,2979,355,2025-11-01 19:45:42,2025-11-01 20:04:42,19,Early,9.61
2665,2980,496,2025-12-22 22:54:40,2025-12-22 23:39:40,45,Late,12.52
2666,2981,470,2025-09-06 11:33:00,2025-09-06 12:12:00,39,Late,12.55
2667,2982,492,2025-09-30 20:37:26,2025-09-30 21:03:26,26,On Time,3.31
2668,2983,341,2025-12-25 18:24:19,2025-12-25 19:00:19,36,Late,1.65
2669,2984,461,2025-09-09 17:22:21,2025-09-09 17:38:21,16,Early,7.77
2670,2985,454,2025-10-03 13:11:08,2025-10-03 13:51:08,40,Late,6.21
2671,2986,432,2025-06-03 20:40:12,2025-06-03 21:21:12,41,Late,10.59
2672,2987,188,2025-04-27 22:52:07,2025-04-27 23:29:07,37,On Time,11.62
2673,2988,79,2025-03-05 13:27:43,2025-03-05 14:25:43,58,Late,8.91
2674,2989,129,2025-08-10 15:53:28,2025-08-10 16:20:28,27,On Time,12.92
2675,2990,72,2025-02-15 12:34:11,2025-02-15 12:50:11,16,Early,12.87
2676,2991,66,2025-07-17 23:18:28,2025-07-17 23:54:28,36,Late,9.39
2677,2992,419,2025-04-08 21:50:06,2025-04-08 22:49:06,59,Late,12.14
2678,2993,387,2025-07-15 13:56:44,2025-07-15 14:40:44,44,Late,4.07
2679,2995,42,2025-11-11 20:21:08,2025-11-11 20:54:08,33,Late,6.28
2680,2996,45,2025-07-14 21:06:02,2025-07-14 21:24:02,18,Early,2.89
2681,2997,276,2025-08-18 07:28:46,2025-08-18 08:21:46,53,Late,5.03
2682,3000,462,2025-08-26 14:13:19,2025-08-26 14:52:19,39,On Time,11.36
2683,3001,350,2025-12-19 20:11:39,2025-12-19 21:01:39,50,Late,14.87
2684,3002,156,2025-09-24 11:06:00,2025-09-24 11:24:00,18,Early,6.44
2685,3003,88,2025-07-20 15:33:07,2025-07-20 16:13:07,40,On Time,7.39
2686,3004,259,2025-07-23 13:28:16,2025-07-23 14:21:16,53,Late,12.25
2687,3005,59,2025-01-31 20:06:59,2025-01-31 20:34:59,28,On Time,3.11
2688,3006,259,2025-01-12 21:26:35,2025-01-12 22:16:35,50,Late,9.18
2689,3007,336,2025-04-25 21:31:50,2025-04-25 22:00:50,29,On Time,9.48
2690,3008,210,2025-05-22 20:12:28,2025-05-22 20:30:28,18,Early,10.04
2691,3009,296,2025-07-29 19:10:37,2025-07-29 19:47:37,37,On Time,10.79
2692,3010,204,2025-03-22 21:10:55,2025-03-22 22:10:55,60,Late,11.53
2693,3013,467,2025-05-10 22:10:18,2025-05-10 22:49:18,39,On Time,6.68
2694,3014,231,2025-02-27 21:20:52,2025-02-27 22:06:52,46,Late,3.51
2695,3015,64,2025-11-24 17:23:31,2025-11-24 18:10:31,47,Late,9.78
2696,3016,206,2025-07-23 16:11:51,2025-07-23 16:55:51,44,Late,4.53
2697,3018,453,2025-04-10 10:47:49,2025-04-10 11:02:49,15,Early,2.13
2698,3019,264,2025-08-29 13:28:29,2025-08-29 13:48:29,20,Early,6.48
2699,3021,22,2025-11-11 21:10:10,2025-11-11 21:36:10,26,On Time,10.18
2700,3022,272,2025-10-29 19:37:44,2025-10-29 20:24:44,47,Late,1.64
2701,3026,418,2025-11-27 14:00:28,2025-11-27 14:34:28,34,Late,6.9
2702,3027,66,2025-06-04 19:55:23,2025-06-04 20:31:23,36,On Time,10.78
2703,3029,349,2025-06-04 09:26:04,2025-06-04 10:07:04,41,Late,13.34
2704,3030,156,2025-11-25 12:40:03,2025-11-25 13:02:03,22,On Time,12.9
2705,3031,482,2025-05-26 16:01:50,2025-05-26 16:29:50,28,On Time,13.85
2706,3033,477,2025-07-13 21:21:11,2025-07-13 21:58:11,37,On Time,4.06
2707,3034,208,2025-08-03 14:07:52,2025-08-03 14:39:52,32,Late,9.97
2708,3035,480,2025-05-28 13:36:11,2025-05-28 14:30:11,54,Late,9.14
2709,3036,184,2025-06-09 22:41:21,2025-06-09 23:35:21,54,Late,6.41
2710,3037,233,2025-02-10 07:45:27,2025-02-10 08:20:27,35,On Time,14.51
2711,3038,105,2025-11-27 10:43:46,2025-11-27 11:15:46,32,Late,12.5
2712,3039,405,2025-08-01 15:07:06,2025-08-01 15:25:06,18,Early,11.05
2713,3040,355,2025-10-14 15:33:03,2025-10-14 16:02:03,29,On Time,13.92
2714,3042,418,2025-10-07 21:47:33,2025-10-07 22:28:33,41,Late,13.16
2715,3043,419,2025-08-14 12:09:40,2025-08-14 12:36:40,27,On Time,7.96
2716,3044,2,2025-03-23 11:10:49,2025-03-23 11:38:49,28,On Time,2.95
2717,3045,292,2025-01-25 18:55:35,2025-01-25 19:32:35,37,Late,12.63
2718,3046,88,2025-05-27 10:27:37,2025-05-27 11:16:37,49,Late,3.12
2719,3047,500,2025-04-14 17:40:07,2025-04-14 18:16:07,36,Late,9.35
2720,3048,207,2025-09-07 21:29:02,2025-09-07 22:29:02,60,Late,6.87
2721,3049,450,2025-12-08 20:23:09,2025-12-08 21:09:09,46,Late,7.66
2722,3050,420,2025-06-09 18:51:52,2025-06-09 19:33:52,42,Late,12.09
2723,3052,348,2025-02-23 12:48:43,2025-02-23 13:46:43,58,Late,2.9
2724,3053,309,2025-12-21 20:20:20,2025-12-21 20:49:20,29,On Time,5.88
2725,3054,249,2025-12-05 06:31:39,2025-12-05 07:12:39,41,Late,4.12
2726,3056,466,2025-12-27 11:36:05,2025-12-27 12:03:05,27,On Time,3.39
2727,3057,254,2025-11-22 19:44:30,2025-11-22 20:23:30,39,Late,4.08
2728,3058,185,2025-08-16 10:33:05,2025-08-16 10:59:05,26,On Time,3.99
2729,3059,22,2025-06-11 08:47:20,2025-06-11 09:22:20,35,On Time,7.71
2730,3060,339,2025-06-22 11:32:34,2025-06-22 11:47:34,15,Early,11.04
2731,3061,259,2025-12-20 17:04:06,2025-12-20 17:42:06,38,Late,3.69
2732,3062,23,2025-06-14 20:10:40,2025-06-14 20:50:40,40,Late,2.28
2733,3063,490,2025-07-28 17:44:13,2025-07-28 18:08:13,24,On Time,9.41
2734,3065,322,2025-03-19 22:56:29,2025-03-19 23:12:29,16,Early,4.77
2735,3066,89,2025-03-30 12:46:42,2025-03-30 13:25:42,39,On Time,13.72
2736,3067,257,2025-11-24 13:15:20,2025-11-24 13:49:20,34,On Time,7.56
2737,3069,202,2025-09-06 13:26:44,2025-09-06 14:03:44,37,Late,8.04
2738,3070,427,2025-04-16 16:21:29,2025-04-16 17:01:29,40,On Time,4.43
2739,3071,113,2025-10-10 15:08:45,2025-10-10 16:03:45,55,Late,10.24
2740,3072,150,2025-12-05 09:34:40,2025-12-05 10:32:40,58,Late,9.23
2741,3074,483,2025-02-07 12:54:35,2025-02-07 13:49:35,55,Late,2.92
2742,3075,213,2025-01-21 20:48:18,2025-01-21 21:18:18,30,On Time,7.2
2743,3076,436,2025-01-07 20:10:56,2025-01-07 20:52:56,42,Late,5.96
2744,3077,490,2025-04-19 21:04:23,2025-04-19 21:19:23,15,Early,2.21
2745,3078,349,2025-12-05 06:37:57,2025-12-05 07:34:57,57,Late,5.07
2746,3080,410,2025-07-24 09:19:01,2025-07-24 10:15:01,56,Late,5.06
2747,3081,325,2025-06-03 18:42:07,2025-06-03 19:09:07,27,On Time,5.42
2748,3082,467,2025-05-05 20:07:59,2025-05-05 20:27:59,20,Early,4.26
2749,3083,315,2025-06-17 14:11:31,2025-06-17 14:48:31,37,Late,9.94
2750,3084,457,2025-06-29 07:00:45,2025-06-29 07:55:45,55,Late,8.49
2751,3085,248,2025-11-06 20:22:39,2025-11-06 20:54:39,32,Late,9.69
2752,3087,370,2025-10-06 19:48:44,2025-10-06 20:15:44,27,On Time,1.89
2753,3088,275,2025-03-02 12:31:57,2025-03-02 13:24:57,53,Late,4.36
2754,3089,182,2025-01-30 20:13:35,2025-01-30 20:36:35,23,On Time,14.24
2755,3090,267,2025-01-18 23:33:39,2025-01-19 00:02:39,29,On Time,14.31
2756,3091,479,2025-01-28 22:43:37,2025-01-28 23:08:37,25,On Time,14.56
2757,3093,291,2025-09-14 11:29:41,2025-09-14 12:07:41,38,Late,9.16
2758,3094,409,2025-09-02 11:26:57,2025-09-02 11:51:57,25,On Time,12.16
2759,3095,296,2025-11-13 00:58:02,2025-11-13 01:40:02,42,Late,11.9
2760,3096,393,2025-07-06 11:17:02,2025-07-06 12:16:02,59,Late,8.92
2761,3097,425,2025-12-16 15:04:36,2025-12-16 15:19:36,15,Early,9.72
2762,3098,52,2025-09-26 11:18:19,2025-09-26 11:34:19,16,Early,7.29
2763,3100,412,2025-05-26 12:18:05,2025-05-26 13:00:05,42,Late,11.84
2764,3101,483,2025-06-28 15:41:46,2025-06-28 16:23:46,42,Late,11.21
2765,3102,74,2025-10-27 20:00:05,2025-10-27 20:59:05,59,Late,3.27
2766,3103,401,2025-04-25 19:31:09,2025-04-25 20:00:09,29,On Time,7.13
2767,3104,386,2025-11-12 13:15:23,2025-11-12 14:00:23,45,Late,5.65
2768,3105,39,2025-06-14 13:46:12,2025-06-14 14:11:12,25,On Time,2.6
2769,3106,312,2025-08-27 22:28:33,2025-08-27 22:46:33,18,Early,8.62
2770,3107,273,2025-01-19 08:55:38,2025-01-19 09:43:38,48,Late,4.83
2771,3108,110,2025-08-31 13:31:36,2025-08-31 13:57:36,26,On Time,3.96
2772,3109,107,2025-12-01 18:53:31,2025-12-01 19:38:31,45,Late,12.98
2773,3110,464,2025-10-16 13:00:20,2025-10-16 13:22:20,22,On Time,7.87
2774,3111,257,2025-05-13 21:43:42,2025-05-13 22:24:42,41,Late,14.06
2775,3113,27,2025-12-22 21:43:35,2025-12-22 22:16:35,33,Late,5.68
2776,3114,372,2025-04-15 21:00:44,2025-04-15 21:40:44,40,On Time,14.63
2777,3115,191,2025-03-24 14:37:52,2025-03-24 15:10:52,33,On Time,6.67
2778,3117,292,2025-08-13 22:44:42,2025-08-13 23:23:42,39,On Time,8.19
2779,3118,253,2025-05-07 21:39:59,2025-05-07 22:26:59,47,Late,7.81
2780,3119,469,2025-10-22 15:31:43,2025-10-22 16:21:43,50,Late,6.21
2781,3120,498,2025-11-05 14:20:27,2025-11-05 15:15:27,55,Late,14.97
2782,3121,395,2025-11-10 07:44:35,2025-11-10 08:20:35,36,On Time,11.69
2783,3122,385,2025-10-06 21:20:53,2025-10-06 22:04:53,44,Late,8.88
2784,3123,230,2025-06-11 22:08:24,2025-06-11 23:02:24,54,Late,6.02
2785,3124,474,2025-07-12 15:17:51,2025-07-12 15:54:51,37,On Time,1.53
2786,3125,378,2025-07-06 08:51:49,2025-07-06 09:25:49,34,Late,10.31
2787,3126,150,2025-06-19 14:18:19,2025-06-19 15:03:19,45,Late,10.67
2788,3127,484,2025-08-11 13:57:49,2025-08-11 14:32:49,35,On Time,4.98
2789,3130,299,2025-11-05 10:01:31,2025-11-05 10:20:31,19,Early,4.23
2790,3131,299,2025-08-25 20:09:44,2025-08-25 20:56:44,47,Late,8.55
2791,3132,473,2025-12-27 22:12:53,2025-12-27 23:04:53,52,Late,9.76
2792,3133,258,2025-12-28 20:50:03,2025-12-28 21:20:03,30,On Time,7.38
2793,3134,282,2025-09-15 21:02:36,2025-09-15 21:24:36,22,On Time,8.68
2794,3135,321,2025-12-28 21:30:38,2025-12-28 22:17:38,47,Late,3.56
2795,3136,171,2025-02-26 08:00:39,2025-02-26 08:15:39,15,Early,12.33
2796,3138,359,2025-12-30 20:44:02,2025-12-30 21:21:02,37,On Time,10.74
2797,3139,160,2025-11-04 15:06:38,2025-11-04 15:41:38,35,On Time,2.53
2798,3140,432,2025-08-14 09:32:23,2025-08-14 10:13:23,41,Late,13.39
2799,3141,431,2025-09-06 14:56:09,2025-09-06 15:15:09,19,Early,11.37
2800,3143,394,2025-08-19 20:00:38,2025-08-19 20:29:38,29,On Time,3.14
2801,3144,188,2025-12-05 12:30:37,2025-12-05 13:02:37,32,Late,9.49
2802,3146,112,2025-05-29 11:49:58,2025-05-29 12:24:58,35,On Time,12.11
2803,3147,202,2025-09-29 18:15:17,2025-09-29 18:35:17,20,Early,14.68
2804,3148,359,2025-02-27 16:34:44,2025-02-27 17:27:44,53,Late,5.51
2805,3149,131,2025-10-09 19:49:09,2025-10-09 20:11:09,22,On Time,6.89
2806,3150,124,2025-10-09 21:10:05,2025-10-09 21:44:05,34,On Time,10.35
2807,3152,347,2025-01-21 21:48:59,2025-01-21 22:43:59,55,Late,4.96
2808,3153,108,2025-07-01 14:21:56,2025-07-01 14:44:56,23,On Time,5.81
2809,3154,6,2025-09-12 10:59:07,2025-09-12 11:33:07,34,Late,4.02
2810,3155,494,2025-05-15 11:00:40,2025-05-15 11:41:40,41,Late,7.32
2811,3156,394,2025-06-19 19:14:29,2025-06-19 19:32:29,18,Early,10.68
2812,3157,24,2025-09-30 15:17:47,2025-09-30 16:05:47,48,Late,7.41
2813,3158,382,2025-08-05 14:01:22,2025-08-05 14:26:22,25,On Time,4.03
2814,3159,492,2025-12-26 22:19:53,2025-12-26 23:15:53,56,Late,14.48
2815,3160,248,2025-06-22 16:05:22,2025-06-22 16:43:22,38,Late,5.36
2816,3161,182,2025-06-21 17:08:44,2025-06-21 18:05:44,57,Late,5.21
2817,3162,251,2025-06-16 13:16:40,2025-06-16 14:02:40,46,Late,5.7
2818,3163,125,2025-08-10 12:57:17,2025-08-10 13:37:17,40,On Time,4.13
2819,3164,225,2025-07-02 14:01:39,2025-07-02 14:38:39,37,Late,12.01
2820,3166,293,2025-12-19 13:55:12,2025-12-19 14:29:12,34,On Time,14.31
2821,3167,267,2025-08-11 21:19:06,2025-08-11 22:09:06,50,Late,5.78
2822,3168,277,2025-02-03 20:03:51,2025-02-03 20:28:51,25,On Time,10.38
2823,3169,378,2025-01-28 18:35:25,2025-01-28 19:04:25,29,On Time,7.93
2824,3170,290,2025-03-11 19:34:48,2025-03-11 19:56:48,22,On Time,7.21
2825,3171,268,2025-02-03 21:13:08,2025-02-03 22:03:08,50,Late,14.72
2826,3172,193,2025-10-16 20:00:46,2025-10-16 20:37:46,37,On Time,8.28
2827,3173,179,2025-05-30 10:51:41,2025-05-30 11:17:41,26,On Time,5.77
2828,3175,236,2025-09-30 20:27:20,2025-09-30 21:01:20,34,On Time,12.53
2829,3176,229,2025-09-28 16:58:43,2025-09-28 17:33:43,35,Late,3.09
2830,3177,85,2025-11-26 00:33:26,2025-11-26 01:12:26,39,On Time,7.87
2831,3178,387,2025-06-12 23:01:06,2025-06-12 23:50:06,49,Late,1.63
2832,3180,252,2025-07-21 16:27:20,2025-07-21 17:22:20,55,Late,1.59
2833,3181,174,2025-03-23 22:57:58,2025-03-23 23:49:58,52,Late,9.81
2834,3182,16,2025-05-19 14:46:53,2025-05-19 15:25:53,39,Late,2.21
2835,3183,13,2025-02-21 12:31:20,2025-02-21 13:29:20,58,Late,12.73
2836,3184,315,2025-11-19 22:40:38,2025-11-19 23:25:38,45,Late,14.57
2837,3185,320,2025-03-17 23:13:24,2025-03-18 00:06:24,53,Late,11.85
2838,3186,395,2025-12-20 19:59:06,2025-12-20 20:36:06,37,Late,11.19
2839,3187,283,2025-10-26 13:28:23,2025-10-26 14:20:23,52,Late,7.71
2840,3189,414,2025-02-03 11:52:01,2025-02-03 12:15:01,23,On Time,12.63
2841,3190,468,2025-03-04 17:56:53,2025-03-04 18:43:53,47,Late,6.55
2842,3192,8,2025-08-04 10:38:40,2025-08-04 11:15:40,37,Late,3.82
2843,3193,206,2025-11-09 19:02:43,2025-11-09 19:48:43,46,Late,7.62
2844,3194,116,2025-03-10 14:24:13,2025-03-10 14:42:13,18,Early,3.35
2845,3195,405,2025-09-07 19:23:44,2025-09-07 19:38:44,15,Early,10.95
2846,3197,477,2025-12-24 12:40:05,2025-12-24 13:27:05,47,Late,3.8
2847,3198,355,2025-09-07 10:59:12,2025-09-07 11:28:12,29,On Time,6.14
2848,3199,263,2025-12-08 12:49:25,2025-12-08 13:35:25,46,Late,2.66
2849,3201,102,2025-05-29 14:51:43,2025-05-29 15:09:43,18,Early,5.58
2850,3202,466,2025-03-14 21:45:35,2025-03-14 22:36:35,51,Late,3.33
2851,3203,107,2025-12-11 20:03:29,2025-12-11 20:33:29,30,On Time,10.27
2852,3204,100,2025-08-30 21:12:23,2025-08-30 22:00:23,48,Late,13.77
2853,3205,48,2025-05-22 21:14:23,2025-05-22 21:30:23,16,Early,2.43
2854,3206,210,2025-05-30 13:04:42,2025-05-30 13:40:42,36,On Time,12.75
2855,3207,414,2025-02-18 18:41:12,2025-02-18 19:23:12,42,Late,3.75
2856,3208,171,2025-02-23 20:48:05,2025-02-23 21:37:05,49,Late,7.92
2857,3209,476,2025-12-06 11:44:10,2025-12-06 12:41:10,57,Late,13.98
2858,3210,21,2025-09-26 15:30:53,2025-09-26 16:08:53,38,On Time,4.45
2859,3211,189,2025-01-07 09:02:58,2025-01-07 09:53:58,51,Late,5.72
2860,3212,9,2025-11-10 07:05:28,2025-11-10 07:53:28,48,Late,8.3
2861,3213,382,2025-10-23 11:11:39,2025-10-23 12:00:39,49,Late,1.77
2862,3214,447,2025-05-18 23:23:48,2025-05-19 00:16:48,53,Late,6.58
2863,3215,447,2025-02-28 18:55:54,2025-02-28 19:33:54,38,Late,3.19
2864,3216,418,2025-02-13 10:43:00,2025-02-13 10:59:00,16,Early,1.98
2865,3217,350,2025-06-07 14:08:41,2025-06-07 15:04:41,56,Late,11.77
2866,3218,98,2025-10-07 15:43:14,2025-10-07 16:07:14,24,On Time,3.99
2867,3219,410,2025-12-21 09:31:45,2025-12-21 10:12:45,41,Late,2.56
2868,3220,318,2025-06-19 20:09:50,2025-06-19 20:29:50,20,Early,5.13
2869,3221,232,2025-11-27 19:43:52,2025-11-27 20:14:52,31,On Time,8.77
2870,3222,73,2025-12-07 19:34:54,2025-12-07 19:56:54,22,On Time,6.43
2871,3223,478,2025-09-19 10:13:24,2025-09-19 10:40:24,27,On Time,9.57
2872,3224,197,2025-07-31 00:45:35,2025-07-31 01:28:35,43,Late,12.34
2873,3225,310,2025-01-22 19:27:07,2025-01-22 19:54:07,27,On Time,10.79
2874,3226,260,2025-06-13 20:50:51,2025-06-13 21:37:51,47,Late,3.73
2875,3227,362,2025-04-06 22:28:18,2025-04-06 23:27:18,59,Late,2.23
2876,3229,449,2025-04-13 18:42:48,2025-04-13 19:38:48,56,Late,6.52
2877,3231,268,2025-09-27 11:08:29,2025-09-27 11:56:29,48,Late,13.92
2878,3232,314,2025-11-29 17:59:11,2025-11-29 18:42:11,43,Late,6.94
2879,3233,368,2025-05-28 12:54:16,2025-05-28 13:20:16,26,On Time,3.02
2880,3234,307,2025-01-28 13:26:32,2025-01-28 14:24:32,58,Late,4.32
2881,3235,140,2025-12-12 13:38:34,2025-12-12 14:09:34,31,Late,12.59
2882,3236,386,2025-03-19 19:52:37,2025-03-19 20:22:37,30,On Time,1.68
2883,3237,129,2025-03-08 18:20:48,2025-03-08 18:39:48,19,Early,11.68
2884,3238,226,2025-11-14 11:21:57,2025-11-14 11:52:57,31,On Time,7.0
2885,3239,108,2025-03-16 19:52:50,2025-03-16 20:33:50,41,Late,12.3
2886,3240,1,2025-07-18 22:47:35,2025-07-18 23:27:35,40,On Time,12.11
2887,3241,113,2025-04-13 07:51:20,2025-04-13 08:44:20,53,Late,10.53
2888,3242,287,2025-10-19 23:38:21,2025-10-20 00:18:21,40,Late,13.16
2889,3243,221,2025-11-28 06:53:36,2025-11-28 07:49:36,56,Late,14.57
2890,3244,103,2025-10-08 17:08:12,2025-10-08 17:23:12,15,Early,12.12
2891,3245,164,2025-06-22 13:25:25,2025-06-22 13:54:25,29,On Time,10.11
2892,3246,135,2025-07-01 08:57:23,2025-07-01 09:38:23,41,Late,5.62
2893,3247,268,2025-11-29 10:33:57,2025-11-29 11:08:57,35,Late,6.52
2894,3248,162,2025-09-10 17:24:25,2025-09-10 18:03:25,39,On Time,1.8
2895,3249,375,2025-06-04 14:36:43,2025-06-04 15:05:43,29,On Time,2.9
2896,3250,315,2025-07-16 15:16:39,2025-07-16 15:41:39,25,On Time,13.14
2897,3251,314,2025-10-02 18:42:33,2025-10-02 19:06:33,24,On Time,13.15
2898,3252,343,2025-09-26 22:08:05,2025-09-26 22:49:05,41,Late,10.86
2899,3253,11,2025-06-15 14:04:02,2025-06-15 14:49:02,45,Late,5.76
2900,3254,219,2025-01-01 14:06:24,2025-01-01 14:52:24,46,Late,6.91
2901,3255,375,2025-08-11 11:31:10,2025-08-11 11:52:10,21,On Time,7.21
2902,3256,354,2025-06-09 17:24:56,2025-06-09 18:00:56,36,On Time,1.53
2903,3257,355,2025-08-30 20:28:59,2025-08-30 21:00:59,32,On Time,6.36
2904,3258,475,2025-12-06 19:47:04,2025-12-06 20:36:04,49,Late,14.75
2905,3259,244,2025-04-07 22:45:38,2025-04-07 23:01:38,16,Early,6.67
2906,3260,307,2025-10-02 14:39:08,2025-10-02 15:08:08,29,On Time,1.61
2907,3261,442,2025-06-26 21:17:06,2025-06-26 21:51:06,34,On Time,8.88
2908,3262,334,2025-05-30 12:08:13,2025-05-30 13:08:13,60,Late,11.32
2909,3263,483,2025-08-06 21:01:21,2025-08-06 21:23:21,22,On Time,7.96
2910,3264,415,2025-08-04 19:22:44,2025-08-04 19:38:44,16,Early,3.18
2911,3265,209,2025-09-16 18:50:43,2025-09-16 19:41:43,51,Late,14.32
2912,3266,160,2025-06-16 00:31:50,2025-06-16 00:49:50,18,Early,4.06
2913,3267,484,2025-07-10 23:16:11,2025-07-10 23:49:11,33,On Time,3.51
2914,3269,273,2025-01-20 20:45:44,2025-01-20 21:26:44,41,Late,2.83
2915,3270,31,2025-07-18 18:20:06,2025-07-18 19:07:06,47,Late,8.59
2916,3271,18,2025-05-26 10:09:30,2025-05-26 10:47:30,38,On Time,2.2
2917,3272,175,2025-06-05 12:14:03,2025-06-05 12:41:03,27,On Time,7.47
2918,3273,214,2025-10-30 16:14:57,2025-10-30 17:08:57,54,Late,12.32
2919,3274,400,2025-07-11 19:00:24,2025-07-11 19:31:24,31,Late,14.54
2920,3275,471,2025-07-29 14:09:28,2025-07-29 15:05:28,56,Late,8.23
2921,3276,426,2025-02-19 07:40:09,2025-02-19 08:13:09,33,Late,3.55
2922,3277,401,2025-01-23 14:41:45,2025-01-23 15:32:45,51,Late,4.6
2923,3278,22,2025-05-11 14:50:52,2025-05-11 15:23:52,33,On Time,8.74
2924,3279,81,2025-07-27 11:19:51,2025-07-27 12:00:51,41,Late,2.52
2925,3280,303,2025-10-03 18:55:31,2025-10-03 19:23:31,28,On Time,11.88
2926,3281,238,2025-09-01 19:37:01,2025-09-01 20:07:01,30,On Time,12.67
2927,3282,314,2025-03-16 08:56:49,2025-03-16 09:31:49,35,On Time,8.77
2928,3283,254,2025-12-07 09:52:52,2025-12-07 10:48:52,56,Late,10.42
2929,3284,242,2025-07-03 11:52:12,2025-07-03 12:18:12,26,On Time,2.3
2930,3285,494,2025-11-25 21:11:55,2025-11-25 21:51:55,40,Late,3.67
2931,3286,180,2025-09-18 12:36:38,2025-09-18 13:33:38,57,Late,1.58
2932,3287,6,2025-02-18 12:20:46,2025-02-18 13:00:46,40,On Time,5.51
2933,3288,470,2025-03-31 21:54:03,2025-03-31 22:35:03,41,Late,14.22
2934,3289,196,2025-09-22 19:38:58,2025-09-22 20:33:58,55,Late,13.37
2935,3291,42,2025-02-12 09:39:56,2025-02-12 10:29:56,50,Late,11.27
2936,3292,20,2025-03-08 21:48:42,2025-03-08 22:19:42,31,Late,3.84
2937,3293,252,2025-05-16 19:27:58,2025-05-16 19:43:58,16,Early,11.6
2938,3294,249,2025-11-14 09:00:22,2025-11-14 09:39:22,39,Late,12.0
2939,3295,55,2025-11-27 16:17:08,2025-11-27 16:40:08,23,On Time,13.69
2940,3296,343,2025-11-30 13:48:36,2025-11-30 14:24:36,36,On Time,3.47
2941,3297,380,2025-11-21 14:06:54,2025-11-21 14:35:54,29,On Time,8.34
2942,3298,75,2025-03-01 10:57:58,2025-03-01 11:54:58,57,Late,14.11
2943,3299,90,2025-09-30 17:56:57,2025-09-30 18:40:57,44,Late,8.23
2944,3300,451,2025-04-06 13:46:41,2025-04-06 14:29:41,43,Late,4.78
2945,3301,55,2025-07-10 21:09:14,2025-07-10 21:52:14,43,Late,3.49
2946,3302,107,2025-08-15 15:44:18,2025-08-15 16:31:18,47,Late,11.34
2947,3303,298,2025-08-12 16:21:06,2025-08-12 17:14:06,53,Late,6.33
2948,3304,299,2025-08-31 15:43:32,2025-08-31 16:14:32,31,Late,13.81
2949,3305,319,2025-04-28 12:40:22,2025-04-28 13:29:22,49,Late,4.32
2950,3307,218,2025-12-08 14:15:33,2025-12-08 14:47:33,32,Late,5.01
2951,3308,278,2025-01-22 13:05:06,2025-01-22 13:35:06,30,On Time,11.71
2952,3309,395,2025-09-27 09:50:38,2025-09-27 10:09:38,19,Early,4.2
2953,3310,377,2025-08-15 16:10:37,2025-08-15 16:52:37,42,Late,10.86
2954,3311,180,2025-03-27 16:07:37,2025-03-27 17:03:37,56,Late,2.33
2955,3312,431,2025-03-10 16:41:52,2025-03-10 16:56:52,15,Early,11.62
2956,3313,458,2025-06-07 13:10:35,2025-06-07 13:33:35,23,On Time,1.71
2957,3314,342,2025-08-27 08:00:29,2025-08-27 08:59:29,59,Late,12.65
2958,3315,378,2025-07-19 20:49:59,2025-07-19 21:34:59,45,Late,10.22
2959,3316,108,2025-12-08 13:29:04,2025-12-08 14:05:04,36,On Time,13.9
2960,3317,272,2025-08-22 06:53:18,2025-08-22 07:52:18,59,Late,2.55
2961,3318,341,2025-11-09 18:58:05,2025-11-09 19:23:05,25,On Time,6.19
2962,3319,334,2025-03-12 12:22:57,2025-03-12 13:18:57,56,Late,10.45
2963,3320,411,2025-11-27 20:26:36,2025-11-27 20:53:36,27,On Time,9.07
2964,3321,400,2025-06-30 21:14:26,2025-06-30 21:38:26,24,On Time,4.76
2965,3322,227,2025-06-06 07:39:05,2025-06-06 08:27:05,48,Late,3.52
2966,3323,70,2025-10-25 22:13:40,2025-10-25 22:55:40,42,Late,9.36
2967,3324,241,2025-11-16 12:17:30,2025-11-16 13:13:30,56,Late,12.25
2968,3325,40,2025-11-24 20:47:35,2025-11-24 21:21:35,34,Late,2.8
2969,3326,137,2025-08-25 23:02:24,2025-08-25 23:59:24,57,Late,3.3
2970,3328,57,2025-08-06 19:40:40,2025-08-06 20:20:40,40,On Time,7.79
2971,3329,448,2025-12-02 07:23:50,2025-12-02 07:54:50,31,Late,9.41
2972,3330,78,2025-08-20 11:22:38,2025-08-20 12:09:38,47,Late,10.66
2973,3331,12,2025-03-07 22:39:07,2025-03-07 22:56:07,17,Early,9.05
2974,3332,331,2025-05-26 08:54:57,2025-05-26 09:30:57,36,On Time,7.25
2975,3333,126,2025-07-07 09:34:02,2025-07-07 10:26:02,52,Late,10.69
2976,3334,351,2025-06-18 12:50:41,2025-06-18 13:32:41,42,Late,1.6
2977,3335,441,2025-07-26 12:48:55,2025-07-26 13:18:55,30,On Time,13.76
2978,3336,82,2025-09-13 09:30:25,2025-09-13 10:09:25,39,On Time,6.27
2979,3337,411,2025-10-13 13:27:25,2025-10-13 14:22:25,55,Late,5.81
2980,3338,1,2025-07-06 09:36:26,2025-07-06 10:18:26,42,Late,13.88
2981,3339,246,2025-05-12 13:23:25,2025-05-12 13:58:25,35,Late,9.52
2982,3340,80,2025-10-11 19:34:15,2025-10-11 19:52:15,18,Early,10.74
2983,3341,309,2025-04-13 11:45:38,2025-04-13 12:29:38,44,Late,9.86
2984,3342,372,2025-03-23 13:12:49,2025-03-23 13:43:49,31,Late,7.21
2985,3343,6,2025-10-04 12:25:14,2025-10-04 12:45:14,20,Early,11.69
2986,3344,424,2025-08-01 22:55:21,2025-08-01 23:31:21,36,Late,10.98
2987,3345,234,2025-11-05 20:32:55,2025-11-05 20:52:55,20,Early,12.68
2988,3346,48,2025-02-28 13:10:31,2025-02-28 13:57:31,47,Late,13.05
2989,3347,118,2025-10-16 09:20:16,2025-10-16 09:59:16,39,Late,2.3
2990,3348,498,2025-04-02 17:56:00,2025-04-02 18:42:00,46,Late,3.59
2991,3349,26,2025-04-27 19:30:44,2025-04-27 20:16:44,46,Late,1.87
2992,3350,496,2025-05-22 14:06:26,2025-05-22 14:40:26,34,On Time,13.69
2993,3352,162,2025-08-18 11:02:45,2025-08-18 11:33:45,31,On Time,11.8
2994,3353,195,2025-05-16 22:04:08,2025-05-16 23:03:08,59,Late,3.99
2995,3354,406,2025-09-17 11:43:47,2025-09-17 12:06:47,23,On Time,5.12
2996,3356,385,2025-03-14 19:51:17,2025-03-14 20:44:17,53,Late,7.5
2997,3357,429,2025-07-19 10:33:43,2025-07-19 10:48:43,15,Early,2.19
2998,3358,424,2025-07-14 12:38:08,2025-07-14 13:13:08,35,On Time,13.86
2999,3359,83,2025-02-20 22:03:06,2025-02-20 22:52:06,49,Late,14.4
3000,3360,280,2025-07-13 10:57:43,2025-07-13 11:15:43,18,Early,13.25
3001,3361,410,2025-08-16 08:45:20,2025-08-16 09:45:20,60,Late,1.63
3002,3362,424,2025-08-04 16:38:19,2025-08-04 17:30:19,52,Late,13.98
3003,3363,136,2025-06-26 15:59:42,2025-06-26 16:30:42,31,On Time,12.95
3004,3364,50,2025-09-29 12:35:51,2025-09-29 12:56:51,21,On Time,5.15
3005,3365,255,2025-03-13 11:24:42,2025-03-13 11:47:42,23,On Time,3.22
3006,3366,377,2025-08-03 12:40:53,2025-08-03 13:03:53,23,On Time,14.85
3007,3367,189,2025-02-05 19:44:02,2025-02-05 20:17:02,33,Late,9.89
3008,3368,436,2025-05-30 14:16:00,2025-05-30 14:59:00,43,Late,12.24
3009,3369,160,2025-11-16 07:31:27,2025-11-16 08:24:27,53,Late,5.01
3010,3370,236,2025-12-21 21:52:31,2025-12-21 22:45:31,53,Late,4.52
3011,3372,381,2025-12-25 23:36:54,2025-12-25 23:59:54,23,On Time,1.97
3012,3373,434,2025-10-20 12:09:46,2025-10-20 12:31:46,22,On Time,5.06
3013,3374,494,2025-12-12 22:04:41,2025-12-12 22:22:41,18,Early,13.18
3014,3375,71,2025-12-08 21:24:14,2025-12-08 21:49:14,25,On Time,3.86
3015,3376,388,2025-03-10 13:51:00,2025-03-10 14:32:00,41,Late,4.8
3016,3377,19,2025-12-29 19:26:36,2025-12-29 19:58:36,32,On Time,4.88
3017,3378,252,2025-01-13 21:20:38,2025-01-13 22:18:38,58,Late,14.59
3018,3379,298,2025-08-10 10:57:47,2025-08-10 11:26:47,29,On Time,7.49
3019,3381,274,2025-09-20 22:24:45,2025-09-20 23:07:45,43,Late,4.71
3020,3382,429,2025-05-20 11:29:58,2025-05-20 12:22:58,53,Late,10.53
3021,3383,433,2025-04-09 12:19:32,2025-04-09 13:15:32,56,Late,7.6
3022,3384,157,2025-05-08 18:37:09,2025-05-08 18:52:09,15,Early,11.04
3023,3385,216,2025-08-22 23:36:17,2025-08-22 23:54:17,18,Early,2.23
3024,3388,366,2025-04-22 11:45:35,2025-04-22 12:37:35,52,Late,2.7
3025,3390,433,2025-07-27 12:06:25,2025-07-27 12:30:25,24,On Time,3.98
3026,3391,267,2025-01-12 10:48:46,2025-01-12 11:03:46,15,Early,3.67
3027,3392,54,2025-11-12 22:07:30,2025-11-12 22:38:30,31,On Time,10.75
3028,3393,443,2025-08-06 19:16:09,2025-08-06 20:16:09,60,Late,6.17
3029,3395,270,2025-10-20 12:25:26,2025-10-20 13:17:26,52,Late,6.37
3030,3396,408,2025-01-15 19:33:54,2025-01-15 19:56:54,23,On Time,7.3
3031,3398,366,2025-03-22 14:19:18,2025-03-22 15:18:18,59,Late,3.68
3032,3399,120,2025-10-13 21:16:05,2025-10-13 21:50:05,34,Late,10.44
3033,3400,116,2025-11-26 12:57:16,2025-11-26 13:31:16,34,Late,7.6
3034,3401,10,2025-07-22 12:59:57,2025-07-22 13:15:57,16,Early,8.04
3035,3402,53,2025-07-01 19:14:46,2025-07-01 19:41:46,27,On Time,1.7
3036,3403,128,2025-07-27 09:36:08,2025-07-27 09:54:08,18,Early,4.17
3037,3404,401,2025-06-06 11:59:17,2025-06-06 12:39:17,40,Late,14.37
3038,3405,179,2025-10-31 20:57:15,2025-10-31 21:52:15,55,Late,10.68
3039,3406,84,2025-05-23 20:19:42,2025-05-23 20:54:42,35,On Time,13.17
3040,3407,148,2025-08-10 09:38:41,2025-08-10 10:31:41,53,Late,12.19
3041,3408,99,2025-09-10 21:32:52,2025-09-10 21:57:52,25,On Time,9.92
3042,3409,88,2025-05-29 19:06:27,2025-05-29 20:04:27,58,Late,5.29
3043,3410,150,2025-09-12 19:26:47,2025-09-12 20:19:47,53,Late,14.9
3044,3411,11,2025-06-06 18:13:58,2025-06-06 19:08:58,55,Late,9.71
3045,3412,134,2025-09-04 19:57:50,2025-09-04 20:23:50,26,On Time,8.05
3046,3413,412,2025-06-27 20:08:31,2025-06-27 21:01:31,53,Late,6.83
3047,3414,307,2025-05-17 13:23:52,2025-05-17 13:44:52,21,On Time,1.7
3048,3416,290,2025-10-26 20:45:32,2025-10-26 21:38:32,53,Late,11.72
3049,3417,302,2025-07-09 21:28:45,2025-07-09 22:24:45,56,Late,14.09
3050,3418,396,2025-02-07 23:23:53,2025-02-08 00:07:53,44,Late,2.84
3051,3419,419,2025-05-18 12:56:52,2025-05-18 13:18:52,22,On Time,7.84
3052,3420,472,2025-12-15 13:57:37,2025-12-15 14:31:37,34,On Time,6.81
3053,3421,92,2025-11-14 18:19:20,2025-11-14 19:07:20,48,Late,7.13
3054,3422,35,2025-12-08 16:24:57,2025-12-08 17:11:57,47,Late,10.95
3055,3423,23,2025-11-18 21:14:15,2025-11-18 22:12:15,58,Late,13.4
3056,3424,388,2025-10-16 12:48:18,2025-10-16 13:47:18,59,Late,14.75
3057,3425,29,2025-01-30 20:26:15,2025-01-30 21:20:15,54,Late,4.03
3058,3426,394,2025-01-29 19:14:55,2025-01-29 20:11:55,57,Late,9.14
3059,3427,114,2025-07-20 12:54:48,2025-07-20 13:27:48,33,On Time,12.57
3060,3428,405,2025-07-29 10:58:34,2025-07-29 11:26:34,28,On Time,4.02
3061,3429,350,2025-01-12 19:27:51,2025-01-12 20:08:51,41,Late,10.93
3062,3430,253,2025-10-02 21:07:44,2025-10-02 21:43:44,36,Late,8.82
3063,3431,237,2025-08-30 15:52:24,2025-08-30 16:31:24,39,Late,3.95
3064,3432,467,2025-04-27 13:46:15,2025-04-27 14:38:15,52,Late,6.12
3065,3434,381,2025-11-06 20:30:27,2025-11-06 21:01:27,31,On Time,6.18
3066,3435,79,2025-07-18 20:57:31,2025-07-18 21:40:31,43,Late,4.99
3067,3436,410,2025-07-04 15:05:14,2025-07-04 15:56:14,51,Late,14.87
3068,3437,439,2025-07-06 21:44:28,2025-07-06 22:31:28,47,Late,8.02
3069,3438,136,2025-11-14 19:52:32,2025-11-14 20:34:32,42,Late,9.55
3070,3439,222,2025-09-13 22:49:11,2025-09-13 23:36:11,47,Late,9.74
3071,3441,330,2025-10-07 18:03:24,2025-10-07 18:19:24,16,Early,13.75
3072,3442,92,2025-04-14 21:20:02,2025-04-14 22:14:02,54,Late,7.28
3073,3443,382,2025-08-17 17:14:48,2025-08-17 18:14:48,60,Late,13.8
3074,3444,455,2025-08-04 18:20:26,2025-08-04 19:10:26,50,Late,12.59
3075,3445,18,2025-08-19 18:39:14,2025-08-19 19:05:14,26,On Time,12.66
3076,3446,425,2025-01-31 17:51:41,2025-01-31 18:10:41,19,Early,14.2
3077,3447,270,2025-03-18 19:14:04,2025-03-18 20:03:04,49,Late,2.55
3078,3448,87,2025-09-14 09:32:52,2025-09-14 09:52:52,20,Early,13.06
3079,3449,440,2025-06-08 21:59:31,2025-06-08 22:46:31,47,Late,5.98
3080,3450,330,2025-12-05 14:01:17,2025-12-05 14:27:17,26,On Time,6.04
3081,3451,475,2025-12-21 09:04:42,2025-12-21 09:21:42,17,Early,12.23
3082,3452,407,2025-08-28 23:26:46,2025-08-28 23:44:46,18,Early,12.08
3083,3453,459,2025-12-17 21:05:34,2025-12-17 21:51:34,46,Late,11.86
3084,3454,416,2025-06-09 22:08:56,2025-06-09 23:08:56,60,Late,10.41
3085,3455,324,2025-09-11 11:53:56,2025-09-11 12:29:56,36,On Time,6.96
3086,3456,268,2025-09-11 19:57:21,2025-09-11 20:30:21,33,On Time,6.19
3087,3457,252,2025-08-01 09:34:08,2025-08-01 10:21:08,47,Late,9.63
3088,3458,12,2025-06-11 00:32:25,2025-06-11 00:58:25,26,On Time,9.84
3089,3459,190,2025-05-29 14:13:59,2025-05-29 15:10:59,57,Late,1.61
3090,3461,20,2025-03-12 12:51:26,2025-03-12 13:48:26,57,Late,4.15
3091,3462,467,2025-05-06 13:15:58,2025-05-06 13:52:58,37,On Time,13.68
3092,3463,401,2025-02-14 11:57:29,2025-02-14 12:28:29,31,Late,11.66
3093,3464,476,2025-11-28 19:36:26,2025-11-28 20:12:26,36,On Time,10.04
3094,3465,155,2025-01-17 06:32:59,2025-01-17 06:51:59,19,Early,14.33
3095,3466,65,2025-12-10 09:11:13,2025-12-10 09:41:13,30,On Time,2.91
3096,3467,414,2025-08-16 07:19:19,2025-08-16 08:06:19,47,Late,14.0
3097,3468,392,2025-06-15 18:26:26,2025-06-15 18:54:26,28,On Time,10.99
3098,3470,22,2025-01-14 11:16:06,2025-01-14 11:56:06,40,Late,7.99
3099,3471,120,2025-12-29 18:34:17,2025-12-29 18:53:17,19,Early,7.03
3100,3472,383,2025-08-06 08:40:33,2025-08-06 09:15:33,35,Late,13.95
3101,3473,379,2025-08-05 19:14:36,2025-08-05 20:02:36,48,Late,7.27
3102,3474,263,2025-01-27 17:11:57,2025-01-27 17:39:57,28,On Time,8.95
3103,3476,237,2025-06-27 07:00:36,2025-06-27 07:56:36,56,Late,6.19
3104,3477,261,2025-08-19 12:23:47,2025-08-19 12:52:47,29,On Time,12.61
3105,3478,324,2025-12-03 23:45:20,2025-12-04 00:16:20,31,Late,5.5
3106,3479,53,2025-12-18 21:20:43,2025-12-18 21:49:43,29,On Time,14.6
3107,3480,386,2025-08-13 16:23:16,2025-08-13 16:49:16,26,On Time,8.7
3108,3481,85,2025-07-12 11:40:08,2025-07-12 12:21:08,41,Late,3.57
3109,3482,424,2025-09-18 17:50:09,2025-09-18 18:25:09,35,On Time,6.63
3110,3483,50,2025-11-03 20:00:42,2025-11-03 20:53:42,53,Late,9.75
3111,3484,377,2025-01-04 21:28:23,2025-01-04 21:49:23,21,On Time,13.9
3112,3485,488,2025-05-05 14:10:23,2025-05-05 14:49:23,39,Late,3.89
3113,3486,233,2025-05-12 21:53:33,2025-05-12 22:33:33,40,Late,13.83
3114,3487,73,2025-06-16 14:17:03,2025-06-16 14:38:03,21,On Time,14.37
3115,3488,147,2025-02-04 22:35:08,2025-02-04 23:28:08,53,Late,12.65
3116,3489,136,2025-04-13 12:07:43,2025-04-13 12:51:43,44,Late,14.34
3117,3490,118,2025-03-30 08:38:20,2025-03-30 09:29:20,51,Late,8.39
3118,3491,44,2025-07-05 07:20:25,2025-07-05 07:35:25,15,Early,12.34
3119,3492,215,2025-12-17 15:42:06,2025-12-17 16:05:06,23,On Time,4.14
3120,3493,278,2025-12-21 12:04:06,2025-12-21 12:30:06,26,On Time,7.55
3121,3494,413,2025-05-05 22:36:46,2025-05-05 23:04:46,28,On Time,8.64
3122,3495,245,2025-08-23 18:32:57,2025-08-23 18:59:57,27,On Time,7.42
3123,3496,387,2025-03-12 15:10:45,2025-03-12 15:47:45,37,On Time,13.47
3124,3497,499,2025-11-03 13:19:46,2025-11-03 14:15:46,56,Late,11.28
3125,3498,220,2025-07-12 21:45:50,2025-07-12 22:10:50,25,On Time,8.94
3126,3499,376,2025-04-04 00:24:06,2025-04-04 00:49:06,25,On Time,8.25
3127,3500,422,2025-09-14 15:53:45,2025-09-14 16:26:45,33,On Time,14.37
3128,3501,390,2025-03-16 17:31:44,2025-03-16 17:52:44,21,On Time,14.53
3129,3502,304,2025-09-17 10:16:17,2025-09-17 10:55:17,39,Late,9.34
3130,3503,219,2025-09-11 13:20:31,2025-09-11 14:12:31,52,Late,7.01
3131,3504,201,2025-08-24 12:33:08,2025-08-24 13:31:08,58,Late,5.24
3132,3505,424,2025-10-20 13:48:46,2025-10-20 14:45:46,57,Late,14.67
3133,3507,278,2025-08-14 18:35:55,2025-08-14 19:00:55,25,On Time,4.94
3134,3508,301,2025-08-13 21:03:54,2025-08-13 21:49:54,46,Late,3.39
3135,3509,194,2025-12-20 08:15:18,2025-12-20 08:54:18,39,Late,8.37
3136,3510,331,2025-07-30 13:17:53,2025-07-30 14:06:53,49,Late,8.63
3137,3511,97,2025-12-07 19:17:50,2025-12-07 19:56:50,39,On Time,10.66
3138,3513,16,2025-05-08 18:16:11,2025-05-08 18:50:11,34,On Time,6.51
3139,3514,183,2025-01-27 11:05:38,2025-01-27 12:04:38,59,Late,2.09
3140,3516,197,2025-09-22 16:09:54,2025-09-22 16:58:54,49,Late,13.19
3141,3517,429,2025-03-01 08:40:12,2025-03-01 09:12:12,32,Late,8.15
3142,3518,72,2025-10-16 15:05:09,2025-10-16 15:45:09,40,On Time,7.04
3143,3519,305,2025-07-15 19:32:28,2025-07-15 20:05:28,33,Late,8.52
3144,3520,100,2025-02-14 14:43:32,2025-02-14 15:32:32,49,Late,4.16
3145,3521,77,2025-07-14 19:24:38,2025-07-14 19:55:38,31,On Time,3.6
3146,3522,447,2025-09-28 18:47:34,2025-09-28 19:45:34,58,Late,11.5
3147,3523,483,2025-08-01 12:25:11,2025-08-01 13:12:11,47,Late,6.07
3148,3525,53,2025-06-13 22:54:49,2025-06-13 23:41:49,47,Late,13.59
3149,3527,263,2025-12-18 21:16:40,2025-12-18 22:00:40,44,Late,5.17
3150,3528,183,2025-04-10 20:44:33,2025-04-10 21:18:33,34,On Time,11.41
3151,3529,220,2025-12-12 13:26:58,2025-12-12 14:09:58,43,Late,4.64
3152,3530,335,2025-05-17 19:41:48,2025-05-17 20:05:48,24,On Time,5.81
3153,3532,211,2025-10-11 21:00:35,2025-10-11 21:41:35,41,Late,3.61
3154,3533,390,2025-09-09 17:23:18,2025-09-09 17:44:18,21,On Time,6.07
3155,3534,44,2025-12-18 23:06:35,2025-12-18 23:56:35,50,Late,10.87
3156,3535,260,2025-09-22 18:00:58,2025-09-22 18:43:58,43,Late,3.29
3157,3536,481,2025-08-29 13:09:30,2025-08-29 13:41:30,32,Late,13.07
3158,3537,477,2025-10-22 22:22:09,2025-10-22 23:10:09,48,Late,13.05
3159,3538,61,2025-02-24 22:00:27,2025-02-24 22:45:27,45,Late,5.73
3160,3540,297,2025-07-16 11:34:22,2025-07-16 12:28:22,54,Late,14.61
3161,3541,173,2025-10-31 09:43:13,2025-10-31 10:26:13,43,Late,3.12
3162,3542,182,2025-07-21 20:40:37,2025-07-21 20:57:37,17,Early,12.88
3163,3543,124,2025-06-12 20:24:21,2025-06-12 20:47:21,23,On Time,4.92
3164,3544,242,2025-10-05 09:54:05,2025-10-05 10:21:05,27,On Time,3.63
3165,3545,54,2025-02-13 18:41:30,2025-02-13 19:33:30,52,Late,4.47
3166,3546,332,2025-12-21 09:32:50,2025-12-21 10:17:50,45,Late,1.75
3167,3547,96,2025-09-07 17:23:48,2025-09-07 18:07:48,44,Late,4.91
3168,3548,80,2025-03-04 12:05:29,2025-03-04 13:01:29,56,Late,14.86
3169,3550,460,2025-03-28 18:25:32,2025-03-28 18:49:32,24,On Time,3.11
3170,3552,421,2025-12-29 22:03:45,2025-12-29 22:56:45,53,Late,4.96
3171,3554,369,2025-08-02 19:22:40,2025-08-02 20:05:40,43,Late,5.33
3172,3555,336,2025-09-23 18:09:30,2025-09-23 18:37:30,28,On Time,9.57
3173,3556,106,2025-12-18 12:02:48,2025-12-18 12:36:48,34,Late,3.0
3174,3557,455,2025-06-19 01:04:34,2025-06-19 02:04:34,60,Late,10.34
3175,3558,461,2025-03-04 19:49:18,2025-03-04 20:22:18,33,On Time,5.81
3176,3559,468,2025-04-05 15:43:12,2025-04-05 16:20:12,37,On Time,6.98
3177,3560,141,2025-12-14 21:28:30,2025-12-14 22:16:30,48,Late,5.1
3178,3561,485,2025-10-19 21:34:17,2025-10-19 22:25:17,51,Late,9.71
3179,3562,303,2025-05-30 19:48:20,2025-05-30 20:09:20,21,On Time,4.21
3180,3563,43,2025-07-12 15:10:21,2025-07-12 16:05:21,55,Late,5.95
3181,3564,308,2025-01-24 13:27:38,2025-01-24 13:58:38,31,On Time,7.11
3182,3565,379,2025-05-03 18:31:17,2025-05-03 19:14:17,43,Late,10.12
3183,3566,290,2025-07-16 15:29:04,2025-07-16 16:14:04,45,Late,10.97
3184,3567,86,2025-03-19 19:44:57,2025-03-19 20:41:57,57,Late,4.44
3185,3568,225,2025-01-01 13:05:14,2025-01-01 13:30:14,25,On Time,14.05
3186,3570,294,2025-05-17 21:14:51,2025-05-17 21:42:51,28,On Time,1.95
3187,3571,446,2025-10-03 20:42:19,2025-10-03 21:28:19,46,Late,13.12
3188,3572,117,2025-10-15 09:23:01,2025-10-15 10:10:01,47,Late,1.89
3189,3573,342,2025-12-18 16:39:41,2025-12-18 17:03:41,24,On Time,2.55
3190,3574,327,2025-08-16 11:27:20,2025-08-16 12:15:20,48,Late,10.12
3191,3575,322,2025-11-14 08:15:42,2025-11-14 08:57:42,42,Late,12.38
3192,3576,256,2025-12-26 00:09:25,2025-12-26 00:54:25,45,Late,7.84
3193,3577,469,2025-02-07 11:47:09,2025-02-07 12:18:09,31,Late,12.15
3194,3578,431,2025-10-08 08:41:17,2025-10-08 09:07:17,26,On Time,2.36
3195,3580,76,2025-10-05 21:24:53,2025-10-05 22:22:53,58,Late,3.32
3196,3581,160,2025-05-09 17:09:13,2025-05-09 17:31:13,22,On Time,10.08
3197,3582,109,2025-03-02 21:59:20,2025-03-02 22:24:20,25,On Time,5.97
3198,3583,229,2025-08-20 10:03:38,2025-08-20 10:36:38,33,Late,2.01
3199,3584,220,2025-07-14 13:23:03,2025-07-14 13:49:03,26,On Time,3.9
3200,3585,289,2025-09-10 07:36:58,2025-09-10 07:55:58,19,Early,1.98
3201,3586,42,2025-05-13 17:55:59,2025-05-13 18:36:59,41,Late,3.55
3202,3587,195,2025-04-11 21:55:21,2025-04-11 22:53:21,58,Late,11.8
3203,3588,209,2025-07-18 18:47:59,2025-07-18 19:05:59,18,Early,14.0
3204,3589,452,2025-12-27 21:41:04,2025-12-27 22:28:04,47,Late,9.4
3205,3590,321,2025-03-21 09:57:18,2025-03-21 10:17:18,20,Early,14.08
3206,3591,74,2025-12-01 12:05:52,2025-12-01 12:43:52,38,Late,9.53
3207,3592,347,2025-08-19 11:59:35,2025-08-19 12:38:35,39,Late,3.05
3208,3593,450,2025-05-22 19:20:33,2025-05-22 20:04:33,44,Late,14.58
3209,3594,432,2025-10-25 11:55:29,2025-10-25 12:11:29,16,Early,9.1
3210,3595,414,2025-11-27 19:24:03,2025-11-27 20:21:03,57,Late,6.27
3211,3596,64,2025-05-29 18:56:18,2025-05-29 19:20:18,24,On Time,10.71
3212,3597,424,2025-07-26 12:45:05,2025-07-26 13:43:05,58,Late,8.31
3213,3599,470,2025-06-05 13:02:48,2025-06-05 13:39:48,37,Late,4.83
3214,3600,117,2025-06-13 12:34:41,2025-06-13 13:15:41,41,Late,8.82
3215,3601,291,2025-11-23 11:22:59,2025-11-23 11:48:59,26,On Time,3.03
3216,3604,45,2025-10-26 19:44:43,2025-10-26 20:39:43,55,Late,2.78
3217,3605,333,2025-09-05 11:54:08,2025-09-05 12:40:08,46,Late,7.16
3218,3606,178,2025-06-08 10:10:59,2025-06-08 11:07:59,57,Late,7.53
3219,3607,79,2025-02-14 14:04:29,2025-02-14 14:31:29,27,On Time,1.94
3220,3609,82,2025-04-14 11:10:05,2025-04-14 12:03:05,53,Late,9.67
3221,3610,175,2025-10-20 20:49:52,2025-10-20 21:10:52,21,On Time,13.05
3222,3611,188,2025-04-23 21:15:42,2025-04-23 21:42:42,27,On Time,9.09
3223,3612,355,2025-12-10 12:54:57,2025-12-10 13:27:57,33,On Time,2.47
3224,3613,346,2025-06-06 18:28:13,2025-06-06 18:54:13,26,On Time,14.39
3225,3615,419,2025-10-14 13:38:09,2025-10-14 14:21:09,43,Late,4.63
3226,3616,392,2025-01-28 11:03:31,2025-01-28 11:30:31,27,On Time,14.88
3227,3617,481,2025-11-15 21:22:31,2025-11-15 21:54:31,32,Late,5.25
3228,3618,454,2025-06-28 21:36:33,2025-06-28 22:10:33,34,On Time,2.21
3229,3619,430,2025-09-23 21:04:21,2025-09-23 21:24:21,20,Early,8.32
3230,3620,157,2025-03-29 19:49:27,2025-03-29 20:20:27,31,On Time,1.62
3231,3621,315,2025-12-19 16:40:22,2025-12-19 17:23:22,43,Late,7.46
3232,3622,176,2025-01-02 11:36:59,2025-01-02 12:24:59,48,Late,2.84
3233,3624,18,2025-04-10 12:40:55,2025-04-10 13:06:55,26,On Time,5.89
3234,3625,156,2025-02-06 19:40:36,2025-02-06 20:23:36,43,Late,9.97
3235,3626,73,2025-09-04 09:55:06,2025-09-04 10:10:06,15,Early,4.68
3236,3627,460,2025-08-28 23:11:07,2025-08-28 23:51:07,40,Late,7.88
3237,3628,254,2025-12-22 16:57:22,2025-12-22 17:24:22,27,On Time,4.9
3238,3629,405,2025-05-21 11:57:36,2025-05-21 12:50:36,53,Late,7.28
3239,3631,324,2025-10-25 08:58:24,2025-10-25 09:25:24,27,On Time,2.3
3240,3632,117,2025-10-20 13:22:43,2025-10-20 14:10:43,48,Late,4.31
3241,3633,276,2025-07-30 12:35:24,2025-07-30 12:52:24,17,Early,10.96
3242,3634,114,2025-12-01 12:10:24,2025-12-01 12:49:24,39,Late,1.7
3243,3635,314,2025-10-09 13:59:12,2025-10-09 14:21:12,22,On Time,10.1
3244,3636,357,2025-06-03 18:14:23,2025-06-03 18:46:23,32,On Time,3.83
3245,3639,186,2025-05-31 14:07:50,2025-05-31 14:24:50,17,Early,10.95
3246,3640,393,2025-11-30 17:44:19,2025-11-30 18:01:19,17,Early,7.32
3247,3641,17,2025-06-29 12:18:30,2025-06-29 13:08:30,50,Late,14.2
3248,3642,420,2025-12-29 20:42:56,2025-12-29 21:02:56,20,Early,14.6
3249,3644,453,2025-07-30 23:17:53,2025-07-31 00:06:53,49,Late,8.9
3250,3645,449,2025-07-17 09:20:52,2025-07-17 10:00:52,40,On Time,11.18
3251,3647,143,2025-08-11 13:55:07,2025-08-11 14:12:07,17,Early,2.55
3252,3648,206,2025-05-25 21:12:03,2025-05-25 22:10:03,58,Late,10.39
3253,3649,488,2025-10-03 17:29:59,2025-10-03 17:53:59,24,On Time,6.78
3254,3650,247,2025-04-02 20:41:19,2025-04-02 21:34:19,53,Late,11.39
3255,3652,312,2025-11-30 12:13:29,2025-11-30 12:40:29,27,On Time,13.25
3256,3653,409,2025-09-17 12:27:19,2025-09-17 13:17:19,50,Late,12.05
3257,3654,13,2025-12-02 15:02:58,2025-12-02 15:31:58,29,On Time,12.67
3258,3655,321,2025-11-07 20:54:21,2025-11-07 21:10:21,16,Early,5.33
3259,3656,408,2025-04-27 14:06:06,2025-04-27 15:00:06,54,Late,12.75
3260,3657,352,2025-09-28 21:04:31,2025-09-28 21:29:31,25,On Time,5.32
3261,3658,34,2025-11-18 22:41:00,2025-11-18 23:41:00,60,Late,2.39
3262,3659,216,2025-01-24 12:16:00,2025-01-24 13:05:00,49,Late,4.09
3263,3660,64,2025-06-08 06:46:49,2025-06-08 07:34:49,48,Late,14.48
3264,3661,481,2025-11-04 22:37:57,2025-11-04 23:01:57,24,On Time,4.53
3265,3662,23,2025-11-26 12:23:02,2025-11-26 13:11:02,48,Late,11.29
3266,3663,474,2025-01-27 20:44:09,2025-01-27 21:32:09,48,Late,4.02
3267,3664,358,2025-06-28 19:40:57,2025-06-28 20:34:57,54,Late,7.96
3268,3665,266,2025-01-20 19:04:12,2025-01-20 19:47:12,43,Late,8.71
3269,3666,445,2025-10-31 12:52:46,2025-10-31 13:07:46,15,Early,9.36
3270,3667,148,2025-02-23 12:45:48,2025-02-23 13:02:48,17,Early,4.23
3271,3668,178,2025-03-05 16:09:33,2025-03-05 16:39:33,30,On Time,14.52
3272,3669,231,2025-10-09 15:03:44,2025-10-09 15:27:44,24,On Time,14.85
3273,3670,410,2025-06-10 01:05:30,2025-06-10 01:44:30,39,On Time,6.57
3274,3671,229,2025-02-16 13:00:03,2025-02-16 13:43:03,43,Late,3.38
3275,3672,224,2025-04-04 18:24:00,2025-04-04 18:49:00,25,On Time,4.07
3276,3673,339,2025-11-01 20:15:09,2025-11-01 21:04:09,49,Late,11.06
3277,3674,248,2025-06-15 00:09:05,2025-06-15 00:36:05,27,On Time,6.26
3278,3675,492,2025-10-26 19:59:20,2025-10-26 20:31:20,32,On Time,5.77
3279,3676,149,2025-08-19 18:41:02,2025-08-19 19:15:02,34,Late,8.18
3280,3677,40,2025-06-24 19:14:47,2025-06-24 19:31:47,17,Early,9.65
3281,3678,173,2025-05-23 15:29:39,2025-05-23 15:45:39,16,Early,2.61
3282,3679,179,2025-05-08 13:08:35,2025-05-08 13:39:35,31,Late,2.57
3283,3680,412,2025-02-27 12:14:02,2025-02-27 13:10:02,56,Late,2.64
3284,3681,170,2025-03-07 17:28:05,2025-03-07 18:10:05,42,Late,11.13
3285,3682,449,2025-07-21 11:43:45,2025-07-21 11:58:45,15,Early,1.59
3286,3684,370,2025-12-21 18:19:34,2025-12-21 19:00:34,41,Late,7.86
3287,3685,320,2025-06-30 11:46:06,2025-06-30 12:03:06,17,Early,3.01
3288,3686,72,2025-12-10 20:22:09,2025-12-10 20:59:09,37,Late,9.48
3289,3688,244,2025-06-23 18:35:53,2025-06-23 19:00:53,25,On Time,2.6
3290,3689,67,2025-04-12 11:59:56,2025-04-12 12:56:56,57,Late,14.42
3291,3690,451,2025-03-17 13:44:07,2025-03-17 14:25:07,41,Late,12.55
3292,3691,129,2025-03-10 11:16:12,2025-03-10 12:09:12,53,Late,12.49
3293,3692,369,2025-12-17 16:27:41,2025-12-17 17:26:41,59,Late,7.57
3294,3693,90,2025-01-28 08:34:34,2025-01-28 09:06:34,32,On Time,5.71
3295,3694,184,2025-07-09 06:36:23,2025-07-09 07:17:23,41,Late,12.48
3296,3695,463,2025-09-02 21:50:33,2025-09-02 22:25:33,35,Late,3.59
3297,3696,397,2025-02-25 22:18:20,2025-02-25 22:56:20,38,On Time,6.11
3298,3697,219,2025-09-10 21:59:48,2025-09-10 22:22:48,23,On Time,11.83
3299,3698,42,2025-03-10 13:10:11,2025-03-10 13:43:11,33,On Time,13.44
3300,3699,409,2025-09-30 19:55:14,2025-09-30 20:40:14,45,Late,13.19
3301,3700,197,2025-06-01 19:24:39,2025-06-01 20:14:39,50,Late,11.09
3302,3701,366,2025-04-11 10:37:40,2025-04-11 11:32:40,55,Late,4.14
3303,3702,39,2025-06-26 11:47:30,2025-06-26 12:32:30,45,Late,14.14
3304,3705,189,2025-07-18 18:43:34,2025-07-18 19:08:34,25,On Time,11.65
3305,3706,242,2025-07-17 09:05:42,2025-07-17 09:54:42,49,Late,7.36
3306,3708,481,2025-10-13 13:17:07,2025-10-13 13:45:07,28,On Time,2.57
3307,3709,140,2025-12-24 13:28:20,2025-12-24 13:48:20,20,Early,10.67
3308,3711,207,2025-04-28 19:17:55,2025-04-28 19:50:55,33,On Time,6.84
3309,3712,368,2025-05-01 17:01:08,2025-05-01 17:27:08,26,On Time,12.13
3310,3713,438,2025-03-06 19:40:45,2025-03-06 20:07:45,27,On Time,4.24
3311,3714,31,2025-02-08 18:27:06,2025-02-08 19:10:06,43,Late,11.91
3312,3715,120,2025-09-21 10:15:16,2025-09-21 11:13:16,58,Late,13.8
3313,3716,55,2025-07-29 15:43:28,2025-07-29 16:12:28,29,On Time,8.38
3314,3717,383,2025-04-23 09:25:34,2025-04-23 10:04:34,39,On Time,10.34
3315,3718,263,2025-07-08 15:34:58,2025-07-08 15:58:58,24,On Time,10.05
3316,3719,137,2025-07-29 17:31:41,2025-07-29 18:02:41,31,On Time,7.1
3317,3720,60,2025-09-01 07:49:17,2025-09-01 08:34:17,45,Late,3.51
3318,3722,109,2025-03-15 16:56:44,2025-03-15 17:25:44,29,On Time,4.23
3319,3724,439,2025-07-10 20:14:07,2025-07-10 20:45:07,31,Late,10.86
3320,3725,474,2025-05-17 12:35:35,2025-05-17 12:51:35,16,Early,7.51
3321,3726,386,2025-05-05 14:03:49,2025-05-05 14:26:49,23,On Time,9.06
3322,3728,45,2025-09-06 20:37:54,2025-09-06 20:55:54,18,Early,1.57
3323,3729,108,2025-09-22 13:35:12,2025-09-22 14:16:12,41,Late,5.82
3324,3730,408,2025-09-24 14:21:01,2025-09-24 15:16:01,55,Late,11.9
3325,3731,148,2025-05-17 13:08:21,2025-05-17 13:30:21,22,On Time,11.37
3326,3732,365,2025-06-27 17:07:51,2025-06-27 18:03:51,56,Late,6.69
3327,3733,147,2025-12-25 10:20:56,2025-12-25 10:42:56,22,On Time,10.35
3328,3734,19,2025-07-02 17:13:10,2025-07-02 17:44:10,31,Late,3.73
3329,3735,95,2025-06-10 12:17:18,2025-06-10 13:08:18,51,Late,6.66
3330,3736,26,2025-10-30 06:56:04,2025-10-30 07:38:04,42,Late,8.22
3331,3737,144,2025-01-26 22:51:50,2025-01-26 23:15:50,24,On Time,8.52
3332,3739,419,2025-06-20 15:48:43,2025-06-20 16:38:43,50,Late,8.23
3333,3740,75,2025-09-23 19:51:16,2025-09-23 20:29:16,38,Late,14.22
3334,3741,353,2025-07-20 11:44:00,2025-07-20 12:41:00,57,Late,7.15
3335,3742,144,2025-12-26 21:56:51,2025-12-26 22:23:51,27,On Time,3.53
3336,3743,115,2025-05-23 15:17:32,2025-05-23 15:40:32,23,On Time,11.49
3337,3744,203,2025-02-16 21:41:20,2025-02-16 22:12:20,31,On Time,12.34
3338,3745,11,2025-09-20 21:23:02,2025-09-20 22:23:02,60,Late,2.0
3339,3746,153,2025-09-26 11:34:53,2025-09-26 12:29:53,55,Late,12.08
3340,3747,177,2025-11-30 11:59:13,2025-11-30 12:27:13,28,On Time,13.91
3341,3748,259,2025-02-09 00:20:43,2025-02-09 00:57:43,37,Late,4.9
3342,3749,107,2025-02-25 20:16:41,2025-02-25 21:15:41,59,Late,14.65
3343,3750,158,2025-02-23 20:19:47,2025-02-23 20:42:47,23,On Time,2.24
3344,3752,316,2025-07-28 11:12:49,2025-07-28 11:56:49,44,Late,11.57
3345,3753,418,2025-05-26 20:17:49,2025-05-26 20:49:49,32,On Time,10.14
3346,3754,280,2025-05-24 15:31:38,2025-05-24 16:23:38,52,Late,10.76
3347,3755,100,2025-09-09 18:53:36,2025-09-09 19:44:36,51,Late,14.83
3348,3756,373,2025-07-04 20:36:01,2025-07-04 21:04:01,28,On Time,7.83
3349,3757,170,2025-04-06 08:47:44,2025-04-06 09:39:44,52,Late,12.31
3350,3758,387,2025-11-12 23:11:01,2025-11-13 00:02:01,51,Late,3.19
3351,3759,1,2025-04-15 14:10:40,2025-04-15 14:41:40,31,Late,11.6
3352,3760,278,2025-07-07 23:18:33,2025-07-08 00:12:33,54,Late,10.01
3353,3761,344,2025-06-06 08:46:25,2025-06-06 09:38:25,52,Late,4.34
3354,3762,402,2025-11-09 20:32:23,2025-11-09 20:53:23,21,On Time,4.07
3355,3763,66,2025-04-16 14:47:27,2025-04-16 15:28:27,41,Late,10.87
3356,3764,339,2025-10-25 18:28:04,2025-10-25 19:00:04,32,Late,14.12
3357,3765,194,2025-11-29 20:11:57,2025-11-29 20:33:57,22,On Time,5.66
3358,3766,26,2025-09-23 19:56:02,2025-09-23 20:38:02,42,Late,14.28
3359,3767,163,2025-06-13 22:27:01,2025-06-13 23:16:01,49,Late,3.1
3360,3770,289,2025-03-29 20:07:00,2025-03-29 20:43:00,36,On Time,4.25
3361,3771,11,2025-09-15 12:52:53,2025-09-15 13:32:53,40,Late,13.54
3362,3772,251,2025-05-18 14:02:24,2025-05-18 15:01:24,59,Late,12.73
3363,3773,114,2025-12-28 10:43:05,2025-12-28 11:21:05,38,Late,14.94
3364,3774,331,2025-08-29 22:06:58,2025-08-29 22:31:58,25,On Time,9.14
3365,3775,11,2025-02-01 19:59:33,2025-02-01 20:55:33,56,Late,13.36
3366,3776,476,2025-11-17 12:24:08,2025-11-17 12:46:08,22,On Time,12.02
3367,3777,320,2025-08-17 00:01:09,2025-08-17 00:34:09,33,Late,12.32
3368,3778,247,2025-03-21 21:05:08,2025-03-21 21:31:08,26,On Time,11.6
3369,3779,122,2025-04-02 20:42:51,2025-04-02 21:40:51,58,Late,12.1
3370,3780,170,2025-07-21 20:00:48,2025-07-21 20:50:48,50,Late,5.41
3371,3781,286,2025-02-16 09:26:51,2025-02-16 10:13:51,47,Late,10.81
3372,3782,207,2025-06-09 17:30:04,2025-06-09 18:26:04,56,Late,2.69
3373,3783,452,2025-06-12 12:46:45,2025-06-12 13:32:45,46,Late,10.98
3374,3784,365,2025-03-21 12:53:42,2025-03-21 13:44:42,51,Late,10.37
3375,3786,93,2025-12-22 14:08:53,2025-12-22 14:52:53,44,Late,4.58
3376,3787,318,2025-03-03 12:49:26,2025-03-03 13:25:26,36,Late,14.35
3377,3788,256,2025-05-05 13:29:56,2025-05-05 14:20:56,51,Late,9.85
3378,3789,363,2025-01-23 20:58:41,2025-01-23 21:55:41,57,Late,14.49
3379,3790,357,2025-06-25 19:33:47,2025-06-25 20:14:47,41,Late,1.89
3380,3791,106,2025-08-25 19:51:00,2025-08-25 20:29:00,38,On Time,8.92
3381,3792,167,2025-06-15 12:28:18,2025-06-15 12:57:18,29,On Time,3.45
3382,3793,213,2025-08-22 16:39:34,2025-08-22 17:12:34,33,Late,14.81
3383,3794,96,2025-03-19 13:03:28,2025-03-19 13:22:28,19,Early,13.31
3384,3795,301,2025-10-14 17:53:34,2025-10-14 18:20:34,27,On Time,14.15
3385,3796,236,2025-10-14 19:07:54,2025-10-14 20:00:54,53,Late,3.15
3386,3797,2,2025-04-12 09:51:29,2025-04-12 10:38:29,47,Late,14.84
3387,3798,125,2025-07-24 07:21:50,2025-07-24 07:51:50,30,On Time,8.99
3388,3799,185,2025-05-16 12:29:59,2025-05-16 12:54:59,25,On Time,12.01
3389,3800,326,2025-10-08 21:37:49,2025-10-08 22:17:49,40,On Time,13.97
3390,3802,396,2025-09-07 11:52:37,2025-09-07 12:23:37,31,On Time,13.38
3391,3803,143,2025-05-30 14:12:46,2025-05-30 14:41:46,29,On Time,13.83
3392,3804,193,2025-08-19 11:26:59,2025-08-19 12:21:59,55,Late,5.64
3393,3806,458,2025-10-09 21:23:23,2025-10-09 22:18:23,55,Late,10.2
3394,3807,77,2025-10-03 15:35:53,2025-10-03 16:11:53,36,Late,4.09
3395,3808,500,2025-08-25 18:17:53,2025-08-25 18:38:53,21,On Time,1.76
3396,3809,140,2025-02-14 20:48:28,2025-02-14 21:05:28,17,Early,4.92
3397,3810,152,2025-10-16 11:30:25,2025-10-16 12:12:25,42,Late,10.35
3398,3812,181,2025-11-24 20:56:26,2025-11-24 21:17:26,21,On Time,9.71
3399,3813,340,2025-09-05 20:04:32,2025-09-05 21:00:32,56,Late,5.0
3400,3814,17,2025-11-09 13:33:56,2025-11-09 13:55:56,22,On Time,11.79
3401,3815,163,2025-07-03 12:04:12,2025-07-03 12:28:12,24,On Time,2.33
3402,3816,426,2025-07-13 20:25:41,2025-07-13 21:17:41,52,Late,11.42
3403,3817,192,2025-07-22 12:25:52,2025-07-22 13:23:52,58,Late,4.23
3404,3818,68,2025-05-10 11:55:37,2025-05-10 12:22:37,27,On Time,8.86
3405,3819,205,2025-12-14 20:53:33,2025-12-14 21:40:33,47,Late,12.22
3406,3820,305,2025-09-28 15:30:12,2025-09-28 15:51:12,21,On Time,13.38
3407,3821,453,2025-07-30 13:18:35,2025-07-30 14:07:35,49,Late,6.15
3408,3822,423,2025-09-03 11:38:01,2025-09-03 11:56:01,18,Early,8.62
3409,3823,91,2025-12-02 00:26:01,2025-12-02 00:44:01,18,Early,11.42
3410,3824,435,2025-06-01 17:20:30,2025-06-01 18:03:30,43,Late,8.89
3411,3825,148,2025-06-04 13:22:52,2025-06-04 13:40:52,18,Early,6.71
3412,3826,104,2025-09-23 12:21:15,2025-09-23 13:01:15,40,Late,9.19
3413,3828,228,2025-07-22 11:19:22,2025-07-22 12:05:22,46,Late,12.06
3414,3829,121,2025-10-05 20:13:19,2025-10-05 21:01:19,48,Late,2.92
3415,3830,250,2025-09-08 16:09:13,2025-09-08 17:09:13,60,Late,11.71
3416,3831,221,2025-05-13 18:03:44,2025-05-13 18:54:44,51,Late,14.52
3417,3832,250,2025-10-30 21:10:03,2025-10-30 21:37:03,27,On Time,3.67
3418,3833,462,2025-11-29 15:18:00,2025-11-29 15:43:00,25,On Time,14.96
3419,3834,383,2025-07-10 19:35:29,2025-07-10 19:53:29,18,Early,7.47
3420,3835,13,2025-01-05 16:04:06,2025-01-05 16:34:06,30,On Time,3.44
3421,3836,202,2025-07-17 14:19:34,2025-07-17 14:42:34,23,On Time,3.77
3422,3837,394,2025-12-11 10:12:14,2025-12-11 10:49:14,37,Late,8.47
3423,3838,28,2025-05-13 15:53:42,2025-05-13 16:12:42,19,Early,12.4
3424,3839,228,2025-07-03 13:04:59,2025-07-03 13:32:59,28,On Time,5.7
3425,3840,104,2025-07-04 00:04:20,2025-07-04 00:58:20,54,Late,12.59
3426,3841,425,2025-04-24 16:51:12,2025-04-24 17:41:12,50,Late,8.84
3427,3842,142,2025-05-09 09:00:38,2025-05-09 09:21:38,21,On Time,4.87
3428,3843,343,2025-02-06 17:42:31,2025-02-06 18:13:31,31,Late,3.03
3429,3844,176,2025-03-06 20:34:28,2025-03-06 21:05:28,31,Late,5.82
3430,3845,148,2025-12-06 21:43:25,2025-12-06 22:15:25,32,Late,2.71
3431,3846,105,2025-09-26 21:42:23,2025-09-26 22:06:23,24,On Time,14.87
3432,3847,229,2025-06-21 19:14:39,2025-06-21 19:40:39,26,On Time,12.0
3433,3848,268,2025-07-04 20:50:04,2025-07-04 21:47:04,57,Late,10.88
3434,3849,444,2025-02-14 08:43:05,2025-02-14 09:34:05,51,Late,9.82
3435,3850,410,2025-09-22 13:18:20,2025-09-22 14:17:20,59,Late,13.93
3436,3851,398,2025-12-10 10:52:13,2025-12-10 11:33:13,41,Late,4.22
3437,3853,342,2025-06-30 13:02:23,2025-06-30 13:24:23,22,On Time,13.31
3438,3854,97,2025-09-21 12:56:50,2025-09-21 13:42:50,46,Late,12.89
3439,3855,373,2025-09-06 21:42:11,2025-09-06 22:05:11,23,On Time,5.86
3440,3856,99,2025-10-18 12:05:48,2025-10-18 12:23:48,18,Early,2.73
3441,3857,471,2025-04-23 13:39:24,2025-04-23 14:09:24,30,On Time,5.27
3442,3858,316,2025-06-01 10:07:28,2025-06-01 10:57:28,50,Late,11.79
3443,3859,328,2025-09-09 19:18:29,2025-09-09 20:09:29,51,Late,5.63
3444,3860,373,2025-06-14 19:30:41,2025-06-14 20:12:41,42,Late,12.6
3445,3861,34,2025-12-07 07:42:55,2025-12-07 08:11:55,29,On Time,4.43
3446,3862,350,2025-07-21 11:28:35,2025-07-21 12:12:35,44,Late,4.89
3447,3863,161,2025-12-28 13:55:57,2025-12-28 14:26:57,31,On Time,14.44
3448,3864,336,2025-05-24 20:44:02,2025-05-24 21:22:02,38,On Time,5.99
3449,3865,290,2025-12-07 14:26:16,2025-12-07 15:00:16,34,Late,11.08
3450,3866,88,2025-10-21 18:27:35,2025-10-21 18:57:35,30,On Time,8.97
3451,3867,99,2025-12-05 08:27:44,2025-12-05 09:21:44,54,Late,7.73
3452,3868,385,2025-06-26 21:58:18,2025-06-26 22:37:18,39,On Time,14.1
3453,3869,231,2025-09-23 12:07:51,2025-09-23 13:03:51,56,Late,14.71
3454,3870,500,2025-08-29 20:20:29,2025-08-29 20:46:29,26,On Time,8.86
3455,3871,22,2025-06-19 17:56:38,2025-06-19 18:56:38,60,Late,6.08
3456,3873,372,2025-03-13 08:26:57,2025-03-13 09:22:57,56,Late,11.79
3457,3874,419,2025-02-21 09:34:43,2025-02-21 10:09:43,35,Late,4.5
3458,3875,368,2025-08-18 15:27:24,2025-08-18 15:51:24,24,On Time,2.54
3459,3876,397,2025-07-19 12:06:39,2025-07-19 12:54:39,48,Late,10.83
3460,3877,64,2025-08-14 12:55:08,2025-08-14 13:43:08,48,Late,6.51
3461,3879,422,2025-09-26 12:25:22,2025-09-26 12:55:22,30,On Time,3.96
3462,3880,76,2025-03-04 06:28:35,2025-03-04 06:48:35,20,Early,7.03
3463,3881,50,2025-06-26 16:59:42,2025-06-26 17:28:42,29,On Time,5.6
3464,3882,103,2025-10-02 17:40:35,2025-10-02 18:36:35,56,Late,11.13
3465,3883,329,2025-08-27 21:06:27,2025-08-27 21:57:27,51,Late,10.42
3466,3884,105,2025-12-15 19:15:12,2025-12-15 19:37:12,22,On Time,8.18
3467,3885,494,2025-02-19 19:44:08,2025-02-19 20:37:08,53,Late,11.29
3468,3887,460,2025-10-19 12:06:33,2025-10-19 12:56:33,50,Late,10.73
3469,3888,115,2025-09-10 22:09:05,2025-09-10 22:46:05,37,On Time,4.76
3470,3889,296,2025-02-12 13:04:03,2025-02-12 13:52:03,48,Late,9.46
3471,3890,454,2025-02-27 12:47:01,2025-02-27 13:37:01,50,Late,10.21
3472,3891,403,2025-03-13 10:36:22,2025-03-13 11:31:22,55,Late,13.88
3473,3894,189,2025-03-10 10:48:10,2025-03-10 11:42:10,54,Late,10.35
3474,3895,444,2025-09-17 20:47:26,2025-09-17 21:06:26,19,Early,13.66
3475,3896,68,2025-03-03 18:56:36,2025-03-03 19:15:36,19,Early,14.6
3476,3897,431,2025-09-01 22:29:35,2025-09-01 22:59:35,30,On Time,2.38
3477,3899,144,2025-09-15 19:26:21,2025-09-15 19:58:21,32,On Time,14.04
3478,3900,166,2025-04-07 12:57:31,2025-04-07 13:42:31,45,Late,8.47
3479,3901,207,2025-05-30 20:37:26,2025-05-30 21:26:26,49,Late,2.02
3480,3902,23,2025-12-21 14:15:18,2025-12-21 14:51:18,36,Late,10.81
3481,3903,240,2025-05-20 19:20:55,2025-05-20 20:01:55,41,Late,3.13
3482,3904,459,2025-03-16 13:56:57,2025-03-16 14:18:57,22,On Time,14.49
3483,3905,238,2025-09-19 14:19:10,2025-09-19 14:45:10,26,On Time,13.76
3484,3907,63,2025-07-04 21:38:56,2025-07-04 22:15:56,37,Late,1.7
3485,3909,234,2025-01-07 12:46:28,2025-01-07 13:22:28,36,On Time,10.29
3486,3910,384,2025-12-06 17:28:27,2025-12-06 17:49:27,21,On Time,10.12
3487,3911,439,2025-05-15 12:07:06,2025-05-15 12:49:06,42,Late,14.54
3488,3912,34,2025-08-18 10:56:56,2025-08-18 11:45:56,49,Late,12.14
3489,3914,464,2025-01-20 00:38:59,2025-01-20 01:15:59,37,Late,13.38
3490,3915,228,2025-12-24 09:52:08,2025-12-24 10:25:08,33,On Time,14.46
3491,3916,253,2025-04-06 20:27:43,2025-04-06 21:27:43,60,Late,12.97
3492,3917,324,2025-11-21 16:35:29,2025-11-21 17:08:29,33,On Time,2.36
3493,3919,128,2025-03-27 09:38:59,2025-03-27 09:56:59,18,Early,2.47
3494,3920,259,2025-05-20 22:40:48,2025-05-20 23:16:48,36,On Time,8.19
3495,3921,258,2025-12-27 12:36:32,2025-12-27 13:04:32,28,On Time,3.49
3496,3922,345,2025-11-06 18:08:34,2025-11-06 18:34:34,26,On Time,13.93
3497,3923,240,2025-10-23 12:51:16,2025-10-23 13:26:16,35,Late,10.89
3498,3924,157,2025-09-12 11:56:18,2025-09-12 12:54:18,58,Late,14.32
3499,3925,144,2025-06-07 21:41:22,2025-06-07 22:35:22,54,Late,12.69
3500,3927,391,2025-07-08 12:35:19,2025-07-08 13:16:19,41,Late,5.77
3501,3928,137,2025-07-05 17:10:44,2025-07-05 18:00:44,50,Late,2.07
3502,3929,448,2025-05-07 19:59:49,2025-05-07 20:48:49,49,Late,11.99
3503,3930,255,2025-04-06 12:32:57,2025-04-06 12:50:57,18,Early,12.99
3504,3931,460,2025-08-11 11:14:46,2025-08-11 11:52:46,38,Late,9.03
3505,3932,436,2025-07-21 00:10:16,2025-07-21 01:01:16,51,Late,3.8
3506,3933,173,2025-11-23 19:22:36,2025-11-23 19:48:36,26,On Time,11.88
3507,3934,368,2025-02-22 19:30:12,2025-02-22 20:12:12,42,Late,13.29
3508,3935,243,2025-01-23 09:38:34,2025-01-23 10:22:34,44,Late,5.27
3509,3936,248,2025-12-03 00:03:08,2025-12-03 00:31:08,28,On Time,2.23
3510,3937,344,2025-02-25 11:21:41,2025-02-25 12:14:41,53,Late,13.52
3511,3938,323,2025-10-25 18:58:59,2025-10-25 19:27:59,29,On Time,8.53
3512,3939,239,2025-05-20 15:53:02,2025-05-20 16:14:02,21,On Time,11.89
3513,3940,250,2025-12-28 20:30:19,2025-12-28 21:02:19,32,On Time,6.42
3514,3941,259,2025-04-05 19:22:30,2025-04-05 20:03:30,41,Late,11.7
3515,3942,212,2025-10-18 19:54:54,2025-10-18 20:47:54,53,Late,2.34
3516,3944,259,2025-05-17 18:00:03,2025-05-17 18:25:03,25,On Time,8.11
3517,3945,412,2025-09-26 13:20:29,2025-09-26 14:09:29,49,Late,5.78
3518,3946,203,2025-08-17 00:30:17,2025-08-17 00:47:17,17,Early,13.9
3519,3947,137,2025-05-24 14:03:13,2025-05-24 14:52:13,49,Late,14.63
3520,3948,14,2025-11-17 21:40:42,2025-11-17 22:27:42,47,Late,6.74
3521,3949,424,2025-08-08 17:12:16,2025-08-08 18:03:16,51,Late,2.34
3522,3950,24,2025-02-18 12:31:48,2025-02-18 12:47:48,16,Early,11.62
3523,3951,189,2025-05-08 11:20:48,2025-05-08 12:00:48,40,Late,6.47
3524,3952,328,2025-03-12 10:22:07,2025-03-12 11:03:07,41,Late,9.03
3525,3953,116,2025-10-24 08:32:29,2025-10-24 08:50:29,18,Early,13.3
3526,3954,4,2025-07-25 18:55:52,2025-07-25 19:48:52,53,Late,13.73
3527,3955,312,2025-12-24 18:44:24,2025-12-24 19:14:24,30,On Time,5.44
3528,3956,195,2025-03-20 13:11:38,2025-03-20 13:40:38,29,On Time,10.36
3529,3957,162,2025-08-15 20:57:06,2025-08-15 21:29:06,32,Late,8.73
3530,3958,23,2025-01-30 11:20:25,2025-01-30 12:04:25,44,Late,6.16
3531,3960,10,2025-08-28 16:45:06,2025-08-28 17:17:06,32,On Time,6.69
3532,3961,342,2025-02-11 14:14:44,2025-02-11 14:34:44,20,Early,10.9
3533,3962,255,2025-10-16 14:20:08,2025-10-16 15:04:08,44,Late,11.07
3534,3963,492,2025-09-03 13:30:44,2025-09-03 14:23:44,53,Late,7.49
3535,3964,142,2025-07-04 11:37:15,2025-07-04 12:01:15,24,On Time,14.46
3536,3965,115,2025-09-19 17:47:01,2025-09-19 18:29:01,42,Late,9.41
3537,3967,367,2025-07-21 12:40:18,2025-07-21 12:58:18,18,Early,9.71
3538,3968,123,2025-12-13 22:03:03,2025-12-13 22:52:03,49,Late,13.03
3539,3969,40,2025-12-14 19:55:48,2025-12-14 20:49:48,54,Late,8.86
3540,3970,264,2025-07-17 19:09:34,2025-07-17 19:26:34,17,Early,12.87
3541,3971,204,2025-11-22 15:46:41,2025-11-22 16:13:41,27,On Time,6.77
3542,3972,116,2025-04-25 21:12:52,2025-04-25 22:02:52,50,Late,7.94
3543,3975,58,2025-06-12 18:21:38,2025-06-12 18:48:38,27,On Time,14.55
3544,3976,437,2025-05-18 08:07:57,2025-05-18 08:50:57,43,Late,5.83
3545,3977,4,2025-07-21 20:31:12,2025-07-21 21:07:12,36,On Time,3.98
3546,3978,449,2025-08-30 00:03:59,2025-08-30 00:58:59,55,Late,5.0
3547,3979,374,2025-01-27 19:16:24,2025-01-27 19:59:24,43,Late,10.56
3548,3980,306,2025-05-21 09:03:12,2025-05-21 09:46:12,43,Late,2.89
3549,3982,54,2025-05-04 14:10:07,2025-05-04 14:37:07,27,On Time,10.12
3550,3983,41,2025-04-21 13:57:51,2025-04-21 14:53:51,56,Late,3.31
3551,3984,370,2025-05-22 12:30:48,2025-05-22 12:49:48,19,Early,4.12
3552,3985,455,2025-11-19 17:58:32,2025-11-19 18:16:32,18,Early,2.54
3553,3986,409,2025-10-20 20:22:03,2025-10-20 21:12:03,50,Late,14.94
3554,3987,336,2025-05-05 15:11:26,2025-05-05 15:35:26,24,On Time,3.58
3555,3988,408,2025-12-08 19:57:41,2025-12-08 20:56:41,59,Late,1.85
3556,3989,181,2025-12-07 20:29:21,2025-12-07 21:10:21,41,Late,13.24
3557,3991,403,2025-09-01 14:40:36,2025-09-01 14:56:36,16,Early,2.0
3558,3992,352,2025-09-11 18:34:47,2025-09-11 19:21:47,47,Late,13.93
3559,3993,315,2025-06-20 19:15:06,2025-06-20 20:13:06,58,Late,11.51
3560,3994,90,2025-04-12 20:57:09,2025-04-12 21:22:09,25,On Time,3.33
3561,3995,438,2025-12-21 21:02:23,2025-12-21 21:29:23,27,On Time,14.56
3562,3996,327,2025-05-28 12:45:08,2025-05-28 13:06:08,21,On Time,13.53
3563,3998,33,2025-04-23 20:09:48,2025-04-23 21:08:48,59,Late,13.65
3564,3999,380,2025-02-16 21:04:14,2025-02-16 21:39:14,35,On Time,6.69
3565,4000,405,2025-10-30 15:07:26,2025-10-30 15:49:26,42,Late,2.05
3566,4001,471,2025-12-20 20:47:41,2025-12-20 21:24:41,37,On Time,6.6
3567,4002,44,2025-07-19 17:15:19,2025-07-19 18:11:19,56,Late,2.96
3568,4003,378,2025-09-30 19:49:10,2025-09-30 20:26:10,37,Late,2.95
3569,4004,350,2025-03-31 15:56:24,2025-03-31 16:52:24,56,Late,9.1
3570,4005,229,2025-06-17 12:45:27,2025-06-17 13:36:27,51,Late,8.14
3571,4006,483,2025-06-11 12:30:39,2025-06-11 12:48:39,18,Early,10.02
3572,4007,340,2025-08-09 22:36:14,2025-08-09 23:19:14,43,Late,6.16
3573,4008,184,2025-09-09 19:24:07,2025-09-09 20:04:07,40,Late,11.31
3574,4009,81,2025-11-22 00:10:38,2025-11-22 01:09:38,59,Late,13.22
3575,4010,495,2025-12-12 21:35:53,2025-12-12 22:35:53,60,Late,3.39
3576,4011,447,2025-04-28 19:10:20,2025-04-28 20:00:20,50,Late,13.58
3577,4013,124,2025-06-01 12:06:31,2025-06-01 12:44:31,38,On Time,4.46
3578,4014,397,2025-08-03 14:34:05,2025-08-03 15:03:05,29,On Time,8.26
3579,4015,170,2025-08-07 20:32:14,2025-08-07 21:32:14,60,Late,6.58
3580,4016,359,2025-06-28 17:39:33,2025-06-28 18:03:33,24,On Time,3.38
3581,4017,451,2025-04-25 18:23:59,2025-04-25 19:14:59,51,Late,9.71
3582,4018,179,2025-08-06 17:05:42,2025-08-06 17:21:42,16,Early,13.22
3583,4019,90,2025-04-02 19:14:21,2025-04-02 19:29:21,15,Early,9.3
3584,4021,377,2025-03-25 13:51:32,2025-03-25 14:26:32,35,Late,13.59
3585,4022,220,2025-01-03 22:10:49,2025-01-03 23:06:49,56,Late,11.61
3586,4023,403,2025-02-15 12:14:09,2025-02-15 12:53:09,39,On Time,14.73
3587,4025,93,2025-06-10 20:14:03,2025-06-10 20:50:03,36,Late,4.65
3588,4026,73,2025-07-26 10:17:56,2025-07-26 11:15:56,58,Late,8.22
3589,4027,234,2025-11-07 13:01:44,2025-11-07 13:47:44,46,Late,8.07
3590,4030,223,2025-12-11 11:02:51,2025-12-11 11:57:51,55,Late,11.42
3591,4031,69,2025-02-14 20:17:08,2025-02-14 20:49:08,32,Late,5.61
3592,4032,146,2025-06-25 20:22:24,2025-06-25 21:19:24,57,Late,10.09
3593,4033,324,2025-04-30 18:41:42,2025-04-30 19:08:42,27,On Time,3.97
3594,4035,223,2025-09-08 12:28:22,2025-09-08 13:22:22,54,Late,1.83
3595,4036,341,2025-05-31 19:14:43,2025-05-31 19:31:43,17,Early,11.76
3596,4038,418,2025-11-10 22:12:19,2025-11-10 22:40:19,28,On Time,2.0
3597,4039,152,2025-10-19 12:04:24,2025-10-19 12:25:24,21,On Time,7.22
3598,4040,18,2025-10-01 13:02:10,2025-10-01 13:23:10,21,On Time,11.26
3599,4041,216,2025-01-21 07:15:20,2025-01-21 07:43:20,28,On Time,12.51
3600,4042,162,2025-07-09 20:42:05,2025-07-09 21:25:05,43,Late,13.91
3601,4043,219,2025-05-02 13:41:56,2025-05-02 14:02:56,21,On Time,2.06
3602,4044,5,2025-01-16 16:16:08,2025-01-16 16:46:08,30,On Time,7.46
3603,4045,397,2025-12-08 21:59:01,2025-12-08 22:38:01,39,On Time,4.63
3604,4046,176,2025-05-18 17:14:16,2025-05-18 17:56:16,42,Late,7.99
3605,4047,408,2025-11-13 18:11:41,2025-11-13 18:57:41,46,Late,3.66
3606,4048,475,2025-05-25 21:58:36,2025-05-25 22:18:36,20,Early,13.2
3607,4049,50,2025-10-19 21:46:51,2025-10-19 22:19:51,33,On Time,11.11
3608,4050,385,2025-07-08 20:12:15,2025-07-08 21:00:15,48,Late,9.17
3609,4051,109,2025-11-29 22:02:15,2025-11-29 22:17:15,15,Early,5.2
3610,4052,430,2025-05-31 20:22:57,2025-05-31 21:05:57,43,Late,13.12
3611,4053,295,2025-07-30 10:59:04,2025-07-30 11:37:04,38,Late,7.9
3612,4054,172,2025-12-16 20:15:38,2025-12-16 20:36:38,21,On Time,1.6
3613,4055,55,2025-11-06 06:41:02,2025-11-06 07:13:02,32,Late,3.03
3614,4056,241,2025-11-27 23:45:25,2025-11-28 00:14:25,29,On Time,8.01
3615,4057,376,2025-05-23 14:06:40,2025-05-23 15:01:40,55,Late,10.8
3616,4058,130,2025-06-01 20:09:05,2025-06-01 21:09:05,60,Late,12.58
3617,4059,217,2025-10-08 11:25:30,2025-10-08 11:49:30,24,On Time,7.59
3618,4060,460,2025-02-09 20:07:32,2025-02-09 20:49:32,42,Late,14.08
3619,4061,255,2025-07-11 08:24:37,2025-07-11 09:17:37,53,Late,10.83
3620,4062,142,2025-11-28 19:23:00,2025-11-28 19:51:00,28,On Time,2.61
3621,4063,285,2025-08-02 16:40:18,2025-08-02 17:25:18,45,Late,11.02
3622,4064,279,2025-07-05 23:50:06,2025-07-06 00:05:06,15,Early,14.16
3623,4065,33,2025-11-18 13:26:20,2025-11-18 14:08:20,42,Late,10.65
3624,4066,12,2025-11-01 20:59:13,2025-11-01 21:41:13,42,Late,2.23
3625,4068,241,2025-11-20 17:11:32,2025-11-20 17:37:32,26,On Time,6.93
3626,4069,157,2025-04-30 12:48:17,2025-04-30 13:42:17,54,Late,9.42
3627,4070,148,2025-11-01 19:16:54,2025-11-01 19:55:54,39,On Time,3.02
3628,4071,141,2025-05-18 19:19:17,2025-05-18 19:42:17,23,On Time,3.54
3629,4072,222,2025-11-30 09:55:05,2025-11-30 10:27:05,32,On Time,5.78
3630,4073,383,2025-12-23 13:25:58,2025-12-23 14:13:58,48,Late,3.17
3631,4074,281,2025-08-10 13:07:53,2025-08-10 14:06:53,59,Late,10.37
3632,4075,344,2025-01-11 14:11:34,2025-01-11 15:03:34,52,Late,7.55
3633,4076,378,2025-04-27 17:36:00,2025-04-27 18:12:00,36,Late,10.0
3634,4077,477,2025-09-18 12:56:48,2025-09-18 13:42:48,46,Late,11.43
3635,4078,497,2025-03-04 09:45:25,2025-03-04 10:03:25,18,Early,13.76
3636,4079,296,2025-08-17 22:05:30,2025-08-17 22:42:30,37,Late,2.1
3637,4080,97,2025-03-27 16:38:53,2025-03-27 17:33:53,55,Late,4.7
3638,4081,303,2025-05-18 12:32:57,2025-05-18 13:17:57,45,Late,14.15
3639,4082,179,2025-05-02 18:34:34,2025-05-02 19:20:34,46,Late,7.45
3640,4083,476,2025-03-02 19:21:02,2025-03-02 19:58:02,37,Late,6.26
3641,4084,307,2025-01-28 12:17:01,2025-01-28 12:47:01,30,On Time,10.23
3642,4085,120,2025-10-19 19:36:34,2025-10-19 20:05:34,29,On Time,11.24
3643,4086,457,2025-12-27 11:45:17,2025-12-27 12:20:17,35,Late,14.15
3644,4087,76,2025-12-15 14:05:42,2025-12-15 14:52:42,47,Late,2.46
3645,4088,220,2025-08-25 20:46:01,2025-08-25 21:38:01,52,Late,9.63
3646,4089,307,2025-07-03 19:17:19,2025-07-03 19:55:19,38,On Time,9.76
3647,4090,13,2025-10-09 20:41:45,2025-10-09 21:28:45,47,Late,12.9
3648,4091,380,2025-11-23 11:21:57,2025-11-23 11:49:57,28,On Time,12.96
3649,4092,211,2025-04-19 12:03:07,2025-04-19 13:01:07,58,Late,6.32
3650,4093,175,2025-04-14 12:32:26,2025-04-14 13:29:26,57,Late,9.97
3651,4094,437,2025-05-16 10:50:04,2025-05-16 11:22:04,32,On Time,6.51
3652,4095,471,2025-04-23 23:46:53,2025-04-24 00:06:53,20,Early,9.51
3653,4096,37,2025-03-13 08:57:58,2025-03-13 09:46:58,49,Late,11.57
3654,4099,440,2025-06-15 09:16:32,2025-06-15 09:34:32,18,Early,14.05
3655,4101,144,2025-01-30 08:28:33,2025-01-30 09:12:33,44,Late,9.88
3656,4104,30,2025-09-19 00:04:22,2025-09-19 01:01:22,57,Late,13.64
3657,4105,40,2025-12-08 13:19:13,2025-12-08 13:45:13,26,On Time,10.23
3658,4106,217,2025-10-21 12:03:28,2025-10-21 12:30:28,27,On Time,6.93
3659,4107,122,2025-05-30 19:50:16,2025-05-30 20:09:16,19,Early,8.22
3660,4109,209,2025-08-26 07:30:31,2025-08-26 08:10:31,40,On Time,2.99
3661,4110,362,2025-05-31 15:35:40,2025-05-31 16:30:40,55,Late,1.72
3662,4111,465,2025-07-29 21:46:49,2025-07-29 22:29:49,43,Late,9.24
3663,4112,23,2025-07-12 20:45:25,2025-07-12 21:26:25,41,Late,4.74
3664,4113,451,2025-05-14 12:36:05,2025-05-14 12:53:05,17,Early,7.0
3665,4114,12,2025-01-10 11:32:55,2025-01-10 12:28:55,56,Late,6.43
3666,4115,203,2025-04-20 11:42:35,2025-04-20 12:33:35,51,Late,11.3
3667,4116,163,2025-11-18 21:03:23,2025-11-18 21:52:23,49,Late,12.02
3668,4117,403,2025-11-17 14:41:50,2025-11-17 15:17:50,36,Late,9.37
3669,4118,195,2025-12-09 12:47:17,2025-12-09 13:44:17,57,Late,2.5
3670,4119,268,2025-05-06 08:41:08,2025-05-06 08:59:08,18,Early,11.7
3671,4120,201,2025-09-05 01:06:49,2025-09-05 01:30:49,24,On Time,4.56
3672,4121,229,2025-06-07 11:42:47,2025-06-07 12:08:47,26,On Time,1.91
3673,4122,289,2025-06-16 22:35:43,2025-06-16 23:34:43,59,Late,3.03
3674,4123,128,2025-01-15 20:08:58,2025-01-15 20:33:58,25,On Time,11.54
3675,4124,292,2025-10-15 21:49:39,2025-10-15 22:17:39,28,On Time,5.53
3676,4125,392,2025-01-04 22:15:31,2025-01-04 22:55:31,40,On Time,5.89
3677,4127,472,2025-11-21 11:18:50,2025-11-21 11:40:50,22,On Time,13.51
3678,4128,48,2025-05-06 19:42:29,2025-05-06 20:15:29,33,Late,12.66
3679,4129,497,2025-05-18 20:09:58,2025-05-18 21:07:58,58,Late,14.52
3680,4130,311,2025-04-03 19:46:21,2025-04-03 20:24:21,38,On Time,4.49
3681,4131,467,2025-07-02 14:30:06,2025-07-02 15:16:06,46,Late,11.24
3682,4132,299,2025-10-31 22:07:43,2025-10-31 22:45:43,38,Late,8.33
3683,4133,292,2025-10-11 19:56:32,2025-10-11 20:32:32,36,On Time,11.83
3684,4135,343,2025-09-17 20:31:42,2025-09-17 21:13:42,42,Late,7.88
3685,4137,381,2025-09-05 07:35:10,2025-09-05 08:01:10,26,On Time,5.44
3686,4138,184,2025-05-28 18:54:22,2025-05-28 19:19:22,25,On Time,4.51
3687,4139,404,2025-08-05 12:18:14,2025-08-05 12:48:14,30,On Time,14.96
3688,4140,242,2025-07-21 13:15:27,2025-07-21 14:14:27,59,Late,2.06
3689,4141,7,2025-09-09 19:44:03,2025-09-09 20:32:03,48,Late,7.14
3690,4142,295,2025-09-26 12:25:08,2025-09-26 13:22:08,57,Late,11.78
3691,4144,284,2025-06-12 08:27:15,2025-06-12 08:45:15,18,Early,6.97
3692,4145,440,2025-01-27 19:54:49,2025-01-27 20:14:49,20,Early,14.22
3693,4146,110,2025-06-12 20:17:28,2025-06-12 20:54:28,37,Late,5.08
3694,4149,225,2025-08-06 18:47:33,2025-08-06 19:42:33,55,Late,12.9
3695,4150,11,2025-10-24 22:14:25,2025-10-24 23:00:25,46,Late,4.77
3696,4152,398,2025-01-15 11:00:41,2025-01-15 11:53:41,53,Late,3.04
3697,4153,61,2025-06-02 17:56:23,2025-06-02 18:49:23,53,Late,12.28
3698,4154,435,2025-08-06 11:22:33,2025-08-06 12:01:33,39,On Time,4.14
3699,4155,174,2025-07-18 20:37:38,2025-07-18 21:16:38,39,On Time,12.28
3700,4156,79,2025-07-08 18:21:34,2025-07-08 18:57:34,36,On Time,4.94
3701,4157,254,2025-10-18 19:27:18,2025-10-18 19:55:18,28,On Time,3.85
3702,4159,248,2025-02-12 18:53:28,2025-02-12 19:52:28,59,Late,12.76
3703,4160,73,2025-09-27 10:31:10,2025-09-27 11:24:10,53,Late,10.8
3704,4162,16,2025-09-29 12:43:57,2025-09-29 13:42:57,59,Late,11.23
3705,4163,369,2025-11-15 13:34:55,2025-11-15 14:13:55,39,Late,7.29
3706,4164,390,2025-06-15 13:20:46,2025-06-15 14:10:46,50,Late,5.21
3707,4165,386,2025-10-16 18:31:38,2025-10-16 18:46:38,15,Early,4.65
3708,4166,127,2025-05-15 22:10:59,2025-05-15 22:32:59,22,On Time,3.14
3709,4167,430,2025-08-24 20:51:42,2025-08-24 21:15:42,24,On Time,12.5
3710,4168,142,2025-05-08 19:22:46,2025-05-08 20:15:46,53,Late,9.45
3711,4170,184,2025-04-03 21:39:45,2025-04-03 21:54:45,15,Early,7.19
3712,4171,3,2025-09-07 20:34:37,2025-09-07 21:21:37,47,Late,3.08
3713,4172,400,2025-05-18 13:23:42,2025-05-18 14:10:42,47,Late,2.1
3714,4173,212,2025-08-22 13:37:13,2025-08-22 14:05:13,28,On Time,13.75
3715,4175,228,2025-12-08 18:40:37,2025-12-08 19:18:37,38,On Time,14.05
3716,4176,270,2025-02-21 11:15:59,2025-02-21 11:58:59,43,Late,4.71
3717,4177,101,2025-04-18 11:57:01,2025-04-18 12:12:01,15,Early,5.91
3718,4178,351,2025-03-02 07:33:53,2025-03-02 08:03:53,30,On Time,4.48
3719,4179,211,2025-02-11 14:53:47,2025-02-11 15:11:47,18,Early,6.15
3720,4180,323,2025-06-21 13:26:11,2025-06-21 14:16:11,50,Late,2.55
3721,4181,408,2025-07-21 06:34:54,2025-07-21 07:23:54,49,Late,3.68
3722,4182,104,2025-01-15 23:07:32,2025-01-15 23:38:32,31,Late,3.07
3723,4183,60,2025-12-13 19:21:02,2025-12-13 19:59:02,38,Late,10.95
3724,4184,86,2025-12-26 18:59:56,2025-12-26 19:41:56,42,Late,9.34
3725,4185,469,2025-01-19 10:14:37,2025-01-19 10:44:37,30,On Time,5.99
3726,4186,431,2025-09-19 07:45:12,2025-09-19 08:00:12,15,Early,6.96
3727,4187,219,2025-07-13 13:14:43,2025-07-13 13:54:43,40,Late,2.09
3728,4188,319,2025-05-11 11:56:10,2025-05-11 12:49:10,53,Late,6.08
3729,4189,219,2025-06-23 00:08:45,2025-06-23 00:46:45,38,On Time,2.69
3730,4190,92,2025-07-13 10:35:37,2025-07-13 11:00:37,25,On Time,6.49
3731,4191,114,2025-01-26 08:58:24,2025-01-26 09:22:24,24,On Time,12.28
3732,4192,226,2025-12-25 17:45:27,2025-12-25 18:40:27,55,Late,3.46
3733,4193,40,2025-03-08 08:28:28,2025-03-08 08:52:28,24,On Time,11.93
3734,4194,453,2025-02-01 12:21:12,2025-02-01 13:03:12,42,Late,8.42
3735,4195,333,2025-01-16 11:57:43,2025-01-16 12:37:43,40,Late,7.5
3736,4196,56,2025-10-17 09:42:13,2025-10-17 09:59:13,17,Early,6.92
3737,4197,158,2025-09-08 15:15:18,2025-09-08 15:35:18,20,Early,5.93
3738,4198,328,2025-07-20 11:09:14,2025-07-20 11:42:14,33,Late,10.35
3739,4199,454,2025-01-15 16:58:00,2025-01-15 17:30:00,32,On Time,3.13
3740,4200,160,2025-04-30 13:58:37,2025-04-30 14:33:37,35,On Time,12.85
3741,4201,404,2025-06-26 12:55:33,2025-06-26 13:13:33,18,Early,13.2
3742,4203,411,2025-06-10 11:15:45,2025-06-10 12:10:45,55,Late,8.53
3743,4205,195,2025-01-19 18:39:11,2025-01-19 18:58:11,19,Early,2.29
3744,4206,439,2025-07-18 21:05:34,2025-07-18 21:25:34,20,Early,6.28
3745,4207,21,2025-07-17 20:16:09,2025-07-17 20:38:09,22,On Time,5.96
3746,4209,446,2025-01-09 17:41:19,2025-01-09 18:00:19,19,Early,12.14
3747,4212,168,2025-12-27 21:08:39,2025-12-27 21:46:39,38,On Time,8.35
3748,4213,306,2025-08-31 13:20:53,2025-08-31 13:55:53,35,Late,7.12
3749,4214,258,2025-11-29 17:10:20,2025-11-29 17:42:20,32,On Time,7.86
3750,4215,362,2025-06-05 11:49:31,2025-06-05 12:23:31,34,Late,2.61
3751,4216,51,2025-03-02 12:22:59,2025-03-02 12:46:59,24,On Time,13.37
3752,4217,7,2025-01-10 18:27:31,2025-01-10 19:21:31,54,Late,5.28
3753,4218,447,2025-12-13 18:42:07,2025-12-13 19:03:07,21,On Time,4.41
3754,4219,211,2025-01-15 19:00:55,2025-01-15 19:48:55,48,Late,5.04
3755,4220,99,2025-09-16 22:13:59,2025-09-16 22:41:59,28,On Time,10.75
3756,4221,333,2025-09-21 19:39:23,2025-09-21 19:59:23,20,Early,1.77
3757,4222,285,2025-09-27 13:05:46,2025-09-27 13:45:46,40,Late,10.89
3758,4223,159,2025-11-27 11:42:51,2025-11-27 12:22:51,40,On Time,14.2
3759,4224,297,2025-09-24 17:13:23,2025-09-24 17:52:23,39,On Time,13.84
3760,4225,391,2025-07-10 08:20:39,2025-07-10 08:58:39,38,On Time,7.5
3761,4226,46,2025-08-16 12:23:28,2025-08-16 13:03:28,40,On Time,11.13
3762,4227,130,2025-08-09 18:52:11,2025-08-09 19:30:11,38,Late,2.0
3763,4229,494,2025-04-28 16:14:36,2025-04-28 16:45:36,31,On Time,11.41
3764,4230,54,2025-07-12 11:23:19,2025-07-12 12:18:19,55,Late,2.61
3765,4231,47,2025-02-24 14:30:27,2025-02-24 15:14:27,44,Late,6.92
3766,4232,29,2025-03-27 18:27:10,2025-03-27 18:48:10,21,On Time,7.54
3767,4233,23,2025-12-15 22:14:13,2025-12-15 22:34:13,20,Early,11.27
3768,4234,386,2025-09-15 18:36:00,2025-09-15 18:55:00,19,Early,10.49
3769,4235,303,2025-05-26 12:44:50,2025-05-26 13:24:50,40,On Time,1.83
3770,4236,377,2025-11-18 08:33:53,2025-11-18 08:48:53,15,Early,14.42
3771,4237,377,2025-09-27 00:44:18,2025-09-27 01:36:18,52,Late,12.46
3772,4238,266,2025-01-27 19:48:55,2025-01-27 20:16:55,28,On Time,9.64
3773,4239,412,2025-05-31 13:37:58,2025-05-31 14:34:58,57,Late,3.63
3774,4240,141,2025-08-18 22:16:35,2025-08-18 22:33:35,17,Early,3.67
3775,4241,131,2025-09-13 21:05:01,2025-09-13 21:22:01,17,Early,11.07
3776,4242,221,2025-07-24 15:27:17,2025-07-24 16:16:17,49,Late,2.86
3777,4243,471,2025-05-23 14:12:58,2025-05-23 15:11:58,59,Late,2.49
3778,4244,362,2025-06-20 12:20:02,2025-06-20 12:44:02,24,On Time,13.0
3779,4245,227,2025-03-10 17:09:05,2025-03-10 17:34:05,25,On Time,5.2
3780,4246,325,2025-05-23 14:05:24,2025-05-23 14:36:24,31,On Time,7.95
3781,4247,301,2025-05-20 12:39:44,2025-05-20 13:30:44,51,Late,2.21
3782,4248,288,2025-11-07 19:16:25,2025-11-07 20:07:25,51,Late,13.79
3783,4249,381,2025-09-18 22:22:05,2025-09-18 22:45:05,23,On Time,11.98
3784,4250,424,2025-12-21 22:27:39,2025-12-21 23:20:39,53,Late,14.38
3785,4251,315,2025-12-16 12:39:00,2025-12-16 13:03:00,24,On Time,6.72
3786,4252,323,2025-05-16 13:31:32,2025-05-16 14:03:32,32,On Time,6.26
3787,4253,154,2025-04-25 19:23:57,2025-04-25 19:45:57,22,On Time,2.14
3788,4254,419,2025-07-21 19:17:57,2025-07-21 20:16:57,59,Late,11.85
3789,4256,391,2025-10-19 12:31:57,2025-10-19 13:09:57,38,Late,9.58
3790,4257,32,2025-03-09 13:52:37,2025-03-09 14:10:37,18,Early,2.24
3791,4258,211,2025-05-04 21:49:54,2025-05-04 22:33:54,44,Late,8.84
3792,4259,94,2025-07-02 13:00:32,2025-07-02 13:38:32,38,On Time,8.44
3793,4260,493,2025-08-10 16:12:04,2025-08-10 16:32:04,20,Early,8.38
3794,4261,96,2025-06-04 13:02:45,2025-06-04 13:39:45,37,Late,11.53
3795,4262,149,2025-10-13 12:53:38,2025-10-13 13:37:38,44,Late,12.29
3796,4263,91,2025-03-09 21:52:31,2025-03-09 22:35:31,43,Late,13.74
3797,4264,393,2025-05-05 10:18:26,2025-05-05 10:45:26,27,On Time,11.76
3798,4266,4,2025-01-23 11:54:52,2025-01-23 12:38:52,44,Late,5.68
3799,4267,413,2025-02-09 20:15:06,2025-02-09 20:40:06,25,On Time,8.94
3800,4268,267,2025-09-28 10:11:23,2025-09-28 11:03:23,52,Late,10.84
3801,4269,251,2025-07-28 20:41:32,2025-07-28 21:37:32,56,Late,8.2
3802,4270,499,2025-06-29 11:21:30,2025-06-29 12:03:30,42,Late,3.37
3803,4272,477,2025-04-03 21:08:14,2025-04-03 21:55:14,47,Late,10.68
3804,4273,434,2025-07-25 12:27:00,2025-07-25 13:03:00,36,On Time,3.34
3805,4274,394,2025-10-11 21:10:52,2025-10-11 22:03:52,53,Late,1.68
3806,4275,410,2025-12-12 21:04:11,2025-12-12 21:58:11,54,Late,11.77
3807,4276,58,2025-02-18 20:28:28,2025-02-18 21:02:28,34,Late,4.56
3808,4277,120,2025-05-12 18:12:05,2025-05-12 18:55:05,43,Late,6.45
3809,4278,268,2025-11-12 12:44:39,2025-11-12 13:13:39,29,On Time,5.61
3810,4279,366,2025-05-16 07:36:26,2025-05-16 08:35:26,59,Late,5.6
3811,4281,21,2025-09-28 19:56:12,2025-09-28 20:48:12,52,Late,7.46
3812,4282,479,2025-04-26 22:23:19,2025-04-26 23:04:19,41,Late,10.58
3813,4283,169,2025-04-04 13:09:25,2025-04-04 13:36:25,27,On Time,8.72
3814,4284,34,2025-04-07 14:39:41,2025-04-07 15:21:41,42,Late,9.11
3815,4286,192,2025-11-22 12:13:48,2025-11-22 12:58:48,45,Late,9.56
3816,4287,413,2025-09-17 20:18:05,2025-09-17 21:11:05,53,Late,9.3
3817,4288,288,2025-08-12 11:25:03,2025-08-12 11:47:03,22,On Time,3.18
3818,4290,296,2025-07-02 07:44:50,2025-07-02 08:03:50,19,Early,8.58
3819,4292,274,2025-02-06 16:47:25,2025-02-06 17:04:25,17,Early,8.82
3820,4293,224,2025-08-08 19:49:50,2025-08-08 20:31:50,42,Late,7.88
3821,4294,124,2025-05-11 12:34:00,2025-05-11 13:17:00,43,Late,8.33
3822,4295,439,2025-05-31 21:12:05,2025-05-31 21:53:05,41,Late,9.32
3823,4296,414,2025-08-26 11:13:49,2025-08-26 12:10:49,57,Late,2.53
3824,4297,361,2025-12-15 13:14:51,2025-12-15 13:32:51,18,Early,14.47
3825,4298,498,2025-06-22 14:51:57,2025-06-22 15:14:57,23,On Time,2.27
3826,4299,304,2025-05-31 14:04:01,2025-05-31 15:03:01,59,Late,7.73
3827,4300,93,2025-03-30 17:26:49,2025-03-30 18:22:49,56,Late,2.94
3828,4301,198,2025-03-17 12:21:36,2025-03-17 13:19:36,58,Late,7.74
3829,4302,196,2025-03-06 08:17:37,2025-03-06 08:49:37,32,On Time,12.3
3830,4303,464,2025-09-25 12:58:45,2025-09-25 13:38:45,40,On Time,4.02
3831,4304,277,2025-04-17 11:29:25,2025-04-17 11:55:25,26,On Time,5.38
3832,4306,122,2025-03-25 19:52:29,2025-03-25 20:23:29,31,Late,8.66
3833,4307,11,2025-03-02 20:11:55,2025-03-02 20:30:55,19,Early,3.18
3834,4308,368,2025-10-31 16:01:27,2025-10-31 16:36:27,35,Late,6.31
3835,4309,69,2025-04-13 12:23:45,2025-04-13 12:40:45,17,Early,7.28
3836,4310,302,2025-11-27 21:19:21,2025-11-27 22:12:21,53,Late,2.25
3837,4311,404,2025-05-11 14:14:19,2025-05-11 14:31:19,17,Early,14.12
3838,4312,94,2025-03-26 22:12:47,2025-03-26 22:58:47,46,Late,5.75
3839,4313,67,2025-08-12 19:57:54,2025-08-12 20:25:54,28,On Time,11.96
3840,4314,60,2025-07-22 20:01:06,2025-07-22 20:33:06,32,Late,14.36
3841,4315,17,2025-05-22 14:39:30,2025-05-22 14:56:30,17,Early,6.52
3842,4316,200,2025-06-28 12:52:24,2025-06-28 13:37:24,45,Late,13.34
3843,4317,225,2025-07-20 11:27:32,2025-07-20 11:57:32,30,On Time,5.89
3844,4318,315,2025-12-20 10:21:39,2025-12-20 11:17:39,56,Late,4.57
3845,4319,237,2025-04-04 11:29:50,2025-04-04 12:15:50,46,Late,10.95
3846,4320,7,2025-09-06 13:31:55,2025-09-06 14:18:55,47,Late,4.87
3847,4322,267,2025-12-10 11:49:25,2025-12-10 12:48:25,59,Late,10.93
3848,4323,96,2025-12-20 23:27:14,2025-12-21 00:03:14,36,Late,5.79
3849,4324,190,2025-11-16 12:43:28,2025-11-16 13:15:28,32,On Time,13.88
3850,4325,143,2025-08-26 14:56:30,2025-08-26 15:20:30,24,On Time,5.09
3851,4326,302,2025-02-01 18:14:35,2025-02-01 19:02:35,48,Late,2.46
3852,4327,486,2025-11-14 19:05:40,2025-11-14 20:03:40,58,Late,13.26
3853,4328,341,2025-02-14 11:08:01,2025-02-14 11:29:01,21,On Time,3.85
3854,4329,1,2025-07-08 21:49:33,2025-07-08 22:44:33,55,Late,10.79
3855,4330,245,2025-08-22 22:21:33,2025-08-22 23:09:33,48,Late,1.86
3856,4331,47,2025-08-22 11:34:35,2025-08-22 12:10:35,36,Late,12.31
3857,4332,214,2025-09-04 18:26:54,2025-09-04 19:21:54,55,Late,10.27
3858,4333,162,2025-02-27 13:01:07,2025-02-27 13:25:07,24,On Time,3.82
3859,4334,408,2025-11-13 21:04:53,2025-11-13 21:36:53,32,Late,8.34
3860,4335,58,2025-02-02 13:58:47,2025-02-02 14:41:47,43,Late,10.05
3861,4336,350,2025-11-11 22:48:22,2025-11-11 23:04:22,16,Early,10.25
3862,4338,347,2025-09-19 18:41:09,2025-09-19 19:40:09,59,Late,10.99
3863,4340,314,2025-02-18 20:17:41,2025-02-18 20:45:41,28,On Time,8.83
3864,4341,166,2025-04-19 10:56:54,2025-04-19 11:38:54,42,Late,12.79
3865,4342,4,2025-09-04 13:53:38,2025-09-04 14:20:38,27,On Time,7.08
3866,4343,33,2025-09-13 20:23:57,2025-09-13 20:53:57,30,On Time,13.37
3867,4344,186,2025-07-21 10:15:07,2025-07-21 10:42:07,27,On Time,9.9
3868,4345,382,2025-10-23 21:58:33,2025-10-23 22:50:33,52,Late,6.56
3869,4346,187,2025-10-23 21:31:16,2025-10-23 22:08:16,37,On Time,5.58
3870,4347,331,2025-10-04 23:57:20,2025-10-05 00:53:20,56,Late,3.91
3871,4348,115,2025-07-24 20:27:36,2025-07-24 21:02:36,35,Late,8.3
3872,4349,468,2025-12-04 10:49:53,2025-12-04 11:09:53,20,Early,14.92
3873,4350,79,2025-03-01 18:14:34,2025-03-01 19:01:34,47,Late,6.34
3874,4351,188,2025-06-08 17:42:57,2025-06-08 18:18:57,36,Late,10.16
3875,4352,498,2025-08-02 14:10:02,2025-08-02 14:45:02,35,On Time,2.77
3876,4354,193,2025-08-22 21:14:31,2025-08-22 21:49:31,35,Late,9.97
3877,4356,275,2025-09-09 22:03:30,2025-09-09 22:27:30,24,On Time,14.68
3878,4357,77,2025-06-23 22:46:30,2025-06-23 23:45:30,59,Late,4.51
3879,4359,432,2025-08-18 17:58:34,2025-08-18 18:55:34,57,Late,3.81
3880,4360,343,2025-08-13 12:53:50,2025-08-13 13:43:50,50,Late,8.84
3881,4361,413,2025-03-09 06:51:21,2025-03-09 07:36:21,45,Late,3.57
3882,4362,2,2025-11-05 14:56:23,2025-11-05 15:17:23,21,On Time,1.59
3883,4364,114,2025-09-27 19:28:29,2025-09-27 19:45:29,17,Early,10.67
3884,4365,133,2025-03-30 12:16:51,2025-03-30 12:59:51,43,Late,7.52
3885,4366,81,2025-06-18 15:31:03,2025-06-18 15:53:03,22,On Time,3.62
3886,4367,374,2025-04-19 20:32:46,2025-04-19 21:14:46,42,Late,9.5
3887,4368,45,2025-09-01 17:38:56,2025-09-01 18:04:56,26,On Time,1.96
3888,4369,342,2025-12-30 23:08:25,2025-12-30 23:43:25,35,Late,12.6
3889,4370,87,2025-08-01 10:52:06,2025-08-01 11:45:06,53,Late,13.81
3890,4371,113,2025-04-13 12:29:17,2025-04-13 13:27:17,58,Late,13.75
3891,4372,471,2025-11-05 12:55:16,2025-11-05 13:16:16,21,On Time,12.27
3892,4374,44,2025-03-29 12:04:26,2025-03-29 12:27:26,23,On Time,3.48
3893,4375,419,2025-11-03 20:08:48,2025-11-03 21:08:48,60,Late,14.02
3894,4376,333,2025-07-03 15:35:29,2025-07-03 15:56:29,21,On Time,8.96
3895,4377,442,2025-07-22 08:38:32,2025-07-22 09:30:32,52,Late,11.94
3896,4378,492,2025-07-22 17:19:53,2025-07-22 18:15:53,56,Late,13.9
3897,4380,140,2025-12-29 10:56:10,2025-12-29 11:31:10,35,Late,14.86
3898,4381,242,2025-09-15 13:07:25,2025-09-15 14:07:25,60,Late,6.57
3899,4382,2,2025-08-24 12:30:12,2025-08-24 12:49:12,19,Early,3.7
3900,4383,187,2025-08-01 11:47:09,2025-08-01 12:42:09,55,Late,14.96
3901,4385,77,2025-03-18 00:21:26,2025-03-18 01:11:26,50,Late,6.27
3902,4386,59,2025-01-17 10:02:52,2025-01-17 10:46:52,44,Late,10.34
3903,4387,374,2025-10-15 11:24:48,2025-10-15 11:56:48,32,Late,7.81
3904,4388,303,2025-06-02 15:41:48,2025-06-02 16:41:48,60,Late,3.37
3905,4389,193,2025-11-07 19:51:13,2025-11-07 20:15:13,24,On Time,3.37
3906,4390,384,2025-03-11 20:15:41,2025-03-11 21:01:41,46,Late,12.97
3907,4391,433,2025-08-20 20:33:34,2025-08-20 20:54:34,21,On Time,11.16
3908,4392,106,2025-01-12 19:38:02,2025-01-12 20:31:02,53,Late,8.49
3909,4393,29,2025-02-08 01:11:28,2025-02-08 02:03:28,52,Late,6.59
3910,4394,301,2025-11-26 11:29:43,2025-11-26 12:01:43,32,On Time,3.18
3911,4395,274,2025-11-23 20:36:48,2025-11-23 21:01:48,25,On Time,8.6
3912,4396,263,2025-12-09 21:37:48,2025-12-09 22:32:48,55,Late,7.51
3913,4397,108,2025-11-21 13:44:39,2025-11-21 14:31:39,47,Late,12.26
3914,4398,64,2025-06-13 12:43:12,2025-06-13 13:12:12,29,On Time,5.06
3915,4399,196,2025-01-14 17:10:09,2025-01-14 17:26:09,16,Early,14.99
3916,4400,257,2025-06-22 14:48:30,2025-06-22 15:11:30,23,On Time,9.04
3917,4401,217,2025-04-20 10:26:41,2025-04-20 10:56:41,30,On Time,14.43
3918,4402,301,2025-03-01 13:51:00,2025-03-01 14:50:00,59,Late,8.7
3919,4403,356,2025-10-18 15:14:30,2025-10-18 16:09:30,55,Late,14.76
3920,4404,58,2025-04-17 18:22:59,2025-04-17 19:15:59,53,Late,3.37
3921,4405,86,2025-05-06 20:10:46,2025-05-06 21:10:46,60,Late,5.08
3922,4407,336,2025-12-14 11:26:42,2025-12-14 12:16:42,50,Late,9.71
3923,4408,57,2025-05-28 12:06:12,2025-05-28 12:39:12,33,On Time,1.52
3924,4409,127,2025-09-20 09:22:33,2025-09-20 10:13:33,51,Late,1.67
3925,4410,351,2025-06-06 11:13:21,2025-06-06 11:30:21,17,Early,4.33
3926,4412,418,2025-02-02 11:23:11,2025-02-02 11:41:11,18,Early,2.58
3927,4413,182,2025-02-26 07:39:59,2025-02-26 08:16:59,37,Late,1.72
3928,4414,21,2025-03-17 12:51:55,2025-03-17 13:13:55,22,On Time,14.13
3929,4415,263,2025-10-14 19:39:38,2025-10-14 20:10:38,31,Late,12.79
3930,4416,400,2025-09-24 20:33:43,2025-09-24 21:15:43,42,Late,3.69
3931,4417,44,2025-10-21 12:27:27,2025-10-21 13:27:27,60,Late,3.96
3932,4418,452,2025-04-05 12:56:55,2025-04-05 13:41:55,45,Late,2.26
3933,4419,416,2025-07-17 21:01:47,2025-07-17 21:46:47,45,Late,6.14
3934,4420,272,2025-10-13 13:47:29,2025-10-13 14:05:29,18,Early,5.12
3935,4421,460,2025-08-10 17:44:43,2025-08-10 18:21:43,37,Late,2.94
3936,4422,210,2025-06-08 23:26:28,2025-06-08 23:41:28,15,Early,14.27
3937,4424,65,2025-07-14 20:29:59,2025-07-14 21:20:59,51,Late,8.99
3938,4425,258,2025-06-02 20:48:31,2025-06-02 21:33:31,45,Late,13.76
3939,4426,219,2025-09-20 20:30:26,2025-09-20 21:13:26,43,Late,5.22
3940,4427,252,2025-05-02 21:55:24,2025-05-02 22:51:24,56,Late,9.61
3941,4428,89,2025-09-16 22:06:02,2025-09-16 22:56:02,50,Late,3.31
3942,4429,174,2025-01-27 23:12:45,2025-01-27 23:58:45,46,Late,12.47
3943,4431,410,2025-12-18 14:33:57,2025-12-18 15:08:57,35,On Time,4.6
3944,4432,424,2025-09-08 13:17:51,2025-09-08 13:55:51,38,Late,3.66
3945,4433,483,2025-11-14 15:25:32,2025-11-14 16:02:32,37,On Time,10.04
3946,4434,457,2025-02-04 11:34:07,2025-02-04 12:18:07,44,Late,12.47
3947,4435,96,2025-01-03 12:40:19,2025-01-03 13:29:19,49,Late,6.56
3948,4437,272,2025-09-25 17:00:14,2025-09-25 17:47:14,47,Late,1.58
3949,4438,323,2025-07-28 19:23:46,2025-07-28 19:59:46,36,Late,9.36
3950,4440,260,2025-08-24 10:31:33,2025-08-24 11:01:33,30,On Time,9.95
3951,4441,90,2025-12-02 09:59:43,2025-12-02 10:25:43,26,On Time,9.17
3952,4442,475,2025-04-26 11:59:02,2025-04-26 12:25:02,26,On Time,12.2
3953,4443,15,2025-08-04 12:37:05,2025-08-04 13:11:05,34,Late,6.43
3954,4444,336,2025-07-29 12:47:05,2025-07-29 13:17:05,30,On Time,1.5
3955,4445,108,2025-08-31 12:27:26,2025-08-31 12:56:26,29,On Time,9.78
3956,4446,437,2025-08-12 00:19:12,2025-08-12 01:05:12,46,Late,6.69
3957,4447,74,2025-08-12 20:01:23,2025-08-12 20:23:23,22,On Time,1.64
3958,4448,63,2025-12-01 10:30:45,2025-12-01 11:17:45,47,Late,13.78
3959,4449,408,2025-05-19 20:34:31,2025-05-19 21:21:31,47,Late,8.78
3960,4450,139,2025-03-25 20:14:15,2025-03-25 20:57:15,43,Late,13.9
3961,4451,272,2025-02-23 19:42:47,2025-02-23 20:42:47,60,Late,5.01
3962,4452,389,2025-12-18 12:48:22,2025-12-18 13:41:22,53,Late,11.07
3963,4453,367,2025-11-08 22:23:24,2025-11-08 23:01:24,38,Late,1.55
3964,4454,294,2025-09-26 08:22:54,2025-09-26 08:57:54,35,On Time,9.83
3965,4455,207,2025-11-15 22:25:56,2025-11-15 23:05:56,40,On Time,4.18
3966,4456,249,2025-01-05 22:19:56,2025-01-05 22:50:56,31,Late,1.81
3967,4457,201,2025-06-11 07:54:42,2025-06-11 08:43:42,49,Late,9.22
3968,4458,248,2025-12-23 00:45:29,2025-12-23 01:44:29,59,Late,6.77
3969,4459,216,2025-10-21 19:43:48,2025-10-21 20:28:48,45,Late,3.84
3970,4460,444,2025-10-21 08:56:49,2025-10-21 09:33:49,37,Late,2.56
3971,4461,210,2025-08-09 23:25:55,2025-08-09 23:56:55,31,On Time,14.72
3972,4462,328,2025-11-27 14:14:21,2025-11-27 15:11:21,57,Late,12.78
3973,4463,127,2025-04-09 10:21:58,2025-04-09 10:43:58,22,On Time,11.97
3974,4464,437,2025-01-14 11:24:54,2025-01-14 11:45:54,21,On Time,14.22
3975,4465,278,2025-01-27 20:46:43,2025-01-27 21:45:43,59,Late,12.83
3976,4466,60,2025-08-26 12:27:01,2025-08-26 13:11:01,44,Late,12.64
3977,4467,124,2025-12-02 19:57:09,2025-12-02 20:48:09,51,Late,12.83
3978,4468,50,2025-07-06 17:17:36,2025-07-06 17:57:36,40,Late,11.81
3979,4469,129,2025-12-15 21:31:32,2025-12-15 21:57:32,26,On Time,7.04
3980,4470,415,2025-03-24 20:15:09,2025-03-24 21:12:09,57,Late,5.56
3981,4471,224,2025-07-02 10:14:00,2025-07-02 10:57:00,43,Late,14.96
3982,4473,308,2025-07-17 07:57:54,2025-07-17 08:30:54,33,Late,12.57
3983,4474,313,2025-09-15 14:11:19,2025-09-15 14:39:19,28,On Time,7.7
3984,4475,241,2025-04-08 12:59:01,2025-04-08 13:45:01,46,Late,6.83
3985,4476,306,2025-09-21 14:27:53,2025-09-21 14:54:53,27,On Time,7.8
3986,4477,399,2025-05-07 22:03:32,2025-05-07 22:54:32,51,Late,13.15
3987,4478,488,2025-05-23 18:01:39,2025-05-23 18:16:39,15,Early,3.09
3988,4479,197,2025-09-07 11:40:36,2025-09-07 12:37:36,57,Late,3.43
3989,4480,142,2025-10-26 21:05:47,2025-10-26 21:58:47,53,Late,5.25
3990,4481,463,2025-10-18 19:29:19,2025-10-18 20:26:19,57,Late,4.79
3991,4482,470,2025-03-06 14:26:48,2025-03-06 15:05:48,39,On Time,4.18
3992,4483,379,2025-12-07 17:30:58,2025-12-07 18:25:58,55,Late,12.67
3993,4484,196,2025-03-18 21:36:52,2025-03-18 22:10:52,34,Late,11.92
3994,4485,124,2025-02-21 20:59:32,2025-02-21 21:16:32,17,Early,10.86
3995,4486,356,2025-04-08 18:42:28,2025-04-08 18:59:28,17,Early,6.84
3996,4487,65,2025-05-31 21:37:43,2025-05-31 22:28:43,51,Late,11.01
3997,4488,255,2025-08-11 10:08:22,2025-08-11 10:57:22,49,Late,7.54
3998,4489,294,2025-08-01 10:27:46,2025-08-01 11:03:46,36,Late,3.3
3999,4490,369,2025-09-02 17:22:56,2025-09-02 17:49:56,27,On Time,5.87
4000,4491,54,2025-12-28 11:51:38,2025-12-28 12:21:38,30,On Time,2.52
4001,4492,456,2025-08-11 16:47:36,2025-08-11 17:16:36,29,On Time,6.24
4002,4494,357,2025-07-14 19:26:00,2025-07-14 19:50:00,24,On Time,3.4
4003,4495,207,2025-10-25 17:49:35,2025-10-25 18:40:35,51,Late,6.05
4004,4496,242,2025-02-16 13:14:53,2025-02-16 13:54:53,40,On Time,6.93
4005,4497,218,2025-08-31 18:35:11,2025-08-31 19:30:11,55,Late,8.9
4006,4498,111,2025-08-11 13:03:08,2025-08-11 13:19:08,16,Early,6.91
4007,4499,138,2025-01-31 19:39:49,2025-01-31 20:16:49,37,Late,4.91
4008,4500,53,2025-09-14 14:14:45,2025-09-14 15:03:45,49,Late,7.47
4009,4501,338,2025-09-03 12:44:42,2025-09-03 13:22:42,38,On Time,5.43
4010,4502,297,2025-07-06 18:15:24,2025-07-06 19:00:24,45,Late,10.72
4011,4503,372,2025-07-16 08:50:08,2025-07-16 09:19:08,29,On Time,11.41
4012,4505,466,2025-09-22 10:34:32,2025-09-22 11:33:32,59,Late,12.55
4013,4506,265,2025-12-01 18:57:44,2025-12-01 19:22:44,25,On Time,11.83
4014,4507,4,2025-05-17 15:59:04,2025-05-17 16:33:04,34,On Time,2.89
4015,4508,171,2025-12-21 11:28:06,2025-12-21 12:17:06,49,Late,1.93
4016,4509,234,2025-09-15 15:30:38,2025-09-15 15:57:38,27,On Time,6.26
4017,4510,375,2025-02-12 19:36:54,2025-02-12 20:34:54,58,Late,7.8
4018,4511,420,2025-05-02 13:13:12,2025-05-02 13:55:12,42,Late,6.84
4019,4512,383,2025-03-29 12:58:18,2025-03-29 13:53:18,55,Late,5.3
4020,4513,392,2025-04-07 20:58:49,2025-04-07 21:35:49,37,On Time,12.7
4021,4514,358,2025-06-21 19:32:05,2025-06-21 19:52:05,20,Early,14.26
4022,4515,181,2025-11-04 17:04:32,2025-11-04 17:33:32,29,On Time,14.84
4023,4516,17,2025-03-01 22:06:46,2025-03-01 22:33:46,27,On Time,3.93
4024,4517,363,2025-08-25 08:14:03,2025-08-25 08:36:03,22,On Time,2.22
4025,4518,368,2025-10-08 12:29:06,2025-10-08 13:25:06,56,Late,2.34
4026,4519,108,2025-11-15 11:55:03,2025-11-15 12:51:03,56,Late,4.76
4027,4520,206,2025-07-21 22:00:40,2025-07-21 22:21:40,21,On Time,6.21
4028,4521,73,2025-10-05 17:26:26,2025-10-05 17:51:26,25,On Time,14.57
4029,4522,93,2025-08-29 21:40:24,2025-08-29 22:09:24,29,On Time,5.31
4030,4523,320,2025-12-29 15:44:36,2025-12-29 16:21:36,37,On Time,11.87
4031,4524,355,2025-10-12 08:33:20,2025-10-12 08:59:20,26,On Time,1.58
4032,4525,4,2025-03-06 19:27:43,2025-03-06 20:02:43,35,On Time,1.81
4033,4526,484,2025-12-10 17:11:48,2025-12-10 17:54:48,43,Late,9.39
4034,4527,316,2025-04-07 12:05:25,2025-04-07 12:40:25,35,Late,4.24
4035,4528,345,2025-10-24 20:06:35,2025-10-24 20:39:35,33,Late,11.62
4036,4529,77,2025-12-01 13:20:47,2025-12-01 14:14:47,54,Late,13.0
4037,4530,257,2025-07-02 15:56:21,2025-07-02 16:31:21,35,On Time,12.23
4038,4531,322,2025-12-14 13:57:28,2025-12-14 14:37:28,40,On Time,8.9
4039,4532,61,2025-12-22 13:49:52,2025-12-22 14:45:52,56,Late,8.41
4040,4533,165,2025-07-15 12:04:07,2025-07-15 12:34:07,30,On Time,12.04
4041,4534,212,2025-03-25 19:21:01,2025-03-25 19:51:01,30,On Time,10.35
4042,4535,440,2025-10-13 12:48:40,2025-10-13 13:21:40,33,On Time,3.54
4043,4536,190,2025-06-21 13:28:54,2025-06-21 14:25:54,57,Late,8.46
4044,4538,426,2025-08-19 14:57:48,2025-08-19 15:12:48,15,Early,9.81
4045,4539,394,2025-05-13 18:56:46,2025-05-13 19:17:46,21,On Time,11.8
4046,4540,252,2025-09-05 00:10:21,2025-09-05 00:57:21,47,Late,2.02
4047,4543,495,2025-08-14 15:00:25,2025-08-14 15:55:25,55,Late,4.68
4048,4544,299,2025-10-01 16:00:25,2025-10-01 16:31:25,31,On Time,5.0
4049,4545,271,2025-11-29 12:43:06,2025-11-29 13:01:06,18,Early,7.07
4050,4546,84,2025-08-18 12:13:48,2025-08-18 12:41:48,28,On Time,10.11
4051,4547,102,2025-01-12 13:34:25,2025-01-12 14:14:25,40,On Time,14.54
4052,4548,202,2025-11-03 10:40:37,2025-11-03 11:14:37,34,On Time,5.26
4053,4549,417,2025-07-06 19:44:35,2025-07-06 20:27:35,43,Late,12.85
4054,4550,276,2025-12-26 08:04:20,2025-12-26 08:57:20,53,Late,14.35
4055,4551,140,2025-10-03 21:42:14,2025-10-03 22:25:14,43,Late,7.86
4056,4552,267,2025-04-29 15:06:32,2025-04-29 15:38:32,32,On Time,7.05
4057,4553,109,2025-10-16 08:49:05,2025-10-16 09:33:05,44,Late,3.73
4058,4554,340,2025-06-06 08:51:36,2025-06-06 09:48:36,57,Late,4.6
4059,4555,293,2025-09-07 07:28:48,2025-09-07 08:03:48,35,Late,7.03
4060,4556,329,2025-05-07 13:00:09,2025-05-07 13:43:09,43,Late,2.93
4061,4557,101,2025-08-22 20:04:56,2025-08-22 20:32:56,28,On Time,12.96
4062,4558,368,2025-01-04 13:10:13,2025-01-04 13:31:13,21,On Time,11.53
4063,4559,40,2025-12-28 21:36:51,2025-12-28 22:18:51,42,Late,10.8
4064,4560,60,2025-03-25 15:21:31,2025-03-25 16:18:31,57,Late,5.0
4065,4561,391,2025-07-09 11:17:16,2025-07-09 12:13:16,56,Late,5.6
4066,4562,403,2025-08-01 06:49:50,2025-08-01 07:22:50,33,Late,3.8
4067,4563,64,2025-12-08 10:41:03,2025-12-08 11:25:03,44,Late,7.21
4068,4564,386,2025-01-30 20:25:54,2025-01-30 20:53:54,28,On Time,13.46
4069,4565,224,2025-09-06 11:17:22,2025-09-06 11:41:22,24,On Time,8.51
4070,4567,334,2025-04-12 22:48:26,2025-04-12 23:25:26,37,On Time,12.19
4071,4569,254,2025-11-10 18:51:24,2025-11-10 19:33:24,42,Late,3.19
4072,4570,138,2025-05-29 12:57:29,2025-05-29 13:51:29,54,Late,12.95
4073,4572,355,2025-08-29 13:24:22,2025-08-29 14:15:22,51,Late,4.14
4074,4573,227,2025-07-05 12:56:00,2025-07-05 13:21:00,25,On Time,9.87
4075,4574,120,2025-10-01 11:40:54,2025-10-01 12:11:54,31,On Time,12.27
4076,4575,112,2025-12-07 14:23:25,2025-12-07 15:17:25,54,Late,14.25
4077,4577,291,2025-09-09 11:19:31,2025-09-09 12:19:31,60,Late,5.72
4078,4578,379,2025-10-08 13:11:35,2025-10-08 13:54:35,43,Late,12.85
4079,4579,326,2025-11-29 19:08:13,2025-11-29 19:48:13,40,On Time,12.93
4080,4582,356,2025-08-22 22:07:37,2025-08-22 23:00:37,53,Late,7.21
4081,4584,161,2025-10-04 08:34:18,2025-10-04 08:53:18,19,Early,4.37
4082,4585,374,2025-01-31 19:32:16,2025-01-31 20:17:16,45,Late,5.54
4083,4586,159,2025-10-11 16:17:31,2025-10-11 16:50:31,33,Late,9.0
4084,4587,82,2025-12-19 20:43:50,2025-12-19 21:10:50,27,On Time,14.83
4085,4588,191,2025-01-26 12:58:39,2025-01-26 13:28:39,30,On Time,11.51
4086,4590,260,2025-03-02 14:09:57,2025-03-02 14:42:57,33,On Time,10.25
4087,4591,428,2025-09-27 11:58:11,2025-09-27 12:49:11,51,Late,14.13
4088,4592,367,2025-07-28 09:56:47,2025-07-28 10:51:47,55,Late,4.53
4089,4593,355,2025-12-04 12:30:23,2025-12-04 12:48:23,18,Early,1.9
4090,4594,205,2025-01-02 20:14:19,2025-01-02 20:40:19,26,On Time,13.6
4091,4595,4,2025-04-09 18:47:28,2025-04-09 19:35:28,48,Late,13.09
4092,4597,117,2025-05-04 22:27:29,2025-05-04 23:15:29,48,Late,5.91
4093,4598,231,2025-05-02 11:07:23,2025-05-02 12:01:23,54,Late,11.4
4094,4599,113,2025-07-07 13:28:02,2025-07-07 13:50:02,22,On Time,4.71
4095,4600,460,2025-05-11 13:38:50,2025-05-11 14:01:50,23,On Time,3.26
4096,4601,482,2025-07-25 11:29:44,2025-07-25 12:08:44,39,Late,8.17
4097,4602,225,2025-04-21 10:12:24,2025-04-21 10:46:24,34,On Time,9.82
4098,4603,198,2025-04-13 12:51:09,2025-04-13 13:26:09,35,Late,7.09
4099,4606,39,2025-11-20 18:23:20,2025-11-20 18:55:20,32,Late,3.2
4100,4607,429,2025-08-31 20:28:28,2025-08-31 21:07:28,39,Late,3.15
4101,4608,41,2025-01-22 19:54:17,2025-01-22 20:48:17,54,Late,5.94
4102,4609,319,2025-04-12 20:56:30,2025-04-12 21:29:30,33,On Time,9.76
4103,4611,310,2025-10-13 23:08:11,2025-10-13 23:33:11,25,On Time,6.15
4104,4612,283,2025-11-02 20:21:10,2025-11-02 21:19:10,58,Late,14.08
4105,4613,457,2025-07-29 12:12:33,2025-07-29 12:31:33,19,Early,14.02
4106,4614,240,2025-06-15 14:14:26,2025-06-15 14:41:26,27,On Time,13.29
4107,4615,421,2025-08-27 20:31:03,2025-08-27 20:53:03,22,On Time,5.95
4108,4616,471,2025-04-09 21:53:19,2025-04-09 22:40:19,47,Late,4.96
4109,4617,193,2025-06-18 20:31:25,2025-06-18 21:19:25,48,Late,10.93
4110,4618,148,2025-01-16 21:19:23,2025-01-16 22:06:23,47,Late,10.14
4111,4620,42,2025-03-23 20:52:09,2025-03-23 21:40:09,48,Late,4.98
4112,4621,195,2025-12-30 19:09:49,2025-12-30 20:09:49,60,Late,12.49
4113,4623,454,2025-12-18 09:36:32,2025-12-18 10:01:32,25,On Time,9.77
4114,4624,1,2025-10-03 17:49:42,2025-10-03 18:41:42,52,Late,13.64
4115,4625,366,2025-04-01 12:00:05,2025-04-01 12:44:05,44,Late,3.94
4116,4626,353,2025-12-20 13:57:24,2025-12-20 14:30:24,33,Late,12.3
4117,4627,260,2025-09-03 10:32:38,2025-09-03 11:25:38,53,Late,14.84
4118,4628,244,2025-09-07 13:20:02,2025-09-07 13:37:02,17,Early,6.93
4119,4629,269,2025-10-24 13:51:27,2025-10-24 14:24:27,33,On Time,13.92
4120,4630,73,2025-10-06 07:23:34,2025-10-06 07:59:34,36,Late,9.78
4121,4631,440,2025-10-20 14:06:58,2025-10-20 14:26:58,20,Early,10.21
4122,4632,101,2025-04-06 15:27:22,2025-04-06 15:59:22,32,On Time,11.46
4123,4633,335,2025-11-21 11:18:59,2025-11-21 11:49:59,31,Late,4.16
4124,4634,23,2025-09-11 20:09:56,2025-09-11 21:05:56,56,Late,2.84
4125,4635,363,2025-11-07 20:21:43,2025-11-07 20:54:43,33,On Time,9.76
4126,4637,224,2025-11-01 19:46:15,2025-11-01 20:02:15,16,Early,3.6
4127,4638,92,2025-07-21 12:37:46,2025-07-21 13:04:46,27,On Time,3.64
4128,4639,461,2025-02-16 12:40:09,2025-02-16 13:23:09,43,Late,5.23
4129,4640,107,2025-06-16 11:54:05,2025-06-16 12:39:05,45,Late,10.25
4130,4641,288,2025-12-07 18:40:49,2025-12-07 19:31:49,51,Late,11.88
4131,4645,4,2025-04-14 08:31:25,2025-04-14 08:46:25,15,Early,4.01
4132,4646,165,2025-03-12 18:12:02,2025-03-12 18:28:02,16,Early,10.88
4133,4648,487,2025-07-15 20:56:57,2025-07-15 21:45:57,49,Late,5.26
4134,4649,4,2025-05-11 14:12:45,2025-05-11 14:34:45,22,On Time,11.96
4135,4650,101,2025-06-24 08:22:16,2025-06-24 09:07:16,45,Late,13.59
4136,4651,267,2025-07-19 11:59:38,2025-07-19 12:20:38,21,On Time,8.44
4137,4652,130,2025-04-30 08:03:50,2025-04-30 08:43:50,40,Late,13.08
4138,4653,484,2025-11-07 22:16:56,2025-11-07 22:51:56,35,On Time,8.87
4139,4654,418,2025-06-24 16:59:03,2025-06-24 17:51:03,52,Late,12.98
4140,4655,170,2025-12-21 18:57:23,2025-12-21 19:56:23,59,Late,8.29
4141,4656,365,2025-07-29 10:35:41,2025-07-29 10:58:41,23,On Time,2.01
4142,4658,452,2025-05-04 08:25:45,2025-05-04 09:10:45,45,Late,6.96
4143,4659,383,2025-06-29 14:05:42,2025-06-29 14:34:42,29,On Time,5.87
4144,4660,172,2025-12-23 20:38:44,2025-12-23 21:26:44,48,Late,14.76
4145,4661,80,2025-11-29 18:11:08,2025-11-29 18:42:08,31,On Time,12.73
4146,4662,224,2025-07-31 23:02:36,2025-07-31 23:42:36,40,On Time,7.59
4147,4663,307,2025-03-22 13:09:41,2025-03-22 14:02:41,53,Late,13.56
4148,4664,459,2025-03-26 20:33:21,2025-03-26 21:25:21,52,Late,6.96
4149,4665,433,2025-11-25 12:33:34,2025-11-25 12:48:34,15,Early,3.0
4150,4667,473,2025-11-28 20:36:27,2025-11-28 21:34:27,58,Late,14.39
4151,4670,65,2025-11-16 12:17:35,2025-11-16 13:14:35,57,Late,11.98
4152,4671,105,2025-09-13 12:06:09,2025-09-13 12:34:09,28,On Time,11.81
4153,4673,465,2025-12-23 12:13:23,2025-12-23 13:09:23,56,Late,6.84
4154,4674,408,2025-10-28 22:37:30,2025-10-28 22:55:30,18,Early,10.5
4155,4675,493,2025-03-08 22:47:19,2025-03-08 23:34:19,47,Late,6.33
4156,4676,208,2025-07-16 21:14:02,2025-07-16 21:56:02,42,Late,1.95
4157,4677,243,2025-07-10 20:25:07,2025-07-10 21:23:07,58,Late,14.96
4158,4678,199,2025-03-01 18:35:58,2025-03-01 18:56:58,21,On Time,6.54
4159,4680,23,2025-10-17 12:24:10,2025-10-17 13:02:10,38,On Time,14.96
4160,4681,150,2025-05-21 14:32:13,2025-05-21 15:12:13,40,On Time,5.39
4161,4682,391,2025-08-14 13:19:27,2025-08-14 14:00:27,41,Late,5.22
4162,4683,84,2025-07-16 11:51:13,2025-07-16 12:22:13,31,On Time,9.31
4163,4684,54,2025-07-14 19:32:17,2025-07-14 19:57:17,25,On Time,7.1
4164,4685,467,2025-05-04 21:47:14,2025-05-04 22:21:14,34,Late,12.79
4165,4686,162,2025-11-08 12:26:58,2025-11-08 12:49:58,23,On Time,13.75
4166,4688,465,2025-11-21 11:44:49,2025-11-21 12:08:49,24,On Time,10.76
4167,4689,439,2025-07-02 10:05:53,2025-07-02 10:24:53,19,Early,2.62
4168,4690,256,2025-09-10 22:33:04,2025-09-10 23:10:04,37,On Time,4.95
4169,4691,431,2025-07-23 08:53:43,2025-07-23 09:18:43,25,On Time,9.3
4170,4692,20,2025-10-24 13:36:26,2025-10-24 13:53:26,17,Early,14.61
4171,4693,119,2025-09-08 11:45:29,2025-09-08 12:44:29,59,Late,13.92
4172,4694,224,2025-05-14 11:31:09,2025-05-14 11:58:09,27,On Time,13.85
4173,4695,279,2025-06-17 21:39:17,2025-06-17 22:26:17,47,Late,13.58
4174,4696,120,2025-12-24 08:34:27,2025-12-24 09:07:27,33,On Time,6.19
4175,4697,172,2025-06-18 16:06:26,2025-06-18 16:57:26,51,Late,8.36
4176,4699,364,2025-03-17 22:20:21,2025-03-17 23:02:21,42,Late,3.57
4177,4700,403,2025-12-17 19:10:27,2025-12-17 19:50:27,40,On Time,9.53
4178,4701,176,2025-07-26 20:11:24,2025-07-26 20:31:24,20,Early,14.33
4179,4702,495,2025-08-24 13:04:47,2025-08-24 13:58:47,54,Late,1.97
4180,4703,51,2025-05-05 13:07:33,2025-05-05 13:26:33,19,Early,9.63
4181,4705,328,2025-07-16 18:02:54,2025-07-16 19:00:54,58,Late,9.09
4182,4706,273,2025-08-30 20:01:36,2025-08-30 20:43:36,42,Late,7.33
4183,4707,27,2025-01-30 09:24:40,2025-01-30 10:14:40,50,Late,7.78
4184,4708,46,2025-12-12 09:47:33,2025-12-12 10:40:33,53,Late,8.98
4185,4709,36,2025-12-28 13:46:40,2025-12-28 14:08:40,22,On Time,8.57
4186,4711,47,2025-07-27 15:12:16,2025-07-27 15:47:16,35,Late,3.6
4187,4712,290,2025-09-19 20:42:14,2025-09-19 21:28:14,46,Late,12.41
4188,4713,491,2025-09-14 21:36:14,2025-09-14 22:22:14,46,Late,7.73
4189,4714,120,2025-03-24 12:52:02,2025-03-24 13:08:02,16,Early,12.59
4190,4715,137,2025-07-12 11:31:05,2025-07-12 11:49:05,18,Early,6.72
4191,4717,198,2025-12-03 10:49:06,2025-12-03 11:43:06,54,Late,3.77
4192,4718,462,2025-08-07 13:48:17,2025-08-07 14:26:17,38,Late,12.3
4193,4719,23,2025-05-15 20:51:34,2025-05-15 21:28:34,37,On Time,4.73
4194,4720,344,2025-08-12 19:32:42,2025-08-12 20:29:42,57,Late,12.46
4195,4721,443,2025-09-18 00:33:15,2025-09-18 01:05:15,32,On Time,9.57
4196,4722,431,2025-08-17 13:17:43,2025-08-17 13:48:43,31,Late,2.27
4197,4723,416,2025-09-20 12:44:41,2025-09-20 13:16:41,32,On Time,4.63
4198,4724,342,2025-05-27 17:36:25,2025-05-27 18:10:25,34,On Time,8.21
4199,4725,262,2025-07-11 20:59:09,2025-07-11 21:45:09,46,Late,1.65
4200,4726,454,2025-06-16 23:14:18,2025-06-16 23:50:18,36,On Time,7.92
4201,4727,368,2025-11-01 18:33:49,2025-11-01 19:17:49,44,Late,2.22
4202,4728,314,2025-11-17 07:35:13,2025-11-17 07:59:13,24,On Time,4.44
4203,4729,28,2025-04-24 14:01:39,2025-04-24 14:23:39,22,On Time,3.02
4204,4731,161,2025-09-29 13:49:13,2025-09-29 14:48:13,59,Late,7.06
4205,4732,59,2025-11-22 09:07:35,2025-11-22 09:29:35,22,On Time,12.93
4206,4734,386,2025-03-01 11:31:18,2025-03-01 12:16:18,45,Late,8.98
4207,4735,338,2025-02-24 20:19:11,2025-02-24 21:00:11,41,Late,8.88
4208,4737,329,2025-10-21 10:39:03,2025-10-21 11:23:03,44,Late,4.92
4209,4738,67,2025-10-04 08:30:45,2025-10-04 09:08:45,38,On Time,7.54
4210,4741,500,2025-11-13 12:04:59,2025-11-13 12:26:59,22,On Time,13.67
4211,4742,305,2025-01-26 08:40:39,2025-01-26 09:30:39,50,Late,14.93
4212,4743,496,2025-12-07 06:31:50,2025-12-07 06:46:50,15,Early,8.08
4213,4744,401,2025-05-01 18:14:17,2025-05-01 19:01:17,47,Late,7.21
4214,4745,239,2025-10-19 19:00:53,2025-10-19 19:49:53,49,Late,7.16
4215,4747,239,2025-09-23 21:52:28,2025-09-23 22:51:28,59,Late,14.7
4216,4748,175,2025-07-29 20:46:10,2025-07-29 21:31:10,45,Late,14.87
4217,4749,278,2025-02-27 19:31:47,2025-02-27 19:56:47,25,On Time,4.18
4218,4750,411,2025-07-04 21:22:37,2025-07-04 22:18:37,56,Late,10.72
4219,4751,32,2025-04-05 14:36:07,2025-04-05 15:18:07,42,Late,7.42
4220,4752,446,2025-12-31 20:16:53,2025-12-31 21:07:53,51,Late,3.12
4221,4753,38,2025-10-16 19:01:40,2025-10-16 19:46:40,45,Late,13.17
4222,4754,91,2025-09-11 22:46:37,2025-09-11 23:35:37,49,Late,11.32
4223,4755,214,2025-10-27 18:37:08,2025-10-27 19:03:08,26,On Time,12.09
4224,4756,215,2025-07-08 19:52:49,2025-07-08 20:23:49,31,Late,13.12
4225,4757,364,2025-09-28 20:46:03,2025-09-28 21:08:03,22,On Time,10.72
4226,4758,357,2025-06-12 19:18:14,2025-06-12 20:10:14,52,Late,2.55
4227,4759,420,2025-07-13 14:39:23,2025-07-13 15:03:23,24,On Time,8.86
4228,4760,3,2025-12-11 16:46:53,2025-12-11 17:15:53,29,On Time,3.77
4229,4761,386,2025-05-20 10:42:07,2025-05-20 11:41:07,59,Late,1.76
4230,4762,327,2025-09-26 19:44:56,2025-09-26 20:39:56,55,Late,9.18
4231,4763,36,2025-02-17 19:24:08,2025-02-17 20:23:08,59,Late,13.65
4232,4764,328,2025-04-14 22:16:26,2025-04-14 22:45:26,29,On Time,8.43
4233,4765,243,2025-09-12 10:44:37,2025-09-12 11:10:37,26,On Time,1.85
4234,4766,369,2025-12-20 13:35:18,2025-12-20 14:24:18,49,Late,11.15
4235,4767,254,2025-08-07 23:45:17,2025-08-08 00:33:17,48,Late,14.79
4236,4768,262,2025-08-20 22:02:39,2025-08-20 22:42:39,40,On Time,4.36
4237,4769,140,2025-04-16 07:12:19,2025-04-16 07:29:19,17,Early,11.1
4238,4770,17,2025-07-25 13:25:42,2025-07-25 14:11:42,46,Late,8.9
4239,4771,113,2025-10-04 06:58:49,2025-10-04 07:23:49,25,On Time,14.34
4240,4772,429,2025-10-02 13:01:08,2025-10-02 13:17:08,16,Early,6.71
4241,4773,486,2025-03-18 15:27:13,2025-03-18 16:18:13,51,Late,10.68
4242,4774,490,2025-08-26 20:55:35,2025-08-26 21:42:35,47,Late,5.89
4243,4775,92,2025-12-20 18:12:20,2025-12-20 18:39:20,27,On Time,4.73
4244,4776,481,2025-05-12 10:04:57,2025-05-12 10:56:57,52,Late,9.09
4245,4778,398,2025-11-20 12:19:32,2025-11-20 12:58:32,39,Late,3.68
4246,4779,314,2025-06-08 09:42:28,2025-06-08 10:13:28,31,On Time,9.82
4247,4780,354,2025-08-02 13:25:20,2025-08-02 13:40:20,15,Early,5.08
4248,4781,454,2025-08-09 12:46:36,2025-08-09 13:06:36,20,Early,4.74
4249,4782,276,2025-01-14 17:59:14,2025-01-14 18:14:14,15,Early,4.32
4250,4783,61,2025-05-16 11:12:45,2025-05-16 11:45:45,33,On Time,7.07
4251,4784,383,2025-08-06 22:03:56,2025-08-06 22:50:56,47,Late,4.64
4252,4785,299,2025-10-07 16:00:36,2025-10-07 16:43:36,43,Late,8.63
4253,4786,159,2025-06-18 14:11:12,2025-06-18 14:46:12,35,Late,4.14
4254,4787,95,2025-05-26 20:56:17,2025-05-26 21:48:17,52,Late,14.2
4255,4788,68,2025-08-27 18:07:11,2025-08-27 19:00:11,53,Late,3.67
4256,4789,325,2025-05-08 18:45:01,2025-05-08 19:39:01,54,Late,4.69
4257,4790,158,2025-03-30 22:00:37,2025-03-30 22:39:37,39,On Time,13.73
4258,4791,380,2025-12-09 22:45:46,2025-12-09 23:10:46,25,On Time,3.72
4259,4792,412,2025-04-29 21:13:27,2025-04-29 21:39:27,26,On Time,12.28
4260,4793,104,2025-04-12 09:04:52,2025-04-12 09:50:52,46,Late,4.34
4261,4794,337,2025-01-25 20:58:09,2025-01-25 21:19:09,21,On Time,3.63
4262,4795,144,2025-08-01 09:11:16,2025-08-01 09:51:16,40,Late,14.95
4263,4796,419,2025-03-30 11:32:01,2025-03-30 12:30:01,58,Late,5.61
4264,4797,168,2025-06-18 21:11:36,2025-06-18 22:10:36,59,Late,14.31
4265,4798,154,2025-04-06 10:28:22,2025-04-06 11:17:22,49,Late,4.78
4266,4799,414,2025-02-16 11:10:00,2025-02-16 12:09:00,59,Late,12.93
4267,4800,82,2025-09-22 17:47:34,2025-09-22 18:42:34,55,Late,5.82
4268,4801,199,2025-12-19 10:34:26,2025-12-19 11:30:26,56,Late,7.86
4269,4802,237,2025-05-21 12:13:53,2025-05-21 12:46:53,33,Late,8.87
4270,4803,15,2025-05-10 11:54:42,2025-05-10 12:10:42,16,Early,8.12
4271,4804,467,2025-01-30 20:57:56,2025-01-30 21:27:56,30,On Time,2.43
4272,4805,400,2025-09-11 20:01:22,2025-09-11 20:48:22,47,Late,6.4
4273,4806,230,2025-04-15 19:23:52,2025-04-15 20:15:52,52,Late,1.55
4274,4807,29,2025-02-07 20:30:16,2025-02-07 20:50:16,20,Early,9.08
4275,4808,113,2025-05-07 19:26:49,2025-05-07 20:07:49,41,Late,12.38
4276,4809,267,2025-04-27 20:19:21,2025-04-27 21:05:21,46,Late,12.28
4277,4810,134,2025-10-13 13:09:16,2025-10-13 13:52:16,43,Late,13.08
4278,4811,298,2025-07-07 13:51:29,2025-07-07 14:22:29,31,Late,12.57
4279,4812,67,2025-09-27 13:59:41,2025-09-27 14:56:41,57,Late,1.77
4280,4815,130,2025-10-04 22:47:48,2025-10-04 23:32:48,45,Late,3.01
4281,4816,119,2025-04-10 21:05:33,2025-04-10 21:41:33,36,On Time,12.76
4282,4817,472,2025-04-07 14:25:00,2025-04-07 15:02:00,37,On Time,4.71
4283,4818,461,2025-11-12 12:56:36,2025-11-12 13:35:36,39,On Time,6.05
4284,4819,471,2025-04-10 09:05:59,2025-04-10 09:36:59,31,Late,2.23
4285,4820,249,2025-08-24 20:54:55,2025-08-24 21:12:55,18,Early,1.57
4286,4821,450,2025-04-19 13:54:08,2025-04-19 14:26:08,32,On Time,5.21
4287,4822,289,2025-02-23 14:32:52,2025-02-23 15:12:52,40,Late,14.88
4288,4823,208,2025-06-06 16:17:40,2025-06-06 16:54:40,37,On Time,8.34
4289,4824,106,2025-02-26 18:34:53,2025-02-26 19:34:53,60,Late,10.43
4290,4825,161,2025-10-28 12:36:54,2025-10-28 13:12:54,36,On Time,8.14
4291,4827,195,2025-07-14 14:41:48,2025-07-14 15:06:48,25,On Time,4.96
4292,4828,269,2025-12-16 19:51:18,2025-12-16 20:37:18,46,Late,5.53
4293,4829,94,2025-11-02 18:09:20,2025-11-02 18:57:20,48,Late,5.45
4294,4830,64,2025-11-19 11:36:42,2025-11-19 12:19:42,43,Late,3.8
4295,4831,436,2025-05-18 17:29:02,2025-05-18 18:26:02,57,Late,12.05
4296,4832,330,2025-10-18 22:53:46,2025-10-18 23:31:46,38,On Time,6.5
4297,4833,405,2025-07-05 11:30:08,2025-07-05 12:08:08,38,Late,3.84
4298,4834,53,2025-07-02 11:57:47,2025-07-02 12:17:47,20,Early,3.34
4299,4835,237,2025-07-28 13:07:34,2025-07-28 14:07:34,60,Late,11.36
4300,4837,439,2025-12-12 10:23:05,2025-12-12 11:08:05,45,Late,14.8
4301,4838,191,2025-11-18 08:12:30,2025-11-18 08:27:30,15,Early,13.1
4302,4839,262,2025-06-25 17:48:05,2025-06-25 18:07:05,19,Early,14.56
4303,4840,297,2025-09-08 17:19:18,2025-09-08 17:38:18,19,Early,1.73
4304,4841,298,2025-12-11 16:15:46,2025-12-11 16:41:46,26,On Time,9.6
4305,4842,132,2025-04-12 21:38:16,2025-04-12 22:19:16,41,Late,11.68
4306,4843,318,2025-04-15 16:52:49,2025-04-15 17:38:49,46,Late,6.0
4307,4844,216,2025-02-26 14:17:11,2025-02-26 15:10:11,53,Late,2.53
4308,4845,465,2025-06-04 21:16:11,2025-06-04 22:11:11,55,Late,11.47
4309,4846,388,2025-11-09 11:07:14,2025-11-09 12:06:14,59,Late,4.64
4310,4847,165,2025-09-08 12:57:01,2025-09-08 13:53:01,56,Late,14.06
4311,4848,50,2025-05-05 23:09:41,2025-05-05 23:52:41,43,Late,3.51
4312,4849,419,2025-03-02 14:03:11,2025-03-02 14:31:11,28,On Time,10.7
4313,4850,494,2025-07-05 17:10:43,2025-07-05 17:50:43,40,On Time,12.24
4314,4851,338,2025-10-08 13:04:44,2025-10-08 13:52:44,48,Late,1.91
4315,4852,115,2025-04-17 19:03:44,2025-04-17 19:39:44,36,Late,8.29
4316,4853,176,2025-09-02 11:27:30,2025-09-02 12:23:30,56,Late,6.38
4317,4854,28,2025-07-16 20:23:55,2025-07-16 20:45:55,22,On Time,2.11
4318,4855,476,2025-09-19 09:30:33,2025-09-19 10:15:33,45,Late,6.16
4319,4856,227,2025-07-20 14:09:00,2025-07-20 14:49:00,40,Late,8.35
4320,4857,325,2025-10-24 13:05:00,2025-10-24 13:25:00,20,Early,5.69
4321,4858,273,2025-03-12 14:23:21,2025-03-12 15:21:21,58,Late,11.69
4322,4859,176,2025-09-21 09:17:32,2025-09-21 10:03:32,46,Late,1.78
4323,4860,154,2025-04-30 18:18:27,2025-04-30 18:45:27,27,On Time,6.94
4324,4861,359,2025-07-22 14:18:49,2025-07-22 14:37:49,19,Early,13.94
4325,4862,307,2025-04-27 20:05:26,2025-04-27 20:29:26,24,On Time,8.04
4326,4863,310,2025-08-04 21:01:39,2025-08-04 21:27:39,26,On Time,14.73
4327,4865,266,2025-01-08 19:18:21,2025-01-08 20:15:21,57,Late,7.98
4328,4866,219,2025-05-17 19:04:53,2025-05-17 19:48:53,44,Late,14.05
4329,4867,343,2025-08-01 15:23:43,2025-08-01 15:42:43,19,Early,6.54
4330,4868,64,2025-09-18 20:56:05,2025-09-18 21:39:05,43,Late,13.54
4331,4869,328,2025-11-03 21:12:46,2025-11-03 21:46:46,34,Late,6.06
4332,4871,257,2025-11-06 12:23:56,2025-11-06 13:05:56,42,Late,8.43
4333,4872,254,2025-06-07 08:35:28,2025-06-07 09:33:28,58,Late,5.17
4334,4873,37,2025-05-17 20:55:15,2025-05-17 21:54:15,59,Late,10.74
4335,4874,345,2025-12-25 11:36:08,2025-12-25 12:24:08,48,Late,3.47
4336,4875,489,2025-05-12 08:43:32,2025-05-12 09:37:32,54,Late,8.96
4337,4876,48,2025-12-28 22:57:26,2025-12-28 23:43:26,46,Late,14.12
4338,4877,414,2025-05-07 12:48:58,2025-05-07 13:29:58,41,Late,4.46
4339,4878,203,2025-03-01 13:32:49,2025-03-01 14:02:49,30,On Time,4.65
4340,4879,136,2025-01-10 10:52:17,2025-01-10 11:42:17,50,Late,7.2
4341,4881,110,2025-05-18 13:50:29,2025-05-18 14:16:29,26,On Time,12.9
4342,4882,396,2025-08-09 16:50:02,2025-08-09 17:11:02,21,On Time,8.96
4343,4884,21,2025-10-19 11:14:22,2025-10-19 11:34:22,20,Early,7.76
4344,4885,197,2025-09-30 22:47:37,2025-09-30 23:06:37,19,Early,9.31
4345,4886,56,2025-02-23 07:46:00,2025-02-23 08:19:00,33,Late,8.0
4346,4887,258,2025-12-28 13:17:46,2025-12-28 14:05:46,48,Late,7.7
4347,4888,44,2025-03-05 14:39:32,2025-03-05 15:04:32,25,On Time,8.18
4348,4889,266,2025-12-28 15:50:33,2025-12-28 16:44:33,54,Late,4.24
4349,4890,243,2025-09-25 20:31:19,2025-09-25 20:49:19,18,Early,10.99
4350,4891,478,2025-08-21 11:52:05,2025-08-21 12:07:05,15,Early,3.08
4351,4892,93,2025-12-11 22:49:51,2025-12-11 23:30:51,41,Late,13.53
4352,4893,147,2025-10-11 19:26:12,2025-10-11 19:48:12,22,On Time,4.4
4353,4894,409,2025-10-04 18:04:22,2025-10-04 18:30:22,26,On Time,3.14
4354,4895,412,2025-09-17 19:27:02,2025-09-17 19:57:02,30,On Time,12.08
4355,4896,379,2025-08-04 12:01:45,2025-08-04 12:44:45,43,Late,12.84
4356,4897,498,2025-04-24 15:28:20,2025-04-24 16:24:20,56,Late,12.57
4357,4898,70,2025-03-17 19:28:34,2025-03-17 20:21:34,53,Late,10.37
4358,4900,349,2025-03-17 15:30:43,2025-03-17 15:58:43,28,On Time,7.51
4359,4901,436,2025-08-25 17:54:05,2025-08-25 18:37:05,43,Late,14.62
4360,4902,264,2025-04-23 18:03:19,2025-04-23 18:47:19,44,Late,1.57
4361,4903,476,2025-08-22 19:18:04,2025-08-22 19:37:04,19,Early,5.9
4362,4904,286,2025-02-26 13:47:36,2025-02-26 14:16:36,29,On Time,7.93
4363,4906,104,2025-09-20 11:24:35,2025-09-20 12:08:35,44,Late,5.31
4364,4907,199,2025-08-03 11:37:30,2025-08-03 12:12:30,35,Late,6.36
4365,4908,13,2025-03-09 20:56:06,2025-03-09 21:25:06,29,On Time,2.65
4366,4911,139,2025-10-05 21:59:26,2025-10-05 22:59:26,60,Late,12.4
4367,4913,278,2025-11-30 13:33:49,2025-11-30 14:33:49,60,Late,11.42
4368,4914,320,2025-09-06 13:06:16,2025-09-06 13:23:16,17,Early,3.04
4369,4915,128,2025-10-17 21:16:29,2025-10-17 21:59:29,43,Late,13.67
4370,4916,249,2025-08-27 00:26:26,2025-08-27 00:46:26,20,Early,7.28
4371,4917,196,2025-12-03 08:25:53,2025-12-03 08:45:53,20,Early,3.59
4372,4918,327,2025-04-23 14:29:32,2025-04-23 15:06:32,37,On Time,5.07
4373,4919,247,2025-10-10 13:29:06,2025-10-10 14:21:06,52,Late,5.57
4374,4920,47,2025-04-21 22:14:52,2025-04-21 23:06:52,52,Late,9.12
4375,4921,458,2025-02-21 15:01:26,2025-02-21 15:19:26,18,Early,10.9
4376,4923,39,2025-10-11 18:25:09,2025-10-11 19:16:09,51,Late,14.43
4377,4924,433,2025-01-19 20:41:47,2025-01-19 21:12:47,31,Late,11.08
4378,4925,165,2025-03-01 11:22:22,2025-03-01 12:05:22,43,Late,14.53
4379,4926,335,2025-10-06 12:48:22,2025-10-06 13:11:22,23,On Time,6.0
4380,4928,450,2025-06-08 20:32:55,2025-06-08 21:23:55,51,Late,6.23
4381,4929,275,2025-10-24 01:07:40,2025-10-24 01:37:40,30,On Time,12.06
4382,4930,227,2025-04-18 20:12:04,2025-04-18 20:41:04,29,On Time,11.48
4383,4931,367,2025-06-09 20:04:27,2025-06-09 20:41:27,37,On Time,2.09
4384,4932,118,2025-03-17 20:16:20,2025-03-17 20:46:20,30,On Time,4.03
4385,4933,375,2025-09-02 14:35:52,2025-09-02 15:09:52,34,Late,5.81
4386,4934,242,2025-02-16 10:49:23,2025-02-16 11:15:23,26,On Time,8.6
4387,4935,135,2025-08-01 20:41:12,2025-08-01 21:41:12,60,Late,1.63
4388,4936,172,2025-02-17 09:27:27,2025-02-17 10:07:27,40,On Time,1.68
4389,4937,68,2025-01-21 21:34:57,2025-01-21 22:34:57,60,Late,3.15
4390,4938,239,2025-03-20 18:40:47,2025-03-20 19:01:47,21,On Time,3.68
4391,4939,470,2025-08-20 13:13:24,2025-08-20 13:54:24,41,Late,4.4
4392,4940,423,2025-12-23 22:23:04,2025-12-23 23:10:04,47,Late,7.02
4393,4941,238,2025-01-28 14:58:33,2025-01-28 15:58:33,60,Late,5.36
4394,4942,147,2025-09-12 20:54:55,2025-09-12 21:22:55,28,On Time,4.49
4395,4943,324,2025-07-07 21:14:25,2025-07-07 21:44:25,30,On Time,13.57
4396,4944,108,2025-05-22 21:03:30,2025-05-22 21:20:30,17,Early,10.67
4397,4945,462,2025-01-25 16:31:40,2025-01-25 17:08:40,37,Late,8.67
4398,4946,422,2025-06-24 22:53:56,2025-06-24 23:10:56,17,Early,11.12
4399,4947,303,2025-08-15 20:07:10,2025-08-15 20:35:10,28,On Time,14.03
4400,4948,382,2025-11-25 11:29:06,2025-11-25 12:06:06,37,Late,6.84
4401,4949,428,2025-12-03 22:00:44,2025-12-03 22:48:44,48,Late,10.73
4402,4950,466,2025-10-02 15:52:56,2025-10-02 16:12:56,20,Early,1.55
4403,4951,28,2025-11-05 23:46:46,2025-11-06 00:42:46,56,Late,8.87
4404,4952,316,2025-07-15 19:43:11,2025-07-15 20:30:11,47,Late,7.94
4405,4953,122,2025-05-31 15:55:01,2025-05-31 16:34:01,39,On Time,2.98
4406,4954,277,2025-01-17 19:16:32,2025-01-17 19:52:32,36,Late,11.77
4407,4955,45,2025-07-26 17:41:58,2025-07-26 17:59:58,18,Early,9.59
4408,4956,450,2025-08-19 12:24:20,2025-08-19 12:41:20,17,Early,9.9
4409,4958,430,2025-12-09 13:19:41,2025-12-09 13:41:41,22,On Time,9.02
4410,4959,446,2025-04-16 13:53:10,2025-04-16 14:36:10,43,Late,13.39
4411,4960,488,2025-05-08 19:28:31,2025-05-08 19:59:31,31,On Time,5.42
4412,4961,10,2025-04-19 12:57:31,2025-04-19 13:50:31,53,Late,2.41
4413,4962,151,2025-10-27 11:48:21,2025-10-27 12:14:21,26,On Time,11.28
4414,4963,451,2025-03-06 15:47:33,2025-03-06 16:39:33,52,Late,9.69
4415,4964,455,2025-01-23 15:06:17,2025-01-23 15:26:17,20,Early,5.27
4416,4965,268,2025-10-26 18:45:59,2025-10-26 19:10:59,25,On Time,4.8
4417,4966,143,2025-12-09 08:51:57,2025-12-09 09:13:57,22,On Time,10.84
4418,4967,94,2025-08-05 14:06:58,2025-08-05 14:37:58,31,Late,7.11
4419,4968,57,2025-05-22 21:51:09,2025-05-22 22:49:09,58,Late,14.08
4420,4969,136,2025-03-18 08:42:35,2025-03-18 09:31:35,49,Late,2.59
4421,4970,140,2025-11-17 19:29:35,2025-11-17 19:54:35,25,On Time,3.72
4422,4971,227,2025-02-01 10:54:04,2025-02-01 11:25:04,31,Late,11.39
4423,4972,31,2025-08-30 23:05:22,2025-08-30 23:48:22,43,Late,8.45
4424,4973,138,2025-08-16 17:24:08,2025-08-16 17:57:08,33,On Time,11.44
4425,4974,340,2025-09-29 11:40:56,2025-09-29 12:10:56,30,On Time,5.03
4426,4975,224,2025-03-16 09:26:01,2025-03-16 09:43:01,17,Early,3.56
4427,4976,477,2025-01-03 22:58:26,2025-01-03 23:48:26,50,Late,9.08
4428,4977,480,2025-06-29 15:12:50,2025-06-29 15:55:50,43,Late,13.51
4429,4978,389,2025-07-06 18:08:28,2025-07-06 18:42:28,34,Late,6.58
4430,4979,8,2025-03-17 15:17:27,2025-03-17 15:42:27,25,On Time,4.54
4431,4980,64,2025-06-06 12:54:52,2025-06-06 13:35:52,41,Late,9.7
4432,4981,353,2025-10-10 21:27:25,2025-10-10 22:04:25,37,Late,2.3
4433,4982,50,2025-10-18 12:17:11,2025-10-18 12:41:11,24,On Time,12.89
4434,4984,425,2025-05-21 08:19:21,2025-05-21 08:34:21,15,Early,9.14
4435,4985,187,2025-11-15 23:14:29,2025-11-15 23:52:29,38,On Time,9.87
4436,4986,275,2025-02-16 21:25:24,2025-02-16 22:10:24,45,Late,12.37
4437,4988,106,2025-04-17 07:44:54,2025-04-17 08:06:54,22,On Time,12.65
4438,4989,142,2025-06-14 09:31:43,2025-06-14 10:19:43,48,Late,12.79
4439,4990,457,2025-12-31 22:41:57,2025-12-31 23:17:57,36,On Time,2.36
4440,4992,234,2025-02-17 07:26:42,2025-02-17 07:45:42,19,Early,6.5
4441,4993,246,2025-04-21 19:29:05,2025-04-21 19:49:05,20,Early,11.35
4442,4994,360,2025-01-04 07:40:05,2025-01-04 07:57:05,17,Early,3.17
4443,4995,93,2025-11-21 21:08:14,2025-11-21 21:51:14,43,Late,11.19
4444,4996,369,2025-08-20 11:27:21,2025-08-20 11:47:21,20,Early,12.51
4445,4997,136,2025-12-22 14:19:04,2025-12-22 15:12:04,53,Late,11.52
4446,4998,355,2025-10-09 14:52:15,2025-10-09 15:47:15,55,Late,2.25
4447,5000,259,2025-03-07 19:12:13,2025-03-07 19:43:13,31,Late,6.21
