order_id,user_id,restaurant_id,order_date,order_amount,discount,final_amount,status,rating
1,582,180,2025-07-27 11:26:56,1631.0,0,1631.0,Delivered,3
2,12,38,2025-06-20 15:30:47,373.12,0,373.12,Delivered,
3,876,159,2025-01-16 08:32:49,207.49,20.75,186.74,Delivered,
4,275,11,2025-06-09 10:59:50,424.42,0,424.42,Delivered,
5,435,173,2025-12-22 12:17:45,849.6,0,849.6,Delivered,5
6,457,182,2025-05-17 19:53:19,1077.84,0,1077.84,Delivered,
7,735,68,2025-07-06 18:13:08,57.91,0,57.91,Cancelled,
8,620,146,2025-05-02 13:07:29,340.15,0,340.15,Delivered,4
9,330,144,2025-08-19 21:37:55,238.91,0,238.91,Delivered,
10,873,153,2025-10-06 16:31:42,287.11,0,287.11,Delivered,5
11,364,141,2025-09-15 11:52:29,292.1,0,292.1,Delivered,5
12,86,90,2025-01-13 07:35:25,236.41,35.46,200.95,Delivered,
13,314,83,2025-04-17 14:03:37,310.76,0,310.76,Delivered,2
14,599,83,2025-11-04 13:59:41,433.6,65.04,368.56,Cancelled,
15,823,170,2025-02-18 13:33:16,260.31,0,260.31,Delivered,4
16,479,169,2025-05-21 13:34:22,1406.05,140.6,1265.45,Delivered,4
17,6,87,2025-07-12 12:35:50,964.84,0,964.84,Delivered,3
18,683,14,2025-11-29 18:24:32,399.39,19.97,379.42,Delivered,
19,143,155,2025-06-29 14:09:17,1338.94,66.95,1271.99,Delivered,4
20,12,158,2025-12-07 18:40:50,601.76,0,601.76,Delivered,
21,360,104,2025-11-18 21:42:42,743.71,148.74,594.97,Delivered,
22,765,4,2025-04-09 13:36:19,568.7,0,568.7,Delivered,4
23,77,32,2025-11-25 13:27:16,224.21,0,224.21,Delivered,
24,82,184,2025-06-25 16:23:47,1030.11,154.52,875.59,Delivered,4
25,650,86,2025-11-10 20:04:15,558.39,0,558.39,Cancelled,
26,868,99,2025-04-16 20:46:38,224.56,0,224.56,Delivered,4
27,60,43,2025-07-12 23:02:59,779.75,0,779.75,Delivered,2
28,105,71,2025-06-02 20:09:20,210.26,0,210.26,Delivered,2
29,8,53,2025-11-16 12:05:29,929.11,46.46,882.65,Cancelled,
30,795,139,2025-04-15 18:43:23,890.71,0,890.71,Delivered,3
31,284,155,2025-11-12 14:04:45,197.78,0,197.78,Delivered,5
32,18,180,2025-11-12 20:07:22,1022.77,0,1022.77,Delivered,4
33,669,148,2025-07-14 19:30:03,93.55,0,93.55,Delivered,5
34,908,60,2025-09-03 11:45:22,942.28,0,942.28,Delivered,
35,234,79,2025-05-31 21:09:24,124.03,6.2,117.83,Delivered,5
36,397,78,2025-05-01 20:37:32,1211.38,0,1211.38,Cancelled,
37,138,82,2025-08-04 12:19:06,476.57,23.83,452.74,Delivered,3
38,154,37,2025-05-08 19:54:05,221.23,0,221.23,Delivered,5
39,831,149,2025-05-09 22:03:32,419.78,83.96,335.82,Delivered,4
40,742,72,2025-12-15 20:29:48,1919.84,0,1919.84,Delivered,3
41,271,11,2025-09-27 21:56:00,1538.44,0,1538.44,Delivered,3
42,540,3,2025-02-22 11:33:02,144.51,0,144.51,Delivered,4
43,409,158,2025-02-04 19:57:06,466.35,0,466.35,Delivered,5
44,278,49,2025-04-10 17:13:57,504.97,0,504.97,Delivered,2
45,976,185,2025-10-18 10:58:01,339.82,0,339.82,Delivered,
46,505,196,2025-12-16 20:09:24,364.88,72.98,291.9,Delivered,4
47,855,33,2025-03-17 11:12:26,382.62,0,382.62,Cancelled,
48,392,88,2025-06-03 12:57:13,737.52,0,737.52,Delivered,
49,24,138,2025-03-02 12:12:51,292.61,0,292.61,Delivered,4
50,732,73,2025-10-04 15:36:09,424.77,0,424.77,Delivered,
51,915,175,2025-07-02 09:49:32,378.22,18.91,359.31,Delivered,
52,505,116,2025-03-12 14:21:52,657.4,0,657.4,Delivered,5
53,927,68,2025-08-11 12:39:56,453.83,90.77,363.06,Delivered,2
54,383,197,2025-10-28 22:00:55,259.63,0,259.63,Delivered,2
55,964,175,2025-06-15 10:22:11,100.6,0,100.6,Delivered,5
56,125,195,2025-11-06 22:02:07,724.53,0,724.53,Delivered,3
57,642,158,2025-05-21 13:19:42,144.59,0,144.59,Delivered,5
58,568,18,2025-08-31 21:11:29,256.24,0,256.24,Delivered,5
59,210,46,2025-08-19 13:42:03,59.87,0,59.87,Delivered,5
60,474,93,2025-10-01 12:06:38,601.56,120.31,481.25,Delivered,3
61,650,146,2025-03-24 11:31:35,1131.27,0,1131.27,Delivered,
62,780,60,2025-04-02 20:07:39,703.06,0,703.06,Cancelled,
63,255,43,2025-07-02 13:21:02,423.57,0,423.57,Delivered,
64,748,133,2025-01-16 21:23:08,287.98,0,287.98,Delivered,5
65,765,134,2025-08-23 12:06:00,170.43,25.56,144.87,Delivered,
66,855,24,2025-03-10 18:29:39,1361.08,0,1361.08,Delivered,
67,46,60,2025-12-07 19:59:06,1433.48,0,1433.48,Delivered,
68,842,54,2025-02-28 22:27:52,105.51,10.55,94.96,Delivered,4
69,555,118,2025-10-07 21:49:15,144.5,21.68,122.82,Delivered,
70,34,55,2025-09-11 10:43:56,458.46,0,458.46,Delivered,1
71,987,13,2025-12-15 21:02:27,235.67,47.13,188.54,Delivered,4
72,261,80,2025-11-12 19:32:17,205.81,0,205.81,Delivered,3
73,964,59,2025-03-09 11:27:49,1305.78,65.29,1240.49,Delivered,5
74,135,170,2025-03-05 12:25:33,864.74,0,864.74,Delivered,
75,645,75,2025-09-08 14:58:20,466.28,0,466.28,Cancelled,
76,873,71,2025-05-26 11:10:12,188.6,18.86,169.74,Delivered,
77,118,183,2025-05-01 15:29:30,190.05,0,190.05,Delivered,5
78,877,59,2025-05-25 20:10:43,1259.92,0,1259.92,Delivered,3
79,608,104,2025-11-05 17:34:43,618.18,92.73,525.45,Delivered,5
80,35,103,2025-11-01 23:28:40,576.08,0,576.08,Delivered,5
81,921,62,2025-03-22 20:06:49,109.38,0,109.38,Cancelled,
82,6,176,2025-04-21 21:59:36,591.44,0,591.44,Delivered,4
83,550,107,2025-05-21 11:00:37,606.32,0,606.32,Delivered,5
84,670,76,2025-08-31 00:45:56,729.37,0,729.37,Delivered,4
85,533,196,2025-10-30 23:19:18,463.04,0,463.04,Delivered,5
86,516,51,2025-10-25 20:11:58,457.74,0,457.74,Delivered,4
87,868,69,2025-05-04 16:50:52,197.48,9.87,187.61,Delivered,4
88,774,122,2025-11-22 16:15:15,251.47,0,251.47,Cancelled,
89,146,58,2025-12-16 07:17:40,441.32,0,441.32,Delivered,3
90,740,95,2025-01-14 23:27:11,268.1,40.22,227.88,Delivered,2
91,754,79,2025-03-31 16:31:16,124.03,6.2,117.83,Delivered,5
92,378,156,2025-03-04 13:35:07,317.43,0,317.43,Delivered,4
93,33,77,2025-05-06 11:48:31,69.56,0,69.56,Delivered,
94,243,27,2025-03-04 12:15:37,1456.25,0,1456.25,Cancelled,
95,927,123,2025-06-04 19:45:56,1074.47,0,1074.47,Delivered,
96,18,152,2025-03-08 19:24:28,1151.04,0,1151.04,Delivered,
97,858,7,2025-04-06 20:40:58,1230.71,0,1230.71,Delivered,4
98,806,195,2025-01-12 19:13:24,192.28,0,192.28,Cancelled,
99,720,69,2025-08-27 20:12:46,1113.24,111.32,1001.92,Delivered,
100,722,34,2025-05-28 09:16:44,566.76,0,566.76,Delivered,2
101,33,70,2025-11-27 19:15:55,578.93,0,578.93,Cancelled,
102,8,38,2025-04-17 23:58:02,316.01,0,316.01,Delivered,3
103,474,120,2025-11-02 22:21:29,891.26,133.69,757.57,Delivered,3
104,994,47,2025-03-29 22:44:27,63.54,0,63.54,Delivered,2
105,380,178,2025-06-27 18:21:21,761.25,0,761.25,Cancelled,
106,115,193,2025-03-11 22:32:05,120.99,24.2,96.79,Delivered,
107,61,191,2025-04-19 22:38:20,445.13,0,445.13,Delivered,4
108,503,58,2025-07-02 10:28:07,277.08,55.42,221.66,Delivered,3
109,216,54,2025-05-26 09:56:39,49.85,7.48,42.37,Delivered,
110,579,155,2025-11-16 13:47:26,423.34,0,423.34,Delivered,4
111,229,88,2025-10-17 12:44:53,525.81,0,525.81,Delivered,3
112,19,166,2025-08-31 13:38:36,52.47,0,52.47,Delivered,3
113,894,196,2025-06-11 21:55:48,1087.99,0,1087.99,Delivered,
114,840,34,2025-07-27 20:29:59,136.24,0,136.24,Delivered,4
115,459,151,2025-02-20 20:18:19,358.26,35.83,322.43,Delivered,5
116,146,130,2025-07-10 00:02:08,222.26,0,222.26,Delivered,2
117,174,95,2025-06-21 08:55:40,672.78,0,672.78,Delivered,3
118,131,142,2025-08-08 12:12:38,397.36,0,397.36,Delivered,
119,122,4,2025-10-12 20:21:07,413.76,0,413.76,Delivered,5
120,176,80,2025-08-21 09:27:03,797.09,159.42,637.67,Delivered,5
121,1,37,2025-04-23 12:21:39,108.59,0,108.59,Delivered,3
122,721,78,2025-10-24 08:45:39,734.84,110.23,624.61,Delivered,
123,925,150,2025-09-13 11:41:31,444.7,0,444.7,Cancelled,
124,175,196,2025-08-03 17:14:54,592.84,0,592.84,Delivered,4
125,158,140,2025-07-29 12:03:41,95.79,0,95.79,Cancelled,
126,661,20,2025-12-08 19:24:54,444.96,0,444.96,Delivered,
127,642,38,2025-04-03 18:09:08,248.44,0,248.44,Cancelled,
128,241,155,2025-06-03 16:39:10,546.63,0,546.63,Delivered,4
129,948,79,2025-01-20 20:02:49,265.18,0,265.18,Delivered,
130,527,72,2025-02-28 14:50:30,503.9,0,503.9,Delivered,5
131,958,9,2025-11-18 15:47:57,221.32,0,221.32,Delivered,5
132,471,122,2025-01-20 17:25:19,427.6,0,427.6,Delivered,5
133,548,30,2025-12-06 11:32:41,662.13,0,662.13,Delivered,5
134,554,45,2025-07-20 21:05:23,469.29,70.39,398.9,Delivered,4
135,151,106,2025-12-22 13:05:33,180.05,0,180.05,Cancelled,
136,341,8,2025-11-27 16:49:37,583.35,0,583.35,Delivered,5
137,607,41,2025-12-31 09:00:23,850.63,42.53,808.1,Delivered,
138,819,40,2025-02-24 19:53:09,61.9,12.38,49.52,Delivered,
139,38,162,2025-06-08 19:26:59,837.47,0,837.47,Cancelled,
140,570,174,2025-10-15 18:11:22,211.28,31.69,179.59,Delivered,3
141,856,173,2025-09-17 20:07:42,689.34,103.4,585.94,Cancelled,
142,650,198,2025-11-20 19:21:43,214.62,0,214.62,Delivered,3
143,842,160,2025-01-21 11:33:39,545.01,0,545.01,Delivered,
144,499,172,2025-11-21 17:29:55,613.89,0,613.89,Delivered,5
145,773,178,2025-05-30 13:24:58,764.39,76.44,687.95,Delivered,
146,113,32,2025-11-27 18:15:28,375.8,0,375.8,Delivered,
147,532,55,2025-01-13 11:23:17,213.66,21.37,192.29,Delivered,4
148,139,95,2025-04-18 10:50:55,566.12,0,566.12,Delivered,
149,162,75,2025-12-25 19:24:10,349.26,34.93,314.33,Delivered,3
150,949,165,2025-06-17 21:55:46,556.91,83.54,473.37,Delivered,
151,242,62,2025-09-08 14:28:09,315.63,0,315.63,Delivered,
152,583,163,2025-10-26 00:58:33,98.56,14.78,83.78,Delivered,4
153,888,65,2025-03-12 22:06:06,919.09,0,919.09,Delivered,
154,36,183,2025-10-11 18:48:07,392.73,0,392.73,Delivered,5
155,515,12,2025-01-21 06:21:15,310.31,31.03,279.28,Delivered,3
156,277,125,2025-05-22 21:48:08,447.18,0,447.18,Delivered,
157,132,23,2025-06-13 10:31:35,714.62,0,714.62,Delivered,4
158,423,140,2025-11-22 21:56:01,848.98,84.9,764.08,Delivered,5
159,259,166,2025-12-16 18:22:25,224.36,22.44,201.92,Delivered,
160,548,88,2025-07-19 15:14:35,1099.88,0,1099.88,Delivered,4
161,63,178,2025-03-21 10:56:01,466.66,0,466.66,Delivered,4
162,569,165,2025-04-27 10:43:57,720.2,0,720.2,Delivered,
163,858,7,2025-05-08 10:08:07,141.9,0,141.9,Delivered,5
164,996,54,2025-07-25 20:28:47,73.43,0,73.43,Delivered,
165,755,182,2025-10-15 07:27:54,1391.33,0,1391.33,Delivered,4
166,24,28,2025-06-25 14:12:49,328.35,32.84,295.51,Delivered,2
167,790,39,2025-02-28 07:09:22,109.0,0,109.0,Delivered,4
168,178,192,2025-04-13 13:05:55,775.9,0,775.9,Delivered,4
169,974,131,2025-08-01 09:29:39,817.14,122.57,694.57,Delivered,5
170,684,108,2025-11-14 12:06:36,735.96,0,735.96,Cancelled,
171,629,148,2025-09-12 20:22:53,230.81,46.16,184.65,Delivered,
172,949,32,2025-04-21 12:39:24,364.42,36.44,327.98,Delivered,3
173,100,148,2025-11-05 08:32:01,324.36,0,324.36,Cancelled,
174,383,78,2025-12-05 18:59:55,157.55,7.88,149.67,Delivered,5
175,74,161,2025-01-12 16:34:11,347.36,0,347.36,Delivered,
176,748,168,2025-07-02 16:00:12,699.13,0,699.13,Cancelled,
177,521,100,2025-08-31 15:39:29,792.39,158.48,633.91,Delivered,
178,363,186,2025-12-07 08:08:01,1251.84,0,1251.84,Delivered,4
179,653,182,2025-12-27 17:08:30,891.53,0,891.53,Delivered,5
180,929,81,2025-01-14 14:40:18,587.42,0,587.42,Delivered,
181,964,183,2025-04-24 17:40:54,97.01,0,97.01,Delivered,3
182,828,22,2025-08-25 11:41:20,565.84,0,565.84,Delivered,
183,713,3,2025-08-14 23:47:35,1156.73,0,1156.73,Delivered,
184,25,84,2025-12-24 12:31:39,67.9,0,67.9,Delivered,
185,518,182,2025-10-07 07:57:19,372.62,0,372.62,Cancelled,
186,420,100,2025-12-03 20:48:28,197.55,0,197.55,Delivered,
187,368,162,2025-10-09 12:01:57,326.9,49.03,277.87,Delivered,
188,580,39,2025-01-30 23:23:40,234.76,46.95,187.81,Delivered,5
189,229,177,2025-11-28 09:34:44,113.43,0,113.43,Delivered,5
190,229,30,2025-05-31 23:42:07,123.18,0,123.18,Delivered,1
191,313,8,2025-10-20 20:24:23,1018.26,101.83,916.43,Delivered,
192,164,131,2025-07-03 08:31:44,522.34,0,522.34,Delivered,3
193,457,172,2025-08-31 13:18:33,128.17,0,128.17,Delivered,5
194,901,134,2025-01-08 15:56:41,643.98,0,643.98,Delivered,
195,937,184,2025-01-07 14:56:48,1178.01,176.7,1001.31,Delivered,
196,512,169,2025-10-11 22:45:21,1143.75,114.38,1029.37,Delivered,5
197,938,114,2025-07-09 13:46:06,290.26,0,290.26,Delivered,5
198,731,176,2025-12-16 19:36:08,299.88,0,299.88,Delivered,
199,859,166,2025-10-03 19:49:02,219.76,0,219.76,Delivered,
200,992,80,2025-09-19 16:51:16,179.66,0,179.66,Delivered,
201,865,168,2025-10-02 12:23:31,809.34,80.93,728.41,Cancelled,
202,454,94,2025-08-19 10:06:53,188.38,0,188.38,Delivered,4
203,794,156,2025-10-24 23:29:42,204.46,0,204.46,Delivered,3
204,802,143,2025-11-03 20:40:37,398.12,39.81,358.31,Delivered,3
205,477,113,2025-03-22 11:37:42,616.84,61.68,555.16,Delivered,
206,100,30,2025-12-07 18:59:16,627.07,0,627.07,Delivered,5
207,938,195,2025-02-27 12:34:13,532.25,0,532.25,Delivered,
208,743,39,2025-01-02 20:28:24,298.26,0,298.26,Delivered,2
209,648,100,2025-08-15 08:21:02,1452.58,0,1452.58,Delivered,4
210,500,10,2025-08-16 20:27:02,101.54,10.15,91.39,Delivered,4
211,520,197,2025-10-12 21:56:02,226.1,11.3,214.8,Delivered,
212,348,93,2025-06-06 22:48:39,562.58,0,562.58,Cancelled,
213,13,51,2025-10-11 20:12:46,1096.72,219.34,877.38,Delivered,2
214,63,134,2025-12-11 17:28:58,324.76,0,324.76,Delivered,3
215,695,92,2025-07-07 21:41:57,839.99,0,839.99,Delivered,
216,15,23,2025-02-02 13:00:53,1026.59,205.32,821.27,Delivered,5
217,497,123,2025-06-19 19:51:31,1015.89,0,1015.89,Delivered,2
218,343,1,2025-05-28 21:53:14,685.98,0,685.98,Delivered,2
219,548,84,2025-06-28 14:11:42,186.81,0,186.81,Delivered,
220,802,35,2025-10-18 15:00:06,729.5,0,729.5,Delivered,4
221,493,73,2025-10-01 20:21:40,245.04,49.01,196.03,Delivered,2
222,915,100,2025-09-29 13:12:06,884.95,0,884.95,Cancelled,
223,882,166,2025-09-15 17:06:29,129.53,0,129.53,Delivered,
224,326,55,2025-07-23 11:48:20,296.75,0,296.75,Delivered,4
225,74,61,2025-08-25 22:28:40,1045.53,0,1045.53,Delivered,1
226,997,24,2025-06-07 14:38:06,1235.23,185.28,1049.95,Delivered,5
227,597,25,2025-11-25 08:17:10,233.5,0,233.5,Delivered,
228,55,13,2025-07-21 22:28:48,1133.38,56.67,1076.71,Delivered,3
229,967,60,2025-05-27 17:37:18,556.2,0,556.2,Delivered,
230,134,65,2025-07-18 07:34:21,716.34,0,716.34,Delivered,4
231,709,110,2025-05-15 20:36:18,1179.76,0,1179.76,Delivered,4
232,613,5,2025-02-07 11:57:28,265.72,53.14,212.58,Delivered,4
233,688,73,2025-04-23 12:03:29,245.04,0,245.04,Delivered,1
234,878,26,2025-02-15 13:58:55,508.2,0,508.2,Delivered,
235,573,148,2025-08-05 11:20:53,1284.98,0,1284.98,Delivered,5
236,790,39,2025-04-26 00:03:05,375.51,56.33,319.18,Cancelled,
237,906,8,2025-10-31 17:19:37,194.45,0,194.45,Cancelled,
238,873,156,2025-08-26 11:07:42,927.64,0,927.64,Delivered,5
239,485,173,2025-09-28 20:16:33,1471.68,294.34,1177.34,Delivered,3
240,973,34,2025-12-06 08:39:40,1985.46,297.82,1687.64,Delivered,
241,190,12,2025-07-17 11:26:04,235.84,23.58,212.26,Cancelled,
242,39,67,2025-08-22 00:10:26,949.45,0,949.45,Delivered,3
243,664,167,2025-02-08 12:06:01,620.75,93.11,527.64,Delivered,4
244,478,55,2025-07-27 21:17:10,769.95,0,769.95,Delivered,4
245,561,183,2025-05-11 19:56:27,93.04,0,93.04,Delivered,
246,147,90,2025-03-08 13:09:03,403.33,80.67,322.66,Delivered,
247,659,159,2025-09-20 21:09:52,459.02,0,459.02,Delivered,4
248,713,92,2025-09-13 21:47:45,286.28,28.63,257.65,Delivered,
249,712,63,2025-08-28 21:12:51,271.66,0,271.66,Delivered,
250,542,163,2025-05-19 13:18:34,337.76,33.78,303.98,Delivered,1
251,284,18,2025-07-02 20:44:56,153.47,0,153.47,Delivered,5
252,709,26,2025-05-17 13:36:41,43.37,0,43.37,Delivered,4
253,291,121,2025-04-20 14:01:58,45.02,0,45.02,Delivered,5
254,70,168,2025-02-17 12:16:44,929.66,185.93,743.73,Delivered,5
255,960,2,2025-12-21 13:15:41,134.56,0,134.56,Delivered,4
256,255,30,2025-11-27 21:41:53,746.71,0,746.71,Cancelled,
257,21,21,2025-09-05 19:29:14,557.62,0,557.62,Delivered,
258,906,40,2025-06-09 13:12:47,193.15,0,193.15,Delivered,3
259,964,83,2025-12-04 21:45:45,588.98,0,588.98,Delivered,4
260,397,51,2025-09-17 22:44:36,337.48,0,337.48,Delivered,4
261,88,110,2025-03-05 13:40:43,89.69,0,89.69,Cancelled,
262,81,187,2025-12-08 14:56:50,1234.02,123.4,1110.62,Delivered,3
263,995,65,2025-10-14 11:36:36,854.42,0,854.42,Delivered,5
264,631,112,2025-01-29 13:53:13,187.28,0,187.28,Delivered,4
265,136,160,2025-10-24 11:36:42,223.47,44.69,178.78,Delivered,5
266,292,148,2025-02-07 22:20:43,957.34,0,957.34,Delivered,4
267,569,184,2025-10-08 13:04:57,322.86,0,322.86,Delivered,5
268,937,93,2025-08-09 13:35:04,517.47,51.75,465.72,Delivered,4
269,362,182,2025-01-15 22:45:43,181.47,0,181.47,Delivered,
270,83,64,2025-06-18 11:14:30,148.22,7.41,140.81,Delivered,2
271,540,144,2025-07-05 00:28:26,399.79,0,399.79,Delivered,4
272,320,25,2025-05-12 07:02:15,300.5,0,300.5,Delivered,4
273,875,155,2025-11-29 10:02:16,766.41,0,766.41,Delivered,3
274,984,53,2025-09-15 18:05:49,506.36,0,506.36,Delivered,4
275,284,67,2025-02-15 18:07:03,181.75,0,181.75,Delivered,4
276,655,107,2025-12-25 11:26:18,584.98,0,584.98,Delivered,
277,91,3,2025-10-20 10:13:18,411.13,0,411.13,Delivered,5
278,763,11,2025-05-06 08:22:11,493.58,0,493.58,Delivered,
279,100,177,2025-11-13 21:08:08,332.81,0,332.81,Delivered,4
280,167,175,2025-06-17 13:26:16,86.0,0,86.0,Cancelled,
281,882,40,2025-07-28 21:44:13,133.39,13.34,120.05,Delivered,3
282,26,130,2025-12-07 19:25:29,505.86,0,505.86,Delivered,5
283,167,11,2025-06-04 20:34:01,1179.15,0,1179.15,Delivered,5
284,497,34,2025-10-10 00:30:41,452.37,45.24,407.13,Delivered,3
285,897,130,2025-08-22 21:17:47,1070.89,53.54,1017.35,Delivered,
286,23,108,2025-03-09 10:41:56,574.83,0,574.83,Delivered,5
287,49,178,2025-07-31 19:25:40,553.48,0,553.48,Delivered,4
288,621,96,2025-11-01 11:02:44,442.7,0,442.7,Delivered,4
289,912,178,2025-03-17 15:00:27,553.48,27.67,525.81,Delivered,
290,978,134,2025-08-01 08:21:43,170.43,34.09,136.34,Delivered,5
291,598,67,2025-12-22 11:55:25,211.24,21.12,190.12,Delivered,
292,332,92,2025-07-04 10:15:19,1277.6,0,1277.6,Delivered,
293,868,14,2025-06-06 20:17:04,128.63,0,128.63,Delivered,4
294,867,52,2025-12-16 15:19:05,326.93,49.04,277.89,Delivered,3
295,545,14,2025-08-03 21:55:58,154.35,0,154.35,Delivered,4
296,292,182,2025-12-07 13:10:26,554.09,110.82,443.27,Delivered,
297,310,58,2025-11-16 07:43:39,645.84,0,645.84,Delivered,4
298,74,73,2025-02-18 20:17:41,488.48,0,488.48,Delivered,
299,375,8,2025-02-23 10:13:15,212.74,0,212.74,Delivered,
300,912,110,2025-08-15 16:14:20,1805.74,361.15,1444.59,Delivered,
301,161,32,2025-08-12 11:16:23,516.01,51.6,464.41,Delivered,4
302,593,73,2025-07-28 18:24:47,553.91,0,553.91,Cancelled,
303,530,3,2025-05-19 13:43:41,1206.26,241.25,965.01,Delivered,
304,878,59,2025-10-09 21:04:10,717.36,0,717.36,Delivered,4
305,158,200,2025-04-16 18:15:45,52.34,0,52.34,Delivered,5
306,92,70,2025-10-10 22:05:38,471.85,47.19,424.66,Delivered,4
307,722,18,2025-12-06 19:50:46,1209.85,0,1209.85,Delivered,5
308,518,43,2025-12-01 12:41:57,271.07,0,271.07,Delivered,
309,844,104,2025-05-07 19:41:52,458.1,0,458.1,Delivered,
310,327,26,2025-03-12 14:47:04,998.0,0,998.0,Delivered,
311,455,179,2025-07-30 18:24:10,193.57,0,193.57,Delivered,5
312,486,180,2025-06-04 13:05:51,706.63,0,706.63,Delivered,4
313,241,74,2025-04-28 11:01:29,126.85,6.34,120.51,Delivered,5
314,159,166,2025-05-17 16:03:18,40.83,0,40.83,Cancelled,
315,33,77,2025-07-10 17:41:31,239.64,0,239.64,Delivered,4
316,194,167,2025-06-26 20:12:47,333.14,0,333.14,Delivered,1
317,754,84,2025-08-13 19:42:37,301.54,15.08,286.46,Cancelled,
318,624,11,2025-04-19 18:06:50,196.02,0,196.02,Delivered,4
319,314,100,2025-10-14 20:35:42,198.8,0,198.8,Delivered,5
320,164,71,2025-03-16 00:10:21,292.57,43.89,248.68,Delivered,
321,415,76,2025-02-19 17:26:17,592.1,59.21,532.89,Delivered,3
322,218,183,2025-11-24 18:12:47,439.25,0,439.25,Delivered,5
323,150,83,2025-03-13 09:22:56,948.63,0,948.63,Delivered,4
324,339,105,2025-07-02 12:08:20,1123.89,0,1123.89,Delivered,4
325,515,106,2025-04-10 16:32:39,360.1,36.01,324.09,Delivered,
326,780,72,2025-10-06 11:18:07,391.93,0,391.93,Delivered,5
327,489,61,2025-07-03 19:28:06,462.26,0,462.26,Delivered,4
328,553,147,2025-10-10 22:32:19,509.3,25.47,483.83,Cancelled,
329,209,4,2025-09-30 20:31:04,273.56,0,273.56,Delivered,4
330,897,107,2025-11-11 18:40:07,117.13,0,117.13,Delivered,
331,496,26,2025-12-18 08:33:58,915.43,0,915.43,Delivered,
332,924,196,2025-06-03 21:33:51,1058.41,0,1058.41,Cancelled,
333,200,30,2025-04-18 16:13:47,339.38,0,339.38,Cancelled,
334,10,14,2025-11-26 21:54:33,116.41,0,116.41,Delivered,4
335,817,142,2025-02-15 20:51:53,472.9,0,472.9,Delivered,5
336,564,13,2025-05-08 10:23:33,635.98,127.2,508.78,Delivered,5
337,52,34,2025-06-03 19:43:30,318.22,0,318.22,Delivered,5
338,788,10,2025-12-04 18:15:32,648.33,0,648.33,Delivered,5
339,357,89,2025-06-28 15:17:28,191.99,0,191.99,Delivered,5
340,142,95,2025-08-04 13:40:17,606.1,30.31,575.79,Delivered,5
341,309,120,2025-07-29 08:40:12,365.11,0,365.11,Delivered,3
342,430,137,2025-11-20 11:04:52,288.69,0,288.69,Delivered,4
343,751,115,2025-11-11 14:32:14,823.04,0,823.04,Delivered,5
344,964,134,2025-10-14 20:21:44,968.74,0,968.74,Delivered,3
345,216,56,2025-08-16 14:17:25,387.92,58.19,329.73,Delivered,5
346,773,11,2025-05-15 19:28:09,555.31,0,555.31,Delivered,3
347,472,108,2025-02-21 11:34:19,477.51,0,477.51,Delivered,
348,730,174,2025-03-19 23:11:28,810.67,81.07,729.6,Delivered,3
349,89,139,2025-05-13 15:49:47,732.03,0,732.03,Delivered,
350,524,4,2025-04-09 14:20:28,513.3,0,513.3,Delivered,4
351,142,20,2025-04-15 20:40:49,449.68,0,449.68,Delivered,3
352,997,33,2025-06-23 20:55:17,47.16,7.07,40.09,Delivered,2
353,131,149,2025-04-25 13:14:43,518.52,0,518.52,Delivered,4
354,162,128,2025-10-01 12:51:24,642.73,0,642.73,Cancelled,
355,245,133,2025-12-21 18:04:26,130.07,0,130.07,Delivered,5
356,378,193,2025-12-26 19:23:45,342.85,0,342.85,Delivered,4
357,487,52,2025-08-13 17:56:00,209.01,0,209.01,Delivered,5
358,604,199,2025-04-12 23:52:14,936.29,93.63,842.66,Cancelled,
359,167,175,2025-01-05 08:07:22,376.74,0,376.74,Delivered,1
360,97,13,2025-06-29 16:47:33,671.15,0,671.15,Delivered,5
361,929,173,2025-12-11 22:22:01,165.02,24.75,140.27,Delivered,5
362,360,10,2025-01-26 21:50:22,114.57,0,114.57,Delivered,5
363,77,9,2025-12-06 17:59:44,300.84,0,300.84,Delivered,1
364,297,52,2025-05-23 13:01:56,516.63,0,516.63,Delivered,
365,242,14,2025-03-13 21:37:37,154.35,0,154.35,Delivered,5
366,299,49,2025-09-06 20:16:45,211.65,31.75,179.9,Delivered,
367,85,197,2025-04-05 19:05:07,240.91,0,240.91,Delivered,4
368,151,12,2025-05-16 13:31:38,195.93,9.8,186.13,Delivered,5
369,112,104,2025-05-16 19:22:56,1456.71,0,1456.71,Delivered,5
370,80,111,2025-04-08 15:19:25,811.33,0,811.33,Delivered,4
371,747,177,2025-04-08 19:42:22,238.09,0,238.09,Delivered,
372,599,103,2025-09-23 14:52:16,929.66,0,929.66,Delivered,2
373,991,73,2025-03-06 12:34:00,771.66,0,771.66,Cancelled,
374,80,151,2025-08-12 19:00:46,909.35,0,909.35,Delivered,
375,469,52,2025-10-07 09:02:26,210.1,0,210.1,Delivered,5
376,517,89,2025-07-27 21:27:15,559.27,83.89,475.38,Delivered,5
377,375,48,2025-11-09 13:13:11,692.49,0,692.49,Delivered,
378,820,12,2025-02-11 20:15:26,360.06,72.01,288.05,Delivered,5
379,38,178,2025-03-17 20:57:00,1093.39,0,1093.39,Cancelled,
380,260,164,2025-08-27 12:04:26,666.73,0,666.73,Delivered,4
381,859,150,2025-09-25 15:07:33,436.9,0,436.9,Delivered,5
382,657,139,2025-05-09 15:31:01,182.04,0,182.04,Delivered,5
383,708,54,2025-08-25 21:56:56,228.71,45.74,182.97,Delivered,5
384,353,133,2025-08-22 13:27:03,143.99,0,143.99,Delivered,5
385,730,152,2025-06-02 13:17:10,1331.17,0,1331.17,Delivered,3
386,202,17,2025-07-14 19:54:02,906.06,90.61,815.45,Delivered,2
387,705,47,2025-07-25 21:22:19,236.54,0,236.54,Delivered,
388,565,157,2025-05-16 15:39:10,1322.51,0,1322.51,Delivered,
389,752,110,2025-09-17 13:35:05,283.54,0,283.54,Delivered,
390,834,142,2025-05-24 20:23:43,426.54,85.31,341.23,Delivered,5
391,198,110,2025-08-25 22:10:25,286.08,42.91,243.17,Cancelled,
392,650,139,2025-01-26 17:53:53,447.96,0,447.96,Delivered,
393,230,8,2025-08-17 21:45:51,429.1,0,429.1,Delivered,5
394,586,146,2025-12-10 20:05:59,663.84,0,663.84,Delivered,3
395,21,91,2025-11-06 15:16:17,52.12,0,52.12,Delivered,
396,731,180,2025-11-01 15:52:15,235.27,11.76,223.51,Delivered,5
397,741,71,2025-12-01 11:30:32,159.95,0,159.95,Delivered,4
398,270,198,2025-07-10 12:09:04,124.75,0,124.75,Delivered,5
399,159,8,2025-04-10 23:02:40,1429.07,0,1429.07,Delivered,5
400,763,74,2025-12-17 22:23:32,243.49,0,243.49,Delivered,
401,768,100,2025-08-27 00:12:52,750.59,112.59,638.0,Cancelled,
402,202,101,2025-06-05 14:37:55,322.26,64.45,257.81,Delivered,2
403,405,152,2025-08-20 19:23:10,474.47,0,474.47,Delivered,5
404,472,142,2025-07-31 11:47:24,300.48,0,300.48,Delivered,3
405,256,153,2025-10-21 18:15:34,287.11,43.07,244.04,Delivered,5
406,876,52,2025-06-22 12:19:42,475.67,47.57,428.1,Delivered,
407,145,70,2025-03-09 20:15:49,386.45,38.65,347.8,Delivered,4
408,222,72,2025-09-30 09:12:43,328.78,16.44,312.34,Delivered,5
409,983,43,2025-06-25 13:34:59,478.24,0,478.24,Delivered,5
410,127,1,2025-11-14 10:30:00,320.55,0,320.55,Cancelled,
411,122,11,2025-04-08 19:03:06,754.99,37.75,717.24,Delivered,5
412,445,71,2025-07-11 21:09:01,356.58,0,356.58,Delivered,
413,523,176,2025-01-22 15:42:27,632.06,0,632.06,Cancelled,
414,865,12,2025-04-27 14:23:22,316.88,0,316.88,Delivered,
415,457,113,2025-03-30 19:39:17,721.75,0,721.75,Delivered,
416,163,83,2025-01-13 17:52:11,808.63,161.73,646.9,Delivered,4
417,250,109,2025-10-19 11:52:36,494.21,0,494.21,Delivered,1
418,175,15,2025-09-02 19:22:40,283.3,0,283.3,Delivered,5
419,944,96,2025-07-16 19:12:38,922.4,0,922.4,Delivered,5
420,362,84,2025-12-29 19:08:27,232.11,0,232.11,Delivered,2
421,980,86,2025-12-09 10:56:27,351.35,70.27,281.08,Delivered,3
422,176,71,2025-08-26 19:06:26,26.42,0,26.42,Delivered,
423,602,11,2025-05-23 20:36:13,163.27,0,163.27,Delivered,
424,162,160,2025-06-06 17:27:01,271.38,0,271.38,Delivered,4
425,549,5,2025-03-26 21:04:06,484.02,0,484.02,Delivered,4
426,952,156,2025-08-18 16:16:11,317.43,0,317.43,Delivered,4
427,202,97,2025-03-21 19:32:01,792.24,0,792.24,Delivered,2
428,323,146,2025-08-05 20:04:36,248.67,0,248.67,Delivered,4
429,455,194,2025-03-27 20:00:10,634.43,63.44,570.99,Delivered,5
430,242,157,2025-10-31 12:32:21,367.92,73.58,294.34,Delivered,
431,879,174,2025-10-22 12:23:17,177.27,0,177.27,Cancelled,
432,799,25,2025-07-18 20:08:19,194.41,38.88,155.53,Delivered,5
433,549,49,2025-03-02 08:34:51,189.77,0,189.77,Delivered,4
434,956,190,2025-01-20 11:16:42,278.04,0,278.04,Cancelled,
435,994,143,2025-10-02 15:48:57,597.27,0,597.27,Delivered,4
436,567,71,2025-01-16 19:30:33,214.15,0,214.15,Delivered,5
437,991,87,2025-02-02 12:27:42,97.37,0,97.37,Delivered,
438,804,194,2025-03-17 14:44:35,250.22,0,250.22,Delivered,5
439,856,23,2025-02-22 19:49:16,500.48,100.1,400.38,Delivered,2
440,40,4,2025-09-20 17:54:17,541.6,81.24,460.36,Delivered,
441,484,155,2025-06-23 11:34:08,218.31,0,218.31,Delivered,
442,451,145,2025-03-09 17:33:58,151.0,7.55,143.45,Delivered,5
443,793,70,2025-11-19 11:42:02,302.06,45.31,256.75,Delivered,5
444,922,80,2025-09-17 12:15:40,1519.08,0,1519.08,Delivered,
445,325,52,2025-12-24 12:28:14,326.93,32.69,294.24,Delivered,
446,709,103,2025-09-13 16:03:26,429.18,0,429.18,Delivered,
447,584,162,2025-09-28 12:50:44,579.93,0,579.93,Delivered,5
448,964,155,2025-10-26 11:51:41,403.29,0,403.29,Delivered,5
449,532,154,2025-07-24 16:14:33,182.54,0,182.54,Delivered,3
450,582,90,2025-11-03 11:04:53,109.88,5.49,104.39,Delivered,5
451,938,117,2025-05-30 21:13:44,262.65,0,262.65,Delivered,5
452,411,129,2025-12-10 12:58:18,44.88,4.49,40.39,Delivered,3
453,790,162,2025-05-14 21:20:29,490.35,0,490.35,Cancelled,
454,984,55,2025-11-11 10:26:25,1051.96,0,1051.96,Delivered,5
455,624,183,2025-08-30 12:14:41,818.76,0,818.76,Delivered,5
456,176,71,2025-02-07 23:04:14,74.89,0,74.89,Delivered,
457,462,105,2025-08-24 11:28:04,646.02,0,646.02,Delivered,1
458,55,13,2025-12-21 13:07:40,293.2,0,293.2,Delivered,5
459,955,76,2025-10-03 13:35:37,239.75,0,239.75,Cancelled,
460,735,178,2025-02-18 21:41:08,1091.82,54.59,1037.23,Delivered,4
461,821,8,2025-06-09 21:36:43,818.0,163.6,654.4,Delivered,
462,812,91,2025-07-24 18:08:49,191.6,28.74,162.86,Delivered,
463,313,81,2025-03-09 08:17:05,542.68,0,542.68,Delivered,4
464,973,175,2025-03-02 19:49:35,376.74,75.35,301.39,Delivered,4
465,221,172,2025-03-03 18:03:26,108.08,0,108.08,Delivered,4
466,337,50,2025-08-13 19:29:07,378.28,37.83,340.45,Delivered,2
467,396,176,2025-08-04 10:51:40,874.68,0,874.68,Delivered,4
468,904,13,2025-04-21 16:08:10,544.94,108.99,435.95,Delivered,5
469,567,3,2025-04-21 08:21:32,261.16,39.17,221.99,Delivered,3
470,214,37,2025-10-22 20:38:20,219.21,0,219.21,Delivered,
471,803,32,2025-01-23 12:36:54,375.8,0,375.8,Cancelled,
472,610,62,2025-11-04 13:40:19,341.87,51.28,290.59,Delivered,
473,472,129,2025-12-25 13:49:58,266.82,0,266.82,Delivered,4
474,326,24,2025-07-07 13:20:56,1361.08,0,1361.08,Delivered,2
475,277,84,2025-05-06 12:30:28,69.99,10.5,59.49,Delivered,5
476,928,19,2025-11-26 18:06:15,500.01,0,500.01,Delivered,4
477,706,184,2025-08-29 19:50:08,82.37,0,82.37,Delivered,
478,222,10,2025-04-29 11:31:20,246.16,24.62,221.54,Delivered,5
479,540,71,2025-07-24 20:44:26,199.09,0,199.09,Delivered,5
480,668,14,2025-10-22 12:25:10,37.94,0,37.94,Delivered,
481,472,31,2025-11-06 16:31:02,373.76,56.06,317.7,Delivered,4
482,601,86,2025-08-01 07:31:34,722.72,144.54,578.18,Delivered,
483,388,158,2025-12-25 22:13:46,160.97,0,160.97,Delivered,4
484,602,68,2025-03-11 12:56:38,501.93,100.39,401.54,Delivered,5
485,431,34,2025-10-22 21:43:22,588.61,0,588.61,Delivered,5
486,425,65,2025-11-01 19:41:01,158.61,0,158.61,Delivered,
487,735,74,2025-06-10 21:31:02,126.85,0,126.85,Delivered,3
488,141,134,2025-12-20 20:25:48,340.86,0,340.86,Delivered,4
489,666,100,2025-12-24 10:56:50,1228.65,0,1228.65,Delivered,5
490,505,49,2025-04-15 16:23:35,1376.0,0,1376.0,Delivered,2
491,973,162,2025-10-02 13:52:02,242.92,0,242.92,Delivered,
492,794,3,2025-10-06 17:09:39,116.65,0,116.65,Delivered,4
493,924,145,2025-06-15 20:56:02,651.33,130.27,521.06,Delivered,1
494,266,11,2025-07-02 13:35:44,689.6,0,689.6,Delivered,
495,828,46,2025-12-20 21:48:05,202.34,0,202.34,Delivered,3
496,491,66,2025-05-13 08:18:42,199.06,0,199.06,Delivered,5
497,408,41,2025-11-07 18:19:01,817.6,0,817.6,Cancelled,
498,444,63,2025-07-13 12:55:06,408.18,61.23,346.95,Delivered,5
499,750,7,2025-06-22 23:57:07,996.08,0,996.08,Delivered,4
500,86,161,2025-12-07 15:44:31,663.15,0,663.15,Delivered,2
501,499,177,2025-03-08 12:04:38,43.28,0,43.28,Delivered,3
502,332,153,2025-10-28 20:40:19,196.96,0,196.96,Delivered,
503,376,94,2025-05-14 09:31:37,522.34,0,522.34,Delivered,4
504,440,36,2025-04-23 15:48:10,84.42,0,84.42,Delivered,
505,785,157,2025-09-16 21:55:47,548.95,0,548.95,Delivered,5
506,184,181,2025-02-09 17:49:47,728.98,0,728.98,Delivered,4
507,819,40,2025-09-16 17:35:47,223.84,0,223.84,Delivered,3
508,773,162,2025-01-15 20:00:42,837.47,167.49,669.98,Delivered,3
509,841,7,2025-03-02 14:42:50,814.82,0,814.82,Cancelled,
510,281,103,2025-06-04 19:49:59,361.35,0,361.35,Delivered,
511,420,178,2025-05-04 20:13:08,276.74,0,276.74,Delivered,5
512,504,93,2025-09-22 19:58:13,180.39,0,180.39,Cancelled,
513,286,68,2025-09-05 19:52:17,173.73,0,173.73,Delivered,4
514,736,155,2025-11-24 21:56:37,89.24,0,89.24,Delivered,5
515,240,72,2025-10-22 07:41:02,1049.96,105.0,944.96,Delivered,4
516,938,138,2025-09-22 18:49:53,172.94,0,172.94,Delivered,4
517,81,138,2025-12-28 19:04:45,293.34,0,293.34,Delivered,4
518,840,175,2025-05-11 11:09:17,222.3,0,222.3,Delivered,
519,4,30,2025-03-24 09:01:43,79.12,0,79.12,Delivered,
520,683,27,2025-07-14 11:28:41,697.82,69.78,628.04,Delivered,4
521,844,65,2025-01-16 19:56:24,158.61,0,158.61,Delivered,4
522,3,53,2025-07-21 12:45:24,164.56,0,164.56,Delivered,5
523,191,125,2025-08-05 11:09:38,131.18,0,131.18,Delivered,4
524,146,46,2025-11-28 08:45:35,249.54,0,249.54,Delivered,
525,57,140,2025-11-26 21:53:09,176.66,0,176.66,Delivered,5
526,850,166,2025-06-15 22:05:25,26.12,0,26.12,Delivered,
527,125,198,2025-10-02 17:19:35,65.19,0,65.19,Delivered,5
528,137,24,2025-07-03 19:29:32,926.96,0,926.96,Delivered,4
529,795,195,2025-01-27 09:10:34,532.25,0,532.25,Delivered,4
530,528,137,2025-10-13 08:32:35,139.57,0,139.57,Delivered,4
531,815,107,2025-04-12 21:53:52,605.12,0,605.12,Delivered,2
532,310,118,2025-01-10 21:53:07,31.93,0,31.93,Delivered,3
533,733,57,2025-02-17 23:28:30,506.42,0,506.42,Delivered,3
534,39,89,2025-06-17 07:50:54,428.46,21.42,407.04,Delivered,3
535,579,74,2025-07-30 12:18:53,387.54,0,387.54,Delivered,4
536,563,133,2025-05-07 20:55:13,326.66,0,326.66,Delivered,
537,355,64,2025-07-09 17:06:23,888.51,0,888.51,Delivered,3
538,869,120,2025-07-21 19:48:44,292.37,0,292.37,Delivered,5
539,184,147,2025-09-10 11:34:05,696.24,0,696.24,Delivered,3
540,21,124,2025-02-21 19:19:10,373.77,0,373.77,Cancelled,
541,86,96,2025-12-11 09:12:28,329.07,0,329.07,Delivered,4
542,761,183,2025-01-03 12:28:26,1272.84,0,1272.84,Delivered,
543,570,121,2025-08-15 11:26:57,67.16,0,67.16,Delivered,5
544,124,156,2025-10-29 21:57:35,204.46,0,204.46,Delivered,5
545,712,101,2025-08-24 18:13:10,61.0,0,61.0,Delivered,5
546,761,59,2025-10-18 12:54:17,300.09,0,300.09,Delivered,5
547,257,159,2025-10-16 20:51:39,117.74,17.66,100.08,Cancelled,
548,970,95,2025-10-11 19:29:33,1283.44,0,1283.44,Delivered,
549,581,84,2025-05-30 10:15:24,150.25,7.51,142.74,Delivered,2
550,925,33,2025-04-16 13:47:23,47.16,0,47.16,Delivered,
551,924,6,2025-03-11 21:02:54,982.56,98.26,884.3,Cancelled,
552,291,176,2025-12-23 20:44:01,607.59,0,607.59,Delivered,
553,476,37,2025-10-18 20:26:45,275.46,41.32,234.14,Delivered,4
554,231,141,2025-06-22 23:05:17,245.04,36.76,208.28,Delivered,5
555,258,173,2025-11-03 23:02:34,1464.36,0,1464.36,Delivered,5
556,435,64,2025-07-26 20:51:07,279.89,0,279.89,Delivered,2
557,811,112,2025-11-16 21:19:38,500.46,0,500.46,Delivered,4
558,126,72,2025-07-28 11:08:05,830.92,41.55,789.37,Cancelled,
559,140,46,2025-07-03 18:03:49,152.53,0,152.53,Delivered,5
560,844,124,2025-06-10 12:04:19,252.5,0,252.5,Delivered,
561,33,130,2025-08-19 12:05:06,842.33,0,842.33,Delivered,5
562,449,100,2025-08-21 19:28:47,900.48,0,900.48,Delivered,3
563,444,101,2025-03-01 09:18:44,662.99,0,662.99,Delivered,4
564,681,17,2025-10-06 11:07:51,192.36,0,192.36,Delivered,2
565,722,89,2025-09-22 14:18:19,347.1,0,347.1,Delivered,5
566,49,83,2025-04-23 06:07:13,747.21,149.44,597.77,Delivered,
567,738,102,2025-03-31 12:44:24,146.62,0,146.62,Delivered,5
568,950,6,2025-07-16 20:20:21,435.85,0,435.85,Delivered,5
569,330,80,2025-02-12 19:43:45,427.82,0,427.82,Delivered,5
570,271,39,2025-11-30 20:03:17,167.09,0,167.09,Delivered,
571,454,13,2025-07-22 23:03:25,686.14,0,686.14,Delivered,3
572,222,65,2025-07-02 18:49:07,218.25,10.91,207.34,Delivered,
573,313,194,2025-12-13 19:13:21,815.55,122.33,693.22,Delivered,3
574,260,89,2025-05-29 19:03:34,365.91,0,365.91,Delivered,5
575,394,56,2025-08-06 13:07:36,204.63,20.46,184.17,Cancelled,
576,295,134,2025-01-29 19:48:37,214.66,21.47,193.19,Delivered,4
577,186,44,2025-03-11 11:30:13,216.9,32.53,184.37,Cancelled,
578,74,109,2025-03-19 12:04:25,582.8,0,582.8,Delivered,
579,189,92,2025-08-12 18:32:44,109.48,21.9,87.58,Cancelled,
580,642,40,2025-12-16 13:05:33,69.35,0,69.35,Delivered,
581,806,133,2025-03-25 13:34:54,186.84,28.03,158.81,Delivered,
582,743,162,2025-08-29 12:57:15,916.94,137.54,779.4,Delivered,4
583,354,127,2025-02-26 20:12:22,1651.41,0,1651.41,Delivered,4
584,97,157,2025-12-14 21:31:00,479.39,0,479.39,Cancelled,
585,684,13,2025-06-20 22:33:25,340.81,0,340.81,Delivered,3
586,832,35,2025-06-13 14:01:45,729.5,0,729.5,Delivered,5
587,380,59,2025-12-05 20:07:11,300.09,30.01,270.08,Delivered,
588,113,120,2025-10-06 11:24:38,103.39,0,103.39,Delivered,5
589,618,175,2025-04-16 00:52:43,360.66,0,360.66,Delivered,5
590,133,162,2025-08-13 21:24:25,1239.33,185.9,1053.43,Delivered,4
591,198,123,2025-12-01 19:00:38,545.49,81.82,463.67,Delivered,4
592,90,195,2025-06-26 12:22:42,502.44,0,502.44,Delivered,4
593,809,153,2025-06-27 09:18:50,421.16,0,421.16,Delivered,3
594,495,66,2025-02-27 17:06:05,104.24,0,104.24,Delivered,3
595,973,42,2025-07-11 12:54:10,630.81,0,630.81,Delivered,3
596,642,33,2025-08-28 12:32:53,174.61,34.92,139.69,Delivered,5
597,313,38,2025-08-25 15:30:31,272.93,40.94,231.99,Delivered,3
598,525,90,2025-01-04 21:29:05,335.73,0,335.73,Delivered,
599,478,36,2025-06-13 19:40:12,84.42,0,84.42,Delivered,5
600,654,154,2025-04-21 13:53:13,383.5,0,383.5,Delivered,
601,411,149,2025-07-26 13:34:31,234.86,0,234.86,Delivered,5
602,602,175,2025-04-04 20:37:50,326.44,0,326.44,Delivered,4
603,309,9,2025-02-12 07:58:10,344.12,68.82,275.3,Delivered,5
604,534,143,2025-04-15 12:02:01,374.31,0,374.31,Delivered,4
605,699,131,2025-11-21 21:06:09,536.16,0,536.16,Delivered,5
606,240,190,2025-10-31 23:03:36,272.68,13.63,259.05,Delivered,5
607,282,178,2025-07-13 12:38:09,259.46,0,259.46,Delivered,
608,177,59,2025-06-13 20:19:16,256.17,0,256.17,Delivered,
609,812,95,2025-05-01 17:24:06,536.2,0,536.2,Delivered,5
610,873,156,2025-04-03 19:45:19,824.18,0,824.18,Delivered,3
611,71,69,2025-11-02 08:55:46,1889.4,0,1889.4,Delivered,
612,735,4,2025-11-10 15:45:08,107.13,0,107.13,Delivered,
613,585,186,2025-07-28 19:57:38,909.62,0,909.62,Delivered,5
614,505,133,2025-01-13 19:11:45,200.03,0,200.03,Delivered,4
615,175,145,2025-02-13 23:23:16,368.11,55.22,312.89,Cancelled,
616,601,186,2025-12-04 14:32:41,731.51,0,731.51,Cancelled,
617,915,68,2025-03-05 10:02:58,703.69,0,703.69,Delivered,
618,833,121,2025-09-27 07:36:08,179.34,0,179.34,Delivered,5
619,41,46,2025-11-25 20:36:23,111.23,0,111.23,Delivered,
620,161,93,2025-04-07 18:51:27,580.36,116.07,464.29,Delivered,3
621,124,191,2025-10-21 13:25:43,798.96,0,798.96,Delivered,5
622,658,144,2025-08-07 19:48:34,340.68,0,340.68,Delivered,4
623,865,195,2025-05-14 17:48:05,1226.97,0,1226.97,Delivered,3
624,484,162,2025-05-29 11:52:22,163.45,0,163.45,Cancelled,
625,276,157,2025-11-02 21:16:39,458.53,0,458.53,Delivered,4
626,151,86,2025-10-18 19:39:47,794.96,119.24,675.72,Delivered,5
627,53,21,2025-08-31 23:21:21,305.22,0,305.22,Cancelled,
628,209,18,2025-03-13 18:53:36,789.56,0,789.56,Delivered,5
629,554,45,2025-03-27 13:36:13,959.09,0,959.09,Cancelled,
630,172,135,2025-12-13 13:44:47,531.09,106.22,424.87,Delivered,
631,646,68,2025-06-26 12:00:55,412.17,0,412.17,Delivered,5
632,835,18,2025-09-16 13:19:01,780.44,0,780.44,Delivered,
633,505,195,2025-12-02 13:05:43,916.81,0,916.81,Delivered,
634,26,63,2025-12-25 20:24:40,505.35,0,505.35,Delivered,5
635,510,134,2025-04-26 16:14:05,324.76,0,324.76,Delivered,2
636,118,83,2025-07-09 13:04:36,375.03,0,375.03,Delivered,
637,414,162,2025-07-10 21:11:34,663.91,0,663.91,Delivered,4
638,899,132,2025-02-02 11:27:13,191.65,0,191.65,Delivered,
639,530,131,2025-11-13 20:44:58,343.68,17.18,326.5,Delivered,4
640,176,92,2025-05-21 08:34:14,936.36,187.27,749.09,Cancelled,
641,936,164,2025-06-27 11:00:46,813.72,81.37,732.35,Delivered,5
642,133,100,2025-09-26 09:23:09,1059.14,0,1059.14,Delivered,4
643,515,76,2025-07-05 11:35:39,684.46,0,684.46,Delivered,5
644,581,125,2025-09-19 19:34:21,131.18,0,131.18,Delivered,4
645,436,66,2025-05-04 17:47:37,221.7,44.34,177.36,Delivered,2
646,624,83,2025-08-14 13:13:47,372.18,0,372.18,Delivered,4
647,670,195,2025-09-14 20:07:10,812.6,0,812.6,Delivered,
648,88,134,2025-09-26 20:23:49,170.43,25.56,144.87,Delivered,
649,186,40,2025-01-01 22:48:29,232.1,23.21,208.89,Delivered,5
650,229,88,2025-07-13 22:36:41,1207.49,0,1207.49,Delivered,4
651,69,98,2025-10-23 20:35:40,1119.55,167.93,951.62,Delivered,5
652,141,110,2025-04-28 11:52:53,1033.09,0,1033.09,Delivered,4
653,260,162,2025-08-18 18:43:45,337.01,50.55,286.46,Cancelled,
654,328,178,2025-05-22 18:07:48,1626.45,0,1626.45,Delivered,
655,976,63,2025-11-28 14:49:49,503.12,0,503.12,Cancelled,
656,884,137,2025-12-20 19:28:49,561.35,56.14,505.21,Delivered,4
657,673,131,2025-03-03 09:48:49,189.7,0,189.7,Delivered,5
658,309,93,2025-06-24 21:19:54,368.12,0,368.12,Cancelled,
659,459,115,2025-04-22 18:58:55,1010.94,0,1010.94,Delivered,5
660,901,26,2025-12-27 19:38:00,891.58,133.74,757.84,Delivered,
661,362,182,2025-01-27 12:57:30,1366.48,0,1366.48,Delivered,5
662,589,82,2025-05-18 15:46:51,196.19,0,196.19,Delivered,4
663,430,125,2025-11-04 10:57:16,316.0,31.6,284.4,Delivered,5
664,910,21,2025-08-07 12:47:49,119.78,0,119.78,Delivered,3
665,25,177,2025-09-08 20:54:26,168.54,0,168.54,Delivered,5
666,554,33,2025-06-08 13:01:19,207.74,0,207.74,Delivered,4
667,815,22,2025-01-14 11:24:39,377.1,0,377.1,Delivered,5
668,932,151,2025-11-04 20:18:30,668.17,33.41,634.76,Cancelled,
669,657,106,2025-06-06 12:37:02,412.82,0,412.82,Delivered,3
670,452,61,2025-09-27 14:52:51,669.45,0,669.45,Delivered,
671,533,127,2025-01-11 12:22:31,358.82,0,358.82,Cancelled,
672,599,83,2025-07-15 20:27:42,856.55,0,856.55,Delivered,4
673,787,63,2025-05-21 17:57:54,639.59,0,639.59,Cancelled,
674,14,61,2025-09-20 07:23:30,443.11,0,443.11,Delivered,5
675,457,88,2025-08-03 19:44:00,915.03,0,915.03,Delivered,5
676,989,92,2025-06-15 19:36:20,280.54,0,280.54,Delivered,2
677,451,198,2025-10-28 21:06:36,304.99,0,304.99,Delivered,5
678,750,111,2025-09-27 12:33:00,743.76,0,743.76,Delivered,4
679,127,112,2025-10-23 18:44:22,1051.65,0,1051.65,Delivered,3
680,281,68,2025-07-17 18:53:46,1131.46,113.15,1018.31,Delivered,4
681,831,161,2025-06-04 21:11:32,336.4,0,336.4,Delivered,4
682,473,55,2025-12-16 19:55:32,789.9,157.98,631.92,Delivered,
683,455,8,2025-05-16 07:28:19,725.49,145.1,580.39,Delivered,3
684,733,146,2025-08-17 13:30:22,221.28,0,221.28,Delivered,4
685,161,93,2025-12-13 22:44:16,640.57,0,640.57,Delivered,5
686,581,182,2025-11-03 17:16:20,897.02,134.55,762.47,Cancelled,
687,926,145,2025-08-07 12:47:07,498.57,99.71,398.86,Delivered,5
688,735,175,2025-03-10 13:25:47,256.52,25.65,230.87,Delivered,3
689,831,99,2025-11-16 13:28:47,522.43,0,522.43,Delivered,4
690,478,38,2025-05-14 12:34:24,415.57,20.78,394.79,Delivered,
691,208,133,2025-02-12 21:33:41,69.96,0,69.96,Delivered,2
692,8,55,2025-09-21 11:36:46,465.74,0,465.74,Delivered,5
693,105,153,2025-10-03 13:56:14,90.15,0,90.15,Delivered,
694,318,162,2025-04-02 17:49:57,337.01,0,337.01,Delivered,5
695,113,32,2025-06-09 09:42:56,448.42,22.42,426.0,Delivered,4
696,271,89,2025-07-22 12:09:34,260.14,0,260.14,Delivered,
697,284,4,2025-08-27 17:03:16,729.35,0,729.35,Cancelled,
698,436,122,2025-12-29 12:44:03,636.78,0,636.78,Delivered,2
699,284,18,2025-11-21 07:44:57,1041.48,0,1041.48,Cancelled,
700,229,182,2025-03-05 17:43:38,842.73,168.55,674.18,Delivered,
701,175,115,2025-09-12 20:51:35,364.86,0,364.86,Delivered,5
702,39,164,2025-10-29 21:52:05,330.03,0,330.03,Delivered,3
703,165,25,2025-06-19 21:37:52,178.0,8.9,169.1,Delivered,
704,240,124,2025-07-24 22:05:59,281.46,42.22,239.24,Delivered,5
705,406,71,2025-04-23 17:44:38,52.84,0,52.84,Delivered,5
706,953,113,2025-11-28 21:39:34,291.75,29.18,262.57,Cancelled,
707,823,92,2025-12-07 21:16:57,839.55,0,839.55,Cancelled,
708,225,71,2025-10-19 12:33:10,230.08,0,230.08,Delivered,4
709,48,155,2025-09-17 10:02:55,764.42,0,764.42,Cancelled,
710,789,89,2025-12-19 18:26:02,86.96,0,86.96,Cancelled,
711,902,191,2025-10-02 20:03:31,936.05,0,936.05,Delivered,5
712,943,50,2025-06-15 11:05:07,178.24,0,178.24,Delivered,4
713,305,164,2025-03-23 19:18:42,420.96,21.05,399.91,Delivered,
714,107,62,2025-12-01 15:31:49,156.17,0,156.17,Delivered,4
715,402,191,2025-02-22 17:48:50,449.4,22.47,426.93,Delivered,
716,131,181,2025-09-08 20:42:48,1161.24,0,1161.24,Delivered,2
717,176,92,2025-10-11 08:10:56,608.67,0,608.67,Delivered,
718,884,30,2025-11-11 15:55:33,142.8,0,142.8,Delivered,3
719,53,95,2025-05-30 20:19:21,500.94,75.14,425.8,Delivered,2
720,17,77,2025-08-21 21:23:08,299.44,0,299.44,Delivered,4
721,826,110,2025-06-25 19:59:32,231.46,0,231.46,Delivered,5
722,915,162,2025-10-05 16:28:30,326.9,0,326.9,Delivered,4
723,334,92,2025-07-17 20:36:58,547.09,109.42,437.67,Delivered,
724,45,165,2025-12-22 12:46:27,996.51,149.48,847.03,Delivered,5
725,886,60,2025-12-22 15:32:07,602.32,0,602.32,Delivered,4
726,288,59,2025-03-16 13:31:47,1054.9,0,1054.9,Delivered,3
727,762,146,2025-03-27 11:40:39,284.86,56.97,227.89,Delivered,2
728,265,197,2025-06-28 17:37:36,63.93,9.59,54.34,Delivered,
729,360,10,2025-02-09 13:45:08,289.24,0,289.24,Delivered,
730,524,175,2025-07-04 12:15:37,120.22,0,120.22,Delivered,5
731,229,84,2025-08-08 23:43:26,230.58,0,230.58,Delivered,4
732,212,133,2025-02-24 18:03:28,390.94,58.64,332.3,Delivered,5
733,876,122,2025-05-18 22:56:18,1053.2,0,1053.2,Delivered,
734,841,82,2025-12-09 12:06:45,1942.27,0,1942.27,Delivered,
735,147,102,2025-11-17 11:56:42,317.36,47.6,269.76,Delivered,5
736,668,129,2025-05-24 21:25:40,104.28,0,104.28,Cancelled,
737,77,165,2025-08-19 16:49:46,1023.34,0,1023.34,Cancelled,
738,763,67,2025-09-12 12:55:21,617.37,61.74,555.63,Delivered,4
739,189,131,2025-01-06 00:07:17,189.7,0,189.7,Delivered,
740,445,71,2025-11-06 00:35:12,88.52,0,88.52,Delivered,2
741,275,123,2025-10-25 11:54:35,1090.98,0,1090.98,Delivered,4
742,902,193,2025-04-29 19:10:52,733.0,73.3,659.7,Delivered,
743,532,55,2025-10-14 09:53:38,268.54,0,268.54,Delivered,3
744,722,183,2025-09-27 13:15:27,568.19,113.64,454.55,Delivered,
745,340,52,2025-11-25 11:51:05,277.08,41.56,235.52,Delivered,
746,145,22,2025-06-05 21:42:51,188.74,0,188.74,Delivered,4
747,927,74,2025-12-30 09:31:19,243.49,0,243.49,Delivered,
748,958,120,2025-10-04 20:26:30,598.89,119.78,479.11,Delivered,5
749,937,184,2025-12-13 19:07:13,322.86,64.57,258.29,Delivered,5
750,277,85,2025-10-01 18:34:20,643.53,0,643.53,Delivered,4
751,564,142,2025-10-24 20:52:56,495.15,0,495.15,Delivered,
752,543,103,2025-04-17 13:03:32,393.3,0,393.3,Delivered,
753,850,81,2025-01-06 13:47:48,289.0,0,289.0,Delivered,5
754,416,83,2025-10-04 20:29:18,265.69,0,265.69,Delivered,3
755,77,184,2025-05-03 10:01:10,460.54,46.05,414.49,Delivered,3
756,568,59,2025-05-10 13:11:30,1217.18,0,1217.18,Delivered,5
757,116,127,2025-11-08 21:34:35,461.45,0,461.45,Delivered,4
758,313,33,2025-03-01 18:04:05,127.45,0,127.45,Delivered,1
759,790,110,2025-10-13 17:26:50,286.08,28.61,257.47,Delivered,3
760,900,145,2025-08-01 22:36:14,302.0,0,302.0,Delivered,5
761,684,102,2025-04-15 17:16:34,188.4,0,188.4,Delivered,3
762,297,122,2025-01-22 16:30:35,153.55,7.68,145.87,Delivered,5
763,247,70,2025-05-22 15:17:25,266.03,0,266.03,Delivered,
764,42,165,2025-01-29 17:31:22,753.39,0,753.39,Cancelled,
765,627,113,2025-01-26 21:12:04,138.16,0,138.16,Delivered,5
766,35,26,2025-11-11 18:04:17,785.48,117.82,667.66,Delivered,5
767,177,110,2025-10-27 16:23:45,1061.29,106.13,955.16,Delivered,5
768,851,48,2025-04-04 17:53:14,474.08,23.7,450.38,Cancelled,
769,59,85,2025-12-01 22:56:20,1238.66,185.8,1052.86,Delivered,4
770,858,138,2025-09-01 12:00:59,78.36,0,78.36,Delivered,
771,112,72,2025-10-25 22:14:47,321.97,0,321.97,Delivered,4
772,965,34,2025-03-06 12:19:28,976.62,97.66,878.96,Delivered,2
773,136,47,2025-06-05 20:08:16,350.12,0,350.12,Delivered,
774,200,88,2025-11-09 23:12:18,715.81,0,715.81,Delivered,5
775,18,78,2025-03-27 20:42:08,243.67,0,243.67,Delivered,1
776,856,189,2025-06-09 10:57:46,1047.98,0,1047.98,Delivered,
777,718,27,2025-12-19 14:45:36,206.86,20.69,186.17,Delivered,4
778,536,44,2025-08-10 11:37:37,1197.24,0,1197.24,Delivered,5
779,19,173,2025-10-03 11:37:41,376.92,18.85,358.07,Delivered,3
780,851,23,2025-10-28 18:42:46,358.19,53.73,304.46,Delivered,2
781,215,136,2025-01-19 20:42:22,633.64,0,633.64,Delivered,4
782,474,140,2025-07-03 22:03:54,544.65,0,544.65,Delivered,
783,118,18,2025-12-10 19:31:53,701.72,0,701.72,Delivered,3
784,647,81,2025-11-01 14:12:58,225.13,0,225.13,Delivered,5
785,913,182,2025-08-02 20:29:49,479.79,0,479.79,Delivered,5
786,100,137,2025-11-19 19:30:09,98.28,0,98.28,Delivered,
787,516,78,2025-07-14 11:25:35,1349.45,202.42,1147.03,Delivered,3
788,721,14,2025-10-01 08:04:50,502.3,0,502.3,Delivered,4
789,237,186,2025-05-15 07:32:43,349.22,0,349.22,Cancelled,
790,90,151,2025-08-09 14:54:01,897.74,134.66,763.08,Delivered,
791,135,191,2025-01-17 13:54:15,358.1,0,358.1,Delivered,3
792,143,100,2025-05-20 12:30:50,181.42,9.07,172.35,Delivered,2
793,994,50,2025-10-30 16:08:29,522.79,0,522.79,Delivered,4
794,13,109,2025-05-08 11:09:23,439.05,65.86,373.19,Delivered,5
795,547,107,2025-08-19 23:26:08,189.17,0,189.17,Delivered,5
796,611,1,2025-02-13 10:02:29,604.59,0,604.59,Delivered,
797,496,178,2025-05-28 09:33:12,276.74,0,276.74,Delivered,4
798,269,67,2025-09-06 18:06:55,287.32,28.73,258.59,Delivered,4
799,142,60,2025-12-22 11:13:07,370.8,74.16,296.64,Delivered,4
800,659,104,2025-10-28 21:26:02,766.64,0,766.64,Delivered,4
801,794,156,2025-03-06 20:28:50,276.84,0,276.84,Delivered,5
802,177,18,2025-09-22 10:46:24,1368.12,0,1368.12,Delivered,5
803,479,146,2025-01-01 20:50:41,497.85,0,497.85,Cancelled,
804,92,130,2025-07-01 12:11:22,222.26,0,222.26,Delivered,5
805,850,150,2025-05-16 18:24:12,143.97,0,143.97,Delivered,5
806,378,92,2025-02-06 20:09:24,61.14,0,61.14,Delivered,5
807,368,18,2025-12-17 09:19:05,409.71,0,409.71,Delivered,
808,581,137,2025-07-13 18:08:26,203.04,0,203.04,Delivered,3
809,421,124,2025-04-24 15:48:20,291.02,0,291.02,Delivered,3
810,397,27,2025-01-19 18:07:22,190.19,0,190.19,Delivered,4
811,279,146,2025-08-26 22:37:04,307.32,0,307.32,Delivered,
812,195,147,2025-02-27 15:20:02,1887.6,0,1887.6,Delivered,
813,138,186,2025-11-18 17:07:38,520.33,104.07,416.26,Delivered,2
814,818,169,2025-11-08 10:33:42,290.38,0,290.38,Delivered,4
815,811,112,2025-11-28 14:41:54,824.93,82.49,742.44,Delivered,5
816,828,107,2025-04-22 07:59:17,925.51,0,925.51,Delivered,5
817,566,40,2025-10-15 20:23:26,429.08,42.91,386.17,Cancelled,
818,826,162,2025-01-27 21:24:49,1090.5,163.57,926.93,Delivered,4
819,848,98,2025-06-12 08:15:17,1153.97,230.79,923.18,Delivered,5
820,752,175,2025-11-18 18:53:14,357.12,0,357.12,Delivered,5
821,210,29,2025-06-25 20:05:38,295.12,0,295.12,Delivered,5
822,287,179,2025-08-09 12:21:59,338.0,0,338.0,Delivered,
823,768,59,2025-08-22 14:41:12,1363.4,0,1363.4,Delivered,
824,588,35,2025-07-02 09:00:45,912.81,0,912.81,Delivered,3
825,168,180,2025-06-02 17:38:17,1529.1,0,1529.1,Delivered,4
826,625,73,2025-05-11 12:26:11,348.49,0,348.49,Delivered,5
827,142,91,2025-05-30 11:50:19,139.48,0,139.48,Cancelled,
828,607,170,2025-06-23 14:36:54,280.32,0,280.32,Cancelled,
829,419,118,2025-10-29 20:51:27,66.92,0,66.92,Delivered,3
830,142,95,2025-12-24 20:39:05,953.37,0,953.37,Delivered,1
831,281,134,2025-12-06 19:19:05,539.42,80.91,458.51,Delivered,5
832,811,50,2025-07-24 12:38:06,660.22,0,660.22,Delivered,
833,832,136,2025-09-15 13:17:24,96.1,4.8,91.3,Delivered,5
834,560,4,2025-06-03 12:54:03,117.19,17.58,99.61,Delivered,4
835,116,28,2025-05-28 00:03:30,880.42,0,880.42,Delivered,5
836,631,128,2025-06-05 13:33:23,368.74,0,368.74,Delivered,4
837,758,24,2025-03-01 20:00:02,465.95,0,465.95,Delivered,3
838,906,55,2025-11-30 21:25:46,268.54,0,268.54,Delivered,4
839,885,83,2025-10-27 22:57:34,435.48,0,435.48,Delivered,4
840,772,156,2025-11-30 06:08:14,634.86,0,634.86,Delivered,4
841,973,83,2025-09-29 14:46:08,747.21,0,747.21,Delivered,4
842,615,190,2025-09-22 18:21:41,154.73,0,154.73,Delivered,5
843,839,69,2025-08-27 18:49:39,714.83,0,714.83,Delivered,
844,528,182,2025-08-24 22:33:02,181.47,9.07,172.4,Delivered,4
845,624,67,2025-09-09 10:05:20,1271.73,127.17,1144.56,Delivered,
846,726,59,2025-06-24 19:06:27,1466.88,0,1466.88,Delivered,5
847,205,107,2025-12-02 13:00:36,998.96,0,998.96,Delivered,
848,445,131,2025-02-18 21:11:09,502.36,0,502.36,Delivered,3
849,167,155,2025-10-28 12:59:29,1108.62,0,1108.62,Delivered,3
850,427,114,2025-10-13 11:57:09,395.42,59.31,336.11,Delivered,5
851,383,174,2025-05-09 11:40:52,283.95,0,283.95,Delivered,
852,772,131,2025-08-08 14:04:48,828.18,82.82,745.36,Delivered,4
853,236,138,2025-06-15 18:22:58,629.14,62.91,566.23,Delivered,5
854,31,158,2025-04-02 13:53:27,692.22,0,692.22,Delivered,4
855,585,151,2025-11-26 07:49:45,294.69,0,294.69,Delivered,5
856,722,134,2025-07-14 20:39:11,170.43,0,170.43,Delivered,
857,310,17,2025-09-03 11:05:46,530.65,106.13,424.52,Delivered,
858,523,161,2025-03-27 21:56:02,483.99,0,483.99,Delivered,
859,392,137,2025-10-24 10:47:53,643.93,0,643.93,Delivered,
860,445,92,2025-08-29 17:00:56,61.58,0,61.58,Delivered,4
861,593,180,2025-11-07 22:31:15,449.51,0,449.51,Delivered,
862,3,40,2025-09-10 19:42:49,346.16,34.62,311.54,Delivered,5
863,445,153,2025-04-08 21:29:09,421.16,0,421.16,Delivered,
864,238,17,2025-09-25 00:01:10,192.36,38.47,153.89,Delivered,
865,718,27,2025-10-12 08:23:05,544.61,0,544.61,Delivered,4
866,821,8,2025-01-27 08:04:30,725.49,108.82,616.67,Delivered,5
867,653,148,2025-09-05 21:16:12,641.13,0,641.13,Delivered,
868,658,156,2025-12-15 19:23:25,138.42,20.76,117.66,Delivered,5
869,934,126,2025-11-30 21:21:56,802.4,0,802.4,Cancelled,
870,347,185,2025-01-03 12:18:13,679.64,0,679.64,Delivered,5
871,252,25,2025-12-18 11:07:23,178.0,0,178.0,Delivered,1
872,752,74,2025-03-16 19:04:11,126.85,6.34,120.51,Cancelled,
873,59,137,2025-05-09 19:56:26,440.89,0,440.89,Delivered,3
874,511,183,2025-01-21 10:41:13,294.54,0,294.54,Delivered,3
875,876,72,2025-10-08 19:42:46,715.66,0,715.66,Delivered,4
876,528,85,2025-12-10 23:16:25,462.68,69.4,393.28,Cancelled,
877,790,162,2025-04-03 14:25:51,906.83,0,906.83,Delivered,
878,924,49,2025-10-25 13:45:22,401.42,80.28,321.14,Delivered,2
879,23,73,2025-05-23 12:13:24,933.98,140.1,793.88,Delivered,4
880,391,126,2025-08-11 07:52:35,522.89,0,522.89,Delivered,2
881,615,21,2025-05-26 14:51:32,797.59,0,797.59,Delivered,4
882,874,133,2025-12-05 12:35:32,69.96,0,69.96,Delivered,
883,661,21,2025-10-10 09:04:45,1115.65,0,1115.65,Delivered,5
884,141,175,2025-11-23 14:25:59,256.52,0,256.52,Cancelled,
885,778,38,2025-04-18 21:48:05,174.0,0,174.0,Delivered,3
886,442,147,2025-02-11 11:51:16,777.19,38.86,738.33,Delivered,4
887,882,38,2025-04-09 10:40:45,490.01,0,490.01,Delivered,5
888,921,161,2025-02-14 19:21:57,315.79,0,315.79,Delivered,4
889,268,20,2025-10-17 22:21:18,657.96,0,657.96,Delivered,5
890,958,120,2025-09-21 20:37:55,188.98,18.9,170.08,Delivered,2
891,415,5,2025-12-04 21:24:34,668.38,66.84,601.54,Delivered,4
892,115,191,2025-03-26 21:12:22,899.28,0,899.28,Delivered,3
893,653,43,2025-07-14 11:57:13,242.89,0,242.89,Delivered,5
894,599,103,2025-12-20 13:46:13,1251.94,250.39,1001.55,Delivered,5
895,602,39,2025-12-20 10:23:38,343.76,0,343.76,Delivered,4
896,904,176,2025-06-01 12:46:17,599.76,59.98,539.78,Delivered,5
897,528,85,2025-07-03 20:51:53,547.26,54.73,492.53,Delivered,
898,627,182,2025-01-12 12:58:01,1317.03,0,1317.03,Delivered,
899,907,47,2025-08-01 12:49:47,454.88,68.23,386.65,Delivered,3
900,389,29,2025-09-10 12:42:34,430.18,0,430.18,Delivered,
901,570,121,2025-10-14 11:15:04,67.16,0,67.16,Delivered,5
902,94,148,2025-10-30 16:18:51,593.28,0,593.28,Delivered,5
903,968,31,2025-09-05 06:05:51,148.72,29.74,118.98,Delivered,5
904,983,85,2025-08-31 13:34:11,567.15,113.43,453.72,Delivered,5
905,438,106,2025-02-08 20:44:16,772.92,38.65,734.27,Delivered,
906,852,80,2025-01-31 13:27:23,542.33,0,542.33,Delivered,5
907,23,61,2025-12-15 16:35:17,443.11,0,443.11,Delivered,4
908,268,190,2025-12-21 17:09:21,432.77,0,432.77,Delivered,4
909,940,178,2025-05-21 12:57:50,1349.14,0,1349.14,Delivered,3
910,176,156,2025-11-22 10:00:32,138.42,13.84,124.58,Delivered,4
911,241,89,2025-06-24 20:52:48,323.43,0,323.43,Delivered,4
912,159,33,2025-06-16 19:47:52,203.74,0,203.74,Delivered,
913,313,194,2025-11-19 13:48:58,769.72,0,769.72,Delivered,2
914,668,108,2025-06-23 13:37:45,1387.01,277.4,1109.61,Delivered,5
915,635,168,2025-04-17 20:13:13,842.71,84.27,758.44,Delivered,5
916,167,175,2025-05-13 12:42:04,306.82,0,306.82,Delivered,3
917,803,140,2025-05-11 18:22:46,152.27,30.45,121.82,Delivered,
918,964,178,2025-02-04 23:36:21,832.36,0,832.36,Delivered,5
919,906,158,2025-10-11 19:42:35,187.51,0,187.51,Delivered,5
920,63,178,2025-05-03 21:29:27,259.46,38.92,220.54,Delivered,5
921,137,166,2025-07-25 11:17:53,218.23,0,218.23,Delivered,3
922,820,127,2025-09-23 10:24:08,1263.19,0,1263.19,Delivered,
923,105,92,2025-12-26 12:36:42,183.42,0,183.42,Delivered,4
924,724,182,2025-10-17 21:47:36,1215.35,0,1215.35,Cancelled,
925,437,23,2025-11-03 17:24:01,649.15,32.46,616.69,Cancelled,
926,460,155,2025-06-20 13:22:24,232.75,0,232.75,Delivered,3
927,748,196,2025-03-10 20:56:50,657.3,0,657.3,Delivered,5
928,411,96,2025-03-26 15:19:55,440.11,0,440.11,Delivered,4
929,929,38,2025-11-12 13:55:19,446.93,0,446.93,Delivered,4
930,322,159,2025-01-21 12:03:25,99.46,19.89,79.57,Delivered,5
931,234,79,2025-07-10 11:08:24,325.91,0,325.91,Delivered,3
932,696,93,2025-09-04 18:02:32,800.69,0,800.69,Delivered,5
933,198,67,2025-05-21 17:26:28,181.75,18.18,163.57,Delivered,3
934,709,183,2025-12-24 00:56:13,1077.38,215.48,861.9,Delivered,3
935,878,123,2025-04-18 12:25:10,310.29,0,310.29,Cancelled,
936,444,77,2025-02-21 16:34:12,302.0,0,302.0,Delivered,5
937,646,134,2025-04-24 18:52:40,479.09,0,479.09,Delivered,4
938,32,169,2025-12-31 15:06:25,629.36,94.4,534.96,Delivered,
939,368,100,2025-11-29 13:04:42,420.65,0,420.65,Delivered,
940,563,19,2025-01-01 16:24:52,391.43,19.57,371.86,Delivered,5
941,983,84,2025-08-28 12:23:40,174.94,26.24,148.7,Delivered,
942,198,11,2025-05-31 06:18:52,624.47,124.89,499.58,Delivered,5
943,819,38,2025-04-15 21:22:46,316.01,0,316.01,Delivered,2
944,190,57,2025-08-21 12:16:12,690.59,0,690.59,Delivered,5
945,87,81,2025-07-17 19:55:05,225.13,0,225.13,Delivered,
946,670,106,2025-10-04 20:02:14,360.1,0,360.1,Delivered,5
947,420,68,2025-10-30 09:06:44,316.44,0,316.44,Delivered,
948,33,29,2025-10-31 08:46:24,288.87,0,288.87,Delivered,5
949,506,148,2025-06-18 23:26:14,367.34,0,367.34,Delivered,2
950,275,11,2025-07-26 13:21:53,653.19,0,653.19,Delivered,3
951,378,98,2025-06-29 20:04:13,357.22,53.58,303.64,Delivered,5
952,373,61,2025-05-13 12:46:23,207.19,0,207.19,Delivered,5
953,847,133,2025-08-27 22:26:49,397.25,79.45,317.8,Delivered,4
954,416,123,2025-09-25 09:55:47,999.38,0,999.38,Cancelled,
955,466,194,2025-02-21 13:51:04,612.46,0,612.46,Delivered,5
956,656,110,2025-09-11 16:13:27,1342.16,0,1342.16,Delivered,5
957,914,89,2025-10-30 22:29:35,106.4,21.28,85.12,Delivered,
958,764,106,2025-07-03 11:09:30,566.16,56.62,509.54,Delivered,4
959,691,172,2025-02-25 20:46:45,539.76,26.99,512.77,Delivered,
960,882,8,2025-05-10 20:17:17,814.38,0,814.38,Delivered,
961,240,95,2025-06-30 20:05:10,1208.16,0,1208.16,Cancelled,
962,528,199,2025-09-16 19:48:27,757.86,75.79,682.07,Delivered,4
963,169,130,2025-11-18 12:25:47,574.06,0,574.06,Delivered,4
964,373,174,2025-06-18 21:39:54,572.64,0,572.64,Delivered,
965,521,100,2025-01-05 12:54:16,181.42,0,181.42,Delivered,2
966,270,76,2025-02-02 20:15:00,332.11,33.21,298.9,Delivered,3
967,738,181,2025-11-14 18:14:48,928.5,0,928.5,Delivered,5
968,590,96,2025-05-28 12:26:23,732.36,0,732.36,Delivered,5
969,778,45,2025-12-24 20:19:34,336.49,0,336.49,Delivered,5
970,38,34,2025-03-13 14:10:41,393.66,0,393.66,Cancelled,
971,14,25,2025-12-17 13:38:19,233.65,0,233.65,Delivered,
972,762,133,2025-03-07 11:10:58,296.94,59.39,237.55,Delivered,4
973,445,153,2025-12-14 20:17:00,196.96,0,196.96,Cancelled,
974,956,21,2025-01-16 14:32:20,425.41,42.54,382.87,Cancelled,
975,294,175,2025-12-03 14:13:28,170.52,0,170.52,Delivered,
976,742,21,2025-08-17 09:40:28,119.78,5.99,113.79,Delivered,
977,71,109,2025-09-26 18:10:56,777.37,0,777.37,Delivered,3
978,407,156,2025-12-08 09:02:14,408.92,0,408.92,Delivered,4
979,605,196,2025-09-26 09:26:39,526.91,0,526.91,Delivered,5
980,948,84,2025-04-20 11:16:44,207.41,0,207.41,Delivered,4
981,451,187,2025-05-11 14:13:55,493.55,0,493.55,Delivered,5
982,925,158,2025-08-01 11:33:29,693.27,0,693.27,Delivered,
983,749,89,2025-07-25 07:27:27,193.36,0,193.36,Delivered,
984,642,81,2025-06-29 11:34:15,587.42,0,587.42,Delivered,5
985,383,132,2025-10-24 21:43:44,195.56,19.56,176.0,Delivered,3
986,554,38,2025-09-08 14:33:15,74.44,0,74.44,Delivered,4
987,575,141,2025-04-23 07:13:17,43.02,0,43.02,Delivered,5
988,23,61,2025-02-08 11:59:07,953.25,0,953.25,Delivered,
989,565,13,2025-04-28 21:05:32,310.16,0,310.16,Delivered,
990,645,1,2025-07-15 18:32:11,304.81,0,304.81,Delivered,4
991,283,107,2025-03-30 13:04:48,1042.64,0,1042.64,Delivered,5
992,754,125,2025-08-28 10:15:32,131.18,0,131.18,Delivered,
993,964,100,2025-09-18 13:23:27,659.88,0,659.88,Delivered,5
994,457,199,2025-10-30 20:40:49,673.01,134.6,538.41,Delivered,3
995,788,122,2025-08-31 14:52:07,907.96,0,907.96,Delivered,5
996,116,6,2025-10-01 14:47:12,243.84,36.58,207.26,Cancelled,
997,209,162,2025-05-13 21:06:56,569.82,0,569.82,Delivered,4
998,586,111,2025-07-28 13:52:32,1402.03,210.3,1191.73,Delivered,5
999,732,73,2025-07-28 16:08:32,737.66,147.53,590.13,Delivered,5
1000,849,32,2025-09-08 20:09:24,375.8,56.37,319.43,Delivered,
1001,81,82,2025-11-18 14:48:44,792.92,0,792.92,Delivered,4
1002,994,143,2025-01-12 09:33:02,485.82,0,485.82,Delivered,
1003,907,128,2025-12-04 13:40:41,341.15,0,341.15,Delivered,5
1004,875,89,2025-02-18 17:57:08,278.95,0,278.95,Delivered,
1005,478,8,2025-06-21 20:23:14,1234.62,0,1234.62,Delivered,2
1006,243,90,2025-01-06 12:18:04,376.09,0,376.09,Delivered,1
1007,592,52,2025-03-02 17:26:43,333.64,0,333.64,Cancelled,
1008,821,45,2025-05-17 17:30:58,280.44,0,280.44,Delivered,5
1009,706,140,2025-07-04 18:24:46,682.25,68.23,614.02,Delivered,3
1010,958,140,2025-05-16 22:07:01,181.8,0,181.8,Delivered,
1011,191,79,2025-01-14 10:16:37,265.18,0,265.18,Cancelled,
1012,994,143,2025-07-16 10:49:47,286.73,0,286.73,Delivered,
1013,912,83,2025-08-16 18:40:24,591.83,29.59,562.24,Cancelled,
1014,658,193,2025-10-12 14:01:38,120.02,0,120.02,Delivered,3
1015,645,16,2025-06-22 18:19:21,550.4,0,550.4,Delivered,
1016,312,116,2025-09-02 12:11:07,828.4,165.68,662.72,Delivered,5
1017,789,42,2025-07-08 16:06:39,770.8,0,770.8,Delivered,5
1018,493,73,2025-06-28 20:21:52,427.99,21.4,406.59,Delivered,
1019,389,185,2025-05-16 14:50:31,890.84,0,890.84,Delivered,
1020,18,121,2025-03-05 21:38:18,364.4,54.66,309.74,Delivered,
1021,616,12,2025-07-14 12:20:31,71.87,0,71.87,Delivered,
1022,950,105,2025-04-15 20:34:51,872.64,0,872.64,Delivered,5
1023,180,110,2025-02-15 21:29:29,263.86,0,263.86,Delivered,3
1024,394,112,2025-12-04 23:50:49,212.93,10.65,202.28,Delivered,5
1025,186,23,2025-03-24 12:46:41,965.74,0,965.74,Delivered,5
1026,948,125,2025-09-24 20:37:00,335.35,0,335.35,Delivered,
1027,736,89,2025-08-11 15:38:06,323.43,0,323.43,Delivered,
1028,635,196,2025-02-17 15:00:45,1024.12,0,1024.12,Delivered,5
1029,303,81,2025-07-26 19:19:17,598.39,119.68,478.71,Delivered,
1030,518,199,2025-03-13 20:59:28,606.57,0,606.57,Delivered,3
1031,388,48,2025-12-28 22:57:45,473.9,0,473.9,Delivered,5
1032,913,88,2025-08-24 13:17:32,615.54,0,615.54,Delivered,
1033,581,84,2025-08-01 11:09:45,218.22,32.73,185.49,Delivered,5
1034,301,19,2025-10-20 13:12:44,373.97,56.1,317.87,Cancelled,
1035,604,84,2025-04-06 19:45:53,32.94,0,32.94,Delivered,
1036,528,30,2025-09-29 21:28:35,418.5,41.85,376.65,Delivered,4
1037,118,4,2025-12-27 13:33:37,836.8,0,836.8,Delivered,5
1038,403,13,2025-11-01 21:34:32,382.27,38.23,344.04,Delivered,5
1039,113,120,2025-05-08 11:10:01,337.17,16.86,320.31,Delivered,
1040,312,146,2025-08-18 21:03:18,151.98,30.4,121.58,Delivered,1
1041,4,125,2025-02-08 22:35:05,959.88,0,959.88,Delivered,
1042,562,63,2025-02-11 12:14:27,738.53,73.85,664.68,Delivered,5
1043,306,26,2025-10-21 10:53:37,169.15,25.37,143.78,Delivered,3
1044,185,44,2025-03-04 15:29:40,127.2,0,127.2,Delivered,4
1045,27,128,2025-04-28 20:29:28,1011.47,0,1011.47,Delivered,
1046,832,112,2025-08-19 16:51:36,399.64,0,399.64,Delivered,5
1047,59,30,2025-12-18 19:38:23,788.59,0,788.59,Delivered,4
1048,692,182,2025-08-31 20:55:23,298.32,0,298.32,Delivered,5
1049,161,2,2025-08-29 21:35:14,289.57,0,289.57,Delivered,3
1050,414,4,2025-03-02 23:57:38,401.42,0,401.42,Cancelled,
1051,41,46,2025-03-11 19:11:22,179.61,0,179.61,Cancelled,
1052,473,23,2025-03-21 19:06:16,107.07,0,107.07,Delivered,
1053,729,160,2025-07-25 14:08:16,671.53,0,671.53,Delivered,4
1054,925,173,2025-12-06 20:43:55,376.92,0,376.92,Delivered,4
1055,107,69,2025-12-31 15:06:51,276.16,0,276.16,Delivered,
1056,344,186,2025-03-05 13:27:37,520.33,0,520.33,Delivered,4
1057,394,126,2025-12-04 11:53:12,294.89,0,294.89,Delivered,4
1058,834,87,2025-08-05 08:15:00,690.62,0,690.62,Delivered,3
1059,549,76,2025-03-07 18:00:15,989.36,0,989.36,Delivered,5
1060,719,19,2025-08-23 11:56:47,544.74,0,544.74,Delivered,4
1061,598,123,2025-01-18 13:50:54,891.27,0,891.27,Delivered,3
1062,299,145,2025-10-03 11:54:47,151.0,7.55,143.45,Delivered,
1063,601,133,2025-08-30 11:16:56,220.03,0,220.03,Delivered,3
1064,294,123,2025-07-23 21:18:22,747.67,74.77,672.9,Delivered,4
1065,167,74,2025-06-15 13:20:02,678.86,0,678.86,Delivered,4
1066,210,70,2025-07-16 21:15:34,326.24,0,326.24,Delivered,
1067,329,149,2025-05-03 10:16:50,172.84,8.64,164.2,Delivered,2
1068,949,140,2025-05-19 11:26:10,1068.27,0,1068.27,Delivered,4
1069,88,83,2025-08-31 11:58:52,853.7,0,853.7,Delivered,3
1070,743,42,2025-09-20 19:10:24,349.31,52.4,296.91,Delivered,3
1071,35,11,2025-12-19 12:32:31,457.17,45.72,411.45,Delivered,5
1072,585,28,2025-08-02 22:21:56,538.38,0,538.38,Delivered,2
1073,514,78,2025-05-01 11:33:07,403.47,0,403.47,Delivered,5
1074,287,45,2025-03-31 17:48:05,805.78,0,805.78,Delivered,5
1075,895,135,2025-07-22 12:06:13,507.2,0,507.2,Delivered,5
1076,651,183,2025-11-03 22:57:04,681.16,102.17,578.99,Delivered,4
1077,996,56,2025-06-29 17:09:03,620.08,0,620.08,Delivered,
1078,402,3,2025-10-20 12:26:47,116.65,0,116.65,Delivered,5
1079,572,167,2025-06-20 11:41:41,350.04,0,350.04,Delivered,4
1080,557,156,2025-07-24 20:12:08,781.25,0,781.25,Delivered,5
1081,343,54,2025-08-17 11:40:14,155.36,31.07,124.29,Delivered,4
1082,284,26,2025-12-19 22:23:18,318.78,0,318.78,Delivered,
1083,875,34,2025-03-14 12:38:17,136.24,0,136.24,Delivered,
1084,526,49,2025-09-22 14:55:09,1406.28,0,1406.28,Delivered,
1085,848,80,2025-02-06 12:11:32,661.85,66.19,595.66,Delivered,
1086,21,159,2025-09-30 16:28:40,86.37,0,86.37,Cancelled,
1087,657,7,2025-03-08 16:27:56,98.63,0,98.63,Delivered,5
1088,778,40,2025-04-05 12:20:18,239.55,35.93,203.62,Delivered,5
1089,862,2,2025-07-27 00:23:06,741.13,0,741.13,Delivered,4
1090,955,151,2025-12-21 10:54:10,894.96,0,894.96,Cancelled,
1091,707,144,2025-10-04 15:25:11,53.35,0,53.35,Delivered,3
1092,616,76,2025-07-10 16:06:43,342.23,51.33,290.9,Cancelled,
1093,821,189,2025-08-22 12:07:54,174.47,0,174.47,Delivered,
1094,486,90,2025-10-19 20:51:39,46.45,0,46.45,Delivered,5
1095,71,129,2025-08-03 22:07:55,286.83,0,286.83,Delivered,
1096,318,167,2025-11-29 19:40:44,696.59,0,696.59,Cancelled,
1097,435,194,2025-09-15 17:08:15,612.46,0,612.46,Delivered,
1098,767,60,2025-07-26 19:50:47,472.28,0,472.28,Delivered,
1099,461,181,2025-08-09 22:21:40,845.32,0,845.32,Delivered,
1100,141,103,2025-03-20 19:23:10,484.69,0,484.69,Cancelled,
1101,460,67,2025-11-05 20:10:43,875.3,0,875.3,Cancelled,
1102,238,163,2025-10-21 12:51:22,233.3,0,233.3,Delivered,4
1103,240,65,2025-12-19 20:47:50,801.54,120.23,681.31,Delivered,
1104,967,124,2025-11-27 11:02:12,643.17,96.48,546.69,Delivered,2
1105,465,59,2025-07-25 18:39:06,446.31,89.26,357.05,Delivered,5
1106,761,26,2025-03-05 10:54:15,234.5,0,234.5,Delivered,5
1107,375,36,2025-11-25 13:45:02,66.64,0,66.64,Delivered,
1108,818,195,2025-01-29 22:30:34,812.6,0,812.6,Delivered,5
1109,884,199,2025-08-19 13:42:43,704.99,0,704.99,Delivered,4
1110,284,68,2025-02-05 14:46:37,227.15,0,227.15,Delivered,4
1111,474,93,2025-10-15 21:48:09,937.68,93.77,843.91,Delivered,5
1112,51,106,2025-06-20 19:01:08,232.77,0,232.77,Delivered,
1113,366,12,2025-04-22 13:47:41,329.09,0,329.09,Cancelled,
1114,439,155,2025-07-03 19:39:14,274.05,0,274.05,Delivered,4
1115,888,122,2025-11-16 20:53:24,456.26,0,456.26,Delivered,5
1116,927,67,2025-03-09 11:52:35,170.6,0,170.6,Delivered,3
1117,33,118,2025-12-15 12:10:44,179.49,0,179.49,Delivered,3
1118,634,167,2025-11-22 18:19:29,884.99,0,884.99,Delivered,
1119,906,44,2025-12-04 23:15:22,433.8,0,433.8,Delivered,5
1120,350,176,2025-08-14 08:00:44,856.78,0,856.78,Delivered,
1121,58,83,2025-09-01 10:03:07,793.25,0,793.25,Delivered,5
1122,986,92,2025-02-13 16:20:08,450.41,0,450.41,Delivered,5
1123,1,12,2025-08-30 11:29:18,240.04,0,240.04,Delivered,5
1124,684,152,2025-02-13 12:47:03,543.78,0,543.78,Cancelled,
1125,440,150,2025-11-14 11:04:33,771.36,0,771.36,Delivered,
1126,604,113,2025-09-10 13:39:07,1502.69,0,1502.69,Delivered,2
1127,657,49,2025-08-17 16:28:48,555.83,0,555.83,Delivered,4
1128,868,102,2025-12-06 21:02:26,296.47,0,296.47,Delivered,5
1129,246,16,2025-03-27 13:59:16,822.8,164.56,658.24,Delivered,4
1130,964,67,2025-10-22 21:44:47,211.24,21.12,190.12,Delivered,
1131,33,107,2025-09-20 13:18:53,671.55,0,671.55,Delivered,
1132,720,174,2025-04-17 20:27:44,262.14,0,262.14,Delivered,3
1133,554,173,2025-02-28 12:22:37,538.25,0,538.25,Delivered,
1134,39,42,2025-05-20 21:21:40,273.27,0,273.27,Delivered,
1135,409,166,2025-06-02 21:26:50,125.16,25.03,100.13,Delivered,1
1136,422,1,2025-05-23 09:31:36,98.16,0,98.16,Delivered,4
1137,689,131,2025-04-14 21:53:18,1449.28,0,1449.28,Delivered,4
1138,334,80,2025-04-06 10:07:38,110.33,0,110.33,Delivered,4
1139,202,163,2025-12-06 21:05:01,288.51,0,288.51,Delivered,5
1140,765,100,2025-08-21 08:35:04,329.94,0,329.94,Delivered,4
1141,88,167,2025-06-08 14:29:33,666.28,0,666.28,Delivered,
1142,39,83,2025-06-14 16:18:23,636.9,0,636.9,Delivered,2
1143,536,154,2025-05-04 13:02:24,300.82,0,300.82,Delivered,5
1144,772,92,2025-03-12 13:14:47,109.48,0,109.48,Delivered,2
1145,81,86,2025-10-18 12:42:14,525.19,0,525.19,Cancelled,
1146,475,83,2025-03-10 13:32:31,372.18,0,372.18,Delivered,
1147,952,153,2025-07-14 16:40:18,421.16,0,421.16,Delivered,
1148,517,167,2025-05-09 14:29:11,448.78,0,448.78,Delivered,5
1149,399,121,2025-11-21 13:07:52,431.56,0,431.56,Delivered,4
1150,985,159,2025-09-11 18:48:22,337.95,0,337.95,Delivered,
1151,110,138,2025-11-23 17:44:20,172.94,25.94,147.0,Delivered,3
1152,777,148,2025-06-17 07:50:43,230.81,0,230.81,Delivered,3
1153,287,179,2025-10-05 08:20:00,117.73,0,117.73,Delivered,4
1154,494,199,2025-10-27 22:17:20,606.57,0,606.57,Delivered,5
1155,689,80,2025-03-16 15:48:09,205.81,0,205.81,Delivered,4
1156,934,35,2025-08-25 14:47:32,513.92,51.39,462.53,Delivered,3
1157,88,67,2025-04-24 12:10:38,683.15,0,683.15,Delivered,
1158,98,148,2025-05-01 23:23:23,735.41,0,735.41,Delivered,
1159,158,165,2025-12-01 18:50:24,890.51,178.1,712.41,Delivered,3
1160,147,161,2025-07-23 12:12:45,799.78,0,799.78,Delivered,
1161,167,183,2025-07-10 07:56:19,1114.26,0,1114.26,Delivered,4
1162,147,121,2025-08-25 07:49:10,157.2,23.58,133.62,Delivered,5
1163,727,127,2025-03-03 12:56:59,1533.25,0,1533.25,Delivered,5
1164,772,170,2025-06-20 14:58:15,863.97,0,863.97,Delivered,
1165,614,143,2025-04-12 19:29:56,286.73,0,286.73,Delivered,5
1166,569,32,2025-03-04 18:35:15,1188.64,178.3,1010.34,Delivered,5
1167,21,124,2025-08-10 19:32:06,538.68,0,538.68,Delivered,
1168,416,34,2025-08-25 13:02:53,188.08,0,188.08,Cancelled,
1169,4,148,2025-11-21 11:15:40,636.26,127.25,509.01,Delivered,5
1170,727,76,2025-09-07 18:55:18,941.91,0,941.91,Delivered,2
1171,231,102,2025-08-09 13:09:10,322.26,0,322.26,Delivered,
1172,247,58,2025-11-06 21:16:39,647.73,0,647.73,Delivered,2
1173,860,198,2025-05-07 07:49:22,95.22,0,95.22,Delivered,5
1174,532,8,2025-02-16 11:44:36,703.58,70.36,633.22,Delivered,4
1175,198,18,2025-08-12 18:10:38,499.83,0,499.83,Delivered,5
1176,761,110,2025-11-22 13:39:29,462.92,0,462.92,Delivered,
1177,236,105,2025-09-19 10:30:40,665.51,0,665.51,Cancelled,
1178,125,82,2025-01-17 08:15:59,728.72,0,728.72,Cancelled,
1179,605,37,2025-04-02 11:27:36,58.41,0,58.41,Delivered,5
1180,142,21,2025-12-02 21:33:47,478.23,47.82,430.41,Delivered,
1181,99,100,2025-11-15 13:33:07,768.09,0,768.09,Delivered,5
1182,797,132,2025-04-17 21:19:39,332.13,0,332.13,Delivered,1
1183,528,113,2025-10-22 08:15:34,478.95,47.9,431.05,Delivered,4
1184,303,8,2025-02-13 21:06:54,194.45,0,194.45,Delivered,5
1185,218,4,2025-07-04 09:55:47,904.28,45.21,859.07,Delivered,4
1186,249,72,2025-02-09 14:13:48,2046.25,0,2046.25,Delivered,2
1187,584,68,2025-11-21 17:50:28,1535.99,0,1535.99,Delivered,
1188,898,173,2025-06-23 12:42:20,634.01,31.7,602.31,Delivered,4
1189,646,134,2025-01-03 19:09:35,495.19,0,495.19,Delivered,
1190,542,77,2025-05-01 19:08:05,511.61,76.74,434.87,Delivered,
1191,590,180,2025-07-25 11:25:33,175.76,17.58,158.18,Delivered,4
1192,582,197,2025-10-11 19:09:26,113.05,0,113.05,Delivered,5
1193,610,27,2025-03-22 13:57:52,294.79,0,294.79,Delivered,5
1194,506,113,2025-04-04 11:54:22,1059.12,0,1059.12,Delivered,5
1195,881,67,2025-05-31 12:40:00,392.99,0,392.99,Delivered,4
1196,381,183,2025-09-21 18:21:46,588.6,0,588.6,Delivered,4
1197,845,12,2025-08-26 20:30:29,271.84,27.18,244.66,Delivered,5
1198,21,91,2025-02-16 12:06:31,785.51,0,785.51,Delivered,1
1199,349,199,2025-11-01 13:48:56,508.15,0,508.15,Delivered,4
1200,840,67,2025-08-13 13:02:27,211.24,0,211.24,Delivered,5
1201,978,39,2025-10-13 17:36:33,221.59,0,221.59,Delivered,
1202,597,147,2025-12-02 21:23:44,168.7,8.44,160.26,Delivered,5
1203,149,188,2025-08-06 19:27:57,642.94,0,642.94,Delivered,4
1204,480,155,2025-04-28 12:02:43,300.91,0,300.91,Delivered,1
1205,722,134,2025-05-28 00:31:18,814.41,0,814.41,Delivered,
1206,354,5,2025-11-13 11:15:38,1043.93,52.2,991.73,Cancelled,
1207,645,56,2025-06-09 12:51:44,360.39,0,360.39,Delivered,4
1208,751,127,2025-01-20 19:17:03,1016.53,0,1016.53,Delivered,5
1209,937,200,2025-05-29 14:15:59,70.86,0,70.86,Delivered,
1210,668,157,2025-06-17 11:54:07,212.91,10.65,202.26,Delivered,3
1211,239,51,2025-06-25 19:45:56,777.58,0,777.58,Delivered,5
1212,389,58,2025-03-08 20:48:55,398.24,39.82,358.42,Delivered,4
1213,498,165,2025-06-28 21:57:46,419.79,20.99,398.8,Delivered,3
1214,344,116,2025-02-14 19:15:55,657.4,0,657.4,Delivered,4
1215,926,187,2025-07-31 22:09:21,493.55,0,493.55,Delivered,5
1216,853,102,2025-04-14 20:02:33,41.78,8.36,33.42,Delivered,4
1217,637,185,2025-02-12 13:29:31,927.27,0,927.27,Delivered,1
1218,93,104,2025-03-05 12:48:42,374.62,0,374.62,Delivered,
1219,829,171,2025-07-18 11:59:07,908.29,0,908.29,Delivered,5
1220,143,134,2025-06-26 12:33:07,754.08,0,754.08,Delivered,2
1221,408,193,2025-06-14 12:15:24,241.01,0,241.01,Cancelled,
1222,305,110,2025-01-05 16:31:00,328.53,49.28,279.25,Delivered,2
1223,749,74,2025-01-23 21:40:00,425.16,0,425.16,Delivered,
1224,92,22,2025-04-24 06:51:08,608.06,0,608.06,Delivered,4
1225,918,199,2025-06-09 20:34:09,1284.42,0,1284.42,Delivered,
1226,300,81,2025-12-13 09:09:38,219.91,0,219.91,Delivered,
1227,313,55,2025-06-10 19:20:52,1334.26,0,1334.26,Cancelled,
1228,377,95,2025-06-08 22:58:05,896.98,0,896.98,Delivered,4
1229,400,59,2025-01-30 11:39:08,256.17,0,256.17,Delivered,4
1230,937,32,2025-09-05 13:15:05,751.6,150.32,601.28,Delivered,
1231,663,14,2025-09-26 19:12:35,166.57,33.31,133.26,Delivered,5
1232,497,18,2025-05-04 21:50:55,836.15,83.62,752.53,Delivered,
1233,300,192,2025-04-28 20:26:06,1288.79,0,1288.79,Delivered,5
1234,964,18,2025-12-30 09:44:57,675.99,0,675.99,Delivered,4
1235,63,59,2025-03-23 22:04:42,403.57,80.71,322.86,Delivered,
1236,202,107,2025-05-22 19:55:10,722.25,0,722.25,Delivered,2
1237,478,166,2025-02-01 20:36:19,196.71,0,196.71,Delivered,3
1238,63,26,2025-05-22 14:22:32,1144.05,0,1144.05,Delivered,5
1239,743,26,2025-10-18 12:51:59,379.96,56.99,322.97,Delivered,5
1240,983,199,2025-11-07 19:47:49,771.43,0,771.43,Delivered,
1241,127,47,2025-10-16 22:42:30,337.32,0,337.32,Delivered,5
1242,30,123,2025-09-10 07:28:31,235.2,0,235.2,Delivered,
1243,89,15,2025-04-13 20:24:55,165.11,16.51,148.6,Delivered,4
1244,2,164,2025-04-28 18:05:30,996.76,0,996.76,Delivered,
1245,237,168,2025-04-14 12:52:59,332.82,0,332.82,Delivered,4
1246,744,181,2025-09-15 17:36:37,1160.39,0,1160.39,Delivered,
1247,668,129,2025-09-22 12:53:02,252.3,12.62,239.68,Delivered,
1248,749,59,2025-11-19 19:15:05,403.57,0,403.57,Delivered,
1249,552,53,2025-10-22 15:45:40,380.7,0,380.7,Delivered,
1250,79,25,2025-07-20 18:51:57,135.21,13.52,121.69,Delivered,5
1251,523,161,2025-12-14 23:14:44,347.36,52.1,295.26,Delivered,
1252,589,186,2025-12-30 17:55:56,731.51,73.15,658.36,Delivered,
1253,4,43,2025-06-28 17:14:50,323.1,0,323.1,Delivered,4
1254,805,197,2025-10-10 10:05:31,137.22,0,137.22,Delivered,4
1255,191,30,2025-07-13 15:56:37,377.17,0,377.17,Delivered,4
1256,237,138,2025-02-18 12:15:24,122.96,0,122.96,Delivered,5
1257,942,155,2025-01-25 20:05:45,272.58,0,272.58,Delivered,4
1258,633,27,2025-12-05 20:03:45,738.65,0,738.65,Delivered,
1259,463,123,2025-08-23 12:52:46,235.2,0,235.2,Delivered,
1260,294,11,2025-07-31 12:48:29,464.86,0,464.86,Delivered,4
1261,349,172,2025-09-26 20:11:16,1075.08,215.02,860.06,Delivered,
1262,317,60,2025-08-29 20:23:55,108.16,0,108.16,Delivered,
1263,704,79,2025-12-26 10:06:58,184.76,9.24,175.52,Cancelled,
1264,254,163,2025-10-04 11:18:56,165.93,0,165.93,Delivered,1
1265,301,117,2025-11-10 12:19:49,736.08,0,736.08,Delivered,5
1266,764,138,2025-05-29 13:05:48,228.31,0,228.31,Delivered,4
1267,842,112,2025-08-13 16:26:51,986.56,0,986.56,Delivered,3
1268,738,73,2025-09-21 12:31:11,453.46,0,453.46,Delivered,5
1269,82,93,2025-05-11 19:44:18,1268.75,253.75,1015.0,Delivered,5
1270,4,172,2025-06-19 18:31:09,54.04,0,54.04,Delivered,5
1271,724,182,2025-08-13 19:35:35,367.78,0,367.78,Delivered,5
1272,253,4,2025-08-02 18:09:28,130.12,0,130.12,Delivered,
1273,867,190,2025-12-16 11:58:08,358.9,0,358.9,Delivered,2
1274,20,59,2025-12-05 07:59:07,1107.23,0,1107.23,Delivered,
1275,552,53,2025-07-02 19:18:04,763.23,0,763.23,Delivered,5
1276,998,98,2025-07-21 20:01:44,887.89,0,887.89,Delivered,
1277,120,9,2025-04-29 12:52:26,936.59,93.66,842.93,Cancelled,
1278,749,167,2025-04-29 19:32:34,614.28,0,614.28,Delivered,
1279,86,197,2025-07-30 12:51:39,195.13,0,195.13,Cancelled,
1280,309,2,2025-06-11 17:17:35,644.15,96.62,547.53,Delivered,3
1281,845,5,2025-01-16 19:17:48,205.41,0,205.41,Delivered,4
1282,420,59,2025-10-01 19:46:43,864.76,172.95,691.81,Cancelled,
1283,138,49,2025-12-22 19:25:24,211.65,31.75,179.9,Delivered,3
1284,672,81,2025-08-03 12:24:44,580.4,0,580.4,Delivered,2
1285,464,160,2025-05-18 18:42:23,897.25,0,897.25,Delivered,
1286,795,169,2025-05-02 19:34:07,290.38,58.08,232.3,Delivered,4
1287,750,7,2025-10-12 14:10:58,365.19,18.26,346.93,Delivered,
1288,496,178,2025-05-22 20:40:48,381.41,0,381.41,Delivered,5
1289,58,178,2025-08-06 18:58:40,189.92,9.5,180.42,Delivered,4
1290,97,73,2025-10-05 20:55:51,613.36,0,613.36,Delivered,
1291,556,167,2025-09-23 18:19:46,170.04,0,170.04,Cancelled,
1292,445,80,2025-02-01 11:07:31,611.66,0,611.66,Delivered,
1293,840,67,2025-06-06 00:04:57,451.59,0,451.59,Delivered,4
1294,503,29,2025-05-05 16:27:18,242.12,0,242.12,Delivered,
1295,580,83,2025-02-28 21:22:38,216.8,0,216.8,Delivered,
1296,936,178,2025-05-05 21:38:00,1055.12,0,1055.12,Delivered,5
1297,297,122,2025-07-25 20:04:25,660.9,0,660.9,Delivered,3
1298,135,193,2025-01-01 10:56:25,521.57,0,521.57,Delivered,
1299,548,148,2025-06-23 11:42:29,235.42,47.08,188.34,Delivered,4
1300,487,66,2025-05-20 10:34:01,164.98,0,164.98,Cancelled,
1301,663,157,2025-11-14 13:46:50,1258.65,62.93,1195.72,Delivered,5
1302,966,68,2025-04-11 12:48:29,1140.07,228.01,912.06,Delivered,3
1303,646,83,2025-10-11 12:28:04,375.03,0,375.03,Delivered,
1304,344,146,2025-02-26 10:28:47,264.24,0,264.24,Delivered,5
1305,787,58,2025-02-17 20:36:47,363.24,0,363.24,Cancelled,
1306,927,74,2025-12-09 18:27:34,397.75,0,397.75,Delivered,2
1307,64,90,2025-11-18 12:58:06,280.94,0,280.94,Delivered,1
1308,243,51,2025-07-23 19:05:37,193.04,0,193.04,Delivered,5
1309,486,13,2025-02-24 16:49:19,553.42,0,553.42,Delivered,5
1310,922,80,2025-01-30 16:31:01,885.97,0,885.97,Cancelled,
1311,14,94,2025-08-06 12:54:58,1017.07,0,1017.07,Delivered,
1312,87,194,2025-09-18 12:41:40,650.62,0,650.62,Delivered,
1313,137,192,2025-12-06 17:37:24,836.38,0,836.38,Delivered,5
1314,136,47,2025-07-05 19:52:39,121.96,0,121.96,Delivered,5
1315,916,61,2025-07-19 12:49:35,188.04,0,188.04,Delivered,3
1316,868,90,2025-03-08 20:37:36,671.79,0,671.79,Cancelled,
1317,84,82,2025-07-31 21:35:41,248.51,0,248.51,Delivered,5
1318,876,10,2025-09-23 13:58:57,229.14,22.91,206.23,Delivered,4
1319,354,139,2025-11-10 11:08:29,652.02,0,652.02,Delivered,4
1320,109,105,2025-11-10 19:06:44,562.92,0,562.92,Delivered,
1321,15,150,2025-09-12 19:56:13,857.76,171.55,686.21,Delivered,
1322,61,191,2025-04-22 22:46:55,624.42,0,624.42,Delivered,
1323,738,174,2025-09-04 18:30:59,219.67,21.97,197.7,Cancelled,
1324,839,87,2025-07-21 20:38:58,398.51,0,398.51,Delivered,3
1325,937,32,2025-03-10 10:36:00,1116.02,55.8,1060.22,Cancelled,
1326,83,48,2025-09-27 14:15:02,196.17,0,196.17,Cancelled,
1327,754,125,2025-10-05 21:24:16,855.52,0,855.52,Cancelled,
1328,777,85,2025-10-15 08:17:13,834.44,0,834.44,Delivered,2
1329,422,75,2025-09-26 16:29:05,320.34,32.03,288.31,Delivered,4
1330,100,137,2025-09-09 11:57:19,139.57,0,139.57,Delivered,4
1331,766,64,2025-12-23 12:51:18,1036.73,0,1036.73,Delivered,5
1332,381,100,2025-10-18 13:06:03,197.55,0,197.55,Delivered,5
1333,681,107,2025-01-08 00:36:50,620.62,0,620.62,Delivered,
1334,642,179,2025-06-02 11:47:49,205.77,0,205.77,Delivered,4
1335,217,96,2025-08-10 13:52:05,113.63,0,113.63,Delivered,5
1336,59,85,2025-12-29 18:33:30,393.21,0,393.21,Delivered,
1337,576,144,2025-07-19 13:21:25,268.1,0,268.1,Delivered,5
1338,801,27,2025-06-18 13:35:37,72.12,0,72.12,Delivered,
1339,722,110,2025-05-23 19:00:59,660.39,0,660.39,Delivered,4
1340,927,26,2025-12-15 11:22:35,998.0,0,998.0,Delivered,5
1341,366,139,2025-03-16 20:18:02,855.41,0,855.41,Delivered,
1342,337,143,2025-12-08 21:06:52,995.33,0,995.33,Delivered,3
1343,363,169,2025-08-29 12:13:40,449.61,0,449.61,Delivered,5
1344,641,155,2025-05-07 20:53:48,560.52,28.03,532.49,Delivered,4
1345,675,9,2025-09-27 11:40:53,300.84,0,300.84,Delivered,5
1346,340,190,2025-05-18 12:54:29,272.68,0,272.68,Delivered,5
1347,787,63,2025-03-15 21:46:34,271.66,54.33,217.33,Delivered,3
1348,331,23,2025-08-21 21:29:37,1656.49,248.47,1408.02,Delivered,2
1349,312,37,2025-10-07 12:26:09,156.62,0,156.62,Delivered,2
1350,772,92,2025-09-09 12:01:58,389.71,77.94,311.77,Delivered,4
1351,596,15,2025-08-30 11:01:07,165.11,0,165.11,Delivered,3
1352,389,101,2025-09-02 17:21:35,104.3,0,104.3,Delivered,5
1353,535,150,2025-06-02 22:38:49,444.7,0,444.7,Delivered,
1354,99,164,2025-12-20 22:13:02,773.2,0,773.2,Delivered,4
1355,484,123,2025-08-22 13:10:45,1276.65,0,1276.65,Delivered,4
1356,33,130,2025-04-30 12:10:29,620.07,0,620.07,Delivered,4
1357,278,82,2025-05-29 10:52:55,925.2,92.52,832.68,Delivered,
1358,868,90,2025-07-08 22:18:05,139.35,0,139.35,Cancelled,
1359,141,39,2025-04-26 13:38:30,276.09,0,276.09,Delivered,
1360,435,173,2025-11-25 19:46:03,538.25,0,538.25,Delivered,4
1361,420,34,2025-10-04 22:43:08,249.31,24.93,224.38,Delivered,4
1362,282,18,2025-06-29 15:29:12,273.21,0,273.21,Cancelled,
1363,420,67,2025-08-22 09:09:23,1369.41,0,1369.41,Delivered,
1364,312,186,2025-05-30 16:55:28,1047.66,209.53,838.13,Delivered,5
1365,764,198,2025-06-10 13:33:44,304.99,0,304.99,Delivered,5
1366,75,186,2025-04-06 12:27:21,942.69,141.4,801.29,Cancelled,
1367,928,196,2025-03-05 14:24:53,492.74,0,492.74,Delivered,
1368,4,177,2025-11-24 15:05:23,259.91,0,259.91,Cancelled,
1369,528,30,2025-11-26 21:40:54,456.29,0,456.29,Delivered,2
1370,773,178,2025-06-05 12:06:42,191.49,0,191.49,Delivered,5
1371,414,59,2025-11-28 06:21:34,593.71,0,593.71,Cancelled,
1372,567,71,2025-11-17 07:23:14,197.86,39.57,158.29,Delivered,
1373,640,93,2025-10-15 13:55:12,180.39,0,180.39,Delivered,4
1374,237,146,2025-07-25 19:01:17,418.02,20.9,397.12,Delivered,
1375,833,61,2025-06-04 19:22:22,188.04,0,188.04,Delivered,4
1376,907,16,2025-08-19 11:38:55,586.78,29.34,557.44,Delivered,4
1377,139,65,2025-07-23 10:21:13,238.78,0,238.78,Delivered,
1378,285,67,2025-07-06 17:21:06,287.32,0,287.32,Delivered,
1379,399,108,2025-03-30 22:55:55,285.41,42.81,242.6,Delivered,
1380,777,177,2025-12-31 19:24:21,55.11,0,55.11,Delivered,
1381,119,86,2025-11-19 20:56:12,702.7,0,702.7,Delivered,
1382,286,67,2025-05-19 20:07:25,517.7,77.66,440.04,Delivered,4
1383,235,33,2025-12-19 13:06:37,441.95,0,441.95,Delivered,4
1384,919,175,2025-01-07 11:58:08,86.0,12.9,73.1,Delivered,3
1385,449,103,2025-05-07 11:52:40,266.4,0,266.4,Delivered,
1386,437,48,2025-12-31 22:29:58,918.23,0,918.23,Delivered,5
1387,807,3,2025-12-27 11:01:37,233.3,11.67,221.63,Delivered,5
1388,313,48,2025-01-22 17:33:00,248.16,37.22,210.94,Delivered,3
1389,518,199,2025-03-03 11:44:08,164.86,0,164.86,Delivered,4
1390,331,44,2025-05-14 21:09:09,651.68,130.34,521.34,Delivered,4
1391,638,36,2025-06-09 17:00:09,214.48,0,214.48,Delivered,
1392,112,10,2025-09-29 07:31:31,432.22,0,432.22,Delivered,5
1393,859,81,2025-09-29 13:24:19,189.24,37.85,151.39,Cancelled,
1394,100,30,2025-11-03 15:13:46,764.15,0,764.15,Delivered,2
1395,612,170,2025-07-21 12:55:44,530.24,79.54,450.7,Delivered,5
1396,958,140,2025-05-12 10:21:12,789.46,0,789.46,Cancelled,
1397,756,138,2025-08-25 19:32:45,33.76,1.69,32.07,Delivered,5
1398,983,199,2025-08-20 20:24:17,428.14,0,428.14,Cancelled,
1399,33,163,2025-10-29 20:11:49,355.88,0,355.88,Delivered,
1400,97,142,2025-12-18 18:18:50,311.57,0,311.57,Delivered,
1401,411,87,2025-07-16 19:59:11,567.01,0,567.01,Delivered,4
1402,427,116,2025-08-03 21:56:02,852.42,0,852.42,Cancelled,
1403,6,132,2025-07-31 20:03:19,164.79,0,164.79,Delivered,3
1404,926,196,2025-07-12 23:26:15,793.63,0,793.63,Delivered,4
1405,310,29,2025-03-07 21:03:30,242.12,0,242.12,Delivered,5
1406,967,65,2025-12-18 09:07:33,165.37,16.54,148.83,Delivered,
1407,912,42,2025-08-16 21:42:25,273.27,0,273.27,Delivered,4
1408,735,4,2025-04-09 00:15:14,586.3,0,586.3,Delivered,3
1409,194,59,2025-02-16 18:01:05,285.21,0,285.21,Delivered,4
1410,646,164,2025-06-12 21:35:11,280.64,0,280.64,Delivered,5
1411,670,117,2025-12-05 20:32:17,1480.9,148.09,1332.81,Delivered,5
1412,397,180,2025-05-14 08:34:32,1384.03,0,1384.03,Delivered,4
1413,29,74,2025-11-27 09:29:07,589.63,117.93,471.7,Delivered,5
1414,404,192,2025-06-14 20:29:18,341.41,0,341.41,Cancelled,
1415,93,104,2025-06-15 21:04:59,318.34,63.67,254.67,Delivered,5
1416,336,99,2025-02-09 20:36:37,871.0,43.55,827.45,Cancelled,
1417,550,77,2025-05-18 06:27:24,359.24,0,359.24,Delivered,4
1418,482,165,2025-04-16 18:04:34,230.74,34.61,196.13,Delivered,5
1419,491,190,2025-12-12 07:15:39,1967.23,0,1967.23,Delivered,
1420,164,131,2025-09-17 10:08:42,424.41,0,424.41,Delivered,3
1421,154,187,2025-04-07 11:14:30,491.68,0,491.68,Delivered,
1422,888,60,2025-02-27 19:27:26,149.98,0,149.98,Delivered,2
1423,779,52,2025-11-25 21:04:46,129.43,0,129.43,Delivered,5
1424,497,164,2025-05-29 22:22:28,554.0,0,554.0,Delivered,5
1425,167,183,2025-12-13 11:36:53,782.14,0,782.14,Delivered,3
1426,772,153,2025-08-06 08:16:35,735.51,110.33,625.18,Cancelled,
1427,457,79,2025-03-05 22:11:56,265.18,0,265.18,Delivered,4
1428,177,164,2025-05-23 14:39:59,857.83,0,857.83,Delivered,4
1429,13,129,2025-04-30 12:57:51,367.66,36.77,330.89,Delivered,4
1430,532,38,2025-06-24 15:46:00,1047.59,0,1047.59,Delivered,5
1431,352,146,2025-12-15 08:57:53,637.62,0,637.62,Delivered,
1432,224,84,2025-12-05 20:09:13,230.58,46.12,184.46,Delivered,
1433,802,126,2025-03-12 21:51:04,231.94,0,231.94,Delivered,5
1434,927,59,2025-05-11 21:06:50,1363.4,0,1363.4,Delivered,
1435,427,76,2025-12-29 18:14:43,249.87,37.48,212.39,Delivered,
1436,934,135,2025-07-24 12:06:35,702.57,0,702.57,Delivered,
1437,952,98,2025-06-14 21:28:04,249.62,0,249.62,Delivered,4
1438,20,59,2025-05-12 09:51:10,95.07,0,95.07,Delivered,4
1439,496,4,2025-05-29 07:29:36,255.11,0,255.11,Delivered,3
1440,17,185,2025-10-10 18:09:07,587.45,0,587.45,Delivered,
1441,483,32,2025-12-08 20:53:14,824.22,0,824.22,Delivered,4
1442,611,128,2025-07-01 22:30:49,682.3,0,682.3,Delivered,5
1443,564,149,2025-08-30 11:06:30,264.07,0,264.07,Delivered,5
1444,937,200,2025-04-27 16:44:37,239.6,0,239.6,Delivered,
1445,709,155,2025-02-17 21:41:25,382.21,0,382.21,Delivered,5
1446,741,153,2025-12-25 17:59:53,932.47,0,932.47,Delivered,
1447,136,16,2025-09-30 21:37:36,191.86,0,191.86,Delivered,
1448,568,162,2025-04-08 11:16:52,753.49,0,753.49,Delivered,5
1449,425,95,2025-03-01 18:57:08,940.84,0,940.84,Delivered,
1450,447,11,2025-03-11 23:17:46,326.54,0,326.54,Delivered,4
1451,118,89,2025-11-19 15:52:53,605.24,0,605.24,Delivered,5
1452,894,105,2025-04-07 11:21:32,458.38,0,458.38,Delivered,4
1453,534,50,2025-03-22 23:29:16,156.8,0,156.8,Delivered,
1454,901,162,2025-05-27 19:09:21,1174.48,0,1174.48,Delivered,3
1455,93,60,2025-10-16 18:21:11,149.98,30.0,119.98,Delivered,3
1456,507,186,2025-11-16 10:33:17,731.51,0,731.51,Delivered,
1457,984,173,2025-07-18 18:08:50,1464.36,146.44,1317.92,Delivered,4
1458,581,43,2025-05-15 21:49:29,1114.72,111.47,1003.25,Delivered,5
1459,558,73,2025-04-22 22:53:49,433.63,0,433.63,Delivered,
1460,221,172,2025-10-09 20:56:04,1041.13,0,1041.13,Delivered,2
1461,943,54,2025-06-30 11:12:14,211.02,0,211.02,Delivered,5
1462,751,187,2025-10-29 19:45:34,609.54,0,609.54,Delivered,
1463,773,89,2025-11-12 08:02:19,649.72,97.46,552.26,Delivered,
1464,18,31,2025-12-27 14:17:22,328.89,0,328.89,Delivered,
1465,89,145,2025-05-16 12:01:11,508.84,0,508.84,Delivered,3
1466,717,31,2025-12-07 12:47:26,722.9,0,722.9,Delivered,
1467,997,150,2025-07-17 11:29:54,724.84,72.48,652.36,Delivered,
1468,14,13,2025-09-09 11:48:57,155.08,0,155.08,Delivered,
1469,715,143,2025-05-22 09:08:49,485.76,24.29,461.47,Delivered,4
1470,137,64,2025-11-04 20:56:14,296.44,0,296.44,Delivered,
1471,291,141,2025-01-05 11:57:10,79.5,0,79.5,Cancelled,
1472,722,110,2025-09-25 21:23:17,724.53,0,724.53,Delivered,4
1473,305,110,2025-01-22 11:16:02,792.22,118.83,673.39,Delivered,
1474,237,57,2025-07-27 20:58:28,829.5,41.48,788.02,Delivered,4
1475,596,168,2025-06-14 10:40:45,1266.48,0,1266.48,Cancelled,
1476,35,134,2025-05-13 11:38:11,864.18,0,864.18,Delivered,3
1477,23,176,2025-08-10 09:30:22,771.69,115.75,655.94,Delivered,4
1478,465,175,2025-02-17 19:59:42,86.0,4.3,81.7,Delivered,5
1479,157,138,2025-11-15 17:40:06,222.27,0,222.27,Delivered,4
1480,513,153,2025-01-15 11:17:55,708.27,35.41,672.86,Cancelled,
1481,466,192,2025-01-20 20:32:37,1010.36,151.55,858.81,Delivered,5
1482,744,157,2025-12-28 11:02:58,968.91,0,968.91,Delivered,
1483,346,125,2025-04-07 20:15:12,335.35,0,335.35,Delivered,4
1484,475,26,2025-10-02 18:17:06,275.41,0,275.41,Delivered,4
1485,252,27,2025-07-23 20:24:09,1426.97,0,1426.97,Delivered,4
1486,259,150,2025-11-09 18:51:16,374.34,18.72,355.62,Delivered,4
1487,167,167,2025-01-25 21:40:27,626.85,0,626.85,Delivered,3
1488,4,79,2025-06-26 11:27:32,60.73,9.11,51.62,Delivered,4
1489,790,134,2025-09-19 19:15:25,864.18,129.63,734.55,Delivered,4
1490,931,3,2025-09-10 18:24:14,606.55,0,606.55,Delivered,5
1491,487,159,2025-11-10 07:23:36,203.46,0,203.46,Delivered,3
1492,838,162,2025-02-14 19:59:04,490.35,49.04,441.31,Delivered,4
1493,284,178,2025-06-19 22:42:22,466.66,0,466.66,Delivered,
1494,531,110,2025-09-14 12:18:39,759.18,75.92,683.26,Delivered,4
1495,6,121,2025-05-06 21:53:20,350.47,0,350.47,Delivered,5
1496,186,154,2025-04-10 08:17:37,160.63,32.13,128.5,Delivered,5
1497,669,88,2025-06-07 19:03:54,430.69,0,430.69,Delivered,5
1498,761,89,2025-09-16 08:03:46,172.55,0,172.55,Delivered,5
1499,657,49,2025-03-22 12:59:05,945.6,0,945.6,Delivered,4
1500,842,160,2025-05-13 21:22:19,164.2,24.63,139.57,Cancelled,
1501,896,74,2025-10-04 21:43:53,126.85,12.69,114.16,Delivered,4
1502,621,174,2025-12-22 11:03:25,284.56,0,284.56,Delivered,5
1503,727,196,2025-09-28 07:04:36,563.14,112.63,450.51,Delivered,
1504,978,67,2025-09-04 18:38:03,395.83,0,395.83,Cancelled,
1505,797,141,2025-11-29 15:27:06,208.56,41.71,166.85,Delivered,
1506,124,156,2025-11-11 16:41:12,455.85,0,455.85,Delivered,4
1507,586,169,2025-03-24 23:55:30,290.38,43.56,246.82,Delivered,4
1508,202,46,2025-12-22 20:54:49,171.1,0,171.1,Delivered,4
1509,243,197,2025-01-27 21:22:22,159.79,0,159.79,Delivered,4
1510,386,116,2025-07-19 20:10:53,852.42,0,852.42,Delivered,3
1511,929,44,2025-01-20 09:59:26,1040.06,0,1040.06,Delivered,5
1512,177,110,2025-04-12 10:44:49,286.08,0,286.08,Delivered,3
1513,806,19,2025-04-20 00:12:18,335.6,0,335.6,Delivered,
1514,125,151,2025-12-11 08:57:58,705.76,0,705.76,Delivered,5
1515,978,134,2025-10-03 13:09:03,462.99,0,462.99,Delivered,5
1516,832,35,2025-06-05 20:48:38,183.31,0,183.31,Delivered,5
1517,270,116,2025-04-27 20:17:51,1582.16,0,1582.16,Delivered,
1518,616,145,2025-12-31 21:58:26,715.68,0,715.68,Delivered,4
1519,642,24,2025-01-12 18:10:19,190.77,19.08,171.69,Delivered,4
1520,449,183,2025-01-26 12:33:04,327.65,0,327.65,Delivered,5
1521,884,88,2025-03-01 10:41:22,640.45,0,640.45,Cancelled,
1522,637,22,2025-05-03 12:30:53,248.8,0,248.8,Cancelled,
1523,849,2,2025-09-01 23:37:09,444.19,88.84,355.35,Delivered,2
1524,481,42,2025-08-26 22:08:35,177.07,0,177.07,Delivered,5
1525,199,161,2025-07-27 21:31:41,515.56,103.11,412.45,Cancelled,
1526,33,97,2025-09-29 12:19:49,681.72,0,681.72,Delivered,5
1527,795,196,2025-06-03 12:10:41,859.56,0,859.56,Delivered,
1528,717,129,2025-03-26 21:32:13,238.73,0,238.73,Delivered,
1529,275,110,2025-09-24 21:56:30,198.64,0,198.64,Delivered,5
1530,284,162,2025-10-24 21:59:23,326.9,0,326.9,Delivered,1
1531,44,146,2025-04-09 18:28:44,801.25,0,801.25,Delivered,5
1532,455,40,2025-02-15 20:47:34,251.88,50.38,201.5,Delivered,
1533,634,67,2025-12-01 12:09:44,287.32,0,287.32,Delivered,4
1534,646,83,2025-08-19 19:19:12,326.14,16.31,309.83,Cancelled,
1535,904,14,2025-04-09 19:15:50,166.57,24.99,141.58,Delivered,5
1536,8,24,2025-06-20 19:59:15,873.49,87.35,786.14,Delivered,4
1537,839,149,2025-07-05 21:40:28,291.87,14.59,277.28,Delivered,5
1538,768,100,2025-12-23 10:45:55,329.94,65.99,263.95,Delivered,
1539,775,119,2025-04-24 11:47:21,48.44,0,48.44,Delivered,3
1540,48,26,2025-07-07 13:43:20,318.78,63.76,255.02,Delivered,2
1541,654,33,2025-11-01 23:56:39,211.83,42.37,169.46,Delivered,
1542,743,134,2025-09-22 19:19:19,324.76,0,324.76,Delivered,
1543,232,200,2025-04-06 06:31:54,282.39,0,282.39,Delivered,5
1544,721,51,2025-02-03 13:55:29,337.74,0,337.74,Delivered,
1545,70,119,2025-01-29 12:40:35,190.56,0,190.56,Delivered,4
1546,53,20,2025-11-30 19:42:52,449.68,0,449.68,Delivered,4
1547,755,172,2025-10-31 12:21:47,912.96,0,912.96,Delivered,
1548,19,158,2025-08-07 19:49:11,664.2,0,664.2,Delivered,5
1549,665,162,2025-05-23 22:56:29,337.01,50.55,286.46,Cancelled,
1550,234,172,2025-09-03 19:38:27,701.88,35.09,666.79,Delivered,5
1551,411,73,2025-12-18 18:17:27,244.24,36.64,207.6,Delivered,
1552,72,49,2025-07-26 11:27:41,528.87,0,528.87,Delivered,4
1553,217,142,2025-07-09 11:36:32,397.36,59.6,337.76,Delivered,5
1554,751,138,2025-07-08 11:02:40,249.47,49.89,199.58,Delivered,
1555,131,94,2025-10-13 20:34:09,670.48,100.57,569.91,Delivered,
1556,34,192,2025-11-20 16:47:51,146.15,0,146.15,Delivered,
1557,141,164,2025-08-27 22:26:46,499.23,0,499.23,Delivered,5
1558,18,51,2025-07-09 20:12:27,186.6,0,186.6,Delivered,
1559,747,199,2025-11-08 19:32:38,178.43,0,178.43,Cancelled,
1560,854,122,2025-12-26 12:06:56,970.96,0,970.96,Delivered,
1561,749,67,2025-05-28 10:05:38,511.8,51.18,460.62,Delivered,
1562,727,37,2025-04-18 08:51:09,58.41,0,58.41,Delivered,5
1563,313,23,2025-07-16 20:57:28,1365.53,0,1365.53,Delivered,5
1564,634,164,2025-01-07 13:07:04,990.5,148.57,841.93,Delivered,4
1565,83,8,2025-08-24 12:37:16,512.75,0,512.75,Cancelled,
1566,976,107,2025-09-05 12:25:13,167.83,0,167.83,Delivered,
1567,193,106,2025-02-07 09:23:03,412.82,82.56,330.26,Delivered,5
1568,534,1,2025-02-03 20:08:12,642.27,0,642.27,Delivered,3
1569,49,167,2025-04-19 10:53:30,350.04,52.51,297.53,Cancelled,
1570,69,98,2025-11-09 07:04:17,639.76,0,639.76,Delivered,4
1571,87,23,2025-02-27 14:31:42,925.9,92.59,833.31,Cancelled,
1572,645,1,2025-04-01 20:05:18,196.32,0,196.32,Delivered,
1573,692,199,2025-10-25 21:18:19,178.43,0,178.43,Delivered,5
1574,877,59,2025-05-04 13:31:46,446.31,0,446.31,Delivered,5
1575,886,104,2025-02-08 09:18:12,374.62,0,374.62,Delivered,1
1576,392,88,2025-05-03 17:36:38,1141.35,0,1141.35,Delivered,3
1577,275,89,2025-06-20 15:43:59,708.78,106.32,602.46,Delivered,
1578,49,123,2025-02-24 21:30:20,528.98,0,528.98,Delivered,4
1579,464,54,2025-01-17 22:37:06,309.33,0,309.33,Delivered,5
1580,318,134,2025-11-22 20:19:11,693.75,0,693.75,Cancelled,
1581,24,106,2025-07-16 11:21:20,180.05,0,180.05,Delivered,5
1582,337,54,2025-08-28 22:33:28,111.45,22.29,89.16,Delivered,3
1583,233,56,2025-12-18 07:22:48,387.92,0,387.92,Delivered,
1584,417,43,2025-09-09 20:09:25,348.64,0,348.64,Delivered,2
1585,528,148,2025-09-15 21:53:32,362.47,72.49,289.98,Delivered,4
1586,193,145,2025-11-13 21:57:31,585.22,0,585.22,Delivered,3
1587,830,144,2025-08-18 14:27:21,263.33,13.17,250.16,Delivered,5
1588,873,156,2025-03-29 14:44:15,204.46,0,204.46,Delivered,
1589,225,170,2025-10-05 12:54:21,216.52,0,216.52,Cancelled,
1590,507,105,2025-11-06 20:33:17,394.77,19.74,375.03,Cancelled,
1591,540,153,2025-07-08 09:40:32,224.2,0,224.2,Delivered,5
1592,30,83,2025-09-06 22:40:35,593.71,0,593.71,Delivered,
1593,282,26,2025-12-21 12:04:25,362.15,72.43,289.72,Delivered,
1594,942,110,2025-01-22 19:56:29,42.45,0,42.45,Delivered,4
1595,284,4,2025-08-26 16:27:38,364.5,0,364.5,Delivered,4
1596,142,60,2025-04-06 14:39:21,485.36,0,485.36,Cancelled,
1597,505,114,2025-04-09 09:27:29,500.58,0,500.58,Delivered,2
1598,186,150,2025-10-03 21:31:48,876.61,0,876.61,Delivered,
1599,378,80,2025-08-31 19:11:44,931.98,0,931.98,Delivered,5
1600,599,183,2025-05-03 12:14:30,387.58,0,387.58,Delivered,5
1601,409,40,2025-02-26 17:32:08,308.68,0,308.68,Delivered,5
1602,733,115,2025-11-25 19:04:32,181.71,0,181.71,Delivered,
1603,922,144,2025-12-24 21:47:15,296.2,0,296.2,Delivered,4
1604,42,93,2025-05-06 12:20:15,517.47,0,517.47,Delivered,4
1605,24,19,2025-08-02 17:30:15,573.72,0,573.72,Delivered,
1606,629,137,2025-02-19 14:58:19,399.6,0,399.6,Delivered,
1607,488,26,2025-03-11 14:24:11,888.16,133.22,754.94,Delivered,5
1608,988,190,2025-03-23 23:21:09,309.46,61.89,247.57,Delivered,4
1609,924,49,2025-08-20 22:43:07,914.79,0,914.79,Delivered,5
1610,879,149,2025-12-29 19:52:20,140.03,0,140.03,Delivered,4
1611,588,54,2025-09-16 13:30:33,184.8,27.72,157.08,Delivered,4
1612,243,129,2025-01-03 13:38:29,134.45,0,134.45,Cancelled,
1613,955,198,2025-02-06 20:29:21,104.87,10.49,94.38,Cancelled,
1614,281,110,2025-07-28 18:16:40,286.08,0,286.08,Delivered,4
1615,573,30,2025-09-11 11:17:35,456.29,0,456.29,Delivered,3
1616,293,117,2025-09-10 11:45:48,88.75,0,88.75,Delivered,5
1617,709,183,2025-05-26 08:12:57,98.19,0,98.19,Delivered,5
1618,417,113,2025-01-11 12:59:24,879.95,88.0,791.95,Delivered,
1619,777,85,2025-09-18 13:36:29,647.63,97.14,550.49,Delivered,4
1620,263,4,2025-04-09 23:15:23,739.9,0,739.9,Delivered,
1621,586,6,2025-11-04 19:32:26,103.0,10.3,92.7,Delivered,
1622,313,64,2025-10-13 10:39:44,1430.07,0,1430.07,Delivered,4
1623,435,64,2025-09-07 13:04:16,263.34,0,263.34,Delivered,5
1624,764,37,2025-12-07 07:48:45,54.23,2.71,51.52,Delivered,5
1625,506,113,2025-10-29 13:16:12,478.95,0,478.95,Delivered,
1626,496,59,2025-10-08 23:51:57,498.64,0,498.64,Delivered,5
1627,430,88,2025-07-26 13:55:42,847.01,0,847.01,Delivered,5
1628,528,137,2025-06-26 12:18:55,301.32,0,301.32,Delivered,
1629,602,162,2025-11-18 23:18:40,490.35,0,490.35,Delivered,4
1630,57,165,2025-04-03 13:47:38,609.91,30.5,579.41,Delivered,3
1631,494,85,2025-01-14 12:12:39,186.81,0,186.81,Delivered,4
1632,261,71,2025-02-25 14:45:58,538.58,0,538.58,Delivered,
1633,568,4,2025-07-01 21:57:36,364.73,0,364.73,Delivered,
1634,290,193,2025-06-03 22:31:51,296.01,0,296.01,Delivered,4
1635,722,155,2025-07-16 11:47:35,656.26,0,656.26,Delivered,
1636,911,138,2025-01-28 12:05:18,65.55,0,65.55,Delivered,5
1637,818,105,2025-05-11 23:06:10,187.64,0,187.64,Delivered,
1638,153,45,2025-08-11 09:53:09,1050.68,0,1050.68,Delivered,
1639,811,35,2025-10-18 20:23:41,366.62,54.99,311.63,Delivered,
1640,249,20,2025-09-15 06:33:08,440.24,0,440.24,Delivered,2
1641,117,165,2025-11-12 19:50:25,333.6,33.36,300.24,Delivered,4
1642,670,114,2025-12-11 08:36:50,425.63,0,425.63,Delivered,
1643,22,30,2025-05-19 18:53:14,833.46,0,833.46,Delivered,
1644,475,89,2025-06-26 17:06:48,173.92,0,173.92,Delivered,5
1645,481,83,2025-08-16 14:54:49,856.55,0,856.55,Delivered,2
1646,744,132,2025-08-03 19:43:46,234.3,0,234.3,Delivered,
1647,44,7,2025-12-07 07:48:42,338.78,0,338.78,Delivered,
1648,237,198,2025-05-09 23:28:35,453.95,90.79,363.16,Delivered,4
1649,49,42,2025-07-23 21:46:42,354.14,0,354.14,Delivered,
1650,252,31,2025-04-13 19:47:36,180.91,0,180.91,Delivered,5
1651,750,86,2025-05-20 00:43:02,275.44,0,275.44,Delivered,5
1652,192,11,2025-10-09 07:45:17,558.97,111.79,447.18,Delivered,5
1653,351,149,2025-02-01 14:39:28,62.02,0,62.02,Delivered,3
1654,644,174,2025-11-14 19:24:29,163.48,0,163.48,Delivered,
1655,434,98,2025-09-27 07:34:28,780.29,0,780.29,Delivered,
1656,520,149,2025-06-11 11:54:24,529.5,0,529.5,Cancelled,
1657,26,17,2025-08-02 22:17:45,163.05,0,163.05,Delivered,
1658,70,186,2025-03-14 11:06:25,382.29,0,382.29,Delivered,
1659,44,114,2025-10-11 23:12:07,698.53,0,698.53,Delivered,4
1660,423,165,2025-11-16 00:50:54,1250.94,0,1250.94,Delivered,
1661,638,33,2025-02-07 14:27:17,288.12,28.81,259.31,Delivered,
1662,266,39,2025-06-25 12:16:36,208.42,0,208.42,Delivered,
1663,896,11,2025-04-25 22:51:53,163.27,0,163.27,Delivered,
1664,323,28,2025-11-06 22:12:23,264.02,0,264.02,Delivered,5
1665,64,51,2025-09-21 22:15:06,270.62,0,270.62,Delivered,3
1666,751,19,2025-06-14 13:52:39,170.77,0,170.77,Cancelled,
1667,499,85,2025-04-13 20:58:48,937.05,0,937.05,Delivered,3
1668,84,198,2025-09-09 12:34:01,279.67,27.97,251.7,Delivered,1
1669,149,25,2025-10-13 13:21:56,122.5,0,122.5,Delivered,5
1670,7,136,2025-02-23 14:40:41,451.38,0,451.38,Delivered,
1671,936,26,2025-07-31 11:34:48,697.03,0,697.03,Delivered,5
1672,795,168,2025-05-14 19:06:24,529.63,0,529.63,Delivered,4
1673,760,86,2025-09-15 12:05:14,1218.38,0,1218.38,Delivered,1
1674,684,141,2025-07-03 10:49:56,189.07,0,189.07,Delivered,4
1675,637,130,2025-06-10 12:55:28,574.06,114.81,459.25,Delivered,4
1676,311,13,2025-10-30 19:29:57,105.14,0,105.14,Delivered,4
1677,855,45,2025-02-19 18:01:41,56.05,0,56.05,Delivered,4
1678,926,111,2025-10-09 12:00:40,844.87,0,844.87,Delivered,
1679,1,86,2025-08-22 11:35:27,1185.18,59.26,1125.92,Delivered,3
1680,339,15,2025-06-28 22:28:01,585.96,0,585.96,Delivered,3
1681,382,132,2025-10-03 12:39:17,248.43,0,248.43,Delivered,5
1682,435,36,2025-09-21 11:38:45,365.54,0,365.54,Cancelled,
1683,681,29,2025-10-28 09:54:18,262.37,0,262.37,Delivered,3
1684,919,18,2025-02-06 22:28:38,273.21,40.98,232.23,Delivered,
1685,833,87,2025-08-04 17:41:37,495.88,0,495.88,Delivered,
1686,70,187,2025-05-27 22:39:27,791.38,0,791.38,Delivered,5
1687,21,122,2025-10-08 13:46:37,426.89,42.69,384.2,Delivered,
1688,4,88,2025-03-01 19:49:53,545.33,0,545.33,Delivered,5
1689,437,44,2025-04-04 11:20:55,853.14,42.66,810.48,Delivered,
1690,812,190,2025-03-10 19:39:31,1050.97,0,1050.97,Delivered,5
1691,350,161,2025-07-04 13:00:22,947.37,0,947.37,Delivered,5
1692,373,180,2025-09-18 11:03:43,442.54,0,442.54,Delivered,4
1693,811,135,2025-11-29 13:20:11,488.86,0,488.86,Delivered,4
1694,107,188,2025-12-09 21:03:06,644.32,0,644.32,Delivered,5
1695,6,61,2025-12-22 14:44:30,443.11,0,443.11,Delivered,
1696,207,66,2025-10-21 15:52:40,143.78,0,143.78,Delivered,5
1697,732,181,2025-12-07 20:29:41,343.91,51.59,292.32,Delivered,5
1698,621,14,2025-07-14 19:03:10,411.61,61.74,349.87,Delivered,4
1699,389,22,2025-04-27 15:15:53,754.39,75.44,678.95,Delivered,5
1700,293,187,2025-05-19 20:42:00,1095.92,0,1095.92,Delivered,5
1701,28,196,2025-02-08 22:37:08,791.69,0,791.69,Delivered,5
1702,699,170,2025-04-02 20:34:09,628.88,31.44,597.44,Delivered,5
1703,649,195,2025-07-07 12:35:09,502.44,0,502.44,Delivered,
1704,236,119,2025-07-04 08:38:04,282.36,0,282.36,Delivered,1
1705,614,47,2025-05-18 16:52:30,230.0,0,230.0,Cancelled,
1706,237,105,2025-11-10 20:31:42,458.38,0,458.38,Delivered,5
1707,727,49,2025-07-27 13:55:31,211.65,0,211.65,Delivered,4
1708,753,25,2025-12-11 12:28:50,277.82,0,277.82,Delivered,4
1709,552,23,2025-08-08 15:31:25,1114.41,0,1114.41,Delivered,
1710,131,78,2025-11-14 12:23:29,315.1,0,315.1,Delivered,3
1711,214,49,2025-12-26 06:01:44,564.23,0,564.23,Delivered,4
1712,584,89,2025-03-01 22:09:50,298.39,0,298.39,Delivered,4
1713,336,147,2025-02-05 00:00:54,868.31,86.83,781.48,Delivered,
1714,927,183,2025-06-06 11:37:52,778.17,0,778.17,Delivered,5
1715,147,78,2025-03-26 23:46:28,1342.83,0,1342.83,Delivered,4
1716,254,22,2025-03-29 12:20:28,188.55,0,188.55,Delivered,
1717,901,175,2025-11-26 07:41:12,240.44,48.09,192.35,Delivered,5
1718,424,189,2025-10-26 20:17:48,386.86,58.03,328.83,Delivered,4
1719,162,135,2025-10-15 06:57:26,244.43,0,244.43,Delivered,4
1720,88,134,2025-05-08 22:21:08,368.99,0,368.99,Delivered,3
1721,116,138,2025-08-11 09:47:18,164.83,0,164.83,Delivered,5
1722,548,85,2025-10-18 12:17:20,932.57,93.26,839.31,Delivered,4
1723,986,92,2025-01-31 15:33:50,225.14,11.26,213.88,Delivered,5
1724,942,178,2025-04-06 23:57:14,917.61,0,917.61,Delivered,3
1725,731,171,2025-09-26 19:53:18,685.76,34.29,651.47,Delivered,5
1726,236,15,2025-01-28 22:57:11,174.47,0,174.47,Delivered,
1727,952,92,2025-06-07 09:38:40,675.55,101.33,574.22,Cancelled,
1728,33,70,2025-04-26 14:40:46,169.79,8.49,161.3,Delivered,4
1729,140,63,2025-04-28 13:39:23,871.05,130.66,740.39,Delivered,2
1730,949,184,2025-04-06 13:33:48,645.32,129.06,516.26,Delivered,2
1731,415,7,2025-11-09 19:36:06,909.42,0,909.42,Delivered,
1732,574,167,2025-09-16 11:09:36,1100.56,0,1100.56,Delivered,4
1733,900,57,2025-07-02 18:38:13,565.55,56.55,509.0,Cancelled,
1734,574,89,2025-08-12 17:08:18,364.54,0,364.54,Delivered,4
1735,216,56,2025-11-12 16:42:12,387.92,0,387.92,Delivered,2
1736,433,39,2025-01-29 11:27:32,266.51,0,266.51,Delivered,4
1737,352,145,2025-01-30 21:28:15,651.33,0,651.33,Delivered,1
1738,940,110,2025-07-20 11:36:01,527.17,0,527.17,Delivered,4
1739,18,14,2025-11-29 12:20:38,282.98,0,282.98,Cancelled,
1740,883,185,2025-06-01 20:20:45,247.63,12.38,235.25,Delivered,4
1741,948,148,2025-01-22 13:01:40,47.29,0,47.29,Delivered,4
1742,939,161,2025-09-07 17:09:39,347.36,69.47,277.89,Delivered,4
1743,312,86,2025-10-29 12:49:50,203.2,0,203.2,Delivered,
1744,49,100,2025-09-11 17:35:59,378.97,0,378.97,Delivered,
1745,580,34,2025-09-12 16:02:16,506.73,50.67,456.06,Delivered,5
1746,592,95,2025-08-26 15:39:07,596.52,119.3,477.22,Delivered,5
1747,878,175,2025-02-08 22:48:27,256.52,0,256.52,Delivered,4
1748,306,34,2025-02-16 18:18:40,754.84,0,754.84,Delivered,4
1749,216,50,2025-11-04 09:57:00,230.1,0,230.1,Delivered,
1750,53,65,2025-10-23 11:21:32,238.78,0,238.78,Delivered,5
1751,927,39,2025-11-01 22:33:34,99.42,0,99.42,Delivered,5
1752,4,137,2025-11-08 08:53:15,399.6,0,399.6,Delivered,
1753,554,166,2025-06-18 19:07:19,129.53,0,129.53,Delivered,5
1754,501,92,2025-07-27 16:06:21,61.14,0,61.14,Delivered,
1755,14,61,2025-10-31 20:32:43,876.64,87.66,788.98,Delivered,
1756,582,102,2025-06-27 20:57:11,63.06,0,63.06,Cancelled,
1757,743,175,2025-06-07 21:16:06,256.52,0,256.52,Delivered,4
1758,168,129,2025-09-05 18:11:37,220.8,0,220.8,Delivered,
1759,752,18,2025-08-11 11:09:06,580.15,0,580.15,Delivered,
1760,420,39,2025-10-30 19:10:06,375.51,0,375.51,Delivered,4
1761,722,34,2025-09-20 19:00:43,546.9,0,546.9,Cancelled,
1762,304,3,2025-03-10 12:10:14,332.36,16.62,315.74,Delivered,5
1763,787,107,2025-08-09 11:26:44,284.96,0,284.96,Delivered,4
1764,599,74,2025-06-27 19:32:18,678.86,101.83,577.03,Delivered,4
1765,754,199,2025-01-06 22:28:41,508.15,0,508.15,Cancelled,
1766,858,196,2025-08-19 21:17:08,396.52,0,396.52,Delivered,5
1767,292,85,2025-04-01 08:12:19,373.62,0,373.62,Delivered,4
1768,373,102,2025-12-21 15:20:19,107.29,0,107.29,Delivered,4
1769,875,39,2025-02-03 11:47:46,221.59,11.08,210.51,Delivered,4
1770,527,122,2025-12-02 19:24:45,261.58,0,261.58,Delivered,3
1771,378,153,2025-08-05 07:01:06,421.16,0,421.16,Delivered,4
1772,46,10,2025-11-14 12:53:06,403.81,0,403.81,Delivered,
1773,165,87,2025-02-03 10:17:35,349.1,69.82,279.28,Delivered,5
1774,362,199,2025-06-02 12:23:08,343.29,0,343.29,Delivered,
1775,143,68,2025-10-18 12:25:33,1354.32,0,1354.32,Delivered,2
1776,112,91,2025-04-11 07:47:39,107.95,0,107.95,Delivered,
1777,217,121,2025-12-09 19:21:21,490.51,0,490.51,Delivered,
1778,252,109,2025-06-13 18:25:39,460.24,46.02,414.22,Delivered,5
1779,461,78,2025-02-06 18:57:57,388.78,0,388.78,Cancelled,
1780,828,17,2025-05-17 21:26:16,1033.42,0,1033.42,Delivered,
1781,964,4,2025-01-04 19:53:45,130.12,0,130.12,Delivered,5
1782,165,61,2025-03-03 12:31:33,255.07,0,255.07,Delivered,5
1783,39,18,2025-07-12 12:48:32,168.16,25.22,142.94,Delivered,3
1784,497,26,2025-11-13 12:59:25,635.85,95.38,540.47,Delivered,5
1785,4,148,2025-07-31 22:12:54,362.47,54.37,308.1,Delivered,
1786,385,153,2025-12-25 12:01:54,601.46,0,601.46,Delivered,
1787,544,98,2025-04-12 09:38:12,730.9,109.63,621.27,Delivered,4
1788,35,175,2025-07-09 12:04:03,292.22,0,292.22,Cancelled,
1789,761,134,2025-11-21 15:48:47,385.09,0,385.09,Delivered,
1790,284,83,2025-04-24 14:14:27,650.4,65.04,585.36,Delivered,
1791,736,134,2025-02-21 19:50:18,385.09,0,385.09,Delivered,
1792,230,33,2025-01-05 12:12:51,286.25,0,286.25,Delivered,5
1793,708,135,2025-12-11 14:44:10,507.2,0,507.2,Delivered,2
1794,741,193,2025-06-20 20:58:33,422.31,21.12,401.19,Delivered,2
1795,818,127,2025-07-08 23:46:44,237.66,0,237.66,Delivered,4
1796,482,184,2025-05-16 19:56:43,967.38,0,967.38,Delivered,5
1797,58,134,2025-04-29 11:27:48,848.08,0,848.08,Delivered,5
1798,532,173,2025-07-02 11:24:01,717.9,143.58,574.32,Delivered,4
1799,645,1,2025-03-21 09:28:20,1273.9,0,1273.9,Delivered,4
1800,51,49,2025-07-25 11:22:44,189.77,28.47,161.3,Delivered,4
1801,657,138,2025-06-21 10:28:13,302.21,0,302.21,Delivered,5
1802,284,18,2025-04-27 06:39:28,711.85,0,711.85,Delivered,4
1803,258,53,2025-01-25 22:57:46,670.92,0,670.92,Delivered,
1804,341,173,2025-04-25 19:34:23,721.59,0,721.59,Delivered,4
1805,868,176,2025-01-21 10:45:28,360.5,0,360.5,Delivered,4
1806,630,196,2025-07-25 11:22:51,198.26,0,198.26,Delivered,
1807,560,42,2025-09-18 20:31:08,546.54,0,546.54,Delivered,5
1808,41,29,2025-09-07 20:28:56,268.62,26.86,241.76,Delivered,5
1809,519,15,2025-08-27 16:28:13,452.22,0,452.22,Delivered,
1810,222,104,2025-04-30 16:19:23,325.28,0,325.28,Delivered,
1811,613,127,2025-12-05 18:57:13,558.08,0,558.08,Delivered,
1812,59,84,2025-02-23 09:32:45,167.53,16.75,150.78,Cancelled,
1813,114,11,2025-07-07 13:19:35,464.86,92.97,371.89,Delivered,4
1814,741,80,2025-11-22 11:12:24,359.32,35.93,323.39,Delivered,1
1815,313,194,2025-02-01 19:53:25,93.72,0,93.72,Delivered,2
1816,49,178,2025-01-01 19:22:54,743.4,0,743.4,Delivered,
1817,229,85,2025-02-06 21:46:03,462.68,0,462.68,Delivered,5
1818,823,98,2025-03-05 13:55:44,515.7,0,515.7,Delivered,4
1819,39,68,2025-07-07 20:51:51,786.52,0,786.52,Delivered,
1820,369,18,2025-09-06 23:16:04,726.54,0,726.54,Cancelled,
1821,103,15,2025-04-16 19:12:16,1054.45,210.89,843.56,Delivered,4
1822,255,172,2025-11-09 17:31:53,850.14,0,850.14,Delivered,3
1823,879,121,2025-12-10 09:52:02,126.11,0,126.11,Delivered,5
1824,36,67,2025-04-12 14:48:51,858.9,171.78,687.12,Delivered,4
1825,301,145,2025-01-05 17:42:29,943.06,94.31,848.75,Delivered,2
1826,582,78,2025-12-15 11:32:00,224.4,0,224.4,Delivered,
1827,59,125,2025-06-19 22:25:05,408.34,61.25,347.09,Delivered,
1828,565,94,2025-07-13 08:17:25,452.39,0,452.39,Delivered,
1829,459,138,2025-08-02 12:13:47,204.87,0,204.87,Delivered,1
1830,241,167,2025-05-24 20:51:41,673.22,0,673.22,Delivered,5
1831,142,159,2025-08-02 18:35:10,188.53,28.28,160.25,Delivered,3
1832,610,152,2025-03-07 07:14:50,169.2,8.46,160.74,Delivered,3
1833,113,184,2025-07-04 12:55:43,460.54,0,460.54,Delivered,5
1834,762,145,2025-11-13 11:03:41,357.84,0,357.84,Delivered,5
1835,761,68,2025-10-31 21:49:57,1093.62,0,1093.62,Delivered,
1836,661,91,2025-06-02 21:43:33,191.6,0,191.6,Delivered,5
1837,676,200,2025-06-24 22:18:23,123.48,0,123.48,Delivered,
1838,123,147,2025-05-21 17:09:13,599.0,29.95,569.05,Delivered,5
1839,106,150,2025-10-16 19:53:16,557.03,0,557.03,Delivered,4
1840,185,150,2025-08-15 07:40:29,819.04,0,819.04,Delivered,4
1841,292,113,2025-04-14 23:43:54,1379.69,206.95,1172.74,Delivered,2
1842,939,78,2025-08-07 10:01:14,576.68,0,576.68,Delivered,4
1843,153,158,2025-08-12 14:37:05,826.76,0,826.76,Delivered,3
1844,296,152,2025-06-23 11:38:02,253.8,25.38,228.42,Delivered,4
1845,221,125,2025-12-16 15:43:20,158.0,31.6,126.4,Delivered,4
1846,431,123,2025-09-16 19:00:53,235.2,0,235.2,Delivered,3
1847,55,61,2025-11-27 21:43:36,255.07,0,255.07,Cancelled,
1848,959,8,2025-12-15 18:15:38,296.39,0,296.39,Delivered,4
1849,694,200,2025-11-29 08:53:52,123.48,24.7,98.78,Delivered,
1850,643,3,2025-11-12 13:50:20,332.36,49.85,282.51,Delivered,5
1851,402,153,2025-06-08 11:14:19,90.15,0,90.15,Delivered,
1852,691,172,2025-10-22 10:23:22,918.21,0,918.21,Delivered,5
1853,748,133,2025-04-10 12:02:43,198.6,0,198.6,Delivered,4
1854,309,120,2025-03-04 18:15:46,936.06,0,936.06,Delivered,2
1855,834,73,2025-06-09 17:11:31,875.91,0,875.91,Delivered,
1856,929,44,2025-01-26 20:29:06,168.66,8.43,160.23,Delivered,5
1857,789,59,2025-05-24 09:51:35,351.24,17.56,333.68,Delivered,
1858,670,7,2025-02-02 12:24:37,310.56,0,310.56,Delivered,4
1859,167,162,2025-01-15 18:11:29,579.93,0,579.93,Delivered,5
1860,549,7,2025-04-17 17:35:36,437.41,21.87,415.54,Delivered,5
1861,738,99,2025-05-29 22:19:25,152.1,15.21,136.89,Delivered,
1862,510,18,2025-10-20 21:36:51,168.16,16.82,151.34,Delivered,4
1863,795,6,2025-10-06 11:12:42,1710.89,0,1710.89,Delivered,5
1864,585,86,2025-06-28 21:37:50,414.08,0,414.08,Delivered,4
1865,239,73,2025-01-30 08:12:33,244.24,0,244.24,Delivered,5
1866,313,173,2025-11-24 07:15:48,373.23,37.32,335.91,Delivered,5
1867,554,64,2025-09-24 18:25:05,852.07,42.6,809.47,Delivered,4
1868,423,2,2025-08-31 20:49:02,1877.35,0,1877.35,Delivered,2
1869,955,105,2025-04-01 19:13:37,646.02,64.6,581.42,Delivered,4
1870,442,27,2025-10-07 14:06:33,409.87,61.48,348.39,Delivered,4
1871,390,28,2025-04-17 12:47:40,132.01,0,132.01,Delivered,
1872,579,178,2025-06-16 07:46:55,518.92,77.84,441.08,Delivered,3
1873,973,39,2025-06-28 21:11:52,352.76,0,352.76,Delivered,4
1874,580,183,2025-10-25 21:03:25,294.06,0,294.06,Delivered,3
1875,147,102,2025-07-13 15:13:20,83.56,16.71,66.85,Delivered,
1876,811,35,2025-10-11 07:31:04,1568.82,156.88,1411.94,Delivered,3
1877,651,68,2025-05-16 23:55:02,1176.47,176.47,1000.0,Cancelled,
1878,451,19,2025-06-11 10:33:05,576.75,0,576.75,Delivered,
1879,606,162,2025-12-16 20:21:35,579.93,0,579.93,Delivered,1
1880,744,171,2025-05-08 10:18:12,766.81,0,766.81,Delivered,
1881,296,147,2025-11-22 18:42:48,136.23,0,136.23,Delivered,4
1882,149,14,2025-06-04 06:55:52,490.08,98.02,392.06,Delivered,2
1883,286,74,2025-03-03 08:04:18,812.7,0,812.7,Delivered,1
1884,193,138,2025-02-21 20:15:22,474.04,0,474.04,Delivered,3
1885,832,16,2025-08-19 17:09:02,869.6,0,869.6,Delivered,1
1886,920,102,2025-08-18 19:20:54,107.68,0,107.68,Delivered,4
1887,330,153,2025-12-22 18:46:42,601.46,0,601.46,Delivered,3
1888,242,78,2025-05-22 18:58:07,1324.57,0,1324.57,Delivered,5
1889,151,12,2025-09-17 11:09:34,294.56,0,294.56,Delivered,4
1890,313,179,2025-10-30 06:37:15,213.02,10.65,202.37,Delivered,3
1891,655,46,2025-05-12 11:16:16,129.8,0,129.8,Delivered,3
1892,749,11,2025-02-11 21:52:15,1052.92,0,1052.92,Cancelled,
1893,155,19,2025-08-25 00:26:43,594.94,0,594.94,Delivered,5
1894,114,183,2025-12-23 21:55:43,524.7,78.7,446.0,Delivered,5
1895,812,20,2025-09-27 16:23:15,328.98,0,328.98,Delivered,
1896,751,116,2025-09-08 20:07:40,585.06,0,585.06,Delivered,
1897,865,117,2025-06-14 13:06:38,884.32,88.43,795.89,Cancelled,
1898,787,58,2025-07-14 21:34:41,181.62,0,181.62,Delivered,2
1899,88,183,2025-08-12 18:11:10,46.52,0,46.52,Delivered,
1900,146,22,2025-06-25 22:33:14,754.58,37.73,716.85,Delivered,3
1901,275,18,2025-12-12 11:34:50,546.42,54.64,491.78,Cancelled,
1902,465,103,2025-04-18 22:13:57,472.09,0,472.09,Delivered,
1903,142,20,2025-09-28 12:58:37,1273.22,63.66,1209.56,Delivered,
1904,699,80,2025-05-27 20:54:42,432.0,0,432.0,Delivered,5
1905,575,69,2025-11-17 12:27:29,1064.22,0,1064.22,Delivered,
1906,203,60,2025-07-09 19:08:18,216.32,0,216.32,Delivered,4
1907,74,78,2025-07-07 18:03:00,673.2,100.98,572.22,Delivered,4
1908,332,3,2025-11-30 17:58:38,594.9,29.75,565.15,Delivered,4
1909,40,83,2025-05-22 22:48:16,527.56,105.51,422.05,Delivered,4
1910,321,121,2025-05-19 20:19:13,135.06,20.26,114.8,Delivered,
1911,360,159,2025-01-25 10:25:15,251.81,0,251.81,Delivered,3
1912,713,3,2025-06-27 11:51:32,411.13,0,411.13,Delivered,5
1913,791,74,2025-12-04 15:08:32,281.11,0,281.11,Delivered,4
1914,985,60,2025-08-12 14:26:32,706.18,0,706.18,Delivered,5
1915,269,183,2025-03-29 13:34:26,340.58,51.09,289.49,Delivered,5
1916,264,124,2025-09-22 15:39:34,145.51,0,145.51,Delivered,5
1917,86,129,2025-05-24 12:40:59,206.26,0,206.26,Delivered,
1918,983,172,2025-08-11 12:33:08,358.36,0,358.36,Delivered,4
1919,148,154,2025-06-17 16:41:38,77.17,0,77.17,Delivered,5
1920,488,74,2025-10-25 17:12:27,349.92,0,349.92,Delivered,3
1921,629,172,2025-10-16 18:27:39,108.08,5.4,102.68,Delivered,
1922,791,134,2025-12-11 13:41:21,324.76,0,324.76,Delivered,3
1923,961,156,2025-09-04 19:44:31,642.83,64.28,578.55,Delivered,
1924,82,9,2025-04-08 20:13:58,233.46,0,233.46,Cancelled,
1925,49,103,2025-09-01 15:31:27,675.86,0,675.86,Delivered,5
1926,3,194,2025-08-25 08:00:15,368.56,0,368.56,Delivered,
1927,312,111,2025-11-17 07:31:16,186.71,18.67,168.04,Delivered,
1928,86,25,2025-03-04 20:47:27,234.88,0,234.88,Delivered,4
1929,96,101,2025-06-06 09:53:21,181.18,0,181.18,Delivered,
1930,133,18,2025-12-26 06:38:48,453.24,67.99,385.25,Delivered,2
1931,496,34,2025-08-08 18:35:21,440.7,0,440.7,Delivered,3
1932,480,110,2025-03-05 11:04:26,462.5,0,462.5,Delivered,3
1933,147,180,2025-09-08 06:11:37,509.02,0,509.02,Delivered,
1934,941,151,2025-12-01 20:21:19,181.71,0,181.71,Delivered,5
1935,840,178,2025-06-05 13:49:10,379.84,0,379.84,Delivered,3
1936,498,184,2025-04-21 22:18:59,1115.68,0,1115.68,Delivered,5
1937,314,67,2025-11-28 11:08:01,552.44,0,552.44,Delivered,5
1938,283,63,2025-05-06 13:57:01,165.84,16.58,149.26,Cancelled,
1939,389,63,2025-09-05 12:25:11,367.55,36.76,330.79,Delivered,
1940,8,48,2025-02-15 21:11:39,751.81,0,751.81,Delivered,4
1941,441,118,2025-10-22 07:18:06,193.4,0,193.4,Delivered,5
1942,557,92,2025-05-31 06:02:41,328.13,16.41,311.72,Delivered,4
1943,613,82,2025-07-15 21:11:49,1128.98,0,1128.98,Delivered,
1944,971,39,2025-11-17 10:37:31,67.67,0,67.67,Delivered,
1945,53,72,2025-08-13 19:53:31,256.59,0,256.59,Delivered,4
1946,309,184,2025-10-16 22:14:16,230.27,0,230.27,Delivered,4
1947,275,155,2025-10-30 10:18:45,490.75,73.61,417.14,Delivered,
1948,772,80,2025-12-10 20:19:15,183.84,0,183.84,Delivered,5
1949,675,184,2025-09-07 09:56:39,885.41,88.54,796.87,Delivered,
1950,187,134,2025-06-26 10:58:24,308.66,0,308.66,Delivered,4
1951,437,24,2025-07-04 22:47:02,847.49,0,847.49,Delivered,3
1952,182,41,2025-08-09 20:00:06,443.37,0,443.37,Cancelled,
1953,536,36,2025-10-19 12:31:39,214.48,0,214.48,Delivered,4
1954,252,51,2025-10-31 20:23:58,878.98,0,878.98,Cancelled,
1955,358,159,2025-03-06 16:37:06,172.74,0,172.74,Delivered,3
1956,642,81,2025-07-01 09:31:34,734.04,0,734.04,Delivered,4
1957,444,58,2025-06-22 19:24:37,277.08,0,277.08,Delivered,
1958,877,59,2025-05-05 11:47:06,1063.31,0,1063.31,Delivered,2
1959,353,151,2025-01-23 18:04:26,925.06,0,925.06,Delivered,5
1960,93,122,2025-05-13 11:20:03,580.44,116.09,464.35,Cancelled,
1961,563,139,2025-01-26 00:15:33,673.37,0,673.37,Delivered,
1962,482,93,2025-10-14 22:51:05,541.38,0,541.38,Delivered,4
1963,417,199,2025-06-13 10:33:20,785.0,157.0,628.0,Delivered,5
1964,592,124,2025-08-24 17:32:44,742.82,0,742.82,Delivered,
1965,341,24,2025-09-23 12:38:36,394.83,0,394.83,Delivered,4
1966,732,90,2025-05-28 12:25:23,46.45,9.29,37.16,Delivered,
1967,738,157,2025-12-25 12:28:47,756.0,0,756.0,Delivered,
1968,33,130,2025-07-21 11:06:53,842.33,168.47,673.86,Delivered,5
1969,242,174,2025-09-09 11:50:51,357.67,0,357.67,Delivered,5
1970,944,25,2025-08-05 18:09:43,205.91,0,205.91,Delivered,4
1971,108,37,2025-09-24 23:46:20,138.21,0,138.21,Cancelled,
1972,99,110,2025-06-30 20:55:22,363.18,0,363.18,Delivered,
1973,485,194,2025-12-20 14:39:11,455.42,0,455.42,Delivered,5
1974,580,103,2025-11-05 13:41:36,274.17,0,274.17,Delivered,
1975,633,94,2025-03-10 19:57:21,797.24,0,797.24,Delivered,3
1976,744,25,2025-08-15 13:49:06,190.56,0,190.56,Delivered,2
1977,773,164,2025-12-15 11:39:08,589.62,0,589.62,Delivered,5
1978,616,86,2025-09-23 18:55:24,414.08,0,414.08,Delivered,
1979,536,189,2025-12-12 19:20:14,174.47,0,174.47,Delivered,5
1980,256,170,2025-08-19 11:09:55,1036.03,51.8,984.23,Delivered,
1981,749,110,2025-11-07 19:42:58,716.73,71.67,645.06,Delivered,
1982,466,173,2025-08-04 09:35:25,1113.14,0,1113.14,Delivered,5
1983,151,19,2025-05-22 15:46:33,1161.99,174.3,987.69,Delivered,5
1984,964,175,2025-12-02 20:01:45,220.82,0,220.82,Delivered,1
1985,284,39,2025-08-23 23:24:52,122.17,0,122.17,Delivered,5
1986,751,198,2025-08-01 19:45:45,374.89,37.49,337.4,Delivered,4
1987,450,98,2025-09-09 13:20:38,762.33,0,762.33,Delivered,4
1988,237,49,2025-03-25 13:20:55,352.58,0,352.58,Delivered,5
1989,756,57,2025-11-01 11:21:37,525.92,26.3,499.62,Delivered,
1990,708,128,2025-10-03 10:56:01,313.56,62.71,250.85,Delivered,5
1991,225,80,2025-04-11 14:11:12,220.66,0,220.66,Cancelled,
1992,955,105,2025-10-13 22:47:23,665.51,0,665.51,Delivered,5
1993,499,113,2025-09-22 21:18:28,698.56,0,698.56,Delivered,4
1994,164,41,2025-02-09 13:21:59,349.22,0,349.22,Delivered,
1995,57,2,2025-07-03 18:44:26,464.64,92.93,371.71,Delivered,4
1996,222,60,2025-12-18 15:11:36,619.58,0,619.58,Delivered,
1997,938,186,2025-05-07 14:37:36,1291.91,258.38,1033.53,Delivered,5
1998,777,30,2025-12-22 20:38:35,79.12,0,79.12,Delivered,
1999,596,117,2025-10-09 20:00:32,173.9,0,173.9,Delivered,4
2000,476,168,2025-11-26 11:11:07,732.85,0,732.85,Delivered,
2001,440,55,2025-01-31 20:20:23,855.79,0,855.79,Delivered,4
2002,494,199,2025-02-06 20:38:28,178.43,0,178.43,Delivered,5
2003,202,101,2025-05-01 21:13:48,132.21,19.83,112.38,Delivered,
2004,425,95,2025-11-04 11:14:53,504.98,25.25,479.73,Delivered,
2005,832,143,2025-05-26 21:58:17,485.82,0,485.82,Delivered,5
2006,252,69,2025-11-10 18:54:44,433.37,0,433.37,Delivered,
2007,330,98,2025-07-16 17:54:00,496.25,0,496.25,Cancelled,
2008,395,114,2025-11-10 08:05:02,551.24,110.25,440.99,Delivered,
2009,42,140,2025-05-10 14:34:52,320.22,0,320.22,Delivered,
2010,332,41,2025-06-28 21:03:09,559.89,0,559.89,Delivered,
2011,627,177,2025-08-23 12:35:24,69.46,0,69.46,Delivered,
2012,835,11,2025-07-13 21:51:17,791.4,0,791.4,Delivered,
2013,766,154,2025-05-29 11:13:53,173.77,34.75,139.02,Delivered,
2014,96,46,2025-05-08 18:16:14,69.93,0,69.93,Delivered,
2015,198,42,2025-06-16 14:44:58,178.77,0,178.77,Cancelled,
2016,740,65,2025-10-11 07:28:59,496.11,0,496.11,Delivered,
2017,857,27,2025-02-17 12:25:52,675.5,0,675.5,Cancelled,
2018,955,169,2025-11-14 18:57:59,580.76,0,580.76,Cancelled,
2019,650,37,2025-06-01 14:52:13,242.62,0,242.62,Delivered,3
2020,217,149,2025-04-23 21:07:04,279.22,0,279.22,Delivered,4
2021,403,87,2025-07-15 22:37:15,83.91,0,83.91,Delivered,3
2022,642,40,2025-04-13 19:09:24,304.04,0,304.04,Delivered,
2023,454,121,2025-06-07 22:36:40,252.22,12.61,239.61,Delivered,
2024,528,172,2025-10-30 19:57:10,182.21,0,182.21,Delivered,4
2025,137,189,2025-09-19 20:47:57,215.82,0,215.82,Delivered,4
2026,32,119,2025-07-03 12:09:04,475.46,0,475.46,Delivered,1
2027,634,89,2025-05-09 21:05:39,259.51,12.98,246.53,Delivered,2
2028,991,141,2025-08-31 11:17:51,232.09,0,232.09,Cancelled,
2029,464,126,2025-07-11 19:32:46,339.79,50.97,288.82,Delivered,3
2030,366,15,2025-09-22 17:48:22,217.66,0,217.66,Delivered,4
2031,19,179,2025-11-06 14:08:43,330.75,0,330.75,Delivered,5
2032,192,4,2025-04-01 18:56:55,382.97,0,382.97,Delivered,5
2033,190,139,2025-12-21 12:37:57,847.34,0,847.34,Delivered,3
2034,168,121,2025-07-09 11:30:54,179.34,35.87,143.47,Delivered,5
2035,10,129,2025-02-28 19:24:24,138.95,0,138.95,Delivered,
2036,141,83,2025-07-21 14:18:39,856.55,0,856.55,Delivered,4
2037,623,45,2025-09-16 11:43:35,336.49,0,336.49,Cancelled,
2038,309,165,2025-04-14 11:31:03,405.34,0,405.34,Delivered,5
2039,661,60,2025-07-20 12:40:59,688.6,0,688.6,Delivered,4
2040,540,71,2025-08-14 13:29:11,74.89,0,74.89,Delivered,
2041,466,192,2025-05-27 13:49:38,534.1,0,534.1,Delivered,
2042,144,26,2025-03-13 18:37:59,43.37,8.67,34.7,Cancelled,
2043,534,160,2025-05-13 12:35:39,364.72,0,364.72,Delivered,4
2044,597,176,2025-11-26 17:58:35,891.32,0,891.32,Delivered,4
2045,778,81,2025-11-09 11:28:44,508.62,0,508.62,Delivered,4
2046,123,197,2025-08-29 19:54:43,73.29,7.33,65.96,Delivered,4
2047,595,100,2025-09-18 22:06:05,181.42,0,181.42,Delivered,5
2048,540,170,2025-10-03 13:56:05,172.06,0,172.06,Delivered,4
2049,902,144,2025-04-18 11:07:57,638.7,0,638.7,Delivered,
2050,911,12,2025-12-31 13:44:57,438.5,0,438.5,Delivered,4
2051,645,160,2025-04-15 23:00:13,387.67,0,387.67,Delivered,5
2052,143,26,2025-08-07 12:39:26,43.37,6.51,36.86,Cancelled,
2053,624,183,2025-04-06 21:44:23,1049.4,0,1049.4,Delivered,5
2054,13,51,2025-12-27 19:48:57,335.82,0,335.82,Delivered,
2055,120,120,2025-12-19 19:58:52,936.06,140.41,795.65,Delivered,4
2056,218,155,2025-12-25 16:34:10,628.1,125.62,502.48,Cancelled,
2057,88,164,2025-10-09 11:43:03,140.32,0,140.32,Delivered,
2058,750,169,2025-10-15 18:33:26,851.38,42.57,808.81,Delivered,4
2059,42,93,2025-08-28 21:25:30,180.39,18.04,162.35,Delivered,4
2060,354,146,2025-05-20 20:12:12,391.8,0,391.8,Delivered,4
2061,641,42,2025-02-14 12:23:48,1077.46,0,1077.46,Delivered,3
2062,698,66,2025-10-11 11:12:08,312.04,31.2,280.84,Delivered,4
2063,575,94,2025-12-31 18:18:29,210.06,21.01,189.05,Delivered,5
2064,261,71,2025-04-11 09:19:32,363.18,72.64,290.54,Delivered,4
2065,101,22,2025-01-09 10:36:23,898.53,179.71,718.82,Delivered,5
2066,457,85,2025-07-19 18:27:08,458.58,22.93,435.65,Delivered,3
2067,2,164,2025-10-07 10:37:12,822.59,0,822.59,Delivered,
2068,563,119,2025-12-20 13:28:11,568.2,0,568.2,Delivered,
2069,353,138,2025-11-11 18:10:45,325.65,16.28,309.37,Delivered,5
2070,122,42,2025-01-13 10:39:53,1545.29,0,1545.29,Delivered,3
2071,207,91,2025-11-13 08:05:03,270.68,0,270.68,Delivered,5
2072,814,99,2025-07-20 18:16:47,50.7,10.14,40.56,Delivered,4
2073,19,64,2025-03-21 13:50:43,738.62,36.93,701.69,Delivered,5
2074,530,193,2025-03-06 14:02:45,313.18,0,313.18,Delivered,4
2075,832,35,2025-11-28 21:19:57,1385.51,277.1,1108.41,Delivered,
2076,505,127,2025-02-28 19:50:23,340.29,0,340.29,Delivered,5
2077,844,65,2025-11-04 10:44:54,489.35,97.87,391.48,Cancelled,
2078,258,45,2025-08-11 20:56:50,959.09,47.95,911.14,Delivered,
2079,921,132,2025-04-05 17:35:03,58.16,0,58.16,Delivered,5
2080,87,45,2025-03-14 10:34:57,469.29,93.86,375.43,Delivered,3
2081,613,115,2025-08-28 20:39:45,858.67,0,858.67,Delivered,
2082,3,189,2025-10-12 11:06:55,212.39,10.62,201.77,Delivered,5
2083,749,68,2025-07-15 14:38:49,360.72,18.04,342.68,Delivered,
2084,7,50,2025-02-23 13:31:02,72.5,0,72.5,Delivered,5
2085,717,197,2025-05-18 12:03:52,146.58,0,146.58,Cancelled,
2086,754,199,2025-02-06 09:38:14,263.28,0,263.28,Delivered,
2087,921,176,2025-09-27 09:13:50,1128.34,0,1128.34,Delivered,5
2088,142,52,2025-02-04 07:43:18,494.98,99.0,395.98,Delivered,4
2089,919,164,2025-01-27 15:05:40,367.17,73.43,293.74,Delivered,4
2090,366,146,2025-08-23 12:27:48,295.11,0,295.11,Delivered,4
2091,544,193,2025-07-08 13:44:28,115.01,0,115.01,Delivered,4
2092,832,56,2025-03-14 14:20:57,464.32,0,464.32,Delivered,
2093,866,176,2025-10-04 11:36:14,891.32,0,891.32,Delivered,1
2094,917,107,2025-11-16 09:34:43,483.35,0,483.35,Delivered,
2095,48,167,2025-10-21 17:54:47,888.48,0,888.48,Cancelled,
2096,873,153,2025-10-04 13:50:00,905.23,0,905.23,Delivered,
2097,708,128,2025-12-15 21:53:30,758.68,0,758.68,Delivered,
2098,236,76,2025-08-16 07:11:47,184.72,0,184.72,Delivered,4
2099,736,178,2025-10-02 19:24:03,1110.67,222.13,888.54,Delivered,4
2100,830,170,2025-11-09 11:16:27,172.06,0,172.06,Delivered,
2101,669,84,2025-12-02 20:01:26,237.52,0,237.52,Delivered,5
2102,159,24,2025-01-29 12:37:19,387.74,0,387.74,Delivered,5
2103,550,107,2025-11-21 20:44:19,554.42,0,554.42,Delivered,
2104,675,32,2025-02-05 23:03:58,375.8,18.79,357.01,Delivered,5
2105,46,60,2025-06-02 08:58:57,299.96,44.99,254.97,Delivered,
2106,428,97,2025-10-18 20:30:45,595.64,119.13,476.51,Delivered,
2107,198,178,2025-08-05 23:54:40,830.79,0,830.79,Delivered,
2108,964,68,2025-09-16 11:18:02,1125.67,0,1125.67,Delivered,4
2109,561,67,2025-03-12 17:19:38,886.45,132.97,753.48,Delivered,4
2110,458,66,2025-05-04 23:27:04,299.34,0,299.34,Delivered,
2111,517,183,2025-04-02 15:06:22,461.28,0,461.28,Cancelled,
2112,416,175,2025-12-24 19:17:37,326.44,0,326.44,Delivered,5
2113,380,18,2025-10-31 21:44:03,726.45,0,726.45,Delivered,
2114,741,191,2025-11-18 14:31:56,275.34,55.07,220.27,Delivered,
2115,32,127,2025-08-28 11:00:21,1076.46,0,1076.46,Delivered,5
2116,780,190,2025-04-11 10:32:51,1873.34,187.33,1686.01,Delivered,2
2117,970,60,2025-08-18 20:28:13,149.98,0,149.98,Delivered,3
2118,57,93,2025-08-01 18:12:27,524.6,104.92,419.68,Delivered,5
2119,93,104,2025-04-08 08:58:30,643.62,32.18,611.44,Delivered,5
2120,135,131,2025-05-29 19:45:47,1634.77,245.22,1389.55,Delivered,2
2121,35,123,2025-05-21 10:54:43,1384.76,276.95,1107.81,Cancelled,
2122,832,135,2025-08-26 11:05:04,678.68,0,678.68,Delivered,2
2123,260,103,2025-09-18 12:26:49,143.06,0,143.06,Delivered,2
2124,645,54,2025-05-12 14:50:11,180.24,36.05,144.19,Delivered,
2125,83,36,2025-12-15 11:54:36,347.76,34.78,312.98,Delivered,5
2126,723,177,2025-11-30 11:34:32,196.78,0,196.78,Delivered,5
2127,828,46,2025-05-23 10:30:38,171.1,17.11,153.99,Delivered,
2128,480,110,2025-03-11 11:45:46,1309.23,0,1309.23,Delivered,
2129,494,199,2025-10-08 15:07:44,329.72,0,329.72,Delivered,4
2130,540,131,2025-12-29 11:43:29,301.45,0,301.45,Delivered,5
2131,955,7,2025-10-03 11:05:50,750.41,0,750.41,Delivered,4
2132,14,51,2025-08-07 21:07:05,640.72,0,640.72,Delivered,
2133,731,180,2025-09-29 19:55:21,97.99,0,97.99,Delivered,1
2134,862,2,2025-09-16 10:15:15,1818.58,0,1818.58,Delivered,4
2135,350,149,2025-11-22 13:15:37,189.4,0,189.4,Delivered,
2136,246,135,2025-04-01 20:37:39,330.17,0,330.17,Cancelled,
2137,402,193,2025-05-13 19:22:54,137.19,27.44,109.75,Delivered,4
2138,41,17,2025-06-29 09:47:20,685.89,0,685.89,Delivered,3
2139,967,104,2025-10-30 22:09:35,727.1,36.36,690.74,Cancelled,
2140,312,127,2025-05-19 10:43:05,834.14,41.71,792.43,Cancelled,
2141,516,129,2025-01-09 19:50:15,394.45,19.72,374.73,Cancelled,
2142,208,145,2025-05-24 14:45:59,856.41,0,856.41,Delivered,5
2143,318,178,2025-10-17 09:42:32,276.74,0,276.74,Delivered,4
2144,276,180,2025-08-11 20:26:11,568.53,56.85,511.68,Cancelled,
2145,15,154,2025-06-10 14:18:04,138.33,0,138.33,Delivered,5
2146,668,62,2025-12-04 12:17:21,150.56,0,150.56,Delivered,
2147,754,182,2025-10-21 12:34:36,186.31,0,186.31,Delivered,5
2148,264,20,2025-01-24 16:27:27,1380.53,0,1380.53,Delivered,
2149,829,90,2025-05-22 09:16:30,61.18,0,61.18,Delivered,3
2150,414,110,2025-06-09 14:37:37,495.43,0,495.43,Cancelled,
2151,743,18,2025-04-27 08:41:39,763.0,38.15,724.85,Delivered,
2152,445,144,2025-03-17 12:42:19,123.08,0,123.08,Delivered,4
2153,88,175,2025-11-22 19:51:18,428.52,0,428.52,Delivered,4
2154,744,180,2025-04-25 22:06:40,1050.77,0,1050.77,Delivered,4
2155,864,169,2025-08-20 19:58:34,222.02,0,222.02,Delivered,
2156,293,169,2025-09-02 15:47:23,1093.16,0,1093.16,Delivered,3
2157,256,193,2025-05-25 21:23:53,261.97,0,261.97,Cancelled,
2158,832,1,2025-08-12 09:39:29,748.29,0,748.29,Delivered,3
2159,148,189,2025-09-18 21:07:30,1077.12,0,1077.12,Delivered,5
2160,665,164,2025-02-12 19:35:24,547.33,0,547.33,Delivered,
2161,464,16,2025-12-27 20:00:51,663.04,0,663.04,Delivered,
2162,9,101,2025-07-14 17:58:09,239.05,0,239.05,Delivered,2
2163,7,136,2025-06-20 17:12:49,179.18,8.96,170.22,Delivered,3
2164,170,48,2025-07-17 21:58:04,196.17,39.23,156.94,Delivered,
2165,983,84,2025-08-02 13:23:19,451.07,90.21,360.86,Delivered,4
2166,291,13,2025-02-02 09:37:53,495.89,0,495.89,Delivered,
2167,816,94,2025-05-16 12:20:54,963.44,0,963.44,Delivered,5
2168,253,89,2025-04-17 11:47:36,388.21,0,388.21,Delivered,4
2169,241,110,2025-10-25 19:56:31,263.86,0,263.86,Delivered,
2170,945,145,2025-03-07 18:34:18,585.22,0,585.22,Delivered,5
2171,738,94,2025-01-02 14:58:05,1837.71,91.89,1745.82,Delivered,2
2172,77,184,2025-03-14 22:18:59,230.27,0,230.27,Delivered,3
2173,148,166,2025-08-24 19:59:54,285.41,0,285.41,Cancelled,
2174,518,43,2025-10-02 10:41:05,294.92,29.49,265.43,Delivered,4
2175,708,47,2025-05-08 12:01:50,133.62,0,133.62,Delivered,5
2176,8,45,2025-08-27 19:18:17,56.05,8.41,47.64,Delivered,4
2177,746,105,2025-04-17 12:04:54,1394.63,0,1394.63,Delivered,
2178,709,26,2025-06-14 07:24:03,763.93,0,763.93,Delivered,4
2179,455,48,2025-09-23 18:06:50,970.22,0,970.22,Delivered,4
2180,718,180,2025-06-15 16:37:32,875.83,87.58,788.25,Delivered,5
2181,237,19,2025-04-19 19:48:26,170.77,0,170.77,Delivered,2
2182,921,69,2025-08-06 17:52:46,530.46,0,530.46,Delivered,
2183,275,134,2025-04-11 14:37:19,495.19,99.04,396.15,Cancelled,
2184,13,180,2025-10-15 13:19:06,742.05,0,742.05,Delivered,3
2185,550,101,2025-08-22 18:32:58,92.71,18.54,74.17,Delivered,
2186,590,14,2025-02-24 12:18:55,245.04,24.5,220.54,Delivered,
2187,310,107,2025-04-05 19:38:35,626.46,0,626.46,Delivered,4
2188,202,163,2025-06-04 18:43:07,67.37,0,67.37,Delivered,5
2189,927,164,2025-10-05 12:18:31,1217.35,182.6,1034.75,Delivered,5
2190,186,64,2025-12-01 13:11:56,166.44,33.29,133.15,Delivered,5
2191,4,113,2025-05-07 11:12:55,333.03,0,333.03,Delivered,4
2192,305,74,2025-02-03 18:23:19,524.6,0,524.6,Delivered,5
2193,39,18,2025-05-21 13:12:32,273.21,0,273.21,Delivered,
2194,749,89,2025-07-17 06:29:16,323.43,0,323.43,Delivered,4
2195,553,161,2025-09-12 09:27:14,1147.14,172.07,975.07,Delivered,5
2196,709,67,2025-10-17 12:56:52,919.38,91.94,827.44,Delivered,4
2197,219,12,2025-02-11 14:46:50,299.73,29.97,269.76,Delivered,4
2198,442,61,2025-08-01 17:28:20,765.21,0,765.21,Delivered,4
2199,318,103,2025-07-30 15:29:21,942.26,0,942.26,Delivered,4
2200,642,45,2025-01-15 22:23:20,525.34,0,525.34,Delivered,3
2201,780,104,2025-01-25 21:39:23,538.0,0,538.0,Delivered,5
2202,8,55,2025-10-13 09:23:31,1002.76,100.28,902.48,Delivered,5
2203,133,26,2025-11-22 13:14:06,1057.47,0,1057.47,Delivered,4
2204,310,130,2025-05-14 20:58:17,1070.89,107.09,963.8,Delivered,
2205,15,150,2025-02-18 21:49:34,795.2,0,795.2,Cancelled,
2206,668,180,2025-05-13 21:46:02,404.47,40.45,364.02,Delivered,5
2207,191,30,2025-04-17 11:49:36,79.12,7.91,71.21,Delivered,
2208,805,51,2025-03-10 09:23:12,463.66,0,463.66,Delivered,4
2209,731,147,2025-03-19 11:31:05,655.02,0,655.02,Delivered,4
2210,801,87,2025-06-13 08:12:42,301.82,60.36,241.46,Delivered,4
2211,601,168,2025-06-30 08:22:57,100.58,0,100.58,Delivered,
2212,450,170,2025-05-12 08:34:33,1340.8,67.04,1273.76,Delivered,5
2213,39,155,2025-08-08 21:05:33,314.05,47.11,266.94,Delivered,5
2214,732,13,2025-03-27 20:23:54,340.81,0,340.81,Delivered,5
2215,370,85,2025-04-20 13:49:04,393.21,58.98,334.23,Delivered,4
2216,241,103,2025-09-12 17:23:19,309.68,0,309.68,Delivered,5
2217,646,183,2025-11-14 12:18:03,46.52,0,46.52,Delivered,4
2218,184,51,2025-05-19 21:31:51,972.02,0,972.02,Delivered,
2219,419,163,2025-03-30 20:02:46,98.56,0,98.56,Delivered,3
2220,707,98,2025-05-14 10:30:15,1200.37,0,1200.37,Delivered,5
2221,478,166,2025-11-23 12:43:04,52.47,0,52.47,Delivered,4
2222,935,124,2025-07-21 19:54:01,948.87,0,948.87,Delivered,5
2223,59,85,2025-07-17 12:44:03,564.91,84.74,480.17,Cancelled,
2224,967,65,2025-12-21 12:05:13,866.21,129.93,736.28,Delivered,
2225,913,172,2025-07-26 11:18:53,108.08,0,108.08,Delivered,1
2226,843,101,2025-11-08 11:54:34,180.61,9.03,171.58,Delivered,5
2227,237,151,2025-10-25 14:06:23,401.93,20.1,381.83,Delivered,3
2228,17,163,2025-06-27 12:39:09,453.53,0,453.53,Cancelled,
2229,2,89,2025-07-31 06:22:34,409.02,40.9,368.12,Cancelled,
2230,699,131,2025-07-18 18:24:08,473.46,0,473.46,Delivered,4
2231,740,66,2025-02-22 21:16:09,125.62,0,125.62,Delivered,
2232,599,4,2025-10-10 18:45:27,107.13,0,107.13,Cancelled,
2233,927,123,2025-09-02 09:19:28,218.69,32.8,185.89,Cancelled,
2234,613,117,2025-02-23 15:11:18,1874.5,0,1874.5,Delivered,
2235,588,143,2025-03-24 18:52:17,684.85,0,684.85,Delivered,
2236,576,92,2025-04-27 19:26:54,779.42,0,779.42,Delivered,
2237,222,72,2025-07-30 19:51:33,328.78,0,328.78,Delivered,5
2238,987,69,2025-06-09 21:34:48,184.37,0,184.37,Delivered,4
2239,842,1,2025-03-26 21:57:28,948.32,47.42,900.9,Delivered,2
2240,994,128,2025-09-01 14:42:15,290.98,14.55,276.43,Delivered,5
2241,21,72,2025-01-23 11:17:13,135.34,20.3,115.04,Delivered,3
2242,818,116,2025-07-24 14:46:14,804.38,0,804.38,Delivered,3
2243,970,91,2025-12-08 22:56:11,187.46,0,187.46,Delivered,
2244,492,119,2025-07-19 16:40:11,492.9,98.58,394.32,Cancelled,
2245,597,109,2025-06-09 20:40:46,346.12,0,346.12,Delivered,5
2246,135,170,2025-01-09 19:30:07,333.73,0,333.73,Cancelled,
2247,288,74,2025-04-14 18:10:24,514.39,0,514.39,Cancelled,
2248,888,52,2025-03-27 10:01:05,406.51,20.33,386.18,Delivered,
2249,668,90,2025-03-06 16:25:28,175.23,8.76,166.47,Cancelled,
2250,220,59,2025-09-21 19:34:41,256.17,38.43,217.74,Delivered,3
2251,915,164,2025-11-13 20:55:42,877.36,87.74,789.62,Delivered,5
2252,840,34,2025-01-26 13:54:03,253.66,0,253.66,Delivered,5
2253,949,140,2025-10-25 14:53:21,248.06,24.81,223.25,Cancelled,
2254,164,153,2025-11-11 20:35:44,645.36,0,645.36,Delivered,3
2255,897,77,2025-11-07 13:00:35,232.44,0,232.44,Delivered,5
2256,842,135,2025-01-12 10:19:01,262.77,0,262.77,Delivered,4
2257,774,124,2025-09-18 23:31:19,281.46,0,281.46,Cancelled,
2258,147,109,2025-10-22 11:56:06,287.5,0,287.5,Delivered,3
2259,16,90,2025-12-24 11:46:10,289.28,28.93,260.35,Delivered,
2260,522,118,2025-07-06 20:34:35,74.52,0,74.52,Delivered,
2261,791,167,2025-10-03 13:38:33,513.14,0,513.14,Delivered,5
2262,744,188,2025-07-21 07:27:52,1108.78,0,1108.78,Delivered,4
2263,239,78,2025-08-14 12:22:55,613.18,61.32,551.86,Delivered,5
2264,344,37,2025-12-18 20:31:08,421.96,0,421.96,Delivered,5
2265,216,35,2025-10-23 14:49:16,364.75,0,364.75,Cancelled,
2266,326,194,2025-06-04 21:20:51,1451.5,0,1451.5,Delivered,5
2267,264,66,2025-03-26 10:21:50,225.32,0,225.32,Cancelled,
2268,13,25,2025-09-04 17:08:40,257.71,0,257.71,Delivered,2
2269,178,179,2025-12-12 11:27:52,448.48,0,448.48,Delivered,
2270,809,191,2025-10-13 21:44:15,270.59,0,270.59,Delivered,5
2271,404,166,2025-03-26 14:57:24,193.41,0,193.41,Delivered,3
2272,912,175,2025-10-12 13:03:54,428.52,0,428.52,Delivered,3
2273,162,112,2025-06-10 12:12:22,612.0,61.2,550.8,Delivered,5
2274,911,145,2025-12-04 14:15:07,291.73,0,291.73,Delivered,5
2275,389,185,2025-12-16 22:28:48,1102.04,0,1102.04,Delivered,5
2276,323,195,2025-08-26 21:19:11,414.37,62.16,352.21,Delivered,2
2277,695,156,2025-11-13 11:15:07,1211.65,60.58,1151.07,Delivered,
2278,549,138,2025-06-11 06:45:45,86.47,0,86.47,Cancelled,
2279,403,161,2025-03-18 18:39:18,168.2,0,168.2,Delivered,
2280,744,121,2025-01-07 19:10:07,216.15,10.81,205.34,Delivered,4
2281,709,162,2025-02-10 13:15:43,158.94,23.84,135.1,Delivered,
2282,118,155,2025-04-30 21:58:48,1018.39,101.84,916.55,Cancelled,
2283,231,25,2025-08-31 19:13:02,135.21,13.52,121.69,Delivered,
2284,66,67,2025-10-31 22:32:30,422.48,0,422.48,Delivered,5
2285,569,184,2025-10-03 20:37:20,82.37,0,82.37,Delivered,5
2286,454,87,2025-02-12 19:17:01,315.28,0,315.28,Delivered,2
2287,650,117,2025-10-04 21:35:22,266.25,0,266.25,Delivered,5
2288,42,9,2025-11-25 20:32:05,1119.11,0,1119.11,Delivered,5
2289,90,115,2025-10-02 13:25:21,375.8,56.37,319.43,Delivered,4
2290,561,164,2025-03-21 20:01:18,162.53,0,162.53,Delivered,5
2291,190,187,2025-10-11 21:19:40,585.56,29.28,556.28,Delivered,3
2292,709,89,2025-05-12 19:13:47,406.16,0,406.16,Delivered,
2293,748,57,2025-03-10 10:53:41,930.37,0,930.37,Delivered,
2294,773,42,2025-09-29 10:54:21,532.91,0,532.91,Delivered,1
2295,736,4,2025-08-22 20:56:15,341.51,0,341.51,Delivered,4
2296,832,128,2025-06-02 13:28:34,290.98,0,290.98,Delivered,4
2297,172,128,2025-03-08 16:12:40,1011.47,101.15,910.32,Delivered,5
2298,877,74,2025-10-23 12:18:04,407.96,81.59,326.37,Delivered,5
2299,926,5,2025-03-12 19:22:05,511.44,0,511.44,Delivered,4
2300,523,174,2025-07-01 09:15:09,271.6,0,271.6,Delivered,
2301,948,172,2025-06-14 12:41:41,539.76,53.98,485.78,Delivered,
2302,220,183,2025-10-31 22:50:29,390.4,0,390.4,Delivered,
2303,284,42,2025-01-12 13:15:44,170.54,17.05,153.49,Delivered,
2304,751,76,2025-03-07 08:16:50,239.75,0,239.75,Delivered,
2305,460,183,2025-06-12 16:03:52,916.95,0,916.95,Delivered,
2306,31,23,2025-10-26 08:38:20,581.92,116.38,465.54,Delivered,4
2307,344,196,2025-12-10 11:02:18,98.16,0,98.16,Delivered,4
2308,470,4,2025-02-14 11:57:16,870.02,174.0,696.02,Delivered,5
2309,261,191,2025-01-12 19:05:50,178.81,26.82,151.99,Delivered,5
2310,323,105,2025-12-05 11:00:05,1104.4,220.88,883.52,Delivered,
2311,608,66,2025-11-15 23:21:50,143.78,7.19,136.59,Delivered,
2312,113,200,2025-12-30 13:15:38,204.17,0,204.17,Delivered,
2313,927,162,2025-12-01 17:27:52,158.94,7.95,150.99,Delivered,5
2314,722,100,2025-12-21 19:47:03,461.2,23.06,438.14,Delivered,5
2315,138,145,2025-10-22 19:33:53,442.73,0,442.73,Delivered,5
2316,429,49,2025-06-20 12:35:16,379.54,56.93,322.61,Cancelled,
2317,299,114,2025-11-30 23:26:24,888.88,44.44,844.44,Delivered,4
2318,515,105,2025-06-29 19:43:40,562.92,0,562.92,Delivered,3
2319,927,155,2025-11-07 12:01:48,886.99,177.4,709.59,Delivered,5
2320,672,40,2025-02-15 21:45:42,368.44,0,368.44,Delivered,
2321,118,103,2025-09-05 19:47:37,452.74,0,452.74,Delivered,4
2322,623,24,2025-01-14 11:16:04,656.72,98.51,558.21,Delivered,5
2323,310,118,2025-05-13 21:35:23,382.26,0,382.26,Delivered,3
2324,558,90,2025-04-28 12:51:12,509.04,0,509.04,Delivered,
2325,283,107,2025-03-18 19:49:13,147.69,0,147.69,Cancelled,
2326,276,94,2025-07-03 20:11:49,804.66,120.7,683.96,Cancelled,
2327,596,186,2025-10-19 21:41:25,1291.91,258.38,1033.53,Delivered,4
2328,524,167,2025-10-22 13:57:38,861.62,43.08,818.54,Delivered,4
2329,435,55,2025-12-13 19:26:07,956.14,191.23,764.91,Delivered,5
2330,180,59,2025-05-14 13:18:52,1017.45,101.75,915.7,Delivered,
2331,313,81,2025-08-18 23:51:54,1273.78,191.07,1082.71,Delivered,4
2332,343,35,2025-04-18 19:25:20,1094.25,0,1094.25,Delivered,5
2333,670,195,2025-08-04 19:17:58,724.53,36.23,688.3,Delivered,4
2334,946,43,2025-09-16 19:00:02,271.07,0,271.07,Cancelled,
2335,18,108,2025-02-09 08:01:55,716.77,0,716.77,Delivered,
2336,127,75,2025-06-08 12:02:08,348.36,0,348.36,Cancelled,
2337,625,94,2025-11-29 07:45:18,492.38,24.62,467.76,Delivered,4
2338,330,170,2025-12-02 18:44:11,973.0,48.65,924.35,Delivered,4
2339,16,94,2025-07-26 19:08:49,946.24,0,946.24,Cancelled,
2340,906,64,2025-10-15 17:51:54,211.98,0,211.98,Cancelled,
2341,987,51,2025-03-18 12:39:36,541.24,108.25,432.99,Delivered,3
2342,839,181,2025-10-01 08:15:58,1588.33,0,1588.33,Delivered,
2343,234,43,2025-05-17 17:39:57,433.75,0,433.75,Cancelled,
2344,973,103,2025-09-27 12:58:01,929.66,185.93,743.73,Delivered,
2345,523,149,2025-02-27 13:01:27,234.03,0,234.03,Delivered,
2346,61,131,2025-06-14 21:35:36,1505.16,301.03,1204.13,Delivered,4
2347,532,33,2025-04-17 10:32:15,393.45,0,393.45,Delivered,3
2348,517,155,2025-04-21 19:08:44,492.36,0,492.36,Delivered,
2349,159,36,2025-11-05 10:36:37,263.34,0,263.34,Delivered,
2350,933,116,2025-12-06 09:14:50,462.38,92.48,369.9,Delivered,
2351,219,5,2025-12-19 19:42:06,818.89,0,818.89,Delivered,
2352,66,68,2025-09-19 09:18:49,814.55,0,814.55,Delivered,3
2353,53,95,2025-11-19 18:22:17,544.8,0,544.8,Cancelled,
2354,63,4,2025-09-04 11:45:49,448.64,0,448.64,Delivered,5
2355,285,26,2025-01-04 22:31:49,234.5,35.17,199.33,Delivered,4
2356,564,180,2025-12-10 11:18:29,933.71,186.74,746.97,Delivered,
2357,138,117,2025-07-09 08:40:38,196.8,0,196.8,Delivered,4
2358,828,185,2025-12-26 13:14:42,247.63,0,247.63,Cancelled,
2359,952,71,2025-11-25 12:43:20,122.97,0,122.97,Delivered,5
2360,317,20,2025-09-03 17:03:27,657.96,0,657.96,Delivered,
2361,818,115,2025-08-03 07:31:52,1399.05,69.95,1329.1,Delivered,5
2362,143,178,2025-12-18 12:15:34,189.92,9.5,180.42,Delivered,2
2363,818,119,2025-10-05 11:04:30,333.34,0,333.34,Delivered,
2364,365,10,2025-05-16 13:29:08,101.54,0,101.54,Delivered,
2365,430,85,2025-10-24 18:19:04,462.68,0,462.68,Delivered,5
2366,4,199,2025-08-09 18:34:00,789.84,0,789.84,Delivered,
2367,754,182,2025-05-03 21:08:14,949.25,0,949.25,Delivered,4
2368,15,40,2025-10-06 20:49:02,133.39,13.34,120.05,Delivered,2
2369,147,62,2025-05-16 19:28:45,109.38,21.88,87.5,Delivered,
2370,795,106,2025-02-26 20:04:00,465.54,0,465.54,Delivered,2
2371,978,34,2025-10-07 09:40:34,445.05,0,445.05,Delivered,
2372,133,110,2025-11-18 06:44:04,990.38,0,990.38,Delivered,
2373,795,117,2025-04-03 18:01:29,377.7,37.77,339.93,Delivered,
2374,389,130,2025-04-12 19:29:18,166.52,0,166.52,Delivered,
2375,805,90,2025-04-29 12:24:15,452.03,0,452.03,Delivered,4
2376,240,190,2025-01-06 18:11:54,1107.73,55.39,1052.34,Delivered,4
2377,149,152,2025-04-22 16:11:16,361.47,72.29,289.18,Delivered,
2378,615,91,2025-02-19 09:21:01,270.68,0,270.68,Delivered,4
2379,352,133,2025-06-25 10:42:43,69.96,0,69.96,Cancelled,
2380,952,71,2025-07-14 11:07:28,282.92,0,282.92,Delivered,4
2381,41,46,2025-05-07 07:23:38,272.27,0,272.27,Cancelled,
2382,464,136,2025-05-17 08:03:06,617.54,0,617.54,Delivered,
2383,59,85,2025-07-29 11:27:23,273.63,41.04,232.59,Delivered,5
2384,629,125,2025-08-21 23:01:56,624.53,0,624.53,Delivered,4
2385,573,137,2025-04-03 12:18:13,266.51,0,266.51,Delivered,
2386,787,70,2025-05-28 13:19:31,60.21,9.03,51.18,Delivered,4
2387,18,78,2025-10-04 11:17:31,1087.12,0,1087.12,Delivered,4
2388,14,99,2025-08-10 11:40:52,550.52,0,550.52,Delivered,5
2389,581,84,2025-07-06 18:58:22,203.3,40.66,162.64,Delivered,
2390,52,42,2025-08-09 18:22:40,178.77,17.88,160.89,Delivered,
2391,275,110,2025-12-10 07:29:29,813.8,0,813.8,Delivered,5
2392,642,23,2025-07-25 07:02:18,1032.97,0,1032.97,Delivered,4
2393,63,123,2025-08-21 21:10:29,982.87,196.57,786.3,Delivered,5
2394,596,114,2025-09-27 11:34:04,1031.85,0,1031.85,Delivered,
2395,878,34,2025-10-19 17:20:00,498.64,74.8,423.84,Delivered,4
2396,635,115,2025-02-28 22:07:37,510.94,0,510.94,Delivered,
2397,474,200,2025-10-02 10:38:09,35.43,3.54,31.89,Cancelled,
2398,920,14,2025-04-27 21:13:16,166.57,33.31,133.26,Delivered,5
2399,328,110,2025-11-22 12:54:38,570.17,0,570.17,Cancelled,
2400,703,87,2025-07-22 09:48:04,1015.61,0,1015.61,Cancelled,
2401,663,171,2025-01-14 12:43:17,1150.97,230.19,920.78,Delivered,
2402,933,151,2025-08-29 08:41:00,492.11,0,492.11,Delivered,5
2403,671,157,2025-06-07 11:45:36,339.05,50.86,288.19,Delivered,4
2404,999,107,2025-07-02 12:00:31,732.67,0,732.67,Delivered,5
2405,581,88,2025-01-14 19:49:29,662.16,66.22,595.94,Delivered,3
2406,941,196,2025-10-24 12:38:34,625.07,62.51,562.56,Delivered,
2407,86,61,2025-04-25 12:22:20,510.14,0,510.14,Delivered,4
2408,784,72,2025-11-13 12:21:13,592.65,0,592.65,Delivered,5
2409,212,169,2025-09-10 11:23:36,539.25,53.93,485.32,Delivered,5
2410,772,92,2025-05-02 20:28:21,245.44,0,245.44,Delivered,4
2411,594,68,2025-03-27 08:23:43,860.03,129.0,731.03,Delivered,
2412,856,38,2025-05-24 11:13:59,806.02,0,806.02,Delivered,2
2413,906,158,2025-07-17 21:30:24,670.42,0,670.42,Delivered,5
2414,532,189,2025-10-24 10:47:58,752.89,150.58,602.31,Delivered,4
2415,598,42,2025-01-18 10:56:00,273.27,0,273.27,Delivered,5
2416,714,20,2025-07-14 19:26:31,318.95,0,318.95,Delivered,4
2417,832,160,2025-09-06 20:04:09,214.36,32.15,182.21,Delivered,5
2418,310,77,2025-02-23 12:40:49,315.25,31.53,283.72,Delivered,5
2419,328,123,2025-07-19 12:45:49,437.38,0,437.38,Delivered,2
2420,955,116,2025-11-15 20:19:10,561.04,112.21,448.83,Delivered,4
2421,505,6,2025-04-06 20:01:56,51.5,0,51.5,Delivered,1
2422,318,155,2025-09-10 10:03:15,410.37,82.07,328.3,Delivered,
2423,747,137,2025-06-16 20:28:58,161.75,16.18,145.57,Delivered,5
2424,657,146,2025-12-24 06:39:52,98.37,0,98.37,Delivered,3
2425,598,164,2025-06-21 19:28:15,336.7,0,336.7,Delivered,2
2426,921,61,2025-04-25 14:44:32,765.21,0,765.21,Delivered,
2427,26,29,2025-11-24 12:34:35,409.93,0,409.93,Cancelled,
2428,222,124,2025-05-25 17:15:58,298.36,14.92,283.44,Cancelled,
2429,747,113,2025-04-01 15:45:23,1440.35,0,1440.35,Delivered,5
2430,495,21,2025-05-02 20:08:48,623.28,0,623.28,Delivered,
2431,141,155,2025-05-19 11:00:26,621.6,31.08,590.52,Delivered,5
2432,715,56,2025-11-13 19:03:12,565.02,0,565.02,Delivered,5
2433,540,3,2025-05-15 21:39:08,543.99,27.2,516.79,Delivered,5
2434,273,3,2025-01-14 11:58:19,1048.72,0,1048.72,Delivered,3
2435,347,130,2025-11-05 15:09:54,555.3,111.06,444.24,Cancelled,
2436,157,198,2025-12-08 19:53:50,109.42,0,109.42,Delivered,3
2437,581,85,2025-12-04 08:23:12,369.9,73.98,295.92,Delivered,2
2438,167,74,2025-09-24 16:17:59,397.75,0,397.75,Delivered,4
2439,21,60,2025-02-26 20:55:08,216.2,0,216.2,Delivered,
2440,877,34,2025-12-06 11:42:58,1164.7,0,1164.7,Cancelled,
2441,572,89,2025-11-23 22:00:35,130.07,6.5,123.57,Delivered,5
2442,123,27,2025-06-23 08:25:25,721.33,0,721.33,Delivered,5
2443,941,187,2025-01-30 10:08:13,495.42,0,495.42,Delivered,
2444,880,28,2025-09-04 10:05:42,1286.79,128.68,1158.11,Cancelled,
2445,750,117,2025-07-29 11:29:32,196.8,0,196.8,Delivered,
2446,858,28,2025-06-18 13:44:51,853.04,0,853.04,Delivered,2
2447,725,15,2025-08-30 11:50:18,574.14,0,574.14,Delivered,4
2448,818,151,2025-11-16 12:17:15,486.46,0,486.46,Delivered,4
2449,272,58,2025-04-26 07:17:45,519.4,0,519.4,Delivered,
2450,55,157,2025-08-20 22:02:54,487.89,48.79,439.1,Delivered,
2451,476,168,2025-10-25 14:03:26,767.5,0,767.5,Delivered,4
2452,552,189,2025-11-13 20:03:47,132.12,0,132.12,Delivered,3
2453,103,28,2025-07-16 14:38:53,210.03,0,210.03,Cancelled,
2454,154,82,2025-07-14 22:34:19,1016.77,0,1016.77,Delivered,
2455,427,151,2025-09-08 23:23:26,1076.27,0,1076.27,Cancelled,
2456,567,193,2025-05-11 12:59:22,175.02,8.75,166.27,Delivered,5
2457,237,138,2025-08-29 16:47:46,33.76,3.38,30.38,Delivered,4
2458,624,68,2025-08-21 19:56:03,1588.64,0,1588.64,Cancelled,
2459,921,14,2025-06-26 13:37:17,282.98,0,282.98,Delivered,2
2460,520,61,2025-07-28 13:06:51,602.42,0,602.42,Delivered,5
2461,125,111,2025-01-11 07:14:05,143.14,14.31,128.83,Delivered,2
2462,988,72,2025-10-18 21:00:48,515.41,0,515.41,Delivered,5
2463,984,44,2025-07-21 13:35:37,827.12,0,827.12,Cancelled,
2464,137,192,2025-10-03 21:14:02,604.49,30.22,574.27,Delivered,5
2465,581,84,2025-01-06 10:52:09,265.54,26.55,238.99,Delivered,4
2466,94,137,2025-07-19 19:12:34,516.99,25.85,491.14,Delivered,
2467,159,45,2025-05-18 07:35:58,244.9,12.25,232.65,Delivered,
2468,741,153,2025-07-07 20:41:15,448.4,44.84,403.56,Delivered,
2469,51,133,2025-06-03 11:37:55,213.95,0,213.95,Cancelled,
2470,313,158,2025-06-07 21:06:18,371.15,0,371.15,Delivered,5
2471,722,110,2025-06-25 00:53:40,174.59,0,174.59,Delivered,
2472,687,31,2025-07-16 09:48:35,788.86,39.44,749.42,Delivered,2
2473,958,9,2025-06-05 18:14:30,599.7,29.99,569.71,Delivered,
2474,70,169,2025-03-15 17:40:27,444.04,0,444.04,Delivered,5
2475,650,195,2025-01-12 00:23:25,502.44,0,502.44,Delivered,
2476,833,31,2025-04-07 12:03:32,811.68,162.34,649.34,Delivered,5
2477,650,105,2025-05-14 07:18:10,812.22,0,812.22,Delivered,4
2478,884,172,2025-08-20 17:57:20,417.65,0,417.65,Delivered,5
2479,473,154,2025-07-25 22:35:56,179.28,35.86,143.42,Cancelled,
2480,11,190,2025-12-06 20:18:35,154.73,0,154.73,Delivered,5
2481,81,133,2025-12-14 13:40:04,74.03,0,74.03,Delivered,4
2482,351,157,2025-02-03 06:27:22,362.06,0,362.06,Delivered,4
2483,354,116,2025-09-07 19:14:13,657.4,0,657.4,Delivered,5
2484,59,177,2025-07-29 13:45:29,130.07,0,130.07,Delivered,3
2485,805,174,2025-09-04 20:44:52,242.16,0,242.16,Cancelled,
2486,839,147,2025-11-16 12:29:27,977.5,0,977.5,Delivered,5
2487,495,95,2025-10-30 11:54:59,523.67,0,523.67,Delivered,5
2488,524,42,2025-04-12 07:59:11,791.42,79.14,712.28,Cancelled,
2489,726,18,2025-10-07 08:38:31,1460.16,0,1460.16,Delivered,4
2490,107,181,2025-09-12 14:22:44,989.71,0,989.71,Delivered,
2491,863,19,2025-09-12 17:57:39,765.4,0,765.4,Delivered,2
2492,604,113,2025-12-08 19:52:01,1047.41,0,1047.41,Delivered,
2493,821,53,2025-09-17 18:39:53,510.67,25.53,485.14,Delivered,4
2494,738,25,2025-03-03 18:34:41,274.12,0,274.12,Cancelled,
2495,641,26,2025-06-05 13:04:08,1015.81,0,1015.81,Delivered,5
2496,323,114,2025-09-18 10:01:13,135.37,0,135.37,Delivered,5
2497,915,164,2025-03-20 10:51:26,666.73,0,666.73,Delivered,4
2498,229,148,2025-07-08 19:51:39,1377.57,0,1377.57,Delivered,5
2499,71,129,2025-06-04 18:30:28,184.97,0,184.97,Delivered,2
2500,205,29,2025-06-26 16:53:24,787.11,0,787.11,Cancelled,
2501,722,110,2025-07-23 10:30:55,263.86,0,263.86,Delivered,4
2502,233,75,2025-10-20 13:33:56,211.32,31.7,179.62,Delivered,
2503,92,58,2025-05-08 21:19:41,647.73,0,647.73,Cancelled,
2504,402,92,2025-04-19 12:51:53,1216.02,0,1216.02,Delivered,4
2505,506,30,2025-08-08 17:21:26,47.6,0,47.6,Delivered,
2506,917,77,2025-10-07 21:17:25,489.75,24.49,465.26,Cancelled,
2507,162,54,2025-07-25 18:31:59,284.45,28.45,256.0,Delivered,4
2508,318,183,2025-10-20 07:54:58,392.25,58.84,333.41,Delivered,4
2509,45,140,2025-09-10 22:22:13,1432.25,0,1432.25,Delivered,5
2510,39,26,2025-06-12 11:28:53,318.78,0,318.78,Cancelled,
2511,735,134,2025-11-04 09:48:21,462.99,0,462.99,Delivered,
2512,934,56,2025-08-08 18:10:57,543.68,54.37,489.31,Delivered,2
2513,212,139,2025-11-15 18:48:40,479.39,0,479.39,Delivered,
2514,340,60,2025-12-30 11:02:40,527.02,52.7,474.32,Delivered,5
2515,296,142,2025-07-06 08:53:08,753.36,0,753.36,Delivered,3
2516,82,2,2025-09-14 08:27:58,577.51,0,577.51,Delivered,
2517,467,178,2025-04-20 14:17:06,743.4,0,743.4,Delivered,3
2518,21,159,2025-01-16 11:53:30,49.73,0,49.73,Delivered,4
2519,970,72,2025-09-13 12:11:51,515.41,0,515.41,Delivered,
2520,600,3,2025-12-04 23:27:29,621.38,0,621.38,Delivered,3
2521,480,178,2025-10-18 19:49:06,379.84,0,379.84,Delivered,4
2522,220,183,2025-05-24 21:07:31,291.03,0,291.03,Delivered,
2523,741,144,2025-05-12 18:38:15,309.84,0,309.84,Delivered,
2524,409,53,2025-11-03 12:24:50,164.56,0,164.56,Delivered,3
2525,512,76,2025-04-11 20:29:49,239.75,23.98,215.77,Delivered,
2526,296,102,2025-10-22 13:25:08,41.78,0,41.78,Cancelled,
2527,828,22,2025-07-12 12:45:54,559.06,0,559.06,Delivered,
2528,935,124,2025-04-29 11:21:00,589.38,0,589.38,Delivered,4
2529,967,190,2025-11-27 12:51:28,427.41,42.74,384.67,Delivered,3
2530,112,124,2025-12-20 12:20:27,410.07,61.51,348.56,Delivered,
2531,300,44,2025-09-23 19:29:36,568.76,0,568.76,Delivered,5
2532,92,185,2025-09-13 22:48:08,742.89,0,742.89,Delivered,5
2533,873,131,2025-08-30 19:47:18,343.68,0,343.68,Delivered,4
2534,339,117,2025-01-31 21:24:09,899.4,0,899.4,Delivered,5
2535,768,110,2025-11-10 11:50:15,891.54,0,891.54,Delivered,4
2536,84,86,2025-05-28 19:42:43,905.9,0,905.9,Delivered,5
2537,93,91,2025-05-30 08:39:26,347.53,0,347.53,Delivered,4
2538,552,194,2025-04-05 10:22:57,950.08,0,950.08,Delivered,3
2539,422,75,2025-03-11 14:27:46,116.12,0,116.12,Delivered,
2540,344,12,2025-09-17 11:48:19,264.2,0,264.2,Delivered,4
2541,599,18,2025-12-22 14:33:35,1095.83,0,1095.83,Cancelled,
2542,557,156,2025-09-07 20:05:54,120.94,0,120.94,Delivered,5
2543,921,69,2025-12-17 11:52:52,398.26,0,398.26,Delivered,5
2544,568,42,2025-02-25 21:43:01,477.2,95.44,381.76,Delivered,4
2545,856,166,2025-03-09 18:59:18,62.58,0,62.58,Delivered,4
2546,528,79,2025-08-01 11:54:58,141.15,0,141.15,Delivered,
2547,994,135,2025-12-25 12:40:22,85.74,0,85.74,Delivered,
2548,59,172,2025-01-20 11:39:35,810.94,162.19,648.75,Delivered,
2549,83,166,2025-05-19 11:04:29,134.13,13.41,120.72,Delivered,3
2550,413,153,2025-11-27 12:13:12,628.7,0,628.7,Delivered,
2551,504,200,2025-10-19 07:52:11,211.25,0,211.25,Delivered,2
2552,605,114,2025-03-16 09:19:54,790.84,0,790.84,Delivered,5
2553,495,52,2025-10-16 11:37:50,277.08,0,277.08,Delivered,3
2554,256,153,2025-12-28 13:48:12,601.46,0,601.46,Delivered,4
2555,82,2,2025-07-17 12:32:57,664.6,0,664.6,Delivered,4
2556,689,41,2025-07-29 20:16:14,443.37,22.17,421.2,Delivered,
2557,996,135,2025-05-09 12:22:07,330.17,0,330.17,Delivered,
2558,751,145,2025-10-25 12:05:12,368.11,0,368.11,Delivered,4
2559,41,63,2025-01-19 12:29:42,135.83,0,135.83,Delivered,4
2560,137,23,2025-11-21 12:25:23,209.52,10.48,199.04,Delivered,
2561,591,191,2025-07-08 20:46:18,424.51,0,424.51,Delivered,2
2562,35,59,2025-06-20 11:55:48,461.19,0,461.19,Delivered,3
2563,89,116,2025-08-20 15:08:07,486.4,0,486.4,Cancelled,
2564,34,40,2025-08-20 18:51:38,266.33,13.32,253.01,Delivered,5
2565,646,89,2025-12-23 10:08:05,256.77,25.68,231.09,Delivered,
2566,266,178,2025-02-27 00:46:26,259.46,51.89,207.57,Delivered,3
2567,182,170,2025-04-07 12:27:07,594.04,29.7,564.34,Delivered,4
2568,482,200,2025-07-12 10:12:43,433.8,43.38,390.42,Delivered,
2569,664,123,2025-06-11 22:04:01,1166.07,0,1166.07,Delivered,
2570,309,184,2025-01-12 19:17:38,635.5,0,635.5,Delivered,
2571,738,73,2025-09-30 10:36:47,103.45,0,103.45,Delivered,3
2572,356,91,2025-02-10 12:29:13,243.29,0,243.29,Delivered,
2573,197,99,2025-07-02 13:38:00,297.87,0,297.87,Delivered,4
2574,392,172,2025-12-30 21:32:27,987.09,0,987.09,Delivered,3
2575,623,48,2025-06-24 16:21:45,1114.58,0,1114.58,Delivered,5
2576,105,153,2025-07-13 08:18:17,645.36,0,645.36,Delivered,4
2577,118,167,2025-09-22 19:24:32,1196.32,0,1196.32,Delivered,
2578,616,186,2025-09-16 21:14:38,1331.98,0,1331.98,Delivered,5
2579,146,163,2025-09-07 19:28:58,264.49,0,264.49,Delivered,
2580,421,95,2025-12-05 09:03:11,568.56,0,568.56,Delivered,4
2581,919,167,2025-11-16 20:40:17,706.55,0,706.55,Cancelled,
2582,293,119,2025-12-01 10:22:20,373.42,0,373.42,Delivered,
2583,641,167,2025-10-16 14:38:28,425.41,0,425.41,Delivered,1
2584,167,162,2025-07-11 20:38:02,579.93,0,579.93,Delivered,4
2585,14,152,2025-09-03 22:51:35,271.89,0,271.89,Delivered,
2586,964,18,2025-09-30 17:49:16,241.55,0,241.55,Delivered,3
2587,269,4,2025-07-11 22:25:15,137.92,6.9,131.02,Delivered,4
2588,958,2,2025-11-06 08:21:27,728.97,0,728.97,Delivered,
2589,789,100,2025-02-24 12:31:49,1137.33,0,1137.33,Delivered,4
2590,97,157,2025-12-09 12:35:31,478.9,47.89,431.01,Delivered,
2591,531,100,2025-03-02 20:29:05,1610.93,80.55,1530.38,Delivered,
2592,210,97,2025-05-22 20:48:03,227.24,34.09,193.15,Delivered,1
2593,168,73,2025-05-29 10:46:26,1101.04,0,1101.04,Delivered,5
2594,303,189,2025-03-31 12:10:29,383.12,0,383.12,Delivered,
2595,745,137,2025-11-19 14:58:11,301.32,30.13,271.19,Delivered,
2596,676,120,2025-06-18 21:33:01,468.5,0,468.5,Delivered,
2597,769,172,2025-07-17 21:00:35,1512.01,0,1512.01,Delivered,2
2598,202,97,2025-03-10 10:05:50,595.64,0,595.64,Delivered,5
2599,81,15,2025-10-16 09:04:51,943.16,141.47,801.69,Cancelled,
2600,379,88,2025-03-18 20:55:27,640.45,128.09,512.36,Delivered,5
2601,340,66,2025-06-18 20:50:47,408.7,0,408.7,Delivered,4
2602,451,111,2025-02-15 00:32:47,1163.52,0,1163.52,Delivered,5
2603,251,167,2025-01-11 12:01:04,877.68,0,877.68,Cancelled,
2604,504,200,2025-03-15 20:30:16,35.43,0,35.43,Delivered,5
2605,669,125,2025-11-26 12:38:28,204.17,0,204.17,Delivered,3
2606,922,193,2025-01-29 17:24:30,380.68,0,380.68,Delivered,5
2607,890,158,2025-11-19 15:36:05,414.25,0,414.25,Delivered,5
2608,587,199,2025-07-04 08:17:58,1114.72,167.21,947.51,Delivered,5
2609,388,45,2025-01-13 19:15:31,622.6,0,622.6,Delivered,
2610,202,101,2025-02-18 22:21:59,30.5,3.05,27.45,Delivered,5
2611,754,113,2025-10-31 20:14:03,576.67,0,576.67,Delivered,
2612,744,161,2025-08-25 11:18:41,347.36,0,347.36,Delivered,
2613,299,7,2025-05-21 13:16:05,214.37,42.87,171.5,Delivered,5
2614,713,98,2025-06-24 09:46:26,107.6,0,107.6,Delivered,5
2615,759,114,2025-10-05 21:44:53,811.29,0,811.29,Delivered,5
2616,222,66,2025-05-21 19:32:38,209.06,0,209.06,Delivered,4
2617,4,113,2025-07-13 07:21:44,1343.02,134.3,1208.72,Delivered,4
2618,66,18,2025-12-29 17:27:39,773.04,0,773.04,Delivered,3
2619,917,101,2025-12-14 10:53:45,455.71,91.14,364.57,Delivered,5
2620,581,177,2025-07-03 11:47:13,292.42,0,292.42,Delivered,1
2621,964,74,2025-11-08 19:55:14,425.16,21.26,403.9,Cancelled,
2622,293,57,2025-10-29 20:55:12,767.29,0,767.29,Delivered,5
2623,405,61,2025-05-01 19:41:06,905.37,90.54,814.83,Delivered,3
2624,45,32,2025-03-05 19:41:35,588.63,0,588.63,Delivered,4
2625,549,106,2025-04-16 18:42:02,291.18,0,291.18,Delivered,
2626,641,167,2025-09-17 10:09:00,180.0,27.0,153.0,Cancelled,
2627,875,83,2025-09-16 00:25:38,591.83,0,591.83,Delivered,4
2628,981,147,2025-05-20 12:43:26,495.24,0,495.24,Delivered,
2629,563,7,2025-02-16 14:57:55,677.56,33.88,643.68,Delivered,
2630,713,41,2025-07-27 20:58:06,293.82,0,293.82,Delivered,4
2631,237,168,2025-01-30 19:27:06,959.03,0,959.03,Delivered,5
2632,461,147,2025-03-07 12:29:31,378.5,0,378.5,Delivered,5
2633,567,193,2025-07-05 18:50:00,241.01,48.2,192.81,Delivered,4
2634,194,100,2025-11-03 18:25:57,2111.63,422.33,1689.3,Delivered,
2635,415,114,2025-04-21 12:06:21,979.03,97.9,881.13,Delivered,
2636,464,50,2025-11-15 19:22:40,315.56,0,315.56,Delivered,
2637,497,74,2025-12-12 13:32:25,795.5,0,795.5,Delivered,4
2638,741,41,2025-05-28 13:52:37,263.43,0,263.43,Delivered,
2639,235,166,2025-02-08 19:19:00,177.4,0,177.4,Delivered,5
2640,191,148,2025-05-15 11:44:04,818.49,0,818.49,Cancelled,
2641,452,96,2025-08-27 12:23:48,1175.06,0,1175.06,Delivered,
2642,168,161,2025-09-20 19:45:17,1483.54,0,1483.54,Delivered,5
2643,826,74,2025-10-04 21:25:09,785.29,78.53,706.76,Delivered,
2644,14,73,2025-06-12 22:08:14,614.38,0,614.38,Delivered,4
2645,561,178,2025-04-06 21:57:52,812.94,0,812.94,Delivered,
2646,901,155,2025-09-19 22:32:19,54.27,2.71,51.56,Delivered,
2647,170,179,2025-06-21 19:27:27,193.57,0,193.57,Delivered,
2648,445,153,2025-09-24 16:29:01,180.3,0,180.3,Delivered,4
2649,730,96,2025-06-05 19:02:31,503.5,0,503.5,Cancelled,
2650,906,150,2025-12-16 19:29:06,444.7,88.94,355.76,Delivered,3
2651,137,154,2025-07-09 20:07:35,77.17,15.43,61.74,Delivered,3
2652,994,16,2025-05-02 14:56:42,940.51,94.05,846.46,Delivered,5
2653,858,5,2025-01-20 10:18:18,825.63,123.84,701.79,Delivered,4
2654,873,92,2025-02-20 20:38:23,512.43,0,512.43,Delivered,1
2655,618,34,2025-10-04 21:27:27,763.72,0,763.72,Delivered,2
2656,958,2,2025-06-18 15:14:03,155.01,0,155.01,Delivered,
2657,832,135,2025-12-22 12:34:50,611.28,0,611.28,Delivered,1
2658,792,42,2025-02-28 19:50:17,177.07,8.85,168.22,Delivered,5
2659,133,164,2025-05-18 07:55:45,86.53,0,86.53,Delivered,5
2660,618,175,2025-03-06 19:52:13,170.52,0,170.52,Delivered,
2661,949,120,2025-05-19 09:41:21,1228.43,0,1228.43,Delivered,3
2662,819,173,2025-04-04 19:12:41,376.92,18.85,358.07,Delivered,2
2663,785,69,2025-07-01 20:28:06,284.76,0,284.76,Cancelled,
2664,55,174,2025-01-19 19:26:01,189.86,37.97,151.89,Delivered,3
2665,997,44,2025-07-06 12:49:19,258.36,0,258.36,Delivered,5
2666,624,89,2025-08-14 18:18:25,365.91,0,365.91,Delivered,5
2667,868,121,2025-12-27 19:30:32,171.13,0,171.13,Delivered,4
2668,245,49,2025-04-05 12:42:06,423.3,0,423.3,Delivered,5
2669,255,199,2025-06-14 13:32:42,789.84,0,789.84,Delivered,
2670,53,122,2025-09-01 20:31:24,153.55,23.03,130.52,Delivered,5
2671,608,159,2025-04-24 08:01:00,49.73,0,49.73,Delivered,4
2672,840,67,2025-07-19 23:07:49,145.13,0,145.13,Cancelled,
2673,594,34,2025-07-08 21:16:42,629.82,0,629.82,Delivered,4
2674,222,65,2025-08-30 13:31:23,457.03,0,457.03,Delivered,4
2675,259,81,2025-11-04 16:16:03,319.38,0,319.38,Delivered,4
2676,48,11,2025-10-23 22:34:47,946.98,142.05,804.93,Cancelled,
2677,651,167,2025-12-06 21:11:59,180.0,0,180.0,Cancelled,
2678,533,187,2025-07-12 22:13:35,1187.07,0,1187.07,Delivered,5
2679,258,166,2025-08-09 11:44:10,40.83,8.17,32.66,Delivered,
2680,899,176,2025-12-15 20:00:56,607.59,91.14,516.45,Delivered,4
2681,893,38,2025-07-22 22:00:20,272.93,0,272.93,Delivered,
2682,981,171,2025-08-09 17:51:45,384.16,0,384.16,Cancelled,
2683,575,132,2025-11-27 16:24:54,249.81,0,249.81,Delivered,4
2684,650,198,2025-06-18 18:09:18,309.34,0,309.34,Cancelled,
2685,735,18,2025-02-02 20:33:44,785.24,0,785.24,Delivered,4
2686,4,84,2025-06-17 16:20:37,241.09,0,241.09,Delivered,4
2687,239,181,2025-12-30 13:39:03,645.8,0,645.8,Delivered,
2688,312,116,2025-11-03 19:34:50,390.04,0,390.04,Delivered,5
2689,581,79,2025-07-22 20:43:42,63.3,9.49,53.81,Delivered,
2690,123,51,2025-07-30 20:06:51,244.18,12.21,231.97,Delivered,5
2691,366,127,2025-08-18 19:26:36,680.58,68.06,612.52,Delivered,
2692,844,60,2025-04-10 13:42:45,533.42,0,533.42,Delivered,5
2693,166,156,2025-08-19 20:50:47,415.26,0,415.26,Delivered,
2694,450,170,2025-10-27 15:01:34,216.52,0,216.52,Delivered,4
2695,254,107,2025-09-10 13:35:07,335.66,0,335.66,Delivered,4
2696,194,39,2025-04-08 11:47:02,99.42,0,99.42,Delivered,5
2697,189,191,2025-05-20 08:39:28,874.39,0,874.39,Delivered,5
2698,868,99,2025-11-21 15:44:35,472.58,94.52,378.06,Delivered,5
2699,191,30,2025-05-03 22:23:20,170.78,17.08,153.7,Delivered,2
2700,340,91,2025-12-14 18:27:13,83.65,0,83.65,Delivered,
2701,240,91,2025-10-30 11:36:24,430.75,0,430.75,Delivered,5
2702,951,102,2025-04-03 07:26:34,63.06,0,63.06,Delivered,5
2703,766,158,2025-10-23 21:18:06,160.97,0,160.97,Delivered,
2704,793,97,2025-02-01 18:33:02,595.64,0,595.64,Delivered,4
2705,634,155,2025-04-14 20:33:34,423.34,63.5,359.84,Delivered,5
2706,751,37,2025-01-16 13:54:07,162.82,16.28,146.54,Delivered,5
2707,310,46,2025-06-21 17:29:46,41.3,0,41.3,Delivered,
2708,71,108,2025-11-30 18:15:19,931.82,186.36,745.46,Cancelled,
2709,735,34,2025-09-30 18:25:44,188.08,0,188.08,Delivered,3
2710,225,144,2025-04-04 12:41:34,391.18,0,391.18,Delivered,4
2711,59,85,2025-12-09 14:05:00,375.86,75.17,300.69,Delivered,5
2712,55,78,2025-10-13 19:23:33,255.04,0,255.04,Delivered,3
2713,621,142,2025-12-27 08:07:07,1082.11,0,1082.11,Delivered,4
2714,382,197,2025-09-22 12:46:26,95.79,9.58,86.21,Delivered,
2715,793,70,2025-12-04 20:01:59,109.58,0,109.58,Delivered,
2716,588,16,2025-10-20 09:39:10,843.7,0,843.7,Cancelled,
2717,939,51,2025-12-09 06:06:24,431.04,0,431.04,Delivered,
2718,138,116,2025-07-29 13:47:18,1095.76,0,1095.76,Delivered,5
2719,417,30,2025-08-14 08:42:40,655.05,0,655.05,Delivered,5
2720,949,140,2025-12-23 13:23:31,683.82,0,683.82,Delivered,
2721,404,44,2025-11-05 14:28:40,325.84,0,325.84,Delivered,
2722,237,187,2025-12-28 20:32:51,871.42,0,871.42,Delivered,
2723,277,199,2025-04-16 09:26:50,869.85,0,869.85,Delivered,3
2724,967,66,2025-11-02 20:39:19,308.36,0,308.36,Delivered,5
2725,692,137,2025-10-20 23:46:11,399.6,0,399.6,Delivered,
2726,726,103,2025-09-26 21:03:05,929.66,0,929.66,Delivered,
2727,116,196,2025-06-17 20:24:51,98.16,9.82,88.34,Cancelled,
2728,260,68,2025-01-14 19:12:49,227.15,34.07,193.08,Delivered,
2729,841,117,2025-10-26 22:21:25,921.95,0,921.95,Cancelled,
2730,328,42,2025-10-21 21:56:00,1173.95,0,1173.95,Delivered,5
2731,190,145,2025-12-11 21:57:11,291.73,0,291.73,Delivered,
2732,144,11,2025-01-31 09:06:34,1154.46,230.89,923.57,Delivered,4
2733,645,1,2025-02-09 23:28:31,498.86,0,498.86,Delivered,3
2734,713,156,2025-10-27 19:50:10,930.81,0,930.81,Delivered,5
2735,382,27,2025-05-05 13:01:06,815.89,40.79,775.1,Delivered,
2736,878,103,2025-09-05 00:32:32,143.06,0,143.06,Delivered,5
2737,195,99,2025-12-20 18:20:16,421.88,0,421.88,Cancelled,
2738,122,134,2025-12-18 19:53:01,908.41,181.68,726.73,Delivered,4
2739,231,90,2025-01-04 19:20:51,109.88,10.99,98.89,Delivered,4
2740,283,22,2025-01-15 21:36:38,188.55,9.43,179.12,Delivered,5
2741,93,190,2025-03-24 19:10:50,680.32,0,680.32,Delivered,5
2742,389,22,2025-03-07 06:06:07,674.54,67.45,607.09,Delivered,
2743,147,69,2025-05-16 11:46:31,1129.65,56.48,1073.17,Delivered,5
2744,568,155,2025-02-10 18:26:00,54.27,0,54.27,Delivered,4
2745,277,79,2025-03-24 08:30:33,265.18,0,265.18,Delivered,4
2746,886,20,2025-11-04 07:23:42,603.42,0,603.42,Delivered,
2747,209,68,2025-10-04 12:43:01,227.15,45.43,181.72,Delivered,5
2748,664,178,2025-12-06 15:12:32,553.48,0,553.48,Delivered,
2749,348,120,2025-12-06 23:16:39,787.87,39.39,748.48,Delivered,
2750,441,17,2025-10-14 22:45:54,80.93,0,80.93,Delivered,3
2751,478,53,2025-11-15 17:59:58,1054.07,0,1054.07,Delivered,5
2752,275,68,2025-08-08 12:30:27,285.06,0,285.06,Delivered,5
2753,684,121,2025-03-06 21:36:32,490.51,98.1,392.41,Delivered,
2754,815,185,2025-12-11 15:46:41,339.82,0,339.82,Delivered,5
2755,49,11,2025-08-19 10:11:00,628.13,0,628.13,Delivered,5
2756,912,4,2025-08-02 17:49:11,798.0,0,798.0,Delivered,5
2757,153,45,2025-05-10 22:56:20,244.9,0,244.9,Delivered,5
2758,142,20,2025-09-27 12:33:56,712.28,0,712.28,Delivered,3
2759,317,66,2025-07-03 11:53:06,77.92,15.58,62.34,Delivered,3
2760,30,175,2025-02-25 20:36:13,222.3,0,222.3,Delivered,4
2761,482,184,2025-03-14 06:22:33,1586.84,0,1586.84,Delivered,
2762,868,197,2025-02-10 16:58:01,137.22,0,137.22,Delivered,3
2763,971,18,2025-12-27 20:44:10,1378.01,275.6,1102.41,Delivered,4
2764,830,131,2025-06-23 20:07:21,111.75,0,111.75,Delivered,2
2765,77,200,2025-08-22 10:28:35,115.7,5.79,109.91,Cancelled,
2766,143,4,2025-11-20 17:25:22,599.11,119.82,479.29,Delivered,4
2767,589,106,2025-08-29 15:28:37,180.05,36.01,144.04,Delivered,3
2768,759,127,2025-03-10 21:33:58,205.26,0,205.26,Delivered,5
2769,259,189,2025-10-24 19:03:13,428.21,0,428.21,Delivered,2
2770,276,129,2025-06-30 20:15:53,438.41,0,438.41,Delivered,5
2771,428,77,2025-04-01 20:30:23,56.31,0,56.31,Delivered,4
2772,540,131,2025-10-11 12:31:24,283.59,0,283.59,Delivered,
2773,436,66,2025-01-22 08:29:09,99.7,0,99.7,Delivered,3
2774,153,154,2025-03-30 12:24:15,154.34,0,154.34,Delivered,
2775,418,19,2025-07-16 08:13:40,727.03,0,727.03,Delivered,5
2776,974,156,2025-10-21 13:51:56,521.89,0,521.89,Cancelled,
2777,271,183,2025-07-29 21:25:47,98.19,0,98.19,Delivered,5
2778,23,149,2025-05-06 20:08:28,173.41,0,173.41,Delivered,4
2779,593,62,2025-09-01 22:38:30,81.81,8.18,73.63,Delivered,3
2780,725,111,2025-04-10 15:57:50,307.62,0,307.62,Delivered,
2781,473,44,2025-04-20 11:04:40,975.4,0,975.4,Delivered,4
2782,123,157,2025-05-27 11:26:05,119.97,12.0,107.97,Delivered,2
2783,423,165,2025-04-17 19:09:51,886.22,0,886.22,Delivered,
2784,805,78,2025-11-03 23:55:20,255.04,0,255.04,Delivered,5
2785,813,82,2025-11-29 13:23:32,308.4,0,308.4,Delivered,
2786,581,172,2025-08-26 15:06:02,662.68,99.4,563.28,Cancelled,
2787,326,194,2025-08-18 18:13:32,776.85,38.84,738.01,Delivered,
2788,394,54,2025-08-27 13:24:19,211.02,42.2,168.82,Delivered,
2789,905,96,2025-04-29 13:19:39,397.73,0,397.73,Delivered,5
2790,419,163,2025-06-04 21:51:36,98.56,19.71,78.85,Delivered,
2791,966,89,2025-10-27 23:55:05,494.61,98.92,395.69,Delivered,
2792,88,39,2025-11-16 20:43:39,122.17,0,122.17,Cancelled,
2793,505,86,2025-06-13 20:31:03,699.03,0,699.03,Cancelled,
2794,669,79,2025-05-27 20:58:36,467.06,93.41,373.65,Delivered,
2795,976,63,2025-05-22 12:01:48,437.5,87.5,350.0,Delivered,
2796,505,5,2025-05-25 00:34:40,109.15,5.46,103.69,Cancelled,
2797,851,192,2025-04-08 09:30:20,619.84,92.98,526.86,Delivered,4
2798,286,178,2025-05-20 16:52:21,189.92,0,189.92,Delivered,2
2799,942,175,2025-09-30 08:14:28,548.74,0,548.74,Delivered,
2800,21,104,2025-11-24 19:37:20,325.28,0,325.28,Delivered,
2801,41,58,2025-06-21 09:19:23,370.65,0,370.65,Delivered,2
2802,13,147,2025-03-20 11:08:16,506.1,0,506.1,Delivered,5
2803,919,167,2025-05-27 21:09:25,846.28,0,846.28,Delivered,2
2804,344,114,2025-09-29 13:46:27,563.16,0,563.16,Delivered,4
2805,191,84,2025-12-13 16:15:34,382.35,0,382.35,Delivered,4
2806,816,132,2025-08-13 13:27:23,348.41,0,348.41,Delivered,3
2807,21,122,2025-02-21 18:50:51,639.61,0,639.61,Cancelled,
2808,318,164,2025-11-17 14:44:25,900.25,0,900.25,Cancelled,
2809,435,81,2025-06-04 17:34:36,748.11,0,748.11,Delivered,5
2810,446,52,2025-05-31 20:44:14,148.74,0,148.74,Cancelled,
2811,735,123,2025-02-09 15:32:20,545.49,0,545.49,Delivered,5
2812,531,11,2025-03-12 19:16:48,163.27,16.33,146.94,Delivered,
2813,907,143,2025-09-23 11:06:11,199.03,0,199.03,Delivered,
2814,355,24,2025-11-02 13:27:37,387.74,0,387.74,Delivered,5
2815,77,165,2025-06-13 21:06:17,818.77,0,818.77,Delivered,
2816,507,115,2025-06-27 13:02:20,375.8,0,375.8,Delivered,3
2817,941,105,2025-08-10 22:41:58,601.9,0,601.9,Delivered,4
2818,829,161,2025-10-21 14:35:28,1178.71,0,1178.71,Delivered,
2819,361,140,2025-11-13 11:35:20,789.46,0,789.46,Delivered,4
2820,237,133,2025-11-21 16:34:57,71.97,0,71.97,Delivered,4
2821,109,86,2025-05-08 11:45:04,173.84,17.38,156.46,Delivered,4
2822,86,132,2025-03-22 16:08:18,333.77,0,333.77,Delivered,4
2823,990,61,2025-03-13 14:31:27,809.61,0,809.61,Delivered,4
2824,795,6,2025-04-04 19:07:12,564.01,0,564.01,Delivered,5
2825,377,66,2025-05-09 12:09:33,143.78,21.57,122.21,Delivered,5
2826,96,130,2025-05-21 21:31:07,339.34,0,339.34,Delivered,5
2827,727,106,2025-06-22 22:01:56,746.21,37.31,708.9,Delivered,5
2828,176,131,2025-11-21 19:01:57,111.75,0,111.75,Delivered,3
2829,58,123,2025-03-23 12:42:53,528.98,52.9,476.08,Delivered,
2830,978,110,2025-10-25 18:27:40,990.86,0,990.86,Cancelled,
2831,68,194,2025-05-16 13:37:47,752.77,0,752.77,Delivered,
2832,487,52,2025-02-09 14:07:19,310.08,0,310.08,Delivered,3
2833,869,2,2025-08-03 20:11:35,444.19,88.84,355.35,Delivered,
2834,933,169,2025-06-04 21:15:15,580.76,0,580.76,Delivered,5
2835,535,8,2025-08-09 21:15:45,512.75,25.64,487.11,Delivered,
2836,119,169,2025-08-17 11:33:36,677.96,0,677.96,Delivered,2
2837,637,22,2025-09-17 18:28:30,377.48,0,377.48,Delivered,3
2838,383,62,2025-03-01 13:29:47,81.81,0,81.81,Delivered,
2839,894,186,2025-05-31 12:09:07,902.62,0,902.62,Delivered,5
2840,787,29,2025-06-26 20:27:31,544.99,0,544.99,Delivered,3
2841,583,29,2025-11-16 16:28:21,409.93,0,409.93,Cancelled,
2842,669,30,2025-12-27 09:28:46,615.72,0,615.72,Cancelled,
2843,910,66,2025-08-02 19:59:40,186.42,0,186.42,Delivered,
2844,420,89,2025-06-22 20:57:00,429.83,0,429.83,Delivered,
2845,505,146,2025-02-02 19:34:57,672.13,33.61,638.52,Delivered,
2846,421,20,2025-05-20 18:03:21,54.32,0,54.32,Delivered,5
2847,428,17,2025-02-03 17:09:06,750.82,75.08,675.74,Delivered,
2848,805,73,2025-05-21 20:03:48,1311.86,0,1311.86,Delivered,5
2849,136,160,2025-10-27 17:59:14,494.85,0,494.85,Delivered,5
2850,569,165,2025-12-25 07:26:11,533.88,80.08,453.8,Delivered,5
2851,191,30,2025-12-22 10:48:50,1610.7,0,1610.7,Delivered,
2852,476,111,2025-09-08 19:18:59,228.74,0,228.74,Cancelled,
2853,87,24,2025-06-08 12:19:07,150.59,0,150.59,Delivered,3
2854,477,84,2025-05-01 18:17:22,233.64,0,233.64,Delivered,
2855,261,193,2025-09-28 20:40:11,382.96,57.44,325.52,Cancelled,
2856,466,194,2025-02-24 13:38:00,957.16,191.43,765.73,Delivered,
2857,832,143,2025-06-16 20:55:43,374.31,0,374.31,Delivered,5
2858,210,70,2025-07-18 20:16:43,362.27,0,362.27,Delivered,4
2859,527,66,2025-08-15 15:08:17,246.06,36.91,209.15,Delivered,
2860,744,171,2025-04-23 20:58:40,1225.52,0,1225.52,Cancelled,
2861,465,100,2025-02-17 16:17:35,1426.2,285.24,1140.96,Delivered,4
2862,242,180,2025-08-22 09:37:24,822.47,0,822.47,Cancelled,
2863,665,18,2025-10-30 21:53:41,654.46,32.72,621.74,Delivered,
2864,57,32,2025-09-28 15:29:36,224.21,0,224.21,Delivered,5
2865,141,183,2025-07-31 14:53:50,46.52,4.65,41.87,Delivered,3
2866,437,194,2025-10-01 20:09:45,863.44,0,863.44,Delivered,4
2867,376,25,2025-06-17 19:18:56,67.15,0,67.15,Delivered,
2868,497,89,2025-09-22 08:36:41,215.66,0,215.66,Delivered,
2869,209,74,2025-01-12 23:12:32,407.96,61.19,346.77,Delivered,
2870,946,199,2025-06-21 20:39:50,526.56,0,526.56,Delivered,
2871,348,2,2025-11-10 13:48:54,509.59,25.48,484.11,Cancelled,
2872,89,138,2025-01-31 12:31:24,78.36,7.84,70.52,Delivered,5
2873,850,40,2025-07-25 12:19:11,223.84,0,223.84,Delivered,3
2874,597,152,2025-10-24 12:53:38,1675.03,0,1675.03,Delivered,5
2875,641,26,2025-12-21 20:48:05,701.04,0,701.04,Delivered,
2876,242,174,2025-02-06 13:37:03,340.38,68.08,272.3,Delivered,
2877,459,116,2025-04-05 07:59:56,1045.14,0,1045.14,Delivered,4
2878,388,194,2025-04-02 08:55:21,549.14,0,549.14,Delivered,
2879,67,33,2025-11-22 07:47:32,149.66,0,149.66,Delivered,
2880,885,68,2025-12-21 10:01:43,770.74,0,770.74,Cancelled,
2881,695,92,2025-11-16 11:39:44,723.89,0,723.89,Delivered,3
2882,481,39,2025-11-08 13:33:51,407.26,0,407.26,Delivered,5
2883,318,34,2025-09-26 12:32:49,1548.5,0,1548.5,Delivered,5
2884,83,33,2025-01-05 11:15:45,133.67,0,133.67,Delivered,3
2885,708,75,2025-08-12 21:17:01,70.44,0,70.44,Delivered,4
2886,783,95,2025-12-24 18:15:01,617.02,123.4,493.62,Delivered,
2887,87,44,2025-04-08 21:15:37,494.5,0,494.5,Delivered,5
2888,268,10,2025-12-04 23:56:46,403.81,0,403.81,Delivered,3
2889,610,25,2025-05-11 11:24:06,179.06,0,179.06,Delivered,
2890,927,68,2025-12-25 12:13:32,645.78,0,645.78,Delivered,5
2891,562,107,2025-04-30 23:10:01,437.29,87.46,349.83,Delivered,
2892,955,133,2025-06-01 20:13:13,141.93,0,141.93,Delivered,
2893,983,84,2025-08-23 08:20:38,207.41,41.48,165.93,Delivered,5
2894,265,78,2025-02-03 13:47:36,462.46,0,462.46,Delivered,
2895,472,174,2025-04-08 18:27:38,171.94,0,171.94,Cancelled,
2896,309,120,2025-02-21 11:07:22,743.07,0,743.07,Delivered,4
2897,337,56,2025-06-06 10:13:17,1056.87,0,1056.87,Delivered,3
2898,139,65,2025-06-12 15:58:01,760.48,152.1,608.38,Delivered,5
2899,260,42,2025-09-24 20:12:07,957.8,0,957.8,Delivered,
2900,34,154,2025-05-01 22:46:22,96.6,19.32,77.28,Delivered,2
2901,146,163,2025-08-28 18:53:29,369.86,0,369.86,Delivered,
2902,256,156,2025-10-27 11:40:25,463.82,0,463.82,Delivered,5
2903,108,133,2025-05-27 10:43:50,508.63,0,508.63,Cancelled,
2904,927,110,2025-10-18 12:10:36,174.59,0,174.59,Delivered,
2905,46,91,2025-04-17 19:16:30,379.06,0,379.06,Delivered,3
2906,130,119,2025-03-14 16:46:31,153.66,0,153.66,Delivered,
2907,328,123,2025-07-11 12:21:02,1149.56,0,1149.56,Delivered,5
2908,868,99,2025-11-11 13:40:33,495.19,0,495.19,Delivered,4
2909,442,51,2025-08-25 19:43:32,337.48,0,337.48,Delivered,
2910,884,79,2025-06-24 15:13:12,262.61,0,262.61,Delivered,5
2911,286,74,2025-10-31 11:27:51,397.75,0,397.75,Delivered,
2912,811,75,2025-10-26 22:44:29,304.48,0,304.48,Delivered,
2913,341,23,2025-02-15 11:46:58,290.96,0,290.96,Delivered,
2914,126,65,2025-12-13 13:25:52,542.23,0,542.23,Delivered,5
2915,816,181,2025-12-27 18:15:07,563.16,0,563.16,Delivered,4
2916,605,133,2025-06-14 21:02:45,274.69,0,274.69,Delivered,
2917,958,184,2025-01-29 22:14:33,1049.75,0,1049.75,Delivered,3
2918,404,45,2025-04-25 13:54:30,994.63,198.93,795.7,Delivered,5
2919,487,10,2025-12-12 19:11:32,144.62,21.69,122.93,Delivered,4
2920,519,139,2025-07-01 20:09:24,364.08,0,364.08,Cancelled,
2921,428,163,2025-11-04 18:21:31,229.29,0,229.29,Cancelled,
2922,581,113,2025-03-16 07:34:12,340.52,0,340.52,Delivered,3
2923,160,11,2025-01-18 14:32:33,620.44,31.02,589.42,Delivered,4
2924,859,189,2025-01-11 21:20:49,267.34,26.73,240.61,Delivered,
2925,847,106,2025-11-17 08:05:40,360.1,72.02,288.08,Delivered,5
2926,168,62,2025-12-17 23:21:15,109.38,0,109.38,Delivered,5
2927,721,141,2025-04-18 23:48:57,311.59,0,311.59,Delivered,5
2928,344,49,2025-12-05 20:18:49,352.58,70.52,282.06,Delivered,5
2929,635,127,2025-08-13 15:47:02,542.55,27.13,515.42,Delivered,3
2930,944,87,2025-01-05 19:54:12,677.16,101.57,575.59,Delivered,5
2931,815,130,2025-04-04 11:45:48,388.78,0,388.78,Delivered,4
2932,172,135,2025-06-12 17:13:33,488.86,73.33,415.53,Delivered,
2933,481,26,2025-04-15 20:28:41,573.39,0,573.39,Delivered,5
2934,650,5,2025-08-06 08:18:37,846.0,0,846.0,Delivered,3
2935,971,175,2025-09-12 12:47:56,86.0,0,86.0,Delivered,4
2936,706,165,2025-10-30 10:28:22,837.51,0,837.51,Delivered,4
2937,490,67,2025-01-11 20:03:24,352.35,0,352.35,Delivered,3
2938,943,143,2025-10-27 23:24:59,796.24,39.81,756.43,Delivered,4
2939,486,188,2025-05-09 14:21:22,1145.65,0,1145.65,Delivered,
2940,980,116,2025-06-29 22:51:00,171.0,0,171.0,Delivered,4
2941,676,165,2025-10-09 19:06:24,53.0,0,53.0,Delivered,
2942,679,76,2025-10-20 21:47:20,294.78,0,294.78,Delivered,1
2943,357,39,2025-03-24 19:54:24,302.43,0,302.43,Delivered,4
2944,884,79,2025-08-11 19:38:38,63.3,0,63.3,Delivered,
2945,844,10,2025-01-19 13:01:27,403.81,0,403.81,Delivered,5
2946,900,105,2025-04-27 18:48:55,665.51,0,665.51,Delivered,4
2947,464,16,2025-12-19 17:26:55,110.03,0,110.03,Delivered,
2948,118,134,2025-05-26 20:01:02,737.98,0,737.98,Cancelled,
2949,860,19,2025-10-18 20:13:39,170.77,8.54,162.23,Delivered,4
2950,964,178,2025-10-18 22:53:44,846.5,0,846.5,Delivered,5
2951,608,124,2025-10-27 18:19:51,152.85,0,152.85,Delivered,5
2952,839,87,2025-08-25 08:14:31,918.24,0,918.24,Delivered,
2953,967,20,2025-10-12 18:07:48,541.93,0,541.93,Delivered,5
2954,179,169,2025-09-17 21:23:52,940.26,0,940.26,Delivered,4
2955,43,87,2025-09-07 22:32:05,908.53,90.85,817.68,Delivered,3
2956,738,197,2025-07-27 21:46:43,176.98,0,176.98,Delivered,
2957,735,167,2025-11-23 13:18:59,804.24,0,804.24,Delivered,3
2958,940,11,2025-12-18 08:39:02,163.27,0,163.27,Delivered,4
2959,149,171,2025-06-04 20:44:11,976.26,48.81,927.45,Delivered,4
2960,125,146,2025-04-13 22:13:26,295.11,0,295.11,Delivered,3
2961,469,20,2025-01-15 11:04:04,94.11,0,94.11,Cancelled,
2962,59,43,2025-12-27 21:17:07,190.86,0,190.86,Delivered,4
2963,202,185,2025-08-03 11:14:25,854.41,0,854.41,Delivered,5
2964,741,193,2025-10-06 11:43:30,77.18,3.86,73.32,Delivered,5
2965,976,58,2025-09-04 08:30:45,552.27,27.61,524.66,Cancelled,
2966,530,144,2025-07-11 08:16:22,238.91,47.78,191.13,Delivered,1
2967,638,158,2025-04-20 13:56:59,531.43,0,531.43,Delivered,4
2968,376,13,2025-05-31 13:17:18,522.36,26.12,496.24,Delivered,
2969,404,8,2025-12-09 19:10:28,407.19,0,407.19,Delivered,
2970,308,159,2025-05-28 17:22:24,193.15,0,193.15,Delivered,5
2971,535,173,2025-07-28 19:37:25,538.25,53.83,484.42,Delivered,4
2972,128,133,2025-04-28 16:52:57,253.36,0,253.36,Delivered,
2973,25,88,2025-12-23 08:11:31,1090.66,218.13,872.53,Delivered,1
2974,738,13,2025-12-03 11:21:51,607.74,0,607.74,Cancelled,
2975,49,39,2025-12-12 07:47:42,234.76,11.74,223.02,Delivered,
2976,310,185,2025-03-13 17:49:09,1322.85,0,1322.85,Delivered,4
2977,493,14,2025-06-17 13:08:08,515.8,0,515.8,Delivered,2
2978,117,184,2025-06-13 11:13:53,1198.85,239.77,959.08,Delivered,4
2979,41,97,2025-11-01 19:28:42,865.74,0,865.74,Delivered,4
2980,64,51,2025-12-22 22:41:40,143.3,28.66,114.64,Delivered,
2981,461,14,2025-09-06 11:18:00,399.39,0,399.39,Delivered,5
2982,582,62,2025-09-30 20:18:26,607.42,0,607.42,Delivered,
2983,185,48,2025-12-25 18:05:19,918.23,137.73,780.5,Delivered,3
2984,575,171,2025-09-09 17:09:21,592.1,0,592.1,Delivered,
2985,437,8,2025-10-03 12:48:08,623.55,62.35,561.2,Delivered,5
2986,70,105,2025-06-03 20:18:12,646.02,0,646.02,Delivered,
2987,423,165,2025-04-27 22:37:07,477.08,0,477.08,Delivered,5
2988,584,167,2025-03-05 13:09:43,836.32,0,836.32,Delivered,4
2989,759,115,2025-08-10 15:31:28,187.9,0,187.9,Delivered,5
2990,860,114,2025-02-15 12:19:11,250.29,0,250.29,Delivered,5
2991,57,2,2025-07-17 22:58:28,620.54,0,620.54,Delivered,
2992,647,154,2025-04-08 21:28:06,308.29,30.83,277.46,Delivered,5
2993,591,131,2025-07-15 13:32:44,433.35,0,433.35,Delivered,1
2994,340,52,2025-10-08 09:36:09,351.04,0,351.04,Cancelled,
2995,744,27,2025-11-11 20:11:08,412.86,0,412.86,Delivered,5
2996,528,30,2025-07-14 20:50:02,386.98,0,386.98,Delivered,4
2997,175,49,2025-08-18 07:15:46,401.42,0,401.42,Delivered,5
2998,416,89,2025-11-12 19:03:18,85.59,4.28,81.31,Cancelled,
2999,389,97,2025-06-26 16:09:02,368.4,0,368.4,Cancelled,
3000,634,39,2025-08-26 13:52:19,321.01,0,321.01,Delivered,
3001,495,122,2025-12-19 19:46:39,410.01,0,410.01,Delivered,
3002,350,108,2025-09-24 10:52:00,1085.37,0,1085.37,Delivered,
3003,220,155,2025-07-20 15:09:07,342.21,68.44,273.77,Delivered,
3004,676,2,2025-07-23 13:17:16,915.81,0,915.81,Delivered,
3005,908,122,2025-01-31 19:41:59,97.34,19.47,77.87,Delivered,4
3006,82,32,2025-01-12 21:09:35,140.21,0,140.21,Delivered,5
3007,643,80,2025-04-25 21:09:50,721.99,0,721.99,Delivered,3
3008,860,168,2025-05-22 19:47:28,699.13,0,699.13,Delivered,5
3009,819,192,2025-07-29 18:46:37,1220.44,122.04,1098.4,Delivered,4
3010,663,132,2025-03-22 20:46:55,195.56,0,195.56,Delivered,2
3011,14,14,2025-07-25 12:48:30,399.39,0,399.39,Cancelled,
3012,118,167,2025-08-05 07:08:12,804.24,120.64,683.6,Cancelled,
3013,275,162,2025-05-10 21:59:18,79.47,0,79.47,Delivered,5
3014,367,32,2025-02-27 20:56:52,224.21,0,224.21,Delivered,5
3015,761,74,2025-11-24 17:13:31,233.28,0,233.28,Delivered,
3016,875,26,2025-07-23 16:01:51,1313.36,0,1313.36,Delivered,5
3017,330,71,2025-07-22 12:24:02,107.04,0,107.04,Cancelled,
3018,634,11,2025-04-10 10:27:49,1542.73,0,1542.73,Delivered,
3019,794,153,2025-08-29 13:10:29,815.08,40.75,774.33,Delivered,5
3020,474,32,2025-05-01 15:05:07,953.05,142.96,810.09,Cancelled,
3021,561,74,2025-11-11 20:54:10,154.26,0,154.26,Delivered,5
3022,645,112,2025-10-29 19:23:44,587.49,117.5,469.99,Delivered,3
3023,668,78,2025-04-20 12:32:47,816.06,0,816.06,Cancelled,
3024,650,7,2025-10-05 17:24:56,442.3,88.46,353.84,Cancelled,
3025,744,31,2025-07-16 12:27:10,418.71,0,418.71,Cancelled,
3026,605,151,2025-11-27 13:41:28,401.93,0,401.93,Delivered,3
3027,82,140,2025-06-04 19:37:23,1132.68,0,1132.68,Delivered,2
3028,623,166,2025-05-02 21:41:50,40.83,0,40.83,Cancelled,
3029,452,25,2025-06-04 09:14:04,204.18,0,204.18,Delivered,4
3030,265,27,2025-11-25 12:28:03,826.58,82.66,743.92,Delivered,
3031,936,100,2025-05-26 15:44:50,345.88,0,345.88,Delivered,5
3032,325,95,2025-04-12 12:08:26,161.44,0,161.44,Cancelled,
3033,98,148,2025-07-13 20:57:11,325.39,65.08,260.31,Delivered,4
3034,297,60,2025-08-03 13:49:52,108.16,10.82,97.34,Delivered,
3035,162,75,2025-05-28 13:20:11,161.07,0,161.07,Delivered,5
3036,854,10,2025-06-09 22:21:21,101.54,0,101.54,Delivered,5
3037,679,145,2025-02-10 07:35:27,281.46,42.22,239.24,Delivered,
3038,119,106,2025-11-27 10:20:46,232.77,0,232.77,Delivered,2
3039,874,106,2025-08-01 14:56:06,523.95,104.79,419.16,Delivered,1
3040,389,163,2025-10-14 15:16:03,197.12,19.71,177.41,Delivered,1
3041,849,2,2025-10-26 13:28:24,896.43,0,896.43,Cancelled,
3042,109,145,2025-10-07 21:35:33,422.19,84.44,337.75,Delivered,
3043,137,8,2025-08-14 11:51:40,194.45,38.89,155.56,Delivered,5
3044,662,77,2025-03-23 10:49:49,309.2,0,309.2,Delivered,
3045,877,103,2025-01-25 18:36:35,266.4,0,266.4,Delivered,5
3046,488,155,2025-05-27 10:13:37,68.16,0,68.16,Delivered,
3047,243,94,2025-04-14 17:21:07,94.19,0,94.19,Delivered,4
3048,651,100,2025-09-07 21:04:02,544.68,54.47,490.21,Delivered,
3049,257,65,2025-12-08 19:58:09,1178.4,0,1178.4,Delivered,5
3050,218,134,2025-06-09 18:33:52,798.31,0,798.31,Delivered,4
3051,358,52,2025-03-14 09:41:40,398.71,39.87,358.84,Cancelled,
3052,657,86,2025-02-23 12:28:43,347.68,0,347.68,Delivered,
3053,510,175,2025-12-21 20:01:20,306.82,61.36,245.46,Delivered,5
3054,713,144,2025-12-05 06:10:39,192.92,0,192.92,Delivered,3
3055,664,83,2025-05-29 19:15:04,640.72,32.04,608.68,Cancelled,
3056,142,72,2025-12-27 11:12:05,457.31,68.6,388.71,Delivered,4
3057,275,4,2025-11-22 19:21:30,275.84,13.79,262.05,Delivered,4
3058,550,17,2025-08-16 10:11:05,155.24,31.05,124.19,Delivered,3
3059,275,103,2025-06-11 08:23:20,894.15,0,894.15,Delivered,4
3060,761,103,2025-06-22 11:16:34,91.39,18.28,73.11,Delivered,4
3061,57,93,2025-12-20 16:41:06,475.75,0,475.75,Delivered,
3062,131,176,2025-06-14 19:55:40,471.81,0,471.81,Delivered,
3063,842,50,2025-07-28 17:32:13,72.5,0,72.5,Delivered,4
3064,906,81,2025-12-24 20:17:04,449.52,89.9,359.62,Cancelled,
3065,751,187,2025-03-19 22:32:29,427.7,0,427.7,Delivered,5
3066,602,178,2025-03-30 12:30:42,1594.61,0,1594.61,Delivered,3
3067,268,159,2025-11-24 13:04:20,310.24,0,310.24,Delivered,
3068,316,103,2025-11-27 14:23:02,1069.16,0,1069.16,Cancelled,
3069,497,39,2025-09-06 13:02:44,54.5,2.73,51.77,Delivered,
3070,595,89,2025-04-16 15:57:29,580.2,87.03,493.17,Delivered,5
3071,145,29,2025-10-10 14:44:45,409.93,0,409.93,Delivered,5
3072,670,49,2025-12-05 09:13:40,528.87,0,528.87,Delivered,
3073,868,147,2025-10-01 22:56:36,582.87,0,582.87,Cancelled,
3074,85,141,2025-02-07 12:39:35,378.14,0,378.14,Delivered,5
3075,958,2,2025-01-21 20:34:18,1818.54,0,1818.54,Delivered,
3076,686,26,2025-01-07 19:57:56,637.56,0,637.56,Delivered,5
3077,391,1,2025-04-19 20:49:23,1035.11,0,1035.11,Delivered,5
3078,721,129,2025-12-05 06:16:57,359.75,0,359.75,Delivered,5
3079,793,107,2025-04-11 18:22:54,564.84,84.73,480.11,Cancelled,
3080,674,42,2025-07-24 08:54:01,170.54,0,170.54,Delivered,
3081,473,189,2025-06-03 18:26:07,955.05,191.01,764.04,Delivered,
3082,634,178,2025-05-05 19:45:59,450.95,0,450.95,Delivered,5
3083,194,175,2025-06-17 13:52:31,271.12,0,271.12,Delivered,5
3084,217,78,2025-06-29 06:46:45,693.44,69.34,624.1,Delivered,
3085,21,21,2025-11-06 20:00:39,1025.54,51.28,974.26,Delivered,4
3086,653,137,2025-12-11 20:19:44,260.03,26.0,234.03,Cancelled,
3087,147,94,2025-10-06 19:38:44,484.66,0,484.66,Delivered,
3088,115,80,2025-03-02 12:09:57,358.49,71.7,286.79,Delivered,1
3089,488,100,2025-01-30 19:50:35,396.35,0,396.35,Delivered,
3090,388,8,2025-01-18 23:21:39,1092.48,0,1092.48,Delivered,5
3091,85,73,2025-01-28 22:24:37,244.24,0,244.24,Delivered,
3092,340,122,2025-06-24 09:49:09,599.7,0,599.7,Cancelled,
3093,385,80,2025-09-14 11:17:41,183.84,27.58,156.26,Delivered,5
3094,378,153,2025-09-02 11:08:57,287.11,0,287.11,Delivered,
3095,647,55,2025-11-13 00:39:02,912.45,182.49,729.96,Delivered,5
3096,950,127,2025-07-06 10:59:02,817.27,0,817.27,Delivered,5
3097,435,179,2025-12-16 14:45:36,262.16,39.32,222.84,Delivered,5
3098,53,21,2025-09-26 11:05:19,173.01,0,173.01,Delivered,
3099,272,17,2025-03-16 10:04:33,163.05,0,163.05,Cancelled,
3100,523,61,2025-05-26 12:07:05,1112.56,0,1112.56,Delivered,5
3101,71,197,2025-06-28 15:21:46,140.56,0,140.56,Delivered,
3102,386,138,2025-10-27 19:35:05,231.86,0,231.86,Delivered,4
3103,708,160,2025-04-25 19:18:09,528.92,0,528.92,Delivered,
3104,310,107,2025-11-12 13:05:23,412.51,0,412.51,Delivered,
3105,994,160,2025-06-14 13:28:12,330.65,0,330.65,Delivered,5
3106,323,57,2025-08-27 22:17:33,343.78,0,343.78,Delivered,4
3107,721,69,2025-01-19 08:41:38,1213.63,0,1213.63,Delivered,
3108,825,49,2025-08-31 13:12:36,857.55,171.51,686.04,Delivered,5
3109,258,150,2025-12-01 18:38:31,436.9,0,436.9,Delivered,5
3110,459,7,2025-10-16 12:35:20,98.63,0,98.63,Delivered,2
3111,500,66,2025-05-13 21:33:42,337.72,0,337.72,Delivered,4
3112,142,65,2025-04-27 23:03:35,397.39,0,397.39,Cancelled,
3113,802,16,2025-12-22 21:20:35,157.33,15.73,141.6,Delivered,3
3114,876,91,2025-04-15 20:47:44,195.31,0,195.31,Delivered,5
3115,309,2,2025-03-24 14:25:52,242.99,24.3,218.69,Delivered,
3116,735,89,2025-01-12 13:35:15,562.76,0,562.76,Cancelled,
3117,420,67,2025-08-13 22:33:42,352.35,0,352.35,Delivered,4
3118,597,180,2025-05-07 21:16:59,744.7,0,744.7,Delivered,5
3119,854,66,2025-10-22 15:09:43,303.42,15.17,288.25,Delivered,5
3120,19,158,2025-11-05 14:10:27,144.41,0,144.41,Delivered,5
3121,614,1,2025-11-10 07:33:35,343.59,0,343.59,Delivered,5
3122,291,31,2025-10-06 20:55:53,139.57,0,139.57,Delivered,5
3123,766,154,2025-06-11 21:54:24,77.17,0,77.17,Delivered,
3124,484,134,2025-07-12 14:52:51,555.52,0,555.52,Delivered,
3125,503,130,2025-07-06 08:35:49,509.29,0,509.29,Delivered,4
3126,533,82,2025-06-19 13:57:19,1685.91,0,1685.91,Delivered,2
3127,488,26,2025-08-11 13:42:49,677.51,0,677.51,Delivered,
3128,793,107,2025-12-30 08:15:45,808.38,0,808.38,Cancelled,
3129,738,109,2025-05-01 12:47:12,785.17,78.52,706.65,Cancelled,
3130,128,106,2025-11-05 09:50:31,412.82,0,412.82,Delivered,2
3131,725,133,2025-08-25 19:49:44,148.06,0,148.06,Delivered,3
3132,337,160,2025-12-27 21:51:53,623.62,0,623.62,Delivered,
3133,241,167,2025-12-28 20:39:03,510.12,0,510.12,Delivered,3
3134,464,112,2025-09-15 20:50:36,1138.68,0,1138.68,Delivered,
3135,252,176,2025-12-28 21:06:38,180.25,0,180.25,Delivered,
3136,858,86,2025-02-26 07:42:39,1503.33,0,1503.33,Delivered,
3137,86,108,2025-12-17 17:45:13,739.97,37.0,702.97,Cancelled,
3138,59,79,2025-12-30 20:32:02,204.45,20.45,184.0,Delivered,
3139,852,41,2025-11-04 14:52:38,55.4,8.31,47.09,Delivered,2
3140,429,187,2025-08-14 09:15:23,395.69,0,395.69,Delivered,
3141,685,115,2025-09-06 14:39:09,369.61,0,369.61,Delivered,3
3142,142,159,2025-06-16 16:34:34,49.73,0,49.73,Cancelled,
3143,775,37,2025-08-19 19:40:38,160.8,8.04,152.76,Delivered,5
3144,706,32,2025-12-05 12:09:37,375.8,0,375.8,Delivered,
3145,915,4,2025-07-30 08:54:01,234.38,0,234.38,Cancelled,
3146,427,133,2025-05-29 11:39:58,379.89,0,379.89,Delivered,5
3147,971,68,2025-09-29 17:53:17,993.6,0,993.6,Delivered,
3148,191,79,2025-02-27 16:19:44,325.91,0,325.91,Delivered,2
3149,768,167,2025-10-09 19:35:09,333.14,66.63,266.51,Delivered,4
3150,921,141,2025-10-09 20:56:05,245.04,36.76,208.28,Delivered,4
3151,478,64,2025-08-07 08:40:45,590.4,0,590.4,Cancelled,
3152,389,97,2025-01-21 21:33:59,325.54,0,325.54,Delivered,5
3153,256,193,2025-07-01 14:02:56,345.13,0,345.13,Delivered,
3154,709,4,2025-09-12 10:46:07,263.5,0,263.5,Delivered,
3155,222,52,2025-05-15 10:41:40,229.41,34.41,195.0,Delivered,3
3156,585,111,2025-06-19 19:00:29,494.33,0,494.33,Delivered,
3157,181,18,2025-09-30 15:01:47,704.92,35.25,669.67,Delivered,
3158,560,183,2025-08-05 13:44:22,392.25,0,392.25,Delivered,4
3159,816,31,2025-12-26 21:55:53,743.25,0,743.25,Delivered,5
3160,102,95,2025-06-22 15:43:22,1047.5,0,1047.5,Delivered,
3161,942,110,2025-06-21 16:50:44,876.48,43.82,832.66,Delivered,
3162,425,52,2025-06-16 13:02:40,624.41,0,624.41,Delivered,2
3163,967,60,2025-08-10 12:43:17,293.56,0,293.56,Delivered,3
3164,26,107,2025-07-02 13:48:39,1022.27,0,1022.27,Delivered,
3165,320,51,2025-02-14 20:42:32,270.62,40.59,230.03,Cancelled,
3166,747,79,2025-12-19 13:34:12,343.03,0,343.03,Delivered,
3167,132,150,2025-08-11 20:57:06,420.86,0,420.86,Delivered,4
3168,569,165,2025-02-03 19:44:51,561.2,0,561.2,Delivered,
3169,41,107,2025-01-28 18:10:25,417.15,20.86,396.29,Delivered,5
3170,487,65,2025-03-11 19:17:48,404.15,0,404.15,Delivered,
3171,558,180,2025-02-03 20:53:08,513.34,0,513.34,Delivered,4
3172,811,136,2025-10-16 19:41:46,259.18,0,259.18,Delivered,
3173,537,178,2025-05-30 10:30:41,382.98,0,382.98,Delivered,
3174,244,191,2025-09-01 23:37:37,1253.11,0,1253.11,Cancelled,
3175,275,123,2025-09-30 20:10:20,310.29,0,310.29,Delivered,5
3176,162,54,2025-09-28 16:43:43,61.6,3.08,58.52,Delivered,2
3177,163,18,2025-11-26 00:21:26,168.16,33.63,134.53,Delivered,5
3178,434,80,2025-06-12 22:42:06,183.84,18.38,165.46,Delivered,4
3179,856,40,2025-04-29 20:07:10,200.6,20.06,180.54,Cancelled,
3180,261,41,2025-07-21 16:14:20,742.91,0,742.91,Delivered,
3181,164,193,2025-03-23 22:39:58,227.84,0,227.84,Delivered,4
3182,245,196,2025-05-19 14:27:53,859.56,0,859.56,Delivered,
3183,474,200,2025-02-21 12:16:20,347.8,34.78,313.02,Delivered,5
3184,584,67,2025-11-19 22:27:38,1133.94,0,1133.94,Delivered,
3185,650,114,2025-03-17 22:56:24,1116.56,0,1116.56,Delivered,5
3186,588,136,2025-12-20 19:48:06,358.36,0,358.36,Delivered,4
3187,161,2,2025-10-26 13:03:23,1562.48,78.12,1484.36,Delivered,5
3188,233,128,2025-09-28 16:54:45,720.49,0,720.49,Cancelled,
3189,379,30,2025-02-03 11:34:01,877.52,0,877.52,Delivered,5
3190,215,128,2025-03-04 17:33:53,702.24,0,702.24,Delivered,4
3191,328,162,2025-05-14 19:56:10,906.83,90.68,816.15,Cancelled,
3192,107,73,2025-08-04 10:18:40,853.66,170.73,682.93,Delivered,5
3193,761,4,2025-11-09 18:49:43,294.29,0,294.29,Delivered,5
3194,936,123,2025-03-10 14:09:13,982.87,0,982.87,Delivered,
3195,237,28,2025-09-07 19:05:44,264.02,0,264.02,Delivered,2
3196,854,60,2025-05-24 12:56:56,665.86,0,665.86,Cancelled,
3197,887,113,2025-12-24 12:27:05,373.86,56.08,317.78,Delivered,4
3198,202,22,2025-09-07 10:42:12,1178.73,0,1178.73,Delivered,2
3199,896,34,2025-12-08 12:35:25,1585.54,0,1585.54,Delivered,
3200,323,15,2025-07-29 08:00:24,634.23,0,634.23,Cancelled,
3201,471,104,2025-05-29 14:38:43,1090.79,0,1090.79,Delivered,3
3202,956,20,2025-03-14 21:26:35,165.81,0,165.81,Delivered,3
3203,778,194,2025-12-11 19:53:29,156.5,31.3,125.2,Delivered,5
3204,933,15,2025-08-30 20:59:23,234.56,0,234.56,Delivered,
3205,18,25,2025-05-22 20:54:23,434.65,0,434.65,Delivered,3
3206,900,146,2025-05-30 12:52:42,754.25,0,754.25,Delivered,2
3207,581,199,2025-02-18 18:26:12,164.86,0,164.86,Delivered,5
3208,245,168,2025-02-23 20:38:05,167.44,0,167.44,Delivered,5
3209,119,114,2025-12-06 11:22:10,668.32,0,668.32,Delivered,5
3210,396,31,2025-09-26 15:18:53,1312.33,0,1312.33,Delivered,3
3211,538,58,2025-01-07 08:39:58,595.67,0,595.67,Delivered,5
3212,44,116,2025-11-10 06:51:28,828.4,0,828.4,Delivered,3
3213,936,67,2025-10-23 10:57:39,145.13,0,145.13,Delivered,5
3214,703,108,2025-05-18 23:05:48,944.67,0,944.67,Delivered,2
3215,276,73,2025-02-28 18:39:54,737.66,0,737.66,Delivered,
3216,795,86,2025-02-13 10:30:00,207.04,0,207.04,Delivered,4
3217,740,60,2025-06-07 13:43:41,778.92,0,778.92,Delivered,1
3218,419,97,2025-10-07 15:28:14,921.18,46.06,875.12,Delivered,
3219,690,89,2025-12-21 09:20:45,582.2,0,582.2,Delivered,3
3220,495,124,2025-06-19 19:45:50,252.5,25.25,227.25,Delivered,4
3221,450,80,2025-11-27 19:26:52,611.66,61.17,550.49,Delivered,4
3222,97,142,2025-12-07 19:15:54,311.57,62.31,249.26,Delivered,
3223,455,44,2025-09-19 09:52:24,474.12,23.71,450.41,Delivered,4
3224,161,140,2025-07-31 00:34:35,601.13,60.11,541.02,Delivered,5
3225,850,24,2025-01-22 19:10:07,631.98,63.2,568.78,Delivered,
3226,714,60,2025-06-13 20:33:51,580.44,0,580.44,Delivered,
3227,288,89,2025-04-06 22:06:18,404.79,0,404.79,Delivered,5
3228,438,86,2025-10-25 00:53:18,863.36,0,863.36,Cancelled,
3229,819,55,2025-04-13 18:25:48,213.66,0,213.66,Delivered,3
3230,248,108,2025-12-04 12:58:36,297.63,0,297.63,Cancelled,
3231,805,102,2025-09-27 10:53:29,215.36,0,215.36,Delivered,5
3232,409,158,2025-11-29 17:40:11,160.97,32.19,128.78,Delivered,5
3233,964,39,2025-05-28 12:30:16,321.01,0,321.01,Delivered,4
3234,409,194,2025-01-28 13:16:32,431.34,0,431.34,Delivered,
3235,976,22,2025-12-12 13:28:34,188.74,0,188.74,Delivered,
3236,247,185,2025-03-19 19:34:37,679.64,0,679.64,Delivered,
3237,679,57,2025-03-08 18:06:48,1211.32,0,1211.32,Delivered,
3238,856,55,2025-11-14 11:04:57,947.88,0,947.88,Delivered,5
3239,873,193,2025-03-16 19:39:50,537.99,107.6,430.39,Delivered,
3240,478,23,2025-07-18 22:23:35,858.67,0,858.67,Delivered,2
3241,272,70,2025-04-13 07:30:20,60.21,0,60.21,Delivered,
3242,236,7,2025-10-19 23:28:21,1230.71,0,1230.71,Delivered,
3243,222,122,2025-11-28 06:32:36,488.93,0,488.93,Delivered,
3244,802,136,2025-10-08 16:43:12,617.54,0,617.54,Delivered,5
3245,640,140,2025-06-22 13:12:25,486.34,97.27,389.07,Delivered,
3246,533,57,2025-07-01 08:44:23,619.57,0,619.57,Delivered,5
3247,291,25,2025-11-29 10:12:57,367.5,0,367.5,Delivered,
3248,532,48,2025-09-10 17:12:25,710.85,0,710.85,Delivered,3
3249,125,196,2025-06-04 14:17:43,230.49,46.1,184.39,Delivered,4
3250,665,42,2025-07-16 14:54:39,777.33,77.73,699.6,Delivered,
3251,552,24,2025-10-02 18:20:33,341.36,0,341.36,Delivered,5
3252,451,105,2025-09-26 21:49:05,665.51,99.83,565.68,Delivered,4
3253,630,198,2025-06-15 13:47:02,90.34,0,90.34,Delivered,1
3254,110,146,2025-01-01 13:45:24,424.63,0,424.63,Delivered,5
3255,860,133,2025-08-11 11:13:10,143.94,0,143.94,Delivered,4
3256,396,109,2025-06-09 17:07:56,1236.36,0,1236.36,Delivered,4
3257,389,163,2025-08-30 20:12:59,473.41,0,473.41,Delivered,2
3258,457,182,2025-12-06 19:36:04,352.61,17.63,334.98,Delivered,5
3259,866,141,2025-04-07 22:31:38,348.07,0,348.07,Delivered,5
3260,856,48,2025-10-02 14:28:08,1877.6,0,1877.6,Delivered,1
3261,949,9,2025-06-26 20:58:06,59.16,0,59.16,Delivered,3
3262,669,125,2025-05-30 11:49:13,493.35,0,493.35,Delivered,4
3263,382,13,2025-08-06 20:39:21,441.36,0,441.36,Delivered,5
3264,237,49,2025-08-04 19:02:44,189.77,0,189.77,Delivered,3
3265,162,126,2025-09-16 18:33:43,690.88,0,690.88,Delivered,5
3266,540,153,2025-06-16 00:06:50,287.11,0,287.11,Delivered,
3267,288,167,2025-07-10 22:51:11,272.27,0,272.27,Delivered,5
3268,466,173,2025-09-19 00:03:15,211.9,0,211.9,Cancelled,
3269,149,94,2025-01-20 20:29:44,587.43,0,587.43,Delivered,4
3270,466,53,2025-07-18 18:01:06,1517.47,0,1517.47,Delivered,4
3271,310,46,2025-05-26 09:47:30,241.03,0,241.03,Delivered,
3272,177,89,2025-06-05 12:02:03,106.4,15.96,90.44,Delivered,5
3273,483,120,2025-10-30 15:54:57,626.83,0,626.83,Delivered,4
3274,607,41,2025-07-11 18:43:24,767.92,0,767.92,Delivered,
3275,505,57,2025-07-29 13:59:28,702.92,0,702.92,Delivered,
3276,761,18,2025-02-19 07:17:09,734.54,73.45,661.09,Delivered,
3277,645,54,2025-01-23 14:21:45,61.6,0,61.6,Delivered,
3278,63,123,2025-05-11 14:34:52,545.49,0,545.49,Delivered,2
3279,435,189,2025-07-27 11:05:51,174.47,0,174.47,Delivered,
3280,252,180,2025-10-03 18:35:31,97.99,0,97.99,Delivered,3
3281,167,164,2025-09-01 19:17:01,1008.99,0,1008.99,Delivered,
3282,859,179,2025-03-16 08:41:49,406.59,0,406.59,Delivered,3
3283,789,67,2025-12-07 09:41:52,785.98,0,785.98,Delivered,4
3284,918,85,2025-07-03 11:37:12,273.63,0,273.63,Delivered,5
3285,446,104,2025-11-25 20:59:55,325.28,0,325.28,Delivered,
3286,927,42,2025-09-18 12:17:38,997.05,0,997.05,Delivered,5
3287,594,100,2025-02-18 12:10:46,525.12,0,525.12,Delivered,
3288,570,61,2025-03-31 21:30:03,1300.6,0,1300.6,Delivered,5
3289,922,80,2025-09-22 19:18:58,661.85,0,661.85,Delivered,5
3290,92,46,2025-03-27 00:43:12,282.33,42.35,239.98,Cancelled,
3291,74,78,2025-02-12 09:29:56,1173.13,0,1173.13,Delivered,5
3292,276,141,2025-03-08 21:23:42,109.57,5.48,104.09,Delivered,
3293,273,156,2025-05-16 19:03:58,138.42,0,138.42,Delivered,4
3294,61,71,2025-11-14 08:40:22,159.95,31.99,127.96,Delivered,5
3295,881,83,2025-11-27 16:04:08,530.41,0,530.41,Delivered,5
3296,237,195,2025-11-30 13:38:36,384.56,0,384.56,Delivered,5
3297,997,24,2025-11-21 13:54:54,578.51,0,578.51,Delivered,
3298,1000,199,2025-03-01 10:46:58,620.14,0,620.14,Delivered,
3299,970,20,2025-09-30 17:45:57,111.49,0,111.49,Delivered,4
3300,829,147,2025-04-06 13:32:41,1114.59,0,1114.59,Delivered,
3301,641,83,2025-07-10 20:55:14,218.68,32.8,185.88,Delivered,
3302,766,8,2025-08-15 15:20:18,592.78,0,592.78,Delivered,4
3303,376,25,2025-08-12 16:08:06,122.5,0,122.5,Delivered,
3304,926,138,2025-08-31 15:31:32,171.11,17.11,154.0,Delivered,5
3305,585,195,2025-04-28 12:22:22,946.62,141.99,804.63,Delivered,5
3306,213,153,2025-10-15 13:37:07,287.11,0,287.11,Cancelled,
3307,445,98,2025-12-08 13:58:33,1343.88,0,1343.88,Delivered,4
3308,646,83,2025-01-22 12:46:06,155.38,0,155.38,Delivered,5
3309,215,50,2025-09-27 09:32:38,210.23,10.51,199.72,Delivered,5
3310,994,1,2025-08-15 15:59:37,183.78,9.19,174.59,Delivered,3
3311,763,123,2025-03-27 15:56:37,218.69,32.8,185.89,Delivered,
3312,32,5,2025-03-10 16:16:52,858.89,42.94,815.95,Delivered,1
3313,585,12,2025-06-07 12:56:35,315.88,63.18,252.7,Delivered,
3314,53,52,2025-08-27 07:44:29,524.43,0,524.43,Delivered,4
3315,33,130,2025-07-19 20:31:59,666.78,0,666.78,Delivered,4
3316,402,193,2025-12-08 13:08:04,356.99,0,356.99,Delivered,5
3317,614,54,2025-08-22 06:30:18,206.37,0,206.37,Delivered,5
3318,106,158,2025-11-09 18:39:05,226.74,11.34,215.4,Delivered,5
3319,229,182,2025-03-12 12:08:57,1135.56,0,1135.56,Delivered,
3320,125,37,2025-11-27 20:09:36,156.62,31.32,125.3,Delivered,5
3321,612,98,2025-06-30 20:59:26,904.35,0,904.35,Delivered,5
3322,722,4,2025-06-06 07:14:05,481.69,0,481.69,Delivered,
3323,142,65,2025-10-25 21:54:40,238.78,0,238.78,Delivered,
3324,142,159,2025-11-16 11:58:30,291.88,0,291.88,Delivered,3
3325,526,28,2025-11-24 20:23:35,210.03,0,210.03,Delivered,
3326,309,120,2025-08-25 22:42:24,974.14,0,974.14,Delivered,
3327,642,53,2025-02-20 18:53:10,169.57,0,169.57,Cancelled,
3328,987,99,2025-08-06 19:21:40,124.01,0,124.01,Delivered,5
3329,959,38,2025-12-02 07:05:50,706.46,0,706.46,Delivered,4
3330,588,16,2025-08-20 11:02:38,585.21,29.26,555.95,Delivered,
3331,356,52,2025-03-07 22:18:07,456.36,0,456.36,Delivered,4
3332,192,175,2025-05-26 08:39:57,100.6,0,100.6,Delivered,
3333,451,19,2025-07-07 09:18:02,506.37,0,506.37,Delivered,4
3334,707,191,2025-06-18 12:27:41,275.34,0,275.34,Delivered,5
3335,425,122,2025-07-26 12:34:55,130.79,0,130.79,Delivered,
3336,80,195,2025-09-13 09:15:25,310.16,0,310.16,Delivered,3
3337,427,195,2025-10-13 13:13:25,502.44,0,502.44,Delivered,3
3338,8,166,2025-07-06 09:17:26,52.24,0,52.24,Delivered,5
3339,848,80,2025-05-12 13:13:25,110.33,0,110.33,Delivered,3
3340,673,170,2025-10-11 19:22:15,516.18,0,516.18,Delivered,4
3341,580,100,2025-04-13 11:24:38,181.42,0,181.42,Delivered,5
3342,93,72,2025-03-23 12:55:49,445.8,0,445.8,Delivered,4
3343,218,123,2025-10-04 12:14:14,620.58,0,620.58,Delivered,
3344,81,151,2025-08-01 22:34:21,273.3,0,273.3,Delivered,
3345,630,86,2025-11-05 20:09:55,351.35,0,351.35,Delivered,4
3346,593,14,2025-02-28 12:54:31,361.45,0,361.45,Delivered,5
3347,868,13,2025-10-16 08:57:16,1008.69,0,1008.69,Delivered,
3348,778,64,2025-04-02 17:40:00,343.65,0,343.65,Delivered,5
3349,553,157,2025-04-27 19:15:44,239.94,0,239.94,Delivered,4
3350,663,149,2025-05-22 13:45:26,62.02,0,62.02,Delivered,3
3351,284,110,2025-10-20 10:02:19,781.51,0,781.51,Cancelled,
3352,532,45,2025-08-18 10:48:45,1086.22,0,1086.22,Delivered,5
3353,817,176,2025-05-16 21:40:08,360.5,0,360.5,Delivered,5
3354,237,151,2025-09-17 11:21:47,690.05,34.5,655.55,Delivered,4
3355,485,36,2025-11-08 22:49:40,196.7,0,196.7,Cancelled,
3356,291,14,2025-03-14 19:34:17,515.8,0,515.8,Delivered,3
3357,756,7,2025-07-19 10:17:43,536.9,53.69,483.21,Delivered,4
3358,175,138,2025-07-14 12:14:08,33.76,0,33.76,Delivered,
3359,664,183,2025-02-20 21:53:06,461.28,23.06,438.22,Delivered,
3360,686,26,2025-07-13 10:43:43,318.78,0,318.78,Delivered,
3361,497,26,2025-08-16 08:28:20,234.5,46.9,187.6,Delivered,4
3362,650,146,2025-08-04 16:22:19,922.48,0,922.48,Delivered,5
3363,59,125,2025-06-26 15:45:42,447.18,0,447.18,Delivered,5
3364,256,153,2025-09-29 12:25:51,270.45,0,270.45,Delivered,4
3365,462,115,2025-03-13 11:01:42,827.79,0,827.79,Delivered,
3366,994,112,2025-08-03 12:29:53,338.83,50.82,288.01,Delivered,4
3367,550,17,2025-02-05 19:21:02,80.93,16.19,64.74,Delivered,4
3368,641,167,2025-05-30 14:02:00,683.18,0,683.18,Delivered,
3369,378,3,2025-11-16 07:18:27,1328.37,0,1328.37,Delivered,
3370,716,74,2025-12-21 21:39:31,243.49,0,243.49,Delivered,3
3371,806,169,2025-11-27 13:14:44,871.14,0,871.14,Cancelled,
3372,384,113,2025-12-25 23:18:54,138.16,20.72,117.44,Delivered,5
3373,621,161,2025-10-20 11:45:46,347.36,0,347.36,Delivered,
3374,203,60,2025-12-12 21:54:41,683.4,0,683.4,Delivered,
3375,340,190,2025-12-08 21:14:14,136.34,0,136.34,Delivered,4
3376,62,156,2025-03-10 13:36:00,138.42,0,138.42,Delivered,5
3377,136,47,2025-12-29 19:04:36,290.98,43.65,247.33,Delivered,4
3378,673,156,2025-01-13 21:09:38,798.73,0,798.73,Delivered,
3379,165,78,2025-08-10 10:37:47,224.4,0,224.4,Delivered,4
3380,43,87,2025-07-16 12:44:57,251.73,0,251.73,Cancelled,
3381,128,5,2025-09-20 22:04:45,1221.18,0,1221.18,Delivered,5
3382,650,127,2025-05-20 11:17:58,545.55,54.55,491.0,Delivered,2
3383,200,177,2025-04-09 12:09:32,179.77,8.99,170.78,Delivered,5
3384,350,62,2025-05-08 18:23:09,416.78,0,416.78,Delivered,
3385,868,157,2025-08-22 23:21:17,546.8,82.02,464.78,Delivered,3
3386,650,105,2025-10-28 20:25:53,207.13,20.71,186.42,Cancelled,
3387,953,30,2025-04-12 20:48:04,47.6,9.52,38.08,Cancelled,
3388,340,10,2025-04-22 11:20:35,535.4,0,535.4,Delivered,
3389,645,35,2025-03-31 13:52:00,364.75,0,364.75,Cancelled,
3390,234,148,2025-07-27 11:48:25,692.43,0,692.43,Delivered,4
3391,19,179,2025-01-12 10:31:46,350.2,70.04,280.16,Delivered,
3392,96,185,2025-11-12 21:50:30,890.84,0,890.84,Delivered,3
3393,620,37,2025-08-06 19:03:09,108.46,0,108.46,Delivered,4
3394,888,159,2025-09-11 17:26:35,278.23,0,278.23,Cancelled,
3395,692,199,2025-10-20 12:11:26,164.86,0,164.86,Delivered,
3396,283,118,2025-01-15 19:11:54,237.76,0,237.76,Delivered,3
3397,831,61,2025-01-22 21:19:27,972.4,0,972.4,Cancelled,
3398,356,159,2025-03-22 13:57:18,89.75,13.46,76.29,Delivered,5
3399,147,129,2025-10-13 21:04:05,44.88,0,44.88,Delivered,5
3400,971,18,2025-11-26 12:44:16,273.21,54.64,218.57,Delivered,4
3401,402,98,2025-07-22 12:46:57,281.05,42.16,238.89,Delivered,
3402,647,38,2025-07-01 19:04:46,706.46,0,706.46,Delivered,4
3403,669,88,2025-07-27 09:25:08,1029.67,154.45,875.22,Delivered,
3404,811,56,2025-06-06 11:48:17,436.79,0,436.79,Delivered,
3405,634,175,2025-10-31 20:41:15,50.3,0,50.3,Delivered,3
3406,901,67,2025-05-23 20:03:42,658.81,98.82,559.99,Delivered,
3407,597,180,2025-08-10 09:25:41,168.79,0,168.79,Delivered,
3408,460,11,2025-09-10 21:22:52,359.29,71.86,287.43,Delivered,1
3409,99,68,2025-05-29 18:48:27,453.83,0,453.83,Delivered,
3410,138,86,2025-09-12 19:15:47,351.35,35.14,316.21,Delivered,4
3411,954,127,2025-06-06 18:03:58,458.45,91.69,366.76,Delivered,5
3412,229,172,2025-09-04 19:38:50,667.93,100.19,567.74,Delivered,
3413,721,13,2025-06-27 19:56:31,555.61,27.78,527.83,Delivered,4
3414,153,44,2025-05-17 13:07:52,669.94,0,669.94,Delivered,4
3415,848,92,2025-07-29 12:39:32,1168.25,0,1168.25,Cancelled,
3416,491,91,2025-10-26 20:30:32,191.17,0,191.17,Delivered,5
3417,277,30,2025-07-09 21:18:45,170.78,34.16,136.62,Delivered,
3418,538,17,2025-02-07 23:08:53,391.41,39.14,352.27,Delivered,4
3419,766,166,2025-05-18 12:42:52,66.95,0,66.95,Delivered,
3420,402,156,2025-12-15 13:33:37,204.46,30.67,173.79,Delivered,
3421,936,164,2025-11-14 18:07:20,2393.84,0,2393.84,Delivered,
3422,492,111,2025-12-08 16:11:57,1117.38,0,1117.38,Delivered,2
3423,879,96,2025-11-18 20:50:15,329.07,16.45,312.62,Delivered,4
3424,434,191,2025-10-16 12:23:18,628.21,0,628.21,Delivered,4
3425,550,130,2025-01-30 20:09:15,172.82,0,172.82,Delivered,
3426,103,187,2025-01-29 18:50:55,163.27,0,163.27,Delivered,
3427,869,32,2025-07-20 12:41:48,880.43,44.02,836.41,Delivered,4
3428,670,146,2025-07-29 10:42:34,877.16,0,877.16,Delivered,4
3429,142,10,2025-01-12 19:11:51,101.54,0,101.54,Delivered,4
3430,195,14,2025-10-02 20:55:44,295.2,0,295.2,Delivered,4
3431,120,2,2025-08-30 15:37:24,950.62,0,950.62,Delivered,
3432,912,155,2025-04-27 13:31:15,314.05,0,314.05,Delivered,5
3433,691,125,2025-01-13 12:07:36,493.35,0,493.35,Cancelled,
3434,587,113,2025-11-06 20:06:27,340.52,0,340.52,Delivered,5
3435,275,100,2025-07-18 20:46:31,528.74,0,528.74,Delivered,4
3436,49,74,2025-07-04 14:54:14,552.01,0,552.01,Delivered,1
3437,437,158,2025-07-06 21:30:28,144.59,0,144.59,Delivered,
3438,669,172,2025-11-14 19:36:32,276.43,0,276.43,Delivered,4
3439,585,195,2025-09-13 22:34:11,1034.69,155.2,879.49,Delivered,4
3440,588,128,2025-02-28 13:28:33,641.47,32.07,609.4,Cancelled,
3441,382,13,2025-10-07 17:44:24,826.23,0,826.23,Delivered,
3442,912,183,2025-04-14 21:10:02,291.03,0,291.03,Delivered,5
3443,118,110,2025-08-17 17:00:48,263.86,0,263.86,Delivered,2
3444,658,98,2025-08-04 18:06:26,281.05,0,281.05,Delivered,5
3445,17,22,2025-08-19 18:28:14,188.55,9.43,179.12,Delivered,
3446,859,53,2025-01-31 17:35:41,339.14,0,339.14,Delivered,4
3447,229,125,2025-03-18 19:04:04,913.71,0,913.71,Delivered,3
3448,180,68,2025-09-14 09:09:52,1677.67,0,1677.67,Delivered,5
3449,292,177,2025-06-08 21:49:31,283.34,0,283.34,Delivered,4
3450,351,78,2025-12-05 13:41:17,534.92,0,534.92,Delivered,
3451,362,125,2025-12-21 08:50:42,158.0,0,158.0,Delivered,
3452,282,59,2025-08-28 23:15:46,659.74,0,659.74,Delivered,5
3453,499,43,2025-12-17 20:46:34,542.14,0,542.14,Delivered,5
3454,218,103,2025-06-09 21:44:56,826.69,82.67,744.02,Delivered,2
3455,764,105,2025-09-11 11:43:56,601.9,0,601.9,Delivered,
3456,97,121,2025-09-11 19:41:21,90.04,0,90.04,Delivered,
3457,69,193,2025-08-01 09:13:08,60.01,0,60.01,Delivered,
3458,112,124,2025-06-11 00:17:25,385.83,19.29,366.54,Delivered,5
3459,665,42,2025-05-29 13:53:59,614.35,0,614.35,Delivered,4
3460,139,104,2025-04-17 19:09:49,169.47,0,169.47,Cancelled,
3461,350,180,2025-03-12 12:38:26,333.67,0,333.67,Delivered,5
3462,735,18,2025-05-06 13:02:58,394.78,0,394.78,Delivered,4
3463,994,136,2025-02-14 11:39:29,438.36,43.84,394.52,Delivered,
3464,237,49,2025-11-28 19:24:26,189.77,9.49,180.28,Delivered,5
3465,534,16,2025-01-17 06:21:59,1008.23,0,1008.23,Delivered,4
3466,722,178,2025-12-10 08:48:13,259.46,0,259.46,Delivered,2
3467,581,79,2025-08-16 07:00:19,265.18,0,265.18,Delivered,
3468,607,193,2025-06-15 18:13:26,194.47,0,194.47,Delivered,
3469,672,36,2025-02-15 07:43:32,66.64,0,66.64,Cancelled,
3470,52,162,2025-01-14 10:52:06,495.95,0,495.95,Delivered,5
3471,6,129,2025-12-29 18:15:17,265.68,0,265.68,Delivered,5
3472,645,112,2025-08-06 08:30:33,212.93,0,212.93,Delivered,5
3473,109,19,2025-08-05 18:51:36,815.6,0,815.6,Delivered,4
3474,773,4,2025-01-27 17:00:57,554.53,110.91,443.62,Delivered,4
3475,282,4,2025-05-03 21:33:22,724.22,0,724.22,Cancelled,
3476,161,120,2025-06-27 06:43:36,1122.33,0,1122.33,Delivered,5
3477,42,140,2025-08-19 11:58:47,376.7,18.84,357.86,Delivered,
3478,911,119,2025-12-03 23:28:20,407.2,0,407.2,Delivered,3
3479,435,33,2025-12-18 20:57:43,47.16,0,47.16,Delivered,4
3480,897,22,2025-08-13 16:06:16,377.1,18.86,358.24,Delivered,4
3481,602,175,2025-07-12 11:25:08,358.6,0,358.6,Delivered,2
3482,756,139,2025-09-18 17:36:09,1052.59,0,1052.59,Delivered,5
3483,658,170,2025-11-03 19:46:42,280.32,0,280.32,Delivered,
3484,614,112,2025-01-04 21:05:23,187.28,0,187.28,Delivered,
3485,419,17,2025-05-05 13:49:23,540.08,0,540.08,Delivered,5
3486,90,76,2025-05-12 21:38:33,397.26,19.86,377.4,Delivered,2
3487,371,73,2025-06-16 13:53:03,819.46,40.97,778.49,Delivered,4
3488,318,74,2025-02-04 22:23:08,397.75,79.55,318.2,Delivered,5
3489,691,137,2025-04-13 11:42:43,301.32,30.13,271.19,Delivered,
3490,23,51,2025-03-30 08:26:20,343.66,0,343.66,Delivered,5
3491,408,80,2025-07-05 07:00:25,885.97,0,885.97,Delivered,
3492,59,125,2025-12-17 15:30:06,1013.52,101.35,912.17,Delivered,4
3493,537,123,2025-12-21 11:40:06,1074.47,0,1074.47,Delivered,5
3494,754,182,2025-05-05 22:18:46,367.78,0,367.78,Delivered,3
3495,314,164,2025-08-23 18:15:57,757.66,0,757.66,Delivered,
3496,61,144,2025-03-12 14:59:45,304.39,0,304.39,Delivered,4
3497,675,9,2025-11-03 12:58:46,688.24,0,688.24,Delivered,2
3498,341,36,2025-07-12 21:31:50,84.42,0,84.42,Delivered,
3499,423,32,2025-04-04 00:09:06,516.01,25.8,490.21,Delivered,3
3500,719,49,2025-09-14 15:35:45,315.2,0,315.2,Delivered,4
3501,465,89,2025-03-16 17:13:44,562.13,0,562.13,Delivered,4
3502,930,2,2025-09-17 09:58:17,644.15,0,644.15,Delivered,5
3503,836,145,2025-09-11 13:09:31,217.11,0,217.11,Delivered,
3504,842,35,2025-08-24 12:13:08,1243.42,0,1243.42,Delivered,4
3505,616,106,2025-10-20 13:27:46,523.95,26.2,497.75,Delivered,5
3506,579,89,2025-09-21 09:06:25,130.07,0,130.07,Cancelled,
3507,52,123,2025-08-14 18:21:55,1201.56,0,1201.56,Delivered,1
3508,14,99,2025-08-13 20:46:54,797.69,39.88,757.81,Delivered,4
3509,581,182,2025-12-20 07:56:18,538.92,107.78,431.14,Delivered,5
3510,942,103,2025-07-30 13:05:53,396.86,0,396.86,Delivered,
3511,604,172,2025-12-07 18:53:50,1202.44,0,1202.44,Delivered,2
3512,3,53,2025-05-09 13:56:35,466.04,46.6,419.44,Cancelled,
3513,725,114,2025-05-08 17:58:11,385.66,0,385.66,Delivered,3
3514,715,16,2025-01-27 10:42:38,383.72,19.19,364.53,Delivered,5
3515,579,89,2025-01-01 19:57:56,106.4,0,106.4,Cancelled,
3516,77,32,2025-09-22 15:56:54,1116.02,0,1116.02,Delivered,
3517,900,5,2025-03-01 08:24:12,314.19,0,314.19,Delivered,5
3518,945,116,2025-10-16 14:53:09,171.0,0,171.0,Delivered,5
3519,646,89,2025-07-15 19:18:28,303.99,0,303.99,Delivered,5
3520,278,119,2025-02-14 14:20:32,428.86,0,428.86,Delivered,4
3521,179,114,2025-07-14 19:09:38,280.5,0,280.5,Delivered,4
3522,6,132,2025-09-28 18:34:34,116.32,0,116.32,Delivered,5
3523,350,171,2025-08-01 12:03:11,652.53,32.63,619.9,Delivered,3
3524,756,145,2025-09-09 11:59:14,151.0,0,151.0,Cancelled,
3525,478,23,2025-06-13 22:30:49,1007.34,201.47,805.87,Delivered,2
3526,252,61,2025-04-09 14:48:51,631.15,0,631.15,Cancelled,
3527,48,100,2025-12-18 21:02:40,516.64,77.5,439.14,Delivered,5
3528,994,126,2025-04-10 20:23:33,819.22,0,819.22,Delivered,5
3529,437,23,2025-12-12 13:10:58,209.52,0,209.52,Delivered,3
3530,200,30,2025-05-17 19:23:48,719.28,0,719.28,Delivered,5
3531,202,22,2025-10-11 07:09:23,912.47,0,912.47,Cancelled,
3532,138,169,2025-10-11 20:37:35,1093.92,0,1093.92,Delivered,
3533,209,89,2025-09-09 17:06:18,217.03,32.55,184.48,Delivered,3
3534,695,170,2025-12-18 22:53:35,1050.86,0,1050.86,Delivered,
3535,421,190,2025-09-22 17:50:58,835.4,83.54,751.86,Delivered,5
3536,719,12,2025-08-29 12:58:30,194.33,19.43,174.9,Delivered,5
3537,4,125,2025-10-22 21:57:09,493.35,0,493.35,Delivered,
3538,303,23,2025-02-24 21:49:27,209.52,10.48,199.04,Delivered,5
3539,939,90,2025-08-15 19:41:10,168.81,0,168.81,Cancelled,
3540,615,21,2025-07-16 11:17:22,651.24,97.69,553.55,Delivered,5
3541,934,47,2025-10-31 09:33:13,210.24,21.02,189.22,Delivered,4
3542,510,34,2025-07-21 20:16:37,369.27,0,369.27,Delivered,4
3543,252,14,2025-06-12 20:07:21,349.23,34.92,314.31,Delivered,
3544,983,30,2025-10-05 09:41:05,466.1,0,466.1,Delivered,4
3545,389,29,2025-02-13 18:18:30,268.62,26.86,241.76,Delivered,5
3546,854,95,2025-12-21 09:12:50,998.1,0,998.1,Delivered,
3547,772,193,2025-09-07 17:00:48,313.18,15.66,297.52,Delivered,
3548,91,71,2025-03-04 11:42:29,420.3,21.02,399.28,Delivered,
3549,441,118,2025-09-18 07:41:55,498.08,49.81,448.27,Cancelled,
3550,122,134,2025-03-28 18:10:32,214.66,0,214.66,Delivered,4
3551,897,29,2025-12-30 13:16:58,442.68,66.4,376.28,Cancelled,
3552,588,136,2025-12-29 21:50:45,259.18,0,259.18,Delivered,3
3553,13,109,2025-07-07 14:40:59,175.23,0,175.23,Cancelled,
3554,724,30,2025-08-02 19:05:40,75.58,3.78,71.8,Delivered,
3555,689,131,2025-09-23 17:50:30,424.41,63.66,360.75,Delivered,
3556,486,174,2025-12-18 11:48:48,259.01,0,259.01,Delivered,3
3557,873,3,2025-06-19 00:51:34,533.97,0,533.97,Delivered,4
3558,857,51,2025-03-04 19:39:18,431.3,86.26,345.04,Delivered,3
3559,842,47,2025-04-05 15:18:12,256.3,0,256.3,Delivered,3
3560,229,148,2025-12-14 21:05:30,188.13,0,188.13,Delivered,
3561,585,127,2025-10-19 21:16:17,1054.93,0,1054.93,Delivered,5
3562,252,132,2025-05-30 19:24:20,116.32,23.26,93.06,Delivered,5
3563,172,35,2025-07-12 14:55:21,183.31,36.66,146.65,Delivered,4
3564,256,144,2025-01-24 13:02:38,103.28,0,103.28,Delivered,2
3565,24,169,2025-05-03 18:17:17,1099.49,109.95,989.54,Delivered,4
3566,264,10,2025-07-16 15:19:04,144.62,0,144.62,Delivered,
3567,946,182,2025-03-19 19:26:57,596.64,0,596.64,Delivered,
3568,310,70,2025-01-01 12:48:14,266.03,0,266.03,Delivered,4
3569,856,36,2025-10-21 13:03:52,383.32,0,383.32,Cancelled,
3570,487,66,2025-05-17 20:58:51,151.3,15.13,136.17,Delivered,
3571,177,74,2025-10-03 20:23:19,116.64,0,116.64,Delivered,5
3572,33,58,2025-10-15 09:13:01,181.62,9.08,172.54,Delivered,4
3573,139,104,2025-12-18 16:25:41,1550.43,232.56,1317.87,Delivered,4
3574,229,43,2025-08-16 11:17:20,1001.43,0,1001.43,Delivered,5
3575,955,114,2025-11-14 07:54:42,395.42,0,395.42,Delivered,4
3576,155,5,2025-12-25 23:53:25,709.06,0,709.06,Delivered,
3577,112,20,2025-02-07 11:37:09,1098.2,0,1098.2,Delivered,5
3578,806,28,2025-10-08 08:24:17,602.71,0,602.71,Delivered,5
3579,872,114,2025-12-26 19:28:14,335.48,0,335.48,Cancelled,
3580,197,121,2025-10-05 21:11:53,364.4,0,364.4,Delivered,5
3581,261,131,2025-05-09 16:55:13,786.12,0,786.12,Delivered,5
3582,964,34,2025-03-02 21:45:20,901.18,0,901.18,Delivered,
3583,994,75,2025-08-20 09:50:38,116.12,0,116.12,Delivered,1
3584,185,158,2025-07-14 13:07:03,983.17,0,983.17,Delivered,
3585,209,68,2025-09-10 07:25:58,364.54,0,364.54,Delivered,4
3586,610,176,2025-05-13 17:34:59,496.28,74.44,421.84,Delivered,5
3587,329,161,2025-04-11 21:43:21,799.78,0,799.78,Delivered,
3588,7,126,2025-07-18 18:26:59,401.0,0,401.0,Delivered,
3589,330,193,2025-12-27 21:20:04,266.98,0,266.98,Delivered,
3590,582,174,2025-03-21 09:36:18,81.74,0,81.74,Delivered,3
3591,945,138,2025-12-01 11:54:52,160.27,0,160.27,Delivered,4
3592,441,101,2025-08-19 11:43:35,122.69,12.27,110.42,Delivered,4
3593,322,65,2025-05-22 19:00:33,323.98,64.8,259.18,Delivered,5
3594,462,114,2025-10-25 11:30:29,585.77,0,585.77,Delivered,2
3595,983,79,2025-11-27 19:12:03,265.18,0,265.18,Delivered,
3596,198,42,2025-05-29 18:43:18,1106.31,0,1106.31,Delivered,5
3597,818,15,2025-07-26 12:26:05,639.15,63.91,575.24,Delivered,2
3598,715,16,2025-07-11 20:12:49,924.73,0,924.73,Cancelled,
3599,990,174,2025-06-05 12:48:48,189.86,28.48,161.38,Delivered,4
3600,810,70,2025-06-13 12:24:41,266.03,13.3,252.73,Delivered,
3601,952,41,2025-11-23 11:00:59,967.15,48.36,918.79,Delivered,4
3602,465,11,2025-01-08 15:24:38,918.0,45.9,872.1,Cancelled,
3603,776,200,2025-11-17 08:03:50,123.48,0,123.48,Cancelled,
3604,529,137,2025-10-26 19:28:43,139.57,0,139.57,Delivered,
3605,778,23,2025-09-05 11:38:08,209.52,0,209.52,Delivered,5
3606,566,158,2025-06-08 10:00:59,225.87,0,225.87,Delivered,
3607,826,11,2025-02-14 13:48:29,558.97,0,558.97,Delivered,4
3608,919,68,2025-03-25 11:57:18,828.18,0,828.18,Cancelled,
3609,245,146,2025-04-14 10:47:05,383.23,76.65,306.58,Delivered,4
3610,431,74,2025-10-20 20:36:52,281.11,0,281.11,Delivered,2
3611,232,120,2025-04-23 20:53:42,261.72,39.26,222.46,Delivered,5
3612,419,163,2025-12-10 12:44:57,152.86,7.64,145.22,Delivered,
3613,457,199,2025-06-06 18:05:13,785.0,39.25,745.75,Delivered,4
3614,329,174,2025-09-13 17:53:27,90.2,0,90.2,Cancelled,
3615,185,194,2025-10-14 13:24:09,926.22,0,926.22,Delivered,5
3616,673,98,2025-01-28 10:49:31,266.08,26.61,239.47,Delivered,4
3617,236,57,2025-11-15 21:04:31,1091.47,0,1091.47,Delivered,
3618,906,33,2025-06-28 21:18:33,306.24,0,306.24,Delivered,
3619,550,101,2025-09-23 20:53:21,324.04,0,324.04,Delivered,
3620,703,147,2025-03-29 19:24:27,1069.31,0,1069.31,Delivered,5
3621,840,11,2025-12-19 16:20:22,591.72,0,591.72,Delivered,3
3622,640,165,2025-01-02 11:25:59,609.91,0,609.91,Delivered,5
3623,294,74,2025-06-09 14:46:23,524.6,0,524.6,Cancelled,
3624,247,22,2025-04-10 12:18:55,370.51,0,370.51,Delivered,
3625,195,152,2025-02-06 19:30:36,823.92,0,823.92,Delivered,3
3626,991,142,2025-09-04 09:45:06,708.93,0,708.93,Delivered,5
3627,940,100,2025-08-28 22:55:07,951.05,0,951.05,Delivered,4
3628,624,74,2025-12-22 16:43:22,541.8,0,541.8,Delivered,
3629,90,114,2025-05-21 11:36:36,1271.45,0,1271.45,Delivered,3
3630,478,150,2025-03-31 13:13:37,374.34,18.72,355.62,Cancelled,
3631,630,116,2025-10-25 08:42:24,462.38,0,462.38,Delivered,
3632,550,46,2025-10-20 13:08:43,222.46,22.25,200.21,Delivered,
3633,586,7,2025-07-30 12:21:24,202.15,10.11,192.04,Delivered,
3634,57,93,2025-12-01 11:49:24,364.45,0,364.45,Delivered,5
3635,552,194,2025-10-09 13:42:12,227.71,0,227.71,Delivered,3
3636,457,84,2025-06-03 18:03:23,115.29,0,115.29,Delivered,3
3637,631,16,2025-02-16 10:35:44,267.36,0,267.36,Cancelled,
3638,441,29,2025-08-04 19:54:37,121.06,24.21,96.85,Cancelled,
3639,524,110,2025-05-31 13:54:50,1381.7,276.34,1105.36,Delivered,5
3640,81,127,2025-11-30 17:19:19,1022.53,204.51,818.02,Delivered,3
3641,351,142,2025-06-29 12:03:30,569.78,113.96,455.82,Delivered,4
3642,284,26,2025-12-29 20:28:56,1103.14,0,1103.14,Delivered,4
3643,417,148,2025-07-04 13:15:10,415.66,20.78,394.88,Cancelled,
3644,964,59,2025-07-30 22:54:53,666.21,0,666.21,Delivered,4
3645,185,192,2025-07-17 09:10:52,448.36,0,448.36,Delivered,
3646,310,185,2025-12-18 20:13:24,587.45,117.49,469.96,Cancelled,
3647,915,175,2025-08-11 13:35:07,376.74,18.84,357.9,Delivered,5
3648,749,34,2025-05-25 20:49:03,445.05,89.01,356.04,Delivered,5
3649,17,107,2025-10-03 17:14:59,534.28,0,534.28,Delivered,
3650,938,198,2025-04-02 20:17:19,124.75,6.24,118.51,Delivered,
3651,275,183,2025-05-01 09:55:30,97.01,0,97.01,Cancelled,
3652,880,12,2025-11-30 11:49:29,235.84,11.79,224.05,Delivered,4
3653,211,153,2025-09-17 12:13:19,511.31,0,511.31,Delivered,3
3654,423,2,2025-12-02 14:40:58,1371.84,0,1371.84,Delivered,
3655,131,171,2025-11-07 20:29:21,654.04,130.81,523.23,Delivered,3
3656,92,63,2025-04-27 13:53:06,97.17,0,97.17,Delivered,
3657,222,60,2025-09-28 20:52:31,149.98,0,149.98,Delivered,4
3658,294,175,2025-11-18 22:19:00,50.3,0,50.3,Delivered,4
3659,625,109,2025-01-24 11:57:00,314.64,0,314.64,Delivered,5
3660,641,18,2025-06-08 06:29:49,543.69,0,543.69,Delivered,5
3661,863,127,2025-11-04 22:21:57,1359.82,0,1359.82,Delivered,3
3662,866,180,2025-11-26 12:01:02,168.79,0,168.79,Delivered,
3663,875,67,2025-01-27 20:30:09,1085.31,54.27,1031.04,Delivered,
3664,673,191,2025-06-28 19:30:57,716.2,0,716.2,Delivered,5
3665,840,183,2025-01-20 18:53:12,588.6,0,588.6,Delivered,5
3666,192,162,2025-10-31 12:32:46,416.48,0,416.48,Delivered,5
3667,13,25,2025-02-23 12:26:48,273.06,13.65,259.41,Delivered,
3668,925,8,2025-03-05 15:47:33,879.74,0,879.74,Delivered,5
3669,675,165,2025-10-09 14:47:44,837.51,0,837.51,Delivered,5
3670,524,134,2025-06-10 00:53:30,479.09,95.82,383.27,Delivered,4
3671,172,56,2025-02-16 12:49:03,824.71,0,824.71,Delivered,
3672,977,157,2025-04-04 18:04:00,1284.46,0,1284.46,Delivered,4
3673,192,18,2025-11-01 20:00:09,1738.16,347.63,1390.53,Delivered,
3674,222,20,2025-06-14 23:53:05,334.47,0,334.47,Delivered,2
3675,426,121,2025-10-26 19:44:20,238.29,23.83,214.46,Delivered,5
3676,555,77,2025-08-19 18:18:02,56.31,0,56.31,Delivered,4
3677,630,19,2025-06-24 18:49:47,459.93,23.0,436.93,Delivered,5
3678,842,16,2025-05-23 15:04:39,157.33,0,157.33,Delivered,4
3679,735,183,2025-05-08 12:57:35,489.26,0,489.26,Delivered,
3680,373,174,2025-02-27 11:51:02,301.04,45.16,255.88,Delivered,5
3681,86,62,2025-03-07 17:09:05,68.75,0,68.75,Delivered,5
3682,67,36,2025-07-21 11:26:45,329.98,0,329.98,Delivered,
3683,790,89,2025-04-24 21:01:19,562.76,0,562.76,Cancelled,
3684,242,25,2025-12-21 17:59:34,342.03,34.2,307.83,Delivered,5
3685,344,139,2025-06-30 11:22:06,217.34,0,217.34,Delivered,5
3686,390,57,2025-12-10 20:00:09,204.82,0,204.82,Delivered,
3687,878,68,2025-02-27 16:52:26,476.54,0,476.54,Cancelled,
3688,197,181,2025-06-23 18:20:53,907.92,0,907.92,Delivered,5
3689,537,68,2025-04-12 11:48:56,815.02,0,815.02,Delivered,
3690,633,27,2025-03-17 13:25:07,769.94,0,769.94,Delivered,2
3691,585,111,2025-03-10 10:59:12,164.48,8.22,156.26,Delivered,
3692,477,199,2025-12-17 16:04:41,606.57,0,606.57,Delivered,
3693,21,159,2025-01-28 08:16:34,67.36,6.74,60.62,Delivered,5
3694,340,104,2025-07-09 06:17:23,820.03,0,820.03,Delivered,4
3695,970,21,2025-09-02 21:28:33,252.4,50.48,201.92,Delivered,4
3696,543,11,2025-02-25 21:54:20,1211.9,0,1211.9,Delivered,5
3697,427,169,2025-09-10 21:35:48,580.76,0,580.76,Delivered,3
3698,744,31,2025-03-10 12:48:11,1140.74,0,1140.74,Delivered,5
3699,402,193,2025-09-30 19:40:14,290.03,0,290.03,Delivered,
3700,348,32,2025-06-01 19:07:39,1564.44,312.89,1251.55,Delivered,
3701,46,91,2025-04-11 10:27:40,111.66,0,111.66,Delivered,4
3702,614,50,2025-06-26 11:30:30,210.23,0,210.23,Delivered,
3703,32,195,2025-04-23 07:33:16,384.56,0,384.56,Cancelled,
3704,130,15,2025-01-02 21:28:56,856.81,0,856.81,Cancelled,
3705,247,63,2025-07-18 18:19:34,135.19,0,135.19,Delivered,4
3706,229,85,2025-07-17 08:40:42,184.95,36.99,147.96,Delivered,5
3707,96,22,2025-10-05 19:24:21,115.48,23.1,92.38,Cancelled,
3708,386,111,2025-10-13 12:52:07,387.21,0,387.21,Delivered,5
3709,828,29,2025-12-24 13:08:20,698.8,104.82,593.98,Delivered,3
3710,789,74,2025-12-23 17:50:59,407.96,0,407.96,Cancelled,
3711,599,26,2025-04-28 18:52:55,130.11,0,130.11,Delivered,5
3712,465,34,2025-05-01 16:36:08,458.02,0,458.02,Delivered,4
3713,176,144,2025-03-06 19:16:45,592.71,0,592.71,Delivered,5
3714,313,81,2025-02-08 18:03:06,369.63,0,369.63,Delivered,
3715,816,62,2025-09-21 09:59:16,191.86,0,191.86,Delivered,3
3716,380,162,2025-07-29 15:32:28,326.9,16.34,310.56,Delivered,5
3717,631,47,2025-04-23 09:02:34,70.08,0,70.08,Delivered,5
3718,281,123,2025-07-08 15:21:58,235.2,0,235.2,Delivered,2
3719,675,200,2025-07-29 17:10:41,269.58,0,269.58,Delivered,5
3720,84,196,2025-09-01 07:31:17,729.76,0,729.76,Delivered,4
3721,881,175,2025-06-26 12:41:38,392.82,0,392.82,Cancelled,
3722,641,11,2025-03-15 16:44:44,232.43,0,232.43,Delivered,5
3723,645,35,2025-12-10 23:12:44,183.31,27.5,155.81,Cancelled,
3724,554,48,2025-07-10 19:50:07,1125.61,168.84,956.77,Delivered,
3725,475,100,2025-05-17 12:23:35,1071.24,0,1071.24,Delivered,
3726,389,185,2025-05-05 13:42:49,1570.48,0,1570.48,Delivered,4
3727,330,191,2025-01-14 20:43:08,869.16,86.92,782.24,Cancelled,
3728,691,172,2025-09-06 20:26:54,358.36,35.84,322.52,Delivered,5
3729,256,131,2025-09-22 13:22:12,823.96,0,823.96,Delivered,
3730,542,101,2025-09-24 13:58:01,411.03,41.1,369.93,Delivered,5
3731,991,152,2025-05-17 12:53:21,349.45,0,349.45,Delivered,
3732,217,69,2025-06-27 16:50:51,368.74,0,368.74,Delivered,3
3733,368,34,2025-12-25 10:02:56,846.03,84.6,761.43,Delivered,
3734,832,1,2025-07-02 16:58:10,343.59,0,343.59,Delivered,5
3735,340,159,2025-06-10 12:00:18,49.73,7.46,42.27,Delivered,5
3736,805,51,2025-10-30 06:44:04,337.74,50.66,287.08,Delivered,3
3737,284,59,2025-01-26 22:34:50,717.36,0,717.36,Delivered,5
3738,346,177,2025-07-30 10:51:21,69.46,13.89,55.57,Cancelled,
3739,137,44,2025-06-20 15:28:43,453.04,0,453.04,Delivered,4
3740,528,113,2025-09-23 19:26:16,389.74,0,389.74,Delivered,4
3741,392,137,2025-07-20 11:21:00,196.56,39.31,157.25,Delivered,1
3742,201,100,2025-12-26 21:34:51,673.64,0,673.64,Delivered,
3743,588,16,2025-05-23 14:55:32,822.8,0,822.8,Delivered,2
3744,749,178,2025-02-16 21:30:20,381.41,0,381.41,Delivered,
3745,734,37,2025-09-20 21:00:02,438.41,87.68,350.73,Delivered,5
3746,844,190,2025-09-26 11:24:53,272.68,0,272.68,Delivered,3
3747,706,9,2025-11-30 11:48:13,761.86,0,761.86,Delivered,5
3748,82,200,2025-02-08 23:55:43,344.56,0,344.56,Delivered,5
3749,303,23,2025-02-25 19:58:41,209.52,0,209.52,Delivered,3
3750,990,13,2025-02-23 19:54:47,681.62,34.08,647.54,Delivered,3
3751,986,71,2025-10-21 13:22:33,62.1,9.31,52.79,Cancelled,
3752,89,168,2025-07-28 11:00:49,1356.65,0,1356.65,Delivered,
3753,451,111,2025-05-26 19:52:49,530.35,0,530.35,Delivered,4
3754,288,162,2025-05-24 15:13:38,416.48,0,416.48,Delivered,5
3755,795,115,2025-09-09 18:30:36,181.71,0,181.71,Delivered,5
3756,209,110,2025-07-04 20:15:01,263.86,26.39,237.47,Delivered,
3757,396,188,2025-04-06 08:35:44,800.98,0,800.98,Delivered,
3758,372,92,2025-11-12 22:55:01,717.84,0,717.84,Delivered,5
3759,87,36,2025-04-15 13:51:40,130.06,13.01,117.05,Delivered,3
3760,316,110,2025-07-07 23:02:33,1364.38,0,1364.38,Delivered,3
3761,672,194,2025-06-06 08:24:25,683.13,0,683.13,Delivered,
3762,70,6,2025-11-09 20:13:23,1619.9,323.98,1295.92,Delivered,3
3763,706,140,2025-04-16 14:31:27,505.59,0,505.59,Delivered,5
3764,761,167,2025-10-25 18:10:04,540.0,54.0,486.0,Delivered,
3765,4,199,2025-11-29 19:57:57,428.14,64.22,363.92,Delivered,1
3766,351,78,2025-09-23 19:37:02,673.2,100.98,572.22,Delivered,3
3767,420,155,2025-06-13 22:13:01,68.16,0,68.16,Delivered,4
3768,535,64,2025-07-16 21:32:14,1100.49,0,1100.49,Cancelled,
3769,229,88,2025-10-04 17:00:49,601.17,0,601.17,Cancelled,
3770,63,89,2025-03-29 19:45:00,342.87,0,342.87,Delivered,
3771,32,139,2025-09-15 12:42:53,182.04,18.2,163.84,Delivered,5
3772,222,124,2025-05-18 13:44:24,550.86,0,550.86,Delivered,4
3773,569,32,2025-12-28 10:33:05,375.8,0,375.8,Delivered,
3774,896,110,2025-08-29 21:41:58,99.32,0,99.32,Delivered,5
3775,81,117,2025-02-01 19:37:33,245.36,0,245.36,Delivered,
3776,926,151,2025-11-17 12:11:08,493.03,0,493.03,Delivered,
3777,950,76,2025-08-16 23:42:09,397.26,0,397.26,Delivered,
3778,363,119,2025-03-21 20:54:08,246.16,49.23,196.93,Delivered,
3779,868,62,2025-04-02 20:29:51,33.06,4.96,28.1,Delivered,3
3780,149,69,2025-07-21 19:50:48,771.51,154.3,617.21,Delivered,5
3781,521,74,2025-02-16 09:14:51,552.01,55.2,496.81,Delivered,
3782,167,39,2025-06-09 17:05:04,365.93,36.59,329.34,Delivered,5
3783,952,3,2025-06-12 12:36:45,1017.68,0,1017.68,Delivered,
3784,168,129,2025-03-21 12:40:42,152.38,0,152.38,Delivered,
3785,941,86,2025-04-07 12:31:28,207.04,0,207.04,Cancelled,
3786,503,130,2025-12-22 13:47:53,848.63,169.73,678.9,Delivered,4
3787,615,21,2025-03-03 12:39:26,185.44,0,185.44,Delivered,4
3788,270,119,2025-05-05 13:11:56,428.86,0,428.86,Delivered,5
3789,459,15,2025-01-23 20:39:41,339.58,0,339.58,Delivered,4
3790,528,177,2025-06-25 19:17:47,279.99,0,279.99,Delivered,5
3791,267,69,2025-08-25 19:40:00,1127.14,0,1127.14,Delivered,3
3792,167,167,2025-06-15 12:18:18,1031.66,0,1031.66,Delivered,4
3793,849,165,2025-08-22 16:23:34,632.94,0,632.94,Delivered,
3794,445,92,2025-03-19 12:50:28,109.48,0,109.48,Delivered,5
3795,165,27,2025-10-14 17:31:34,842.06,0,842.06,Delivered,
3796,927,26,2025-10-14 18:44:54,317.07,0,317.07,Delivered,5
3797,419,77,2025-04-12 09:37:29,123.31,0,123.31,Delivered,2
3798,222,66,2025-07-24 07:01:50,264.92,0,264.92,Delivered,3
3799,146,118,2025-05-16 12:09:59,237.76,0,237.76,Delivered,5
3800,831,13,2025-10-08 21:26:49,105.14,21.03,84.11,Delivered,4
3801,690,11,2025-10-13 16:16:35,950.75,0,950.75,Cancelled,
3802,810,185,2025-09-07 11:42:37,606.78,0,606.78,Delivered,
3803,765,183,2025-05-30 13:48:46,97.01,0,97.01,Delivered,
3804,464,54,2025-08-19 11:09:59,68.79,0,68.79,Delivered,4
3805,700,197,2025-10-08 15:01:38,148.39,0,148.39,Cancelled,
3806,585,19,2025-10-09 21:00:23,865.49,86.55,778.94,Delivered,
3807,586,57,2025-10-03 15:12:53,1079.63,215.93,863.7,Delivered,3
3808,590,152,2025-08-25 18:05:53,354.43,0,354.43,Delivered,
3809,538,17,2025-02-14 20:30:28,155.24,31.05,124.19,Delivered,3
3810,691,137,2025-10-16 11:05:25,98.28,0,98.28,Delivered,4
3811,229,43,2025-02-27 11:11:58,77.57,0,77.57,Cancelled,
3812,819,189,2025-11-24 20:34:26,348.94,52.34,296.6,Delivered,4
3813,773,155,2025-09-05 19:40:32,178.48,8.92,169.56,Delivered,5
3814,831,161,2025-11-09 13:22:56,967.98,193.6,774.38,Delivered,
3815,840,183,2025-07-03 11:45:12,701.82,0,701.82,Delivered,5
3816,584,89,2025-07-13 20:15:41,236.47,11.82,224.65,Delivered,5
3817,968,51,2025-07-22 12:13:52,364.18,0,364.18,Delivered,4
3818,919,34,2025-05-10 11:35:37,250.1,0,250.1,Delivered,4
3819,773,59,2025-12-14 20:32:33,717.36,71.74,645.62,Delivered,
3820,143,164,2025-09-28 15:17:12,330.03,49.5,280.53,Delivered,5
3821,288,59,2025-07-30 12:56:35,593.71,0,593.71,Delivered,
3822,983,113,2025-09-03 11:13:01,186.93,0,186.93,Delivered,3
3823,177,83,2025-12-02 00:03:01,264.72,39.71,225.01,Delivered,5
3824,299,138,2025-06-01 17:10:30,445.08,89.02,356.06,Delivered,5
3825,920,121,2025-06-04 13:03:52,328.33,0,328.33,Delivered,
3826,752,42,2025-09-23 11:57:15,546.54,0,546.54,Delivered,4
3827,951,161,2025-11-19 12:56:32,799.78,0,799.78,Cancelled,
3828,207,72,2025-07-22 11:09:22,382.89,0,382.89,Delivered,
3829,772,80,2025-10-05 19:49:19,547.34,0,547.34,Delivered,
3830,389,70,2025-09-08 15:44:13,109.58,21.92,87.66,Delivered,
3831,970,91,2025-05-13 17:40:44,270.68,0,270.68,Delivered,3
3832,146,101,2025-10-30 20:53:03,321.43,0,321.43,Delivered,3
3833,52,100,2025-11-29 14:58:00,1370.04,0,1370.04,Delivered,5
3834,162,112,2025-07-10 19:14:29,500.46,0,500.46,Delivered,
3835,309,200,2025-01-05 15:43:06,63.36,0,63.36,Delivered,5
3836,761,183,2025-07-17 14:05:34,230.64,0,230.64,Delivered,4
3837,237,169,2025-12-11 09:52:14,740.75,0,740.75,Delivered,5
3838,122,74,2025-05-13 15:43:42,233.28,34.99,198.29,Delivered,4
3839,249,60,2025-07-03 12:39:59,233.46,0,233.46,Delivered,4
3840,144,39,2025-07-03 23:53:20,298.26,14.91,283.35,Delivered,
3841,997,38,2025-04-24 16:35:12,316.01,0,316.01,Delivered,
3842,465,34,2025-05-09 08:48:38,235.55,35.33,200.22,Delivered,
3843,512,198,2025-02-06 17:22:31,309.2,46.38,262.82,Delivered,
3844,45,2,2025-03-06 20:18:28,740.74,74.07,666.67,Delivered,5
3845,663,129,2025-12-06 21:29:25,343.01,0,343.01,Delivered,5
3846,874,168,2025-09-26 21:32:23,201.16,0,201.16,Delivered,3
3847,464,135,2025-06-21 19:03:39,751.63,0,751.63,Delivered,
3848,239,102,2025-07-04 20:30:04,253.91,0,253.91,Delivered,
3849,298,90,2025-02-14 08:19:05,329.64,0,329.64,Delivered,
3850,743,34,2025-09-22 12:54:20,1239.69,0,1239.69,Delivered,4
3851,244,92,2025-12-10 10:29:13,682.92,0,682.92,Delivered,4
3852,10,94,2025-04-24 11:46:56,210.06,0,210.06,Cancelled,
3853,421,104,2025-06-30 12:39:23,647.48,129.5,517.98,Delivered,5
3854,100,84,2025-09-21 12:44:50,418.92,0,418.92,Delivered,5
3855,481,162,2025-09-06 21:22:11,579.93,0,579.93,Delivered,
3856,52,4,2025-10-18 11:45:48,560.05,28.0,532.05,Delivered,5
3857,894,196,2025-04-23 13:24:24,328.65,0,328.65,Delivered,
3858,151,82,2025-06-01 09:48:28,1189.38,0,1189.38,Delivered,5
3859,976,101,2025-09-09 19:01:29,273.32,0,273.32,Delivered,
3860,602,183,2025-06-14 19:17:41,883.15,132.47,750.68,Delivered,3
3861,275,42,2025-12-07 07:20:55,793.12,0,793.12,Delivered,1
3862,257,159,2025-07-21 11:05:35,212.16,0,212.16,Delivered,5
3863,222,124,2025-12-28 13:36:57,373.77,0,373.77,Delivered,
3864,115,80,2025-05-24 20:28:02,1154.82,0,1154.82,Delivered,4
3865,112,159,2025-12-07 14:06:16,86.37,0,86.37,Delivered,
3866,736,164,2025-10-21 18:02:35,741.62,0,741.62,Delivered,5
3867,510,134,2025-12-05 08:15:44,1618.26,0,1618.26,Delivered,
3868,904,180,2025-06-26 21:39:18,471.36,47.14,424.22,Delivered,
3869,958,200,2025-09-23 11:55:51,123.48,6.17,117.31,Delivered,3
3870,405,152,2025-08-29 20:09:29,469.49,0,469.49,Delivered,3
3871,141,103,2025-06-19 17:37:38,143.06,0,143.06,Delivered,
3872,59,177,2025-07-05 21:30:51,74.96,0,74.96,Cancelled,
3873,867,60,2025-03-13 08:05:57,216.2,0,216.2,Delivered,4
3874,19,179,2025-02-21 09:23:43,213.02,0,213.02,Delivered,
3875,736,175,2025-08-18 15:05:24,206.22,0,206.22,Delivered,1
3876,722,178,2025-07-19 11:52:39,466.66,70.0,396.66,Delivered,4
3877,284,4,2025-08-14 12:40:08,787.56,0,787.56,Delivered,4
3878,217,69,2025-04-14 22:43:54,745.29,0,745.29,Cancelled,
3879,586,7,2025-09-26 12:11:22,845.26,169.05,676.21,Delivered,
3880,866,62,2025-03-04 06:09:35,218.76,0,218.76,Delivered,5
3881,330,193,2025-06-26 16:37:42,175.02,0,175.02,Delivered,5
3882,832,75,2025-10-02 17:29:35,349.26,0,349.26,Delivered,
3883,823,80,2025-08-27 20:54:27,432.0,0,432.0,Delivered,
3884,505,76,2025-12-15 18:57:12,489.62,0,489.62,Delivered,
3885,886,10,2025-02-19 19:32:08,101.54,0,101.54,Delivered,4
3886,293,19,2025-08-10 12:42:41,182.29,0,182.29,Cancelled,
3887,927,162,2025-10-19 11:47:33,986.3,0,986.3,Delivered,
3888,216,136,2025-09-10 21:57:05,601.44,90.22,511.22,Delivered,3
3889,259,23,2025-02-12 12:51:03,290.96,0,290.96,Delivered,5
3890,313,158,2025-02-27 12:31:01,321.94,0,321.94,Delivered,5
3891,925,194,2025-03-13 10:12:22,407.48,0,407.48,Delivered,2
3892,57,184,2025-10-01 14:23:03,395.01,0,395.01,Cancelled,
3893,15,40,2025-09-16 18:09:06,266.78,0,266.78,Cancelled,
3894,897,29,2025-03-10 10:26:10,819.86,0,819.86,Delivered,
3895,243,121,2025-09-17 20:34:26,409.42,81.88,327.54,Delivered,4
3896,749,103,2025-03-03 18:38:36,234.45,46.89,187.56,Delivered,
3897,352,145,2025-09-01 22:12:35,508.84,76.33,432.51,Delivered,5
3898,284,100,2025-09-13 20:39:20,181.42,36.28,145.14,Cancelled,
3899,773,167,2025-09-15 19:05:21,614.28,0,614.28,Delivered,3
3900,147,14,2025-04-07 12:33:31,437.33,0,437.33,Delivered,
3901,773,59,2025-05-30 20:14:26,746.4,0,746.4,Delivered,5
3902,350,90,2025-12-21 13:59:18,61.18,0,61.18,Delivered,4
3903,52,67,2025-05-20 18:55:55,145.13,29.03,116.1,Delivered,
3904,346,137,2025-03-16 13:42:57,615.27,30.76,584.51,Delivered,5
3905,368,74,2025-09-19 13:56:10,706.27,0,706.27,Delivered,4
3906,359,26,2025-09-24 13:23:07,1043.08,0,1043.08,Cancelled,
3907,339,146,2025-07-04 21:18:56,854.58,0,854.58,Delivered,4
3908,744,31,2025-11-13 20:52:44,1642.7,0,1642.7,Cancelled,
3909,24,7,2025-01-07 12:34:28,635.78,63.58,572.2,Delivered,
3910,376,61,2025-12-06 17:13:27,564.12,56.41,507.71,Delivered,
3911,925,64,2025-05-15 11:55:06,870.29,0,870.29,Delivered,
3912,571,89,2025-08-18 10:43:56,191.99,0,191.99,Delivered,2
3913,850,45,2025-08-25 14:35:02,560.88,0,560.88,Cancelled,
3914,219,145,2025-01-20 00:13:59,291.73,0,291.73,Delivered,4
3915,53,20,2025-12-24 09:39:08,224.84,0,224.84,Delivered,5
3916,520,197,2025-04-06 20:08:43,137.15,0,137.15,Delivered,5
3917,507,12,2025-11-21 16:19:29,286.59,0,286.59,Delivered,3
3918,160,134,2025-11-26 13:47:25,385.09,0,385.09,Cancelled,
3919,392,177,2025-03-27 09:28:59,149.92,0,149.92,Delivered,
3920,482,120,2025-05-20 22:30:48,1170.78,0,1170.78,Delivered,
3921,602,155,2025-12-27 12:25:32,1326.79,0,1326.79,Delivered,
3922,202,118,2025-11-06 17:52:34,337.9,0,337.9,Delivered,3
3923,878,134,2025-10-23 12:39:16,324.76,0,324.76,Delivered,
3924,516,96,2025-09-12 11:40:18,190.04,0,190.04,Delivered,
3925,63,67,2025-06-07 21:22:22,577.58,57.76,519.82,Delivered,
3926,602,83,2025-12-12 20:26:49,265.69,13.28,252.41,Cancelled,
3927,313,44,2025-07-08 12:14:19,691.02,103.65,587.37,Delivered,4
3928,849,2,2025-07-05 16:51:44,1051.65,210.33,841.32,Delivered,
3929,326,44,2025-05-07 19:43:49,258.36,0,258.36,Delivered,5
3930,605,127,2025-04-06 12:13:57,358.82,0,358.82,Delivered,4
3931,66,183,2025-08-11 11:03:46,1671.59,0,1671.59,Delivered,4
3932,749,134,2025-07-20 23:53:16,583.65,0,583.65,Delivered,4
3933,464,35,2025-11-23 19:00:36,1013.68,0,1013.68,Delivered,3
3934,942,68,2025-02-22 19:05:12,195.3,0,195.3,Delivered,3
3935,157,76,2025-01-23 09:22:34,342.23,0,342.23,Delivered,
3936,112,72,2025-12-02 23:49:08,970.49,0,970.49,Delivered,4
3937,326,189,2025-02-25 11:09:41,215.82,0,215.82,Delivered,2
3938,109,49,2025-10-25 18:48:59,577.71,0,577.71,Delivered,3
3939,547,22,2025-05-20 15:39:02,181.77,0,181.77,Delivered,
3940,550,46,2025-12-28 20:17:19,199.73,0,199.73,Delivered,4
3941,937,93,2025-04-05 19:09:30,804.93,0,804.93,Delivered,2
3942,275,67,2025-10-18 19:44:54,567.61,0,567.61,Delivered,3
3943,635,145,2025-07-19 14:03:13,1094.06,0,1094.06,Cancelled,
3944,42,2,2025-05-17 17:35:03,309.63,0,309.63,Delivered,3
3945,831,141,2025-09-26 12:55:29,255.62,38.34,217.28,Delivered,5
3946,327,183,2025-08-17 00:12:17,391.55,0,391.55,Delivered,
3947,113,200,2025-05-24 13:51:13,282.39,0,282.39,Delivered,5
3948,465,26,2025-11-17 21:19:42,573.39,0,573.39,Delivered,4
3949,51,6,2025-08-08 16:54:16,343.62,0,343.62,Delivered,2
3950,118,155,2025-02-18 12:12:48,408.9,0,408.9,Delivered,5
3951,559,163,2025-05-08 11:00:48,211.17,42.23,168.94,Delivered,
3952,655,70,2025-03-12 10:10:07,315.4,0,315.4,Delivered,1
3953,328,167,2025-10-24 08:15:29,180.0,0,180.0,Delivered,5
3954,701,158,2025-07-25 18:32:52,757.3,0,757.3,Delivered,4
3955,395,116,2025-12-24 18:25:24,486.4,0,486.4,Delivered,5
3956,564,13,2025-03-20 12:51:38,602.95,0,602.95,Delivered,3
3957,235,33,2025-08-15 20:34:06,265.21,39.78,225.43,Delivered,
3958,371,31,2025-01-30 11:10:25,279.14,0,279.14,Delivered,3
3959,275,59,2025-08-01 13:31:33,205.02,0,205.02,Cancelled,
3960,952,193,2025-08-28 16:22:06,77.18,0,77.18,Delivered,
3961,358,124,2025-02-11 13:57:44,657.85,0,657.85,Delivered,
3962,32,198,2025-10-16 13:56:08,65.19,0,65.19,Delivered,4
3963,753,149,2025-09-03 13:08:44,245.27,0,245.27,Delivered,5
3964,35,39,2025-07-04 11:27:15,253.34,25.33,228.01,Delivered,
3965,972,16,2025-09-19 17:35:01,330.09,0,330.09,Delivered,4
3966,535,194,2025-01-08 13:13:41,776.85,0,776.85,Cancelled,
3967,137,189,2025-07-21 12:26:18,344.51,0,344.51,Delivered,4
3968,830,170,2025-12-13 21:43:03,604.43,0,604.43,Delivered,3
3969,342,168,2025-12-14 19:36:48,297.39,0,297.39,Delivered,5
3970,809,191,2025-07-17 18:52:34,690.83,0,690.83,Delivered,5
3971,23,62,2025-11-22 15:35:41,123.11,0,123.11,Delivered,5
3972,709,110,2025-04-25 20:54:52,99.32,0,99.32,Delivered,5
3973,260,34,2025-09-10 20:55:11,818.08,122.71,695.37,Cancelled,
3974,243,180,2025-01-29 18:04:18,175.76,0,175.76,Cancelled,
3975,703,78,2025-06-12 18:03:38,127.52,0,127.52,Delivered,3
3976,8,23,2025-05-18 07:48:57,581.92,0,581.92,Delivered,
3977,313,158,2025-07-21 20:21:12,288.82,43.32,245.5,Delivered,
3978,535,173,2025-08-29 23:47:59,799.03,0,799.03,Delivered,4
3979,165,161,2025-01-27 18:56:24,515.56,0,515.56,Delivered,
3980,540,80,2025-05-21 08:49:12,881.79,0,881.79,Delivered,4
3981,53,122,2025-08-04 10:43:32,445.57,89.11,356.46,Cancelled,
3982,883,29,2025-05-04 13:53:07,147.56,0,147.56,Delivered,4
3983,881,68,2025-04-21 13:39:51,418.63,0,418.63,Delivered,4
3984,195,27,2025-05-22 12:18:48,262.31,39.35,222.96,Delivered,
3985,673,191,2025-11-19 17:48:32,266.32,53.26,213.06,Delivered,5
3986,61,41,2025-10-20 20:11:03,798.31,0,798.31,Delivered,4
3987,274,131,2025-05-05 15:00:26,272.55,0,272.55,Delivered,4
3988,428,58,2025-12-08 19:36:41,259.7,0,259.7,Delivered,4
3989,642,194,2025-12-07 20:14:21,612.46,61.25,551.21,Delivered,3
3990,127,1,2025-01-18 20:50:18,582.89,0,582.89,Cancelled,
3991,855,64,2025-09-01 14:27:36,612.77,0,612.77,Delivered,5
3992,421,122,2025-09-11 18:18:47,1064.2,0,1064.2,Delivered,
3993,414,89,2025-06-20 19:00:06,428.46,0,428.46,Delivered,
3994,93,124,2025-04-12 20:42:09,145.51,0,145.51,Delivered,5
3995,244,131,2025-12-21 20:40:23,223.5,0,223.5,Delivered,4
3996,4,182,2025-05-28 12:21:08,596.64,0,596.64,Delivered,4
3997,840,110,2025-07-10 17:05:56,900.69,45.03,855.66,Cancelled,
3998,71,129,2025-04-23 19:48:48,450.7,0,450.7,Delivered,
3999,313,53,2025-02-16 20:53:14,126.9,0,126.9,Delivered,
4000,70,146,2025-10-30 14:46:26,98.37,0,98.37,Delivered,4
4001,650,6,2025-12-20 20:37:41,107.67,5.38,102.29,Delivered,5
4002,408,156,2025-07-19 17:02:19,642.83,0,642.83,Delivered,4
4003,41,77,2025-09-30 19:34:10,369.0,0,369.0,Delivered,5
4004,121,124,2025-03-31 15:42:24,385.83,0,385.83,Delivered,4
4005,645,1,2025-06-17 12:21:27,498.86,0,498.86,Delivered,4
4006,43,61,2025-06-11 12:14:39,819.19,0,819.19,Delivered,5
4007,966,59,2025-08-09 22:19:14,1274.8,0,1274.8,Delivered,5
4008,784,21,2025-09-09 19:05:07,326.68,0,326.68,Delivered,5
4009,855,33,2025-11-21 23:54:38,236.87,0,236.87,Delivered,
4010,35,175,2025-12-12 21:20:53,170.52,0,170.52,Delivered,4
4011,197,62,2025-04-28 18:47:20,123.11,18.47,104.64,Delivered,2
4012,669,43,2025-08-07 12:33:03,461.93,46.19,415.74,Cancelled,
4013,13,121,2025-06-01 11:41:31,378.33,37.83,340.5,Delivered,2
4014,790,74,2025-08-03 14:17:05,243.49,36.52,206.97,Delivered,5
4015,239,87,2025-08-07 20:20:14,435.82,0,435.82,Delivered,3
4016,456,88,2025-06-28 17:18:33,545.33,0,545.33,Delivered,5
4017,545,132,2025-04-25 18:00:59,83.64,8.36,75.28,Delivered,5
4018,420,18,2025-08-06 16:47:42,88.08,0,88.08,Delivered,
4019,340,190,2025-04-02 18:49:21,884.49,0,884.49,Delivered,4
4020,984,64,2025-06-22 19:12:27,332.88,0,332.88,Cancelled,
4021,614,135,2025-03-25 13:37:32,354.06,0,354.06,Delivered,
4022,50,158,2025-01-03 21:47:49,187.51,0,187.51,Delivered,5
4023,8,179,2025-02-15 11:56:09,281.61,0,281.61,Delivered,
4024,378,193,2025-11-14 12:04:48,188.49,9.42,179.07,Cancelled,
4025,310,63,2025-06-10 20:02:03,870.67,0,870.67,Delivered,3
4026,252,25,2025-07-26 10:02:56,450.91,0,450.91,Delivered,
4027,818,117,2025-11-07 12:39:44,819.86,163.97,655.89,Delivered,
4028,922,170,2025-11-15 13:37:28,908.43,0,908.43,Cancelled,
4029,138,198,2025-07-19 09:12:02,124.75,6.24,118.51,Cancelled,
4030,992,3,2025-12-11 10:37:51,1010.84,0,1010.84,Delivered,
4031,912,34,2025-02-14 19:59:08,376.93,0,376.93,Delivered,5
4032,752,123,2025-06-25 20:08:24,1619.96,0,1619.96,Delivered,5
4033,512,116,2025-04-30 18:24:42,390.04,78.01,312.03,Delivered,4
4034,444,97,2025-12-27 12:18:38,325.54,0,325.54,Cancelled,
4035,290,98,2025-09-08 12:05:22,281.05,0,281.05,Delivered,
4036,819,81,2025-05-31 19:02:43,144.5,0,144.5,Delivered,5
4037,765,26,2025-08-14 22:45:07,318.78,47.82,270.96,Cancelled,
4038,354,145,2025-11-10 21:49:19,736.22,73.62,662.6,Delivered,5
4039,430,43,2025-10-19 11:47:24,155.14,0,155.14,Delivered,5
4040,550,63,2025-10-01 12:37:10,136.06,0,136.06,Delivered,4
4041,868,152,2025-01-21 07:05:20,89.58,4.48,85.1,Delivered,
4042,67,23,2025-07-09 20:32:05,214.14,32.12,182.02,Delivered,
4043,900,114,2025-05-02 13:22:56,521.03,78.15,442.88,Delivered,4
4044,818,117,2025-01-16 15:53:08,540.85,54.09,486.76,Delivered,
4045,269,183,2025-12-08 21:49:01,928.7,46.44,882.26,Delivered,
4046,937,2,2025-05-18 17:00:16,509.98,0,509.98,Delivered,
4047,637,58,2025-11-13 17:47:41,804.56,0,804.56,Delivered,4
4048,292,199,2025-05-25 21:37:36,1489.99,0,1489.99,Delivered,4
4049,952,193,2025-10-19 21:29:51,146.96,0,146.96,Delivered,2
4050,717,174,2025-07-08 19:47:15,293.02,43.95,249.07,Delivered,5
4051,496,134,2025-11-29 21:44:15,170.43,17.04,153.39,Delivered,5
4052,238,107,2025-05-31 20:00:57,538.92,0,538.92,Delivered,
4053,762,133,2025-07-30 10:34:04,130.07,0,130.07,Delivered,
4054,581,125,2025-12-16 19:56:38,204.17,0,204.17,Delivered,5
4055,792,100,2025-11-06 06:17:02,544.68,108.94,435.74,Delivered,5
4056,774,91,2025-11-27 23:20:25,271.11,0,271.11,Delivered,3
4057,361,32,2025-05-23 13:55:40,740.22,0,740.22,Delivered,4
4058,389,185,2025-06-01 19:48:05,890.84,0,890.84,Delivered,4
4059,290,71,2025-10-08 11:15:30,71.36,0,71.36,Delivered,5
4060,595,26,2025-02-09 19:43:32,551.57,82.74,468.83,Delivered,3
4061,746,49,2025-07-11 08:08:37,366.06,0,366.06,Delivered,5
4062,595,83,2025-11-28 19:03:00,109.34,0,109.34,Delivered,4
4063,911,195,2025-08-02 16:28:18,1122.76,112.28,1010.48,Delivered,
4064,59,125,2025-07-05 23:31:06,493.35,49.34,444.01,Delivered,2
4065,382,174,2025-11-18 13:12:20,68.78,13.76,55.02,Delivered,4
4066,21,65,2025-11-01 20:43:13,569.52,0,569.52,Delivered,
4067,393,153,2025-03-14 16:07:24,90.15,0,90.15,Cancelled,
4068,774,124,2025-11-20 16:48:32,381.11,0,381.11,Delivered,3
4069,817,14,2025-04-30 12:35:17,373.67,37.37,336.3,Delivered,1
4070,516,94,2025-11-01 19:05:54,164.14,16.41,147.73,Delivered,5
4071,754,79,2025-05-18 18:59:17,121.46,0,121.46,Delivered,4
4072,109,198,2025-11-30 09:41:05,290.79,0,290.79,Delivered,
4073,811,135,2025-12-23 13:10:58,910.32,0,910.32,Delivered,4
4074,33,185,2025-08-10 12:48:53,1194.23,238.85,955.38,Delivered,3
4075,404,192,2025-01-11 13:57:34,945.9,0,945.9,Delivered,5
4076,310,101,2025-04-27 17:23:00,62.21,0,62.21,Delivered,
4077,724,84,2025-09-18 12:41:48,230.58,34.59,195.99,Delivered,
4078,405,31,2025-03-04 09:20:25,927.69,0,927.69,Delivered,5
4079,859,166,2025-08-17 21:54:30,219.99,0,219.99,Delivered,
4080,918,199,2025-03-27 16:17:53,686.58,0,686.58,Delivered,
4081,13,96,2025-05-18 12:16:57,796.83,0,796.83,Delivered,5
4082,761,183,2025-05-02 18:15:34,98.19,0,98.19,Delivered,3
4083,387,12,2025-03-02 19:04:02,253.18,0,253.18,Delivered,
4084,235,8,2025-01-28 12:06:01,212.74,0,212.74,Delivered,
4085,242,31,2025-10-19 19:16:34,598.88,0,598.88,Delivered,
4086,291,181,2025-12-27 11:24:17,343.91,68.78,275.13,Delivered,4
4087,834,149,2025-12-15 13:46:42,173.41,34.68,138.73,Delivered,
4088,437,45,2025-08-25 20:34:01,244.9,0,244.9,Delivered,
4089,262,33,2025-07-03 19:02:19,51.25,0,51.25,Delivered,5
4090,675,9,2025-10-09 20:17:45,462.44,0,462.44,Delivered,5
4091,388,192,2025-11-23 11:04:57,664.9,0,664.9,Delivered,
4092,947,127,2025-04-19 11:52:07,202.26,0,202.26,Delivered,4
4093,765,4,2025-04-14 12:11:26,656.74,0,656.74,Delivered,4
4094,535,48,2025-05-16 10:31:04,1040.93,104.09,936.84,Delivered,2
4095,945,127,2025-04-23 23:23:53,102.63,10.26,92.37,Delivered,5
4096,222,10,2025-03-13 08:47:58,114.57,0,114.57,Delivered,5
4097,664,178,2025-09-02 12:37:19,936.46,0,936.46,Cancelled,
4098,376,157,2025-06-19 16:34:40,425.82,0,425.82,Cancelled,
4099,755,84,2025-06-15 09:04:32,116.82,5.84,110.98,Delivered,5
4100,759,195,2025-05-15 20:37:59,694.72,0,694.72,Cancelled,
4101,180,42,2025-01-30 08:09:33,990.35,148.55,841.8,Delivered,5
4102,692,88,2025-12-24 19:34:58,844.82,0,844.82,Cancelled,
4103,88,18,2025-07-30 12:06:28,543.69,0,543.69,Cancelled,
4104,658,170,2025-09-18 23:45:22,583.65,116.73,466.92,Delivered,4
4105,479,5,2025-12-08 13:01:13,68.47,0,68.47,Delivered,4
4106,809,131,2025-10-21 11:38:28,312.66,0,312.66,Delivered,
4107,472,188,2025-05-30 19:32:16,167.57,0,167.57,Delivered,4
4108,724,148,2025-11-07 20:54:00,93.55,0,93.55,Cancelled,
4109,588,160,2025-08-26 07:15:31,670.41,100.56,569.85,Delivered,4
4110,359,59,2025-05-31 15:18:40,1002.57,0,1002.57,Delivered,
4111,90,139,2025-07-29 21:31:49,273.99,27.4,246.59,Delivered,5
4112,951,78,2025-07-12 20:27:25,704.56,0,704.56,Delivered,5
4113,610,109,2025-05-14 12:14:05,681.24,0,681.24,Delivered,5
4114,774,10,2025-01-10 11:17:55,114.57,17.19,97.38,Delivered,5
4115,881,42,2025-04-20 11:22:35,600.26,0,600.26,Delivered,5
4116,401,175,2025-11-18 20:52:23,357.12,53.57,303.55,Delivered,4
4117,929,40,2025-11-17 14:27:50,255.71,0,255.71,Delivered,5
4118,904,90,2025-12-09 12:30:17,289.28,0,289.28,Delivered,3
4119,195,13,2025-05-06 08:30:08,155.08,0,155.08,Delivered,5
4120,162,112,2025-09-05 00:53:49,212.36,10.62,201.74,Delivered,4
4121,343,112,2025-06-07 11:18:47,1199.49,0,1199.49,Delivered,4
4122,927,155,2025-06-16 22:11:43,274.05,0,274.05,Delivered,4
4123,221,88,2025-01-15 19:51:58,299.49,0,299.49,Delivered,
4124,2,89,2025-10-15 21:31:39,260.88,0,260.88,Delivered,5
4125,304,98,2025-01-04 21:57:31,107.6,0,107.6,Delivered,4
4126,368,68,2025-04-27 10:55:19,498.11,0,498.11,Cancelled,
4127,225,193,2025-11-21 11:01:50,73.48,0,73.48,Delivered,3
4128,732,87,2025-05-06 19:19:29,797.7,119.66,678.04,Delivered,5
4129,824,87,2025-05-18 19:59:58,797.7,0,797.7,Delivered,
4130,252,90,2025-04-03 19:22:21,363.28,0,363.28,Delivered,5
4131,305,18,2025-07-02 14:20:06,478.3,71.75,406.55,Delivered,
4132,138,82,2025-10-31 21:46:43,444.7,44.47,400.23,Delivered,4
4133,965,42,2025-10-11 19:40:32,649.44,97.42,552.02,Delivered,5
4134,427,186,2025-11-28 13:58:27,560.4,0,560.4,Cancelled,
4135,89,115,2025-09-17 20:21:42,1510.94,151.09,1359.85,Delivered,4
4136,868,108,2025-06-08 20:24:04,438.33,0,438.33,Cancelled,
4137,870,172,2025-09-05 07:13:10,235.44,11.77,223.67,Delivered,
4138,377,60,2025-05-28 18:38:22,619.58,123.92,495.66,Delivered,
4139,855,158,2025-08-05 12:06:14,557.79,111.56,446.23,Delivered,4
4140,229,182,2025-07-21 12:58:27,901.86,0,901.86,Delivered,
4141,706,120,2025-09-09 19:34:03,1386.76,0,1386.76,Delivered,5
4142,1,187,2025-09-26 12:12:08,1088.31,0,1088.31,Delivered,3
4143,415,196,2025-04-17 21:48:31,364.88,0,364.88,Cancelled,
4144,497,67,2025-06-12 08:03:15,341.2,34.12,307.08,Delivered,3
4145,884,182,2025-01-27 19:34:49,1262.74,189.41,1073.33,Delivered,5
4146,479,5,2025-06-12 20:02:28,593.17,0,593.17,Delivered,3
4147,933,115,2025-12-25 16:12:45,646.08,0,646.08,Cancelled,
4148,21,10,2025-04-03 21:58:02,475.3,0,475.3,Cancelled,
4149,843,22,2025-08-06 18:29:33,1099.07,54.95,1044.12,Delivered,5
4150,860,198,2025-10-24 22:04:25,109.42,0,109.42,Delivered,4
4151,38,18,2025-07-11 21:51:26,256.24,0,256.24,Cancelled,
4152,591,156,2025-01-15 10:50:41,763.77,0,763.77,Delivered,
4153,882,33,2025-06-02 17:37:23,152.58,0,152.58,Delivered,
4154,312,127,2025-08-06 11:00:33,340.29,17.01,323.28,Delivered,5
4155,290,92,2025-07-18 20:13:38,389.71,0,389.71,Delivered,2
4156,537,83,2025-07-08 18:07:34,155.38,0,155.38,Delivered,
4157,646,67,2025-10-18 19:05:18,1369.31,0,1369.31,Delivered,4
4158,93,21,2025-04-20 10:18:52,1171.48,117.15,1054.33,Cancelled,
4159,257,21,2025-02-12 18:42:28,1256.89,0,1256.89,Delivered,4
4160,597,132,2025-09-27 10:08:10,170.34,0,170.34,Delivered,
4161,237,114,2025-03-26 18:39:14,503.22,0,503.22,Cancelled,
4162,748,86,2025-09-29 12:27:57,347.68,17.38,330.3,Delivered,5
4163,456,30,2025-11-15 13:16:55,500.35,0,500.35,Delivered,
4164,416,89,2025-06-15 13:03:46,624.68,0,624.68,Delivered,
4165,347,58,2025-10-16 18:19:38,138.54,0,138.54,Delivered,5
4166,360,20,2025-05-15 21:48:59,220.12,0,220.12,Delivered,
4167,793,70,2025-08-24 20:40:42,60.21,0,60.21,Delivered,
4168,118,178,2025-05-08 19:06:46,919.18,0,919.18,Delivered,4
4169,127,143,2025-07-24 19:46:35,398.06,0,398.06,Cancelled,
4170,446,65,2025-04-03 21:26:45,1210.72,0,1210.72,Delivered,4
4171,328,83,2025-09-07 20:19:37,326.14,0,326.14,Delivered,5
4172,304,98,2025-05-18 13:12:42,745.87,149.17,596.7,Delivered,
4173,840,68,2025-08-22 13:23:13,137.39,0,137.39,Delivered,5
4174,143,39,2025-04-13 06:31:55,488.1,0,488.1,Cancelled,
4175,910,52,2025-12-08 18:24:37,414.31,0,414.31,Delivered,
4176,499,125,2025-02-21 10:55:59,474.0,0,474.0,Delivered,3
4177,641,178,2025-04-18 11:44:01,919.18,0,919.18,Delivered,
4178,182,144,2025-03-02 07:15:53,1008.05,0,1008.05,Delivered,2
4179,338,57,2025-02-11 14:43:47,343.78,0,343.78,Delivered,2
4180,451,76,2025-06-21 13:04:11,249.87,0,249.87,Delivered,5
4181,843,107,2025-07-21 06:17:54,269.46,0,269.46,Delivered,3
4182,915,26,2025-01-15 22:47:32,701.04,105.16,595.88,Delivered,5
4183,589,138,2025-12-13 19:05:02,217.54,0,217.54,Delivered,
4184,430,113,2025-12-26 18:36:56,186.93,0,186.93,Delivered,4
4185,93,21,2025-01-19 10:04:37,808.72,121.31,687.41,Delivered,1
4186,751,105,2025-09-19 07:35:12,477.87,0,477.87,Delivered,3
4187,323,117,2025-07-13 12:57:43,746.02,74.6,671.42,Delivered,3
4188,175,115,2025-05-11 11:32:10,827.79,0,827.79,Delivered,3
4189,586,117,2025-06-22 23:46:45,1149.0,0,1149.0,Delivered,
4190,218,89,2025-07-13 10:21:37,191.99,9.6,182.39,Delivered,5
4191,309,2,2025-01-26 08:42:24,909.51,90.95,818.56,Delivered,5
4192,642,81,2025-12-25 17:32:27,869.4,43.47,825.93,Delivered,
4193,795,7,2025-03-08 08:13:28,879.71,0,879.71,Delivered,
4194,773,178,2025-02-01 12:06:12,1123.24,0,1123.24,Delivered,5
4195,566,23,2025-01-16 11:46:43,465.26,0,465.26,Delivered,5
4196,328,178,2025-10-17 09:24:13,1540.63,0,1540.63,Delivered,4
4197,252,188,2025-09-08 14:53:18,644.32,64.43,579.89,Delivered,
4198,828,58,2025-07-20 10:52:14,415.62,0,415.62,Delivered,
4199,859,192,2025-01-15 16:37:00,682.82,0,682.82,Delivered,3
4200,809,191,2025-04-30 13:43:37,623.94,0,623.94,Delivered,
4201,766,45,2025-06-26 12:30:33,749.73,74.97,674.76,Delivered,
4202,955,115,2025-07-06 20:01:45,541.82,0,541.82,Cancelled,
4203,650,138,2025-06-10 11:03:45,33.76,0,33.76,Delivered,
4204,210,185,2025-09-25 13:17:09,587.45,0,587.45,Cancelled,
4205,799,149,2025-01-19 18:25:11,273.64,54.73,218.91,Delivered,5
4206,535,55,2025-07-18 20:44:34,232.87,23.29,209.58,Delivered,5
4207,610,149,2025-07-17 19:58:09,105.81,0,105.81,Delivered,
4208,322,190,2025-09-23 11:37:57,649.62,0,649.62,Cancelled,
4209,641,11,2025-01-09 17:22:19,922.03,184.41,737.62,Delivered,2
4210,747,30,2025-06-13 13:12:51,637.43,0,637.43,Cancelled,
4211,186,53,2025-11-15 18:00:35,421.43,0,421.43,Cancelled,
4212,471,91,2025-12-27 20:53:39,55.83,0,55.83,Delivered,5
4213,332,3,2025-08-31 13:05:53,166.18,24.93,141.25,Delivered,
4214,114,100,2025-11-29 16:51:20,396.35,0,396.35,Delivered,
4215,39,59,2025-06-05 11:39:31,902.21,180.44,721.77,Delivered,4
4216,142,52,2025-03-02 12:09:59,210.1,0,210.1,Delivered,5
4217,474,184,2025-01-10 18:02:31,1761.0,0,1761.0,Delivered,1
4218,575,13,2025-12-13 18:31:07,629.69,0,629.69,Delivered,4
4219,208,19,2025-01-15 18:41:55,612.09,0,612.09,Delivered,5
4220,537,155,2025-09-16 21:52:59,274.05,41.11,232.94,Delivered,4
4221,859,194,2025-09-21 19:27:23,93.72,0,93.72,Delivered,4
4222,670,114,2025-09-27 12:47:46,563.16,0,563.16,Delivered,5
4223,191,137,2025-11-27 11:24:51,602.64,0,602.64,Delivered,4
4224,340,159,2025-09-24 16:48:23,333.23,0,333.23,Delivered,4
4225,409,158,2025-07-10 08:10:39,451.74,45.17,406.57,Delivered,
4226,216,56,2025-08-16 12:04:28,232.16,0,232.16,Delivered,
4227,146,185,2025-08-09 18:37:11,910.17,91.02,819.15,Delivered,
4228,331,166,2025-04-21 20:11:24,40.83,6.12,34.71,Cancelled,
4229,661,104,2025-04-28 16:01:36,1095.97,0,1095.97,Delivered,
4230,389,70,2025-07-12 11:04:19,375.61,0,375.61,Delivered,
4231,282,164,2025-02-24 14:18:27,86.53,8.65,77.88,Delivered,
4232,247,17,2025-03-27 18:14:10,192.36,0,192.36,Delivered,5
4233,242,161,2025-12-15 22:04:13,315.79,0,315.79,Delivered,5
4234,41,101,2025-09-15 18:19:00,203.42,0,203.42,Delivered,
4235,868,94,2025-05-26 12:33:50,376.51,0,376.51,Delivered,4
4236,842,56,2025-11-18 08:22:53,436.79,0,436.79,Delivered,4
4237,832,56,2025-09-27 00:32:18,824.71,0,824.71,Delivered,
4238,192,162,2025-01-27 19:28:55,1090.5,0,1090.5,Delivered,4
4239,523,141,2025-05-31 13:22:58,122.52,18.38,104.14,Delivered,4
4240,528,43,2025-08-18 21:57:35,294.92,58.98,235.94,Delivered,
4241,965,4,2025-09-13 20:53:01,471.86,0,471.86,Delivered,2
4242,995,91,2025-07-24 15:09:17,299.55,14.98,284.57,Delivered,5
4243,302,151,2025-05-23 13:48:58,1654.66,0,1654.66,Delivered,3
4244,736,74,2025-06-20 12:04:02,126.85,6.34,120.51,Delivered,5
4245,369,83,2025-03-10 16:59:05,435.48,0,435.48,Delivered,5
4246,404,81,2025-05-23 13:50:24,539.29,80.89,458.4,Delivered,
4247,85,149,2025-05-20 12:22:44,61.45,0,61.45,Delivered,
4248,499,88,2025-11-07 19:01:25,170.48,0,170.48,Delivered,5
4249,528,85,2025-09-18 22:02:05,184.95,0,184.95,Delivered,4
4250,926,15,2025-12-21 22:09:39,237.02,0,237.02,Delivered,4
4251,919,42,2025-12-16 12:22:00,1777.61,0,1777.61,Delivered,4
4252,366,139,2025-05-16 13:14:32,893.91,0,893.91,Delivered,4
4253,510,183,2025-04-25 19:12:57,1407.17,0,1407.17,Delivered,5
4254,554,192,2025-07-21 19:07:57,60.41,0,60.41,Delivered,
4255,741,92,2025-07-23 16:56:56,122.28,0,122.28,Cancelled,
4256,303,53,2025-10-19 12:12:57,720.97,144.19,576.78,Delivered,4
4257,208,198,2025-03-09 13:35:37,455.58,45.56,410.02,Delivered,5
4258,24,138,2025-05-04 21:35:54,221.02,22.1,198.92,Delivered,
4259,945,127,2025-07-02 12:37:32,202.26,0,202.26,Delivered,3
4260,427,138,2025-08-10 15:48:04,60.75,3.04,57.71,Delivered,
4261,530,144,2025-06-04 12:38:45,192.92,0,192.92,Delivered,
4262,202,70,2025-10-13 12:35:38,205.82,0,205.82,Delivered,4
4263,846,34,2025-03-09 21:34:31,780.0,0,780.0,Delivered,4
4264,962,82,2025-05-05 09:53:26,1762.3,0,1762.3,Delivered,4
4265,938,106,2025-07-01 11:42:11,343.9,0,343.9,Cancelled,
4266,552,55,2025-01-23 11:37:52,924.2,46.21,877.99,Delivered,
4267,755,30,2025-02-09 19:57:06,610.99,61.1,549.89,Delivered,3
4268,893,38,2025-09-28 09:48:23,148.88,0,148.88,Delivered,
4269,527,66,2025-07-28 20:27:32,243.48,0,243.48,Delivered,2
4270,77,140,2025-06-29 10:57:30,176.66,0,176.66,Delivered,5
4271,983,199,2025-06-24 13:19:21,428.14,85.63,342.51,Cancelled,
4272,604,85,2025-04-03 20:56:14,1144.63,0,1144.63,Delivered,5
4273,853,13,2025-07-25 12:06:00,375.76,0,375.76,Delivered,2
4274,926,168,2025-10-11 21:00:52,1099.04,0,1099.04,Delivered,
4275,306,183,2025-12-12 20:41:11,622.19,0,622.19,Delivered,3
4276,968,99,2025-02-18 20:05:28,797.69,0,797.69,Delivered,
4277,371,62,2025-05-12 17:57:05,178.13,0,178.13,Delivered,4
4278,86,129,2025-11-12 12:26:39,309.26,61.85,247.41,Delivered,
4279,783,159,2025-05-16 07:21:26,197.46,0,197.46,Delivered,4
4280,643,193,2025-09-21 09:27:59,77.18,7.72,69.46,Cancelled,
4281,509,161,2025-09-28 19:40:12,652.19,0,652.19,Delivered,5
4282,833,149,2025-04-26 22:04:19,61.45,12.29,49.16,Delivered,5
4283,222,124,2025-04-04 12:58:25,458.55,0,458.55,Delivered,1
4284,266,175,2025-04-07 14:29:41,172.0,0,172.0,Delivered,5
4285,136,16,2025-09-29 16:20:23,443.39,0,443.39,Cancelled,
4286,382,147,2025-11-22 11:53:48,541.77,0,541.77,Delivered,3
4287,723,148,2025-09-17 19:58:05,828.96,0,828.96,Delivered,
4288,528,148,2025-08-12 11:11:03,1186.56,0,1186.56,Delivered,3
4289,245,127,2025-09-21 13:35:50,205.26,10.26,195.0,Cancelled,
4290,781,8,2025-07-02 07:28:50,212.74,0,212.74,Delivered,5
4291,4,199,2025-09-08 21:55:01,785.0,0,785.0,Cancelled,
4292,858,145,2025-02-06 16:28:25,434.22,0,434.22,Delivered,1
4293,107,176,2025-08-08 19:39:50,599.76,59.98,539.78,Delivered,
4294,753,94,2025-05-11 12:18:00,484.41,72.66,411.75,Delivered,5
4295,566,192,2025-05-31 20:54:05,327.54,0,327.54,Delivered,3
4296,528,172,2025-08-26 10:57:49,358.36,0,358.36,Delivered,3
4297,4,79,2025-12-15 12:54:51,406.33,0,406.33,Delivered,5
4298,12,158,2025-06-22 14:39:57,1051.55,105.16,946.39,Delivered,2
4299,949,120,2025-05-31 13:43:01,292.37,0,292.37,Delivered,4
4300,145,77,2025-03-30 17:16:49,238.49,23.85,214.64,Delivered,
4301,19,64,2025-03-17 12:00:36,166.44,0,166.44,Delivered,4
4302,225,41,2025-03-06 07:56:37,465.74,23.29,442.45,Delivered,4
4303,415,117,2025-09-25 12:33:45,590.4,0,590.4,Delivered,
4304,937,32,2025-04-17 11:12:25,364.42,36.44,327.98,Delivered,
4305,498,165,2025-05-05 16:59:31,1019.54,50.98,968.56,Cancelled,
4306,633,25,2025-03-25 19:27:29,357.06,0,357.06,Delivered,
4307,945,198,2025-03-02 19:52:55,45.17,0,45.17,Delivered,4
4308,966,83,2025-10-31 15:40:27,372.18,0,372.18,Delivered,4
4309,641,178,2025-04-13 12:03:45,656.58,0,656.58,Delivered,5
4310,528,84,2025-11-27 21:04:21,249.88,0,249.88,Delivered,5
4311,15,194,2025-05-11 13:57:19,683.13,0,683.13,Delivered,
4312,549,119,2025-03-26 21:50:47,287.68,0,287.68,Delivered,5
4313,470,18,2025-08-12 19:42:54,533.56,26.68,506.88,Delivered,1
4314,505,105,2025-07-22 19:42:06,270.74,0,270.74,Delivered,5
4315,383,147,2025-05-22 14:21:30,337.4,0,337.4,Delivered,
4316,90,187,2025-06-28 12:33:24,163.27,0,163.27,Delivered,
4317,389,46,2025-07-20 11:08:32,69.93,3.5,66.43,Delivered,4
4318,584,83,2025-12-20 09:56:39,593.71,0,593.71,Delivered,4
4319,57,140,2025-04-04 11:11:50,764.69,0,764.69,Delivered,5
4320,57,165,2025-09-06 13:08:55,552.62,82.89,469.73,Delivered,5
4321,145,29,2025-01-23 19:26:09,430.18,64.53,365.65,Cancelled,
4322,855,64,2025-12-10 11:37:25,148.22,0,148.22,Delivered,
4323,407,98,2025-12-20 23:03:14,266.08,0,266.08,Delivered,5
4324,285,167,2025-11-16 12:32:28,1485.86,0,1485.86,Delivered,
4325,118,4,2025-08-26 14:42:30,380.69,0,380.69,Delivered,3
4326,518,84,2025-02-01 17:58:35,69.99,0,69.99,Delivered,
4327,540,98,2025-11-14 18:44:40,496.25,24.81,471.44,Delivered,5
4328,287,23,2025-02-14 10:52:01,1112.65,55.63,1057.02,Delivered,4
4329,642,189,2025-07-08 21:36:33,424.78,0,424.78,Delivered,4
4330,209,18,2025-08-22 22:09:33,1414.94,0,1414.94,Delivered,4
4331,314,155,2025-08-22 11:22:35,876.42,0,876.42,Delivered,5
4332,232,140,2025-09-04 18:12:54,400.33,20.02,380.31,Delivered,5
4333,893,158,2025-02-27 12:46:07,515.74,51.57,464.17,Delivered,5
4334,550,107,2025-11-13 20:53:53,284.96,0,284.96,Delivered,
4335,371,161,2025-02-02 13:35:47,315.79,0,315.79,Delivered,3
4336,222,95,2025-11-11 22:27:22,617.96,0,617.96,Delivered,5
4337,33,63,2025-11-11 14:00:42,834.8,0,834.8,Cancelled,
4338,202,101,2025-09-19 18:18:09,180.61,0,180.61,Delivered,
4339,854,122,2025-05-25 17:53:32,273.47,0,273.47,Cancelled,
4340,672,23,2025-02-18 19:58:41,465.26,46.53,418.73,Delivered,5
4341,16,171,2025-04-19 10:42:54,415.88,0,415.88,Delivered,4
4342,230,33,2025-09-04 13:33:38,283.33,28.33,255.0,Delivered,3
4343,405,161,2025-09-13 19:59:57,1515.11,303.02,1212.09,Delivered,3
4344,915,83,2025-07-21 09:54:07,542.94,0,542.94,Delivered,5
4345,965,83,2025-10-23 21:43:33,218.68,0,218.68,Delivered,2
4346,621,25,2025-10-23 21:20:16,123.56,0,123.56,Delivered,4
4347,284,18,2025-10-04 23:39:20,726.54,0,726.54,Delivered,4
4348,996,54,2025-07-24 20:15:36,252.37,0,252.37,Delivered,
4349,994,1,2025-12-04 10:29:53,341.32,0,341.32,Delivered,
4350,749,83,2025-03-01 17:54:34,686.76,34.34,652.42,Delivered,4
4351,694,2,2025-06-08 17:28:57,1335.15,0,1335.15,Delivered,
4352,67,44,2025-08-02 13:49:02,938.88,0,938.88,Delivered,5
4353,122,34,2025-02-23 13:58:25,554.56,0,554.56,Cancelled,
4354,464,160,2025-08-22 20:50:31,271.38,0,271.38,Delivered,1
4355,229,43,2025-02-10 17:02:53,513.96,0,513.96,Cancelled,
4356,501,41,2025-09-09 21:41:30,767.92,0,767.92,Delivered,3
4357,157,86,2025-06-23 22:29:30,525.19,0,525.19,Delivered,2
4358,740,72,2025-12-07 22:10:10,1210.99,121.1,1089.89,Cancelled,
4359,589,133,2025-08-18 17:48:34,200.03,30.0,170.03,Delivered,
4360,312,57,2025-08-13 12:37:50,307.23,0,307.23,Delivered,
4361,59,125,2025-03-09 06:32:21,420.36,0,420.36,Delivered,5
4362,810,118,2025-11-05 14:33:23,333.55,16.68,316.87,Delivered,5
4363,481,59,2025-05-22 14:50:24,944.95,188.99,755.96,Cancelled,
4364,483,184,2025-09-27 19:06:29,404.83,20.24,384.59,Delivered,
4365,675,120,2025-03-30 12:06:51,712.42,106.86,605.56,Delivered,4
4366,185,55,2025-06-18 15:17:03,642.93,32.15,610.78,Delivered,
4367,987,181,2025-04-19 20:07:46,364.49,0,364.49,Delivered,
4368,98,84,2025-09-01 17:16:56,186.81,0,186.81,Delivered,
4369,970,10,2025-12-30 22:47:25,114.57,11.46,103.11,Delivered,5
4370,420,68,2025-08-01 10:28:06,591.69,0,591.69,Delivered,4
4371,247,101,2025-04-13 12:07:17,101.71,0,101.71,Delivered,4
4372,90,186,2025-11-05 12:42:16,349.22,34.92,314.3,Delivered,5
4373,23,27,2025-12-27 08:51:01,627.89,62.79,565.1,Cancelled,
4374,115,170,2025-03-29 11:51:26,702.3,0,702.3,Delivered,
4375,185,36,2025-11-03 19:55:48,432.18,0,432.18,Delivered,2
4376,680,81,2025-07-03 15:12:29,544.51,108.9,435.61,Delivered,5
4377,348,93,2025-07-22 08:20:32,649.41,0,649.41,Delivered,
4378,916,174,2025-07-22 17:04:53,211.28,0,211.28,Delivered,4
4379,695,153,2025-09-18 12:30:28,224.2,22.42,201.78,Cancelled,
4380,146,46,2025-12-29 10:39:10,139.86,0,139.86,Delivered,4
4381,494,125,2025-09-15 12:48:25,158.0,0,158.0,Delivered,4
4382,146,118,2025-08-24 12:10:12,421.79,0,421.79,Delivered,
4383,593,181,2025-08-01 11:24:09,625.22,93.78,531.44,Delivered,3
4384,984,24,2025-08-13 20:52:27,150.59,0,150.59,Cancelled,
4385,270,19,2025-03-18 00:11:26,153.31,0,153.31,Delivered,3
4386,844,10,2025-01-17 09:49:52,216.11,10.81,205.3,Delivered,3
4387,516,176,2025-10-15 11:08:48,496.28,0,496.28,Delivered,5
4388,564,109,2025-06-02 15:29:48,639.2,0,639.2,Delivered,2
4389,136,160,2025-11-07 19:38:13,164.2,0,164.2,Delivered,5
4390,558,180,2025-03-11 19:53:41,666.52,0,666.52,Delivered,2
4391,200,113,2025-08-20 20:23:34,395.37,0,395.37,Delivered,3
4392,744,176,2025-01-12 19:22:02,1276.29,0,1276.29,Delivered,5
4393,145,97,2025-02-08 00:53:28,1050.12,0,1050.12,Delivered,
4394,545,108,2025-11-26 11:13:43,1182.31,0,1182.31,Delivered,
4395,605,82,2025-11-23 20:12:48,2170.56,217.06,1953.5,Delivered,3
4396,284,59,2025-12-09 21:24:48,1216.0,0,1216.0,Delivered,5
4397,540,156,2025-11-21 13:28:39,317.43,0,317.43,Delivered,3
4398,414,103,2025-06-13 12:24:12,544.13,54.41,489.72,Delivered,2
4399,986,71,2025-01-14 16:59:09,237.07,0,237.07,Delivered,4
4400,780,104,2025-06-22 14:35:30,1125.62,0,1125.62,Delivered,5
4401,378,3,2025-04-20 10:16:41,883.92,0,883.92,Delivered,4
4402,472,73,2025-03-01 13:40:00,967.03,0,967.03,Delivered,1
4403,780,124,2025-10-18 14:58:30,199.3,0,199.3,Delivered,5
4404,866,25,2025-04-17 18:01:59,273.06,0,273.06,Delivered,4
4405,98,177,2025-05-06 20:00:46,113.43,0,113.43,Delivered,
4406,810,163,2025-08-06 21:50:27,67.37,0,67.37,Cancelled,
4407,407,131,2025-12-14 11:09:42,511.3,102.26,409.04,Delivered,
4408,14,13,2025-05-28 11:46:12,719.17,0,719.17,Delivered,3
4409,988,91,2025-09-20 09:05:33,354.33,0,354.33,Delivered,4
4410,544,191,2025-06-06 11:02:21,982.04,0,982.04,Delivered,3
4411,141,67,2025-05-19 17:49:12,446.77,0,446.77,Cancelled,
4412,762,117,2025-02-02 10:58:11,770.66,0,770.66,Delivered,5
4413,369,42,2025-02-26 07:22:59,177.07,0,177.07,Delivered,5
4414,831,157,2025-03-17 12:31:55,613.23,0,613.23,Delivered,5
4415,241,175,2025-10-14 19:16:38,50.3,0,50.3,Delivered,3
4416,372,153,2025-09-24 20:22:43,618.12,0,618.12,Delivered,3
4417,794,71,2025-10-21 12:15:27,230.08,23.01,207.07,Delivered,5
4418,530,193,2025-04-05 12:41:55,412.54,0,412.54,Delivered,
4419,357,34,2025-07-17 20:50:47,250.1,0,250.1,Delivered,
4420,907,35,2025-10-13 13:28:29,508.71,0,508.71,Delivered,5
4421,263,83,2025-08-10 17:25:43,433.6,0,433.6,Delivered,
4422,138,37,2025-06-08 23:16:28,240.6,12.03,228.57,Delivered,5
4423,624,100,2025-10-03 11:42:23,1204.04,180.61,1023.43,Cancelled,
4424,749,164,2025-07-14 20:11:59,336.7,0,336.7,Delivered,
4425,260,42,2025-06-02 20:29:31,900.39,0,900.39,Delivered,5
4426,601,115,2025-09-20 20:12:26,500.0,0,500.0,Delivered,5
4427,673,191,2025-05-02 21:30:24,1044.18,0,1044.18,Delivered,
4428,912,67,2025-09-16 21:54:02,1887.11,283.07,1604.04,Delivered,5
4429,304,156,2025-01-27 22:54:45,408.92,0,408.92,Delivered,
4430,901,110,2025-11-15 17:39:35,617.41,92.61,524.8,Cancelled,
4431,30,26,2025-12-18 14:16:57,442.85,0,442.85,Delivered,
4432,125,151,2025-09-08 12:58:51,1430.34,214.55,1215.79,Delivered,5
4433,545,90,2025-11-14 15:09:32,206.95,10.35,196.6,Delivered,
4434,977,13,2025-02-04 11:11:07,930.29,0,930.29,Delivered,1
4435,124,3,2025-01-03 12:30:19,489.9,0,489.9,Delivered,4
4436,452,109,2025-01-15 06:57:33,485.53,0,485.53,Cancelled,
4437,811,143,2025-09-25 16:43:14,883.94,0,883.94,Delivered,3
4438,679,37,2025-07-28 18:58:46,307.17,0,307.17,Delivered,4
4439,109,187,2025-12-27 12:17:13,748.83,0,748.83,Cancelled,
4440,995,159,2025-08-24 10:16:33,372.65,0,372.65,Delivered,
4441,988,10,2025-12-02 09:44:43,216.11,0,216.11,Delivered,4
4442,948,85,2025-04-26 11:48:02,782.32,0,782.32,Delivered,4
4443,340,190,2025-08-04 12:27:05,1607.98,0,1607.98,Delivered,5
4444,823,71,2025-07-29 12:24:05,220.82,0,220.82,Delivered,4
4445,290,131,2025-08-31 12:10:26,343.68,0,343.68,Delivered,
4446,8,48,2025-08-11 23:54:12,277.91,41.69,236.22,Delivered,5
4447,175,28,2025-08-12 19:41:23,210.03,0,210.03,Delivered,4
4448,81,82,2025-12-01 10:11:45,1241.19,0,1241.19,Delivered,5
4449,522,22,2025-05-19 20:21:31,115.48,0,115.48,Delivered,4
4450,161,120,2025-03-25 20:01:15,337.17,0,337.17,Delivered,4
4451,215,136,2025-02-23 19:25:47,192.2,19.22,172.98,Delivered,5
4452,492,86,2025-12-18 12:33:22,414.08,0,414.08,Delivered,
4453,906,24,2025-11-08 22:01:24,631.98,0,631.98,Delivered,4
4454,740,104,2025-09-26 08:12:54,269.0,0,269.0,Delivered,5
4455,942,11,2025-11-15 22:03:56,918.0,0,918.0,Delivered,
4456,673,153,2025-01-05 21:57:56,421.16,0,421.16,Delivered,4
4457,842,35,2025-06-11 07:35:42,183.31,0,183.31,Delivered,4
4458,970,52,2025-12-23 00:29:29,68.07,10.21,57.86,Delivered,4
4459,18,108,2025-10-21 19:18:48,684.98,34.25,650.73,Delivered,3
4460,472,27,2025-10-21 08:39:49,206.86,0,206.86,Delivered,
4461,863,7,2025-08-09 23:12:55,98.63,0,98.63,Delivered,4
4462,897,46,2025-11-27 13:59:21,193.83,0,193.83,Delivered,2
4463,21,66,2025-04-09 09:57:58,65.28,0,65.28,Delivered,4
4464,821,150,2025-01-14 11:00:54,431.91,64.79,367.12,Delivered,
4465,284,164,2025-01-27 20:23:43,86.53,12.98,73.55,Delivered,3
4466,301,7,2025-08-26 12:07:01,98.63,0,98.63,Delivered,4
4467,107,161,2025-12-02 19:34:09,999.55,0,999.55,Delivered,5
4468,540,41,2025-07-06 16:58:36,1055.58,0,1055.58,Delivered,
4469,563,82,2025-12-15 21:19:32,308.4,0,308.4,Delivered,3
4470,219,114,2025-03-24 19:50:09,500.58,0,500.58,Delivered,
4471,731,121,2025-07-02 09:50:00,238.29,0,238.29,Delivered,5
4472,224,137,2025-10-04 17:29:37,336.13,67.23,268.9,Cancelled,
4473,607,170,2025-07-17 07:42:54,172.06,17.21,154.85,Delivered,
4474,125,119,2025-09-15 14:01:19,202.68,10.13,192.55,Delivered,3
4475,471,10,2025-04-08 12:43:01,445.25,0,445.25,Delivered,
4476,772,3,2025-09-21 14:14:53,361.6,0,361.6,Delivered,
4477,367,2,2025-05-07 21:40:32,289.57,0,289.57,Delivered,
4478,428,185,2025-05-23 17:38:39,247.63,0,247.63,Delivered,5
4479,232,140,2025-09-07 11:16:36,459.39,22.97,436.42,Delivered,3
4480,163,123,2025-10-26 20:46:47,235.2,0,235.2,Delivered,3
4481,500,91,2025-10-18 19:07:19,302.64,0,302.64,Delivered,4
4482,921,87,2025-03-06 14:14:48,167.82,33.56,134.26,Delivered,
4483,90,195,2025-12-07 17:18:58,1064.5,0,1064.5,Delivered,4
4484,772,193,2025-03-18 21:19:52,77.18,3.86,73.32,Delivered,4
4485,168,181,2025-02-21 20:38:32,672.94,0,672.94,Delivered,
4486,222,72,2025-04-08 18:23:28,385.12,0,385.12,Delivered,4
4487,357,42,2025-05-31 21:18:43,1128.34,0,1128.34,Delivered,
4488,727,28,2025-08-11 09:46:22,880.42,0,880.42,Delivered,
4489,888,124,2025-08-01 10:16:46,725.92,145.18,580.74,Delivered,5
4490,349,85,2025-09-02 17:07:56,462.68,0,462.68,Delivered,
4491,101,185,2025-12-28 11:39:38,835.08,0,835.08,Delivered,5
4492,108,168,2025-08-11 16:33:36,100.58,0,100.58,Delivered,4
4493,646,155,2025-05-26 11:36:19,683.12,0,683.12,Cancelled,
4494,506,182,2025-07-14 19:08:00,1786.49,0,1786.49,Delivered,4
4495,63,68,2025-10-25 17:30:35,1223.37,0,1223.37,Delivered,
4496,581,177,2025-02-16 12:58:53,281.97,0,281.97,Delivered,2
4497,378,71,2025-08-31 18:24:11,185.46,0,185.46,Delivered,4
4498,955,19,2025-08-11 12:48:08,1276.93,0,1276.93,Delivered,5
4499,915,103,2025-01-31 19:27:49,862.2,0,862.2,Delivered,4
4500,882,8,2025-09-14 13:57:45,1534.63,0,1534.63,Delivered,4
4501,531,26,2025-09-03 12:22:42,571.09,0,571.09,Delivered,2
4502,425,66,2025-07-06 17:54:24,73.38,0,73.38,Delivered,
4503,967,91,2025-07-16 08:30:08,55.83,0,55.83,Delivered,4
4504,265,62,2025-01-28 20:00:40,341.87,17.09,324.78,Cancelled,
4505,867,20,2025-09-22 10:11:32,328.98,49.35,279.63,Delivered,5
4506,906,48,2025-12-01 18:38:44,236.95,0,236.95,Delivered,4
4507,925,36,2025-05-17 15:47:04,474.6,47.46,427.14,Delivered,5
4508,125,119,2025-12-21 11:08:06,192.4,0,192.4,Delivered,4
4509,589,116,2025-09-15 15:07:38,1435.18,71.76,1363.42,Delivered,
4510,727,19,2025-02-12 19:24:54,691.69,0,691.69,Delivered,5
4511,579,68,2025-05-02 12:59:12,285.06,0,285.06,Delivered,2
4512,127,128,2025-03-29 12:39:18,447.76,0,447.76,Delivered,5
4513,699,191,2025-04-07 20:45:49,516.29,103.26,413.03,Delivered,5
4514,713,156,2025-06-21 19:15:05,619.72,0,619.72,Delivered,5
4515,87,23,2025-11-04 16:45:32,209.52,31.43,178.09,Delivered,3
4516,373,13,2025-03-01 21:46:46,146.6,0,146.6,Delivered,
4517,734,133,2025-08-25 08:01:03,382.0,0,382.0,Delivered,5
4518,971,39,2025-10-08 12:05:06,99.42,4.97,94.45,Delivered,
4519,823,170,2025-11-15 11:33:03,260.31,13.02,247.29,Delivered,
4520,878,59,2025-07-21 21:46:40,695.25,0,695.25,Delivered,5
4521,663,99,2025-10-05 17:08:26,449.12,0,449.12,Delivered,
4522,33,101,2025-08-29 21:17:24,201.3,0,201.3,Delivered,5
4523,596,139,2025-12-29 15:31:36,732.03,0,732.03,Delivered,4
4524,547,17,2025-10-12 08:21:20,443.58,88.72,354.86,Delivered,5
4525,566,189,2025-03-06 19:15:43,715.52,0,715.52,Delivered,5
4526,284,178,2025-12-10 16:58:48,449.38,44.94,404.44,Delivered,5
4527,880,7,2025-04-07 11:43:25,553.15,0,553.15,Delivered,
4528,562,29,2025-10-24 19:44:35,577.74,0,577.74,Delivered,5
4529,616,114,2025-12-01 12:55:47,435.39,0,435.39,Delivered,
4530,222,159,2025-07-02 15:40:21,333.23,33.32,299.91,Delivered,
4531,806,114,2025-12-14 13:47:28,585.77,0,585.77,Delivered,4
4532,827,8,2025-12-22 13:30:52,707.2,0,707.2,Delivered,
4533,670,127,2025-07-15 11:39:07,801.74,0,801.74,Delivered,1
4534,118,134,2025-03-25 19:10:01,709.85,0,709.85,Delivered,
4535,100,85,2025-10-13 12:36:40,184.95,0,184.95,Delivered,4
4536,253,83,2025-06-21 13:18:54,218.68,0,218.68,Delivered,1
4537,237,198,2025-11-16 12:04:07,109.42,0,109.42,Cancelled,
4538,275,39,2025-08-19 14:36:48,153.92,0,153.92,Delivered,
4539,526,133,2025-05-13 18:41:46,126.63,0,126.63,Delivered,
4540,873,193,2025-09-04 23:54:21,508.96,0,508.96,Delivered,4
4541,180,42,2025-05-15 11:45:42,300.13,0,300.13,Cancelled,
4542,761,134,2025-09-14 08:56:12,709.85,0,709.85,Cancelled,
4543,133,59,2025-08-14 14:48:25,1092.35,0,1092.35,Delivered,5
4544,72,76,2025-10-01 15:41:25,1136.75,0,1136.75,Delivered,
4545,442,132,2025-11-29 12:25:06,191.65,28.75,162.9,Delivered,
4546,735,89,2025-08-18 12:02:48,602.38,0,602.38,Delivered,3
4547,446,65,2025-01-12 13:22:25,556.0,0,556.0,Delivered,2
4548,284,175,2025-11-03 10:24:37,446.66,0,446.66,Delivered,5
4549,427,37,2025-07-06 19:28:35,434.23,0,434.23,Delivered,4
4550,323,19,2025-12-26 07:45:20,623.92,0,623.92,Delivered,4
4551,999,77,2025-10-03 21:30:14,249.18,0,249.18,Delivered,4
4552,341,36,2025-04-29 14:41:32,199.92,10.0,189.92,Delivered,2
4553,624,68,2025-10-16 08:24:05,400.88,0,400.88,Delivered,4
4554,198,178,2025-06-06 08:33:36,832.36,0,832.36,Delivered,5
4555,506,84,2025-09-07 07:09:48,322.63,0,322.63,Delivered,
4556,513,191,2025-05-07 12:38:09,603.32,0,603.32,Delivered,4
4557,912,175,2025-08-22 19:49:56,548.74,0,548.74,Delivered,5
4558,840,164,2025-01-04 12:47:13,563.55,0,563.55,Delivered,5
4559,32,146,2025-12-28 21:19:51,980.46,49.02,931.44,Delivered,4
4560,366,49,2025-03-25 14:59:31,694.74,0,694.74,Delivered,4
4561,19,24,2025-07-09 10:54:16,150.59,0,150.59,Delivered,
4562,859,24,2025-08-01 06:37:50,688.92,0,688.92,Delivered,5
4563,285,67,2025-12-08 10:28:03,567.61,28.38,539.23,Delivered,
4564,542,63,2025-01-30 20:10:54,202.09,0,202.09,Delivered,
4565,817,96,2025-09-06 10:58:22,227.26,0,227.26,Delivered,2
4566,229,182,2025-08-07 18:27:09,847.57,0,847.57,Cancelled,
4567,457,137,2025-04-12 22:28:26,266.51,26.65,239.86,Delivered,
4568,823,153,2025-06-25 11:37:41,735.51,36.78,698.73,Cancelled,
4569,488,74,2025-11-10 18:38:24,243.49,0,243.49,Delivered,
4570,480,83,2025-05-29 12:43:29,686.76,0,686.76,Delivered,5
4571,904,109,2025-11-11 20:02:18,1046.77,52.34,994.43,Cancelled,
4572,205,17,2025-08-29 13:03:22,797.8,0,797.8,Delivered,5
4573,790,175,2025-07-05 12:37:00,360.66,18.03,342.63,Delivered,
4574,452,171,2025-10-01 11:30:54,207.94,0,207.94,Delivered,
4575,596,106,2025-12-07 14:08:25,343.9,0,343.9,Delivered,5
4576,863,105,2025-02-28 12:13:48,270.74,0,270.74,Cancelled,
4577,612,92,2025-09-09 11:04:31,1113.03,0,1113.03,Delivered,
4578,386,82,2025-10-08 12:48:35,1085.59,54.28,1031.31,Delivered,5
4579,452,188,2025-11-29 18:57:13,799.6,79.96,719.64,Delivered,3
4580,535,154,2025-03-13 11:35:12,156.43,0,156.43,Cancelled,
4581,546,41,2025-07-18 20:12:57,942.14,0,942.14,Cancelled,
4582,142,65,2025-08-22 21:43:37,562.76,84.41,478.35,Delivered,3
4583,948,113,2025-03-02 12:32:00,872.01,0,872.01,Cancelled,
4584,203,159,2025-10-04 08:24:18,403.97,0,403.97,Delivered,4
4585,899,61,2025-01-31 19:09:16,414.38,0,414.38,Delivered,
4586,528,85,2025-10-11 16:03:31,462.68,0,462.68,Delivered,5
4587,138,187,2025-12-19 20:28:50,1170.37,175.56,994.81,Delivered,
4588,676,140,2025-01-26 12:33:39,544.65,0,544.65,Delivered,
4589,585,6,2025-01-05 11:44:32,629.81,62.98,566.83,Cancelled,
4590,112,159,2025-03-02 13:52:57,248.57,0,248.57,Delivered,5
4591,425,159,2025-09-27 11:48:11,242.88,0,242.88,Delivered,
4592,535,189,2025-07-28 09:40:47,267.34,0,267.34,Delivered,5
4593,550,63,2025-12-04 12:14:23,1111.16,0,1111.16,Delivered,5
4594,118,155,2025-01-02 19:59:19,637.34,0,637.34,Delivered,5
4595,12,192,2025-04-09 18:33:28,409.23,0,409.23,Delivered,
4596,143,59,2025-06-22 12:42:51,395.16,0,395.16,Cancelled,
4597,550,107,2025-05-04 22:16:29,503.49,0,503.49,Delivered,5
4598,694,140,2025-05-02 10:57:23,769.08,0,769.08,Delivered,5
4599,810,97,2025-07-07 13:10:02,651.08,0,651.08,Delivered,4
4600,599,155,2025-05-11 13:13:50,68.16,0,68.16,Delivered,5
4601,690,59,2025-07-25 11:07:44,1172.08,0,1172.08,Delivered,4
4602,677,22,2025-04-21 09:48:24,188.55,0,188.55,Delivered,2
4603,67,173,2025-04-13 12:37:09,1903.72,0,1903.72,Delivered,4
4604,990,31,2025-09-27 22:25:05,1605.51,0,1605.51,Cancelled,
4605,616,7,2025-10-08 20:54:18,94.6,0,94.6,Cancelled,
4606,907,128,2025-11-20 18:11:20,156.78,0,156.78,Delivered,3
4607,818,168,2025-08-31 20:15:28,671.27,0,671.27,Delivered,4
4608,163,175,2025-01-22 19:40:17,186.6,0,186.6,Delivered,
4609,80,151,2025-04-12 20:31:30,363.42,0,363.42,Delivered,3
4610,137,173,2025-06-24 11:25:25,344.67,17.23,327.44,Cancelled,
4611,898,53,2025-10-13 22:49:11,129.97,6.5,123.47,Delivered,4
4612,694,2,2025-11-02 19:59:10,903.12,0,903.12,Delivered,5
4613,107,174,2025-07-29 11:56:33,594.19,118.84,475.35,Delivered,3
4614,465,110,2025-06-15 13:58:26,617.41,0,617.41,Delivered,5
4615,842,50,2025-08-27 20:09:03,252.35,37.85,214.5,Delivered,
4616,928,138,2025-04-09 21:30:19,339.49,16.97,322.52,Delivered,4
4617,802,75,2025-06-18 20:19:25,114.49,0,114.49,Delivered,
4618,6,174,2025-01-16 21:06:23,81.74,8.17,73.57,Delivered,4
4619,297,91,2025-03-19 19:09:53,111.66,5.58,106.08,Cancelled,
4620,351,161,2025-03-23 20:34:09,2010.06,0,2010.06,Delivered,1
4621,382,176,2025-12-30 18:54:49,1695.31,84.77,1610.54,Delivered,3
4622,58,155,2025-08-08 12:53:12,901.26,135.19,766.07,Cancelled,
4623,778,194,2025-12-18 09:23:32,777.39,0,777.39,Delivered,
4624,404,194,2025-10-03 17:29:42,563.22,0,563.22,Delivered,4
4625,264,91,2025-04-01 11:49:05,83.65,8.37,75.28,Delivered,5
4626,983,172,2025-12-20 13:33:24,775.2,0,775.2,Delivered,
4627,491,21,2025-09-03 10:19:38,544.78,0,544.78,Delivered,4
4628,817,142,2025-09-07 13:10:02,1135.47,170.32,965.15,Delivered,
4629,694,140,2025-10-24 13:37:27,176.66,0,176.66,Delivered,5
4630,785,176,2025-10-06 07:12:34,1207.35,120.73,1086.62,Delivered,4
4631,25,43,2025-10-20 13:48:58,774.85,0,774.85,Delivered,5
4632,345,167,2025-04-06 15:12:22,526.55,78.98,447.57,Delivered,5
4633,430,172,2025-11-21 10:54:59,304.32,15.22,289.1,Delivered,5
4634,597,14,2025-09-11 19:47:56,166.57,0,166.57,Delivered,4
4635,175,37,2025-11-07 19:58:43,290.78,14.54,276.24,Delivered,4
4636,194,89,2025-02-06 13:28:31,236.47,0,236.47,Cancelled,
4637,321,73,2025-11-01 19:26:15,690.54,0,690.54,Delivered,4
4638,560,123,2025-07-21 12:19:46,1166.07,0,1166.07,Delivered,
4639,250,157,2025-02-16 12:27:09,339.05,0,339.05,Delivered,4
4640,8,192,2025-06-16 11:29:05,1373.05,0,1373.05,Delivered,4
4641,528,177,2025-12-07 18:30:49,379.67,56.95,322.72,Delivered,4
4642,646,178,2025-03-23 12:26:05,381.41,0,381.41,Cancelled,
4643,749,83,2025-02-02 10:59:54,530.41,0,530.41,Cancelled,
4644,540,92,2025-05-19 08:28:10,450.28,45.03,405.25,Cancelled,
4645,388,44,2025-04-14 08:09:25,976.54,0,976.54,Delivered,
4646,865,12,2025-03-12 17:58:02,70.87,0,70.87,Delivered,5
4647,842,135,2025-05-24 14:39:25,775.52,0,775.52,Cancelled,
4648,765,4,2025-07-15 20:40:57,107.13,0,107.13,Delivered,3
4649,153,44,2025-05-11 13:57:45,584.2,116.84,467.36,Delivered,2
4650,5,167,2025-06-24 07:59:16,1372.83,205.92,1166.91,Delivered,4
4651,929,150,2025-07-19 11:35:38,358.3,0,358.3,Delivered,
4652,210,185,2025-04-30 07:45:50,890.84,133.63,757.21,Delivered,4
4653,942,110,2025-11-07 21:58:56,286.08,57.22,228.86,Delivered,
4654,748,195,2025-06-24 16:44:03,946.62,0,946.62,Delivered,2
4655,738,51,2025-12-21 18:34:23,187.12,18.71,168.41,Delivered,2
4656,23,31,2025-07-29 10:13:41,829.41,0,829.41,Delivered,3
4657,668,69,2025-10-27 18:10:20,1237.34,0,1237.34,Cancelled,
4658,607,170,2025-05-04 08:07:45,260.31,26.03,234.28,Delivered,5
4659,588,50,2025-06-29 13:46:42,365.79,73.16,292.63,Delivered,4
4660,457,43,2025-12-23 20:22:44,810.57,0,810.57,Delivered,3
4661,823,41,2025-11-29 17:53:08,443.37,0,443.37,Delivered,
4662,817,14,2025-07-31 22:43:36,128.63,0,128.63,Delivered,4
4663,455,45,2025-03-22 12:47:41,525.34,78.8,446.54,Delivered,5
4664,362,85,2025-03-26 20:17:21,562.67,28.13,534.54,Delivered,5
4665,100,88,2025-11-25 12:18:34,669.19,0,669.19,Delivered,
4666,868,69,2025-04-02 14:31:23,553.11,110.62,442.49,Cancelled,
4667,216,128,2025-11-28 20:16:27,776.93,0,776.93,Delivered,5
4668,389,77,2025-05-22 13:41:30,664.95,0,664.95,Cancelled,
4669,906,158,2025-10-02 20:20:01,1268.49,190.27,1078.22,Cancelled,
4670,63,42,2025-11-16 11:57:35,641.21,0,641.21,Delivered,
4671,193,146,2025-09-13 11:50:09,229.57,0,229.57,Delivered,
4672,533,186,2025-11-16 00:42:25,171.11,0,171.11,Cancelled,
4673,650,28,2025-12-23 12:02:23,524.69,0,524.69,Delivered,
4674,897,29,2025-10-28 22:26:30,423.93,21.2,402.73,Delivered,5
4675,563,111,2025-03-08 22:34:19,515.67,0,515.67,Delivered,
4676,171,21,2025-07-16 20:57:02,305.22,0,305.22,Delivered,1
4677,90,7,2025-07-10 20:06:07,527.37,105.47,421.9,Delivered,5
4678,459,139,2025-03-01 18:16:58,721.95,0,721.95,Delivered,4
4679,721,61,2025-11-10 18:05:28,650.3,0,650.3,Cancelled,
4680,753,61,2025-10-17 12:08:10,905.37,0,905.37,Delivered,5
4681,679,82,2025-05-21 14:20:13,396.46,0,396.46,Delivered,
4682,758,173,2025-08-14 12:59:27,817.35,81.74,735.61,Delivered,
4683,521,26,2025-07-16 11:36:13,850.08,0,850.08,Delivered,5
4684,562,17,2025-07-14 19:19:17,538.46,0,538.46,Delivered,5
4685,481,42,2025-05-04 21:22:14,777.33,0,777.33,Delivered,
4686,532,179,2025-11-08 12:07:58,137.18,13.72,123.46,Delivered,4
4687,383,73,2025-02-23 09:08:04,951.47,190.29,761.18,Cancelled,
4688,586,145,2025-11-21 11:19:49,1168.68,0,1168.68,Delivered,4
4689,424,166,2025-07-02 09:51:53,66.95,13.39,53.56,Delivered,
4690,955,28,2025-09-10 22:23:04,460.36,0,460.36,Delivered,3
4691,880,57,2025-07-23 08:37:43,608.83,60.88,547.95,Delivered,3
4692,71,51,2025-10-24 13:15:26,387.48,0,387.48,Delivered,5
4693,590,78,2025-09-08 11:26:29,127.52,0,127.52,Delivered,4
4694,351,108,2025-05-14 11:06:09,654.01,0,654.01,Delivered,
4695,59,79,2025-06-17 21:26:17,60.73,0,60.73,Delivered,5
4696,276,152,2025-12-24 08:11:27,264.85,39.73,225.12,Delivered,2
4697,887,148,2025-06-18 15:52:26,460.89,46.09,414.8,Delivered,5
4698,916,152,2025-05-21 19:36:03,89.58,0,89.58,Cancelled,
4699,172,35,2025-03-17 22:01:21,549.93,0,549.93,Delivered,3
4700,804,44,2025-12-17 18:51:27,168.66,0,168.66,Delivered,5
4701,161,120,2025-07-26 19:58:24,526.15,0,526.15,Delivered,5
4702,192,39,2025-08-24 12:40:47,221.59,0,221.59,Delivered,
4703,615,60,2025-05-05 12:57:33,469.6,0,469.6,Delivered,5
4704,926,76,2025-10-30 21:20:41,249.87,0,249.87,Cancelled,
4705,33,63,2025-07-16 17:52:54,573.79,28.69,545.1,Delivered,3
4706,351,61,2025-08-30 19:44:36,602.42,120.48,481.94,Delivered,
4707,842,135,2025-01-30 09:14:40,574.6,0,574.6,Delivered,
4708,708,47,2025-12-12 09:34:33,192.76,19.28,173.48,Delivered,
4709,763,68,2025-12-28 13:35:40,587.87,0,587.87,Delivered,2
4710,754,84,2025-06-10 15:38:39,138.7,13.87,124.83,Cancelled,
4711,475,74,2025-07-27 14:57:16,349.92,0,349.92,Delivered,5
4712,240,124,2025-09-19 20:25:14,458.55,0,458.55,Delivered,4
4713,35,34,2025-09-14 21:18:14,675.48,0,675.48,Delivered,5
4714,217,147,2025-03-24 12:33:02,913.42,0,913.42,Delivered,4
4715,569,93,2025-07-12 11:06:05,1441.11,0,1441.11,Delivered,2
4716,927,103,2025-04-25 12:02:58,429.18,0,429.18,Cancelled,
4717,137,33,2025-12-03 10:36:06,80.29,8.03,72.26,Delivered,4
4718,726,183,2025-08-07 13:31:17,525.18,0,525.18,Delivered,3
4719,486,181,2025-05-15 20:32:34,989.71,0,989.71,Delivered,
4720,850,53,2025-08-12 19:18:42,893.2,0,893.2,Delivered,4
4721,363,7,2025-09-18 00:17:15,428.74,64.31,364.43,Delivered,
4722,366,15,2025-08-17 12:57:43,991.9,198.38,793.52,Delivered,
4723,964,167,2025-09-20 12:27:41,1029.73,0,1029.73,Delivered,
4724,377,72,2025-05-27 17:22:25,1029.06,0,1029.06,Delivered,5
4725,258,192,2025-07-11 20:44:09,826.4,123.96,702.44,Delivered,
4726,466,38,2025-06-16 22:59:18,390.45,0,390.45,Delivered,
4727,167,42,2025-11-01 18:21:49,341.08,0,341.08,Delivered,4
4728,453,189,2025-11-17 07:13:13,814.76,81.48,733.28,Delivered,4
4729,284,100,2025-04-24 13:41:39,378.97,0,378.97,Delivered,4
4730,874,76,2025-11-01 14:37:17,592.1,59.21,532.89,Cancelled,
4731,967,65,2025-09-29 13:39:13,654.72,0,654.72,Delivered,4
4732,500,52,2025-11-22 08:42:35,201.21,30.18,171.03,Delivered,
4733,547,97,2025-08-08 21:49:45,822.88,0,822.88,Cancelled,
4734,54,118,2025-03-01 11:21:18,31.93,4.79,27.14,Delivered,4
4735,305,123,2025-02-24 19:56:11,545.49,54.55,490.94,Delivered,5
4736,459,49,2025-10-25 13:38:18,379.54,0,379.54,Cancelled,
4737,530,153,2025-10-21 10:23:03,681.03,68.1,612.93,Delivered,5
4738,927,34,2025-10-04 08:13:45,1191.27,0,1191.27,Delivered,2
4739,827,158,2025-09-01 00:31:03,476.69,0,476.69,Cancelled,
4740,286,4,2025-01-03 18:23:16,591.54,0,591.54,Cancelled,
4741,829,14,2025-11-13 11:51:59,116.41,0,116.41,Delivered,5
4742,761,162,2025-01-26 08:27:39,753.49,0,753.49,Delivered,5
4743,502,90,2025-12-07 06:07:50,411.64,0,411.64,Delivered,3
4744,216,1,2025-05-01 18:03:17,396.7,19.84,376.86,Delivered,1
4745,33,185,2025-10-19 18:40:53,339.82,0,339.82,Delivered,3
4746,95,188,2025-11-22 20:05:04,489.04,0,489.04,Cancelled,
4747,33,63,2025-09-23 21:42:28,202.09,10.1,191.99,Delivered,3
4748,651,123,2025-07-29 20:21:10,235.2,0,235.2,Delivered,3
4749,840,4,2025-02-27 19:19:47,226.81,0,226.81,Delivered,5
4750,103,168,2025-07-04 20:57:37,201.16,0,201.16,Delivered,
4751,650,186,2025-04-05 14:23:07,211.18,10.56,200.62,Delivered,4
4752,646,34,2025-12-31 19:53:53,126.83,12.68,114.15,Delivered,
4753,749,11,2025-10-16 18:39:40,196.02,0,196.02,Delivered,4
4754,619,134,2025-09-11 22:21:37,340.86,34.09,306.77,Delivered,4
4755,706,32,2025-10-27 18:12:08,740.22,148.04,592.18,Delivered,5
4756,548,182,2025-07-08 19:36:49,479.79,0,479.79,Delivered,5
4757,394,47,2025-09-28 20:21:03,70.08,0,70.08,Delivered,
4758,724,84,2025-06-12 19:06:14,116.82,5.84,110.98,Delivered,3
4759,198,68,2025-07-13 14:18:23,454.3,45.43,408.87,Delivered,2
4760,789,89,2025-12-11 16:33:53,130.07,0,130.07,Delivered,4
4761,389,97,2025-05-20 10:29:07,822.88,82.29,740.59,Delivered,4
4762,100,199,2025-09-26 19:22:56,441.71,0,441.71,Delivered,3
4763,36,100,2025-02-17 19:10:08,780.29,0,780.29,Delivered,5
4764,787,46,2025-04-14 21:54:26,129.8,0,129.8,Delivered,
4765,237,76,2025-09-12 10:26:37,739.49,0,739.49,Delivered,
4766,548,172,2025-12-20 13:10:18,688.02,0,688.02,Delivered,5
4767,48,67,2025-08-07 23:32:17,181.75,0,181.75,Delivered,5
4768,34,192,2025-08-20 21:50:39,120.82,0,120.82,Delivered,
4769,444,118,2025-04-16 06:58:19,339.67,0,339.67,Delivered,
4770,493,129,2025-07-25 13:09:42,184.97,36.99,147.98,Delivered,3
4771,140,101,2025-10-04 06:41:49,247.11,0,247.11,Delivered,3
4772,312,105,2025-10-02 12:39:08,665.51,0,665.51,Delivered,5
4773,902,191,2025-03-18 15:13:13,178.81,0,178.81,Delivered,
4774,645,136,2025-08-26 20:32:35,796.72,0,796.72,Delivered,
4775,52,68,2025-12-20 18:00:20,316.44,47.47,268.97,Delivered,4
4776,756,57,2025-05-12 09:47:57,531.03,0,531.03,Delivered,4
4777,468,50,2025-08-06 11:49:37,181.53,0,181.53,Cancelled,
4778,658,191,2025-11-20 11:55:32,536.43,107.29,429.14,Delivered,2
4779,303,192,2025-06-08 09:18:28,146.15,7.31,138.84,Delivered,4
4780,411,62,2025-08-02 13:13:20,101.81,0,101.81,Delivered,3
4781,230,189,2025-08-09 12:23:36,212.39,0,212.39,Delivered,
4782,208,169,2025-01-14 17:44:14,1434.13,0,1434.13,Delivered,4
4783,355,33,2025-05-16 10:55:45,421.79,0,421.79,Delivered,
4784,162,16,2025-08-06 21:41:56,821.54,0,821.54,Delivered,4
4785,911,115,2025-10-07 15:50:36,358.67,0,358.67,Delivered,
4786,870,148,2025-06-18 13:50:12,94.58,0,94.58,Delivered,5
4787,661,60,2025-05-26 20:46:17,1353.88,0,1353.88,Delivered,5
4788,58,167,2025-08-27 17:53:11,264.24,0,264.24,Delivered,
4789,647,23,2025-05-08 18:28:01,1323.93,0,1323.93,Delivered,5
4790,625,102,2025-03-30 21:40:37,149.07,0,149.07,Delivered,3
4791,178,158,2025-12-09 22:23:46,466.35,0,466.35,Delivered,
4792,570,152,2025-04-29 20:55:27,712.98,0,712.98,Delivered,5
4793,251,162,2025-04-12 08:44:52,337.01,0,337.01,Delivered,5
4794,351,62,2025-01-25 20:37:09,240.61,12.03,228.58,Delivered,5
4795,584,4,2025-08-01 08:50:16,688.38,0,688.38,Delivered,4
4796,388,154,2025-03-30 11:15:01,424.32,0,424.32,Delivered,4
4797,222,91,2025-06-18 20:59:36,243.72,0,243.72,Delivered,5
4798,465,67,2025-04-06 10:11:22,287.32,0,287.32,Delivered,4
4799,704,172,2025-02-16 10:57:00,417.65,0,417.65,Delivered,
4800,312,196,2025-09-22 17:31:34,198.26,19.83,178.43,Delivered,
4801,73,76,2025-12-19 10:20:26,637.01,127.4,509.61,Delivered,3
4802,869,184,2025-05-21 12:02:53,563.35,0,563.35,Delivered,4
4803,340,21,2025-05-10 11:32:42,326.68,0,326.68,Delivered,4
4804,368,178,2025-01-30 20:32:56,259.46,51.89,207.57,Delivered,5
4805,607,193,2025-09-11 19:44:22,60.01,0,60.01,Delivered,
4806,148,64,2025-04-15 19:12:52,767.61,0,767.61,Delivered,
4807,697,118,2025-02-07 20:10:16,377.43,37.74,339.69,Delivered,4
4808,54,46,2025-05-07 19:14:49,59.87,0,59.87,Delivered,4
4809,485,24,2025-04-27 19:58:21,474.3,0,474.3,Delivered,5
4810,754,148,2025-10-13 12:44:16,230.81,0,230.81,Delivered,4
4811,879,141,2025-07-07 13:32:29,43.02,0,43.02,Delivered,5
4812,768,11,2025-09-27 13:43:41,558.97,111.79,447.18,Delivered,5
4813,468,143,2025-03-05 19:17:07,398.18,79.64,318.54,Cancelled,
4814,893,154,2025-08-30 11:45:17,211.3,10.57,200.73,Cancelled,
4815,637,77,2025-10-04 22:24:48,69.56,0,69.56,Delivered,5
4816,376,181,2025-04-10 20:45:33,343.06,51.46,291.6,Delivered,5
4817,544,71,2025-04-07 14:01:00,249.47,0,249.47,Delivered,2
4818,383,197,2025-11-12 12:40:36,73.29,0,73.29,Delivered,
4819,760,169,2025-04-10 08:46:59,919.74,0,919.74,Delivered,2
4820,741,153,2025-08-24 20:38:55,484.07,0,484.07,Delivered,4
4821,142,91,2025-04-19 13:39:08,167.3,8.37,158.93,Delivered,4
4822,773,183,2025-02-23 14:20:52,587.93,0,587.93,Delivered,
4823,471,159,2025-06-06 15:55:40,86.37,0,86.37,Delivered,5
4824,405,73,2025-02-26 18:14:53,509.91,0,509.91,Delivered,
4825,264,52,2025-10-28 12:17:54,129.43,6.47,122.96,Delivered,5
4826,646,39,2025-10-19 17:57:28,167.09,0,167.09,Cancelled,
4827,833,147,2025-07-14 14:27:48,645.53,64.55,580.98,Delivered,
4828,82,200,2025-12-16 19:32:18,221.08,0,221.08,Delivered,2
4829,270,127,2025-11-02 17:56:20,916.9,0,916.9,Delivered,
4830,912,175,2025-11-19 11:14:42,511.56,25.58,485.98,Delivered,5
4831,38,103,2025-05-18 17:04:02,1199.62,0,1199.62,Delivered,5
4832,195,157,2025-10-18 22:42:46,884.35,0,884.35,Delivered,
4833,339,76,2025-07-05 11:15:08,989.36,0,989.36,Delivered,
4834,34,150,2025-07-02 11:39:47,588.67,0,588.67,Delivered,
4835,82,2,2025-07-28 12:49:34,310.02,0,310.02,Delivered,5
4836,158,32,2025-07-28 20:09:46,375.8,0,375.8,Cancelled,
4837,8,189,2025-12-12 10:09:05,749.95,0,749.95,Delivered,
4838,482,165,2025-11-18 08:00:30,1023.34,0,1023.34,Delivered,2
4839,15,81,2025-06-25 17:30:05,144.5,28.9,115.6,Delivered,3
4840,297,95,2025-09-08 16:56:18,121.62,0,121.62,Delivered,5
4841,633,14,2025-12-11 15:50:46,37.94,0,37.94,Delivered,
4842,675,32,2025-04-12 21:18:16,364.42,0,364.42,Delivered,2
4843,495,122,2025-04-15 16:32:49,306.92,46.04,260.88,Delivered,4
4844,799,141,2025-02-26 14:01:11,348.07,0,348.07,Delivered,3
4845,157,82,2025-06-04 20:55:11,616.8,123.36,493.44,Delivered,4
4846,211,131,2025-11-09 10:47:14,332.64,0,332.64,Delivered,5
4847,586,49,2025-09-08 12:32:01,613.07,0,613.07,Delivered,2
4848,873,193,2025-05-05 22:54:41,620.18,124.04,496.14,Delivered,1
4849,186,45,2025-03-02 13:53:11,917.88,0,917.88,Delivered,2
4850,935,60,2025-07-05 16:49:43,749.62,0,749.62,Delivered,
4851,133,123,2025-10-08 12:51:44,310.29,46.54,263.75,Delivered,
4852,216,35,2025-04-17 18:53:44,623.58,93.54,530.04,Delivered,4
4853,348,120,2025-09-02 11:13:30,730.22,0,730.22,Delivered,5
4854,328,18,2025-07-16 19:58:55,390.22,0,390.22,Delivered,
4855,613,76,2025-09-19 09:20:33,434.59,0,434.59,Delivered,4
4856,475,155,2025-07-20 13:44:00,320.21,32.02,288.19,Delivered,
4857,778,150,2025-10-24 12:48:00,230.37,0,230.37,Delivered,
4858,668,31,2025-03-12 14:11:21,437.01,0,437.01,Delivered,3
4859,82,9,2025-09-21 08:57:32,651.63,0,651.63,Delivered,5
4860,634,162,2025-04-30 18:08:27,500.46,0,500.46,Delivered,4
4861,692,199,2025-07-22 13:53:49,441.71,22.09,419.62,Delivered,5
4862,326,150,2025-04-27 19:45:26,643.43,0,643.43,Delivered,4
4863,856,194,2025-08-04 20:38:39,1178.55,58.93,1119.62,Delivered,4
4864,208,106,2025-07-17 10:50:01,465.54,0,465.54,Cancelled,
4865,209,183,2025-01-08 19:02:21,882.66,44.13,838.53,Delivered,4
4866,299,169,2025-05-17 18:54:53,871.14,174.23,696.91,Delivered,4
4867,175,115,2025-08-01 15:03:43,1203.59,0,1203.59,Delivered,4
4868,901,83,2025-09-18 20:38:05,109.34,0,109.34,Delivered,5
4869,441,107,2025-11-03 20:47:46,503.72,0,503.72,Delivered,4
4870,614,56,2025-04-01 12:56:24,592.55,0,592.55,Cancelled,
4871,317,21,2025-11-06 12:08:56,446.46,0,446.46,Delivered,2
4872,318,123,2025-06-07 08:13:28,1218.07,0,1218.07,Delivered,4
4873,377,190,2025-05-17 20:31:15,618.55,0,618.55,Delivered,3
4874,542,130,2025-12-25 11:16:08,333.04,0,333.04,Delivered,5
4875,637,185,2025-05-12 08:30:32,643.21,0,643.21,Delivered,4
4876,899,152,2025-12-28 22:38:26,264.85,0,264.85,Delivered,
4877,292,125,2025-05-07 12:35:58,855.52,0,855.52,Delivered,
4878,964,18,2025-03-01 13:10:49,1514.98,151.5,1363.48,Delivered,4
4879,370,79,2025-01-10 10:30:17,204.45,40.89,163.56,Delivered,4
4880,100,199,2025-05-26 13:27:46,441.71,0,441.71,Cancelled,
4881,762,7,2025-05-18 13:29:29,261.67,52.33,209.34,Delivered,3
4882,637,63,2025-08-09 16:28:02,437.5,0,437.5,Delivered,4
4883,637,63,2025-02-03 18:14:37,541.4,0,541.4,Cancelled,
4884,18,31,2025-10-19 11:02:22,789.68,0,789.68,Delivered,
4885,694,120,2025-09-30 22:36:37,863.32,0,863.32,Delivered,4
4886,465,134,2025-02-23 07:22:00,848.08,0,848.08,Delivered,3
4887,840,59,2025-12-28 13:04:46,813.61,0,813.61,Delivered,4
4888,540,71,2025-03-05 14:24:32,142.79,0,142.79,Delivered,4
4889,580,68,2025-12-28 15:28:33,814.55,0,814.55,Delivered,
4890,89,187,2025-09-25 20:13:19,163.27,0,163.27,Delivered,5
4891,186,81,2025-08-21 11:28:05,589.54,0,589.54,Delivered,1
4892,26,130,2025-12-11 22:35:51,395.08,0,395.08,Delivered,2
4893,651,178,2025-10-11 19:06:12,259.46,0,259.46,Delivered,
4894,741,153,2025-10-04 17:42:22,511.31,0,511.31,Delivered,
4895,553,108,2025-09-17 19:17:02,1014.4,0,1014.4,Delivered,4
4896,733,105,2025-08-04 11:49:45,809.03,0,809.03,Delivered,3
4897,341,44,2025-04-24 15:17:20,628.48,0,628.48,Delivered,5
4898,469,124,2025-03-17 19:03:34,580.41,0,580.41,Delivered,4
4899,964,134,2025-03-15 21:40:26,984.84,0,984.84,Cancelled,
4900,797,142,2025-03-17 15:08:43,408.45,0,408.45,Delivered,5
4901,561,155,2025-08-25 17:35:05,942.73,0,942.73,Delivered,1
4902,989,71,2025-04-23 17:51:19,62.1,3.11,58.99,Delivered,2
4903,980,37,2025-08-22 19:00:04,242.62,0,242.62,Delivered,
4904,163,34,2025-02-26 13:32:36,1180.98,0,1180.98,Delivered,3
4905,89,138,2025-11-05 22:30:46,133.8,26.76,107.04,Cancelled,
4906,35,103,2025-09-20 11:03:35,309.68,0,309.68,Delivered,3
4907,386,105,2025-08-03 11:26:30,665.51,133.1,532.41,Delivered,5
4908,569,9,2025-03-09 20:46:06,835.14,0,835.14,Delivered,
4909,19,158,2025-01-18 20:09:12,453.48,22.67,430.81,Cancelled,
4910,180,123,2025-03-17 21:31:24,764.18,152.84,611.34,Cancelled,
4911,309,165,2025-10-05 21:47:26,890.51,0,890.51,Delivered,
4912,586,105,2025-06-23 13:44:59,665.51,99.83,565.68,Cancelled,
4913,327,155,2025-11-30 13:18:49,307.55,61.51,246.04,Delivered,
4914,533,186,2025-09-06 12:44:16,909.62,0,909.62,Delivered,
4915,457,30,2025-10-17 20:51:29,142.8,28.56,114.24,Delivered,5
4916,530,153,2025-08-27 00:08:26,287.11,0,287.11,Delivered,4
4917,166,80,2025-12-03 08:02:53,683.82,0,683.82,Delivered,5
4918,494,43,2025-04-23 14:05:32,614.43,0,614.43,Delivered,4
4919,183,187,2025-10-10 13:16:06,1310.52,0,1310.52,Delivered,
4920,978,100,2025-04-21 21:50:52,685.86,0,685.86,Delivered,5
4921,725,138,2025-02-21 14:45:26,194.55,0,194.55,Delivered,4
4922,217,14,2025-04-08 12:47:47,192.29,0,192.29,Cancelled,
4923,934,112,2025-10-11 18:05:09,976.48,97.65,878.83,Delivered,2
4924,346,113,2025-01-19 20:19:47,138.16,0,138.16,Delivered,5
4925,775,114,2025-03-01 11:08:22,1199.11,0,1199.11,Delivered,4
4926,191,30,2025-10-06 12:25:22,897.69,44.88,852.81,Delivered,
4927,505,114,2025-05-16 19:55:01,385.66,0,385.66,Cancelled,
4928,227,122,2025-06-08 20:14:55,153.55,0,153.55,Delivered,
4929,546,131,2025-10-24 00:55:40,857.76,0,857.76,Delivered,3
4930,752,4,2025-04-18 19:57:04,560.75,84.11,476.64,Delivered,4
4931,437,24,2025-06-09 19:52:27,578.51,0,578.51,Delivered,4
4932,13,25,2025-03-17 20:05:20,317.06,0,317.06,Delivered,4
4933,841,115,2025-09-02 14:18:52,681.71,0,681.71,Delivered,3
4934,506,182,2025-02-16 10:29:23,181.47,0,181.47,Delivered,
4935,549,186,2025-08-01 20:27:12,1251.84,0,1251.84,Delivered,4
4936,704,79,2025-02-17 09:02:27,325.91,0,325.91,Delivered,4
4937,973,83,2025-01-21 21:16:57,1013.87,0,1013.87,Delivered,
4938,17,22,2025-03-20 18:23:47,437.35,0,437.35,Delivered,
4939,320,27,2025-08-20 12:58:24,144.24,0,144.24,Delivered,
4940,417,79,2025-12-23 22:07:04,184.76,0,184.76,Delivered,
4941,400,175,2025-01-28 14:47:33,461.26,69.19,392.07,Delivered,5
4942,49,42,2025-09-12 20:38:55,705.15,0,705.15,Delivered,
4943,872,146,2025-07-07 20:55:25,98.37,0,98.37,Delivered,5
4944,600,191,2025-05-22 20:50:30,844.27,42.21,802.06,Delivered,4
4945,964,59,2025-01-25 16:07:40,300.09,0,300.09,Delivered,4
4946,679,195,2025-06-24 22:28:56,532.25,53.23,479.02,Delivered,
4947,866,181,2025-08-15 19:46:10,1367.31,0,1367.31,Delivered,5
4948,314,103,2025-11-25 11:04:06,396.86,0,396.86,Delivered,5
4949,11,190,2025-12-03 21:49:44,1942.2,97.11,1845.09,Delivered,
4950,844,65,2025-10-02 15:38:56,238.78,0,238.78,Delivered,
4951,919,67,2025-11-05 23:36:46,363.5,0,363.5,Delivered,5
4952,237,28,2025-07-15 19:25:11,1273.1,0,1273.1,Delivered,5
4953,717,87,2025-05-31 15:37:01,616.42,0,616.42,Delivered,
4954,309,184,2025-01-17 18:51:32,230.27,0,230.27,Delivered,3
4955,692,43,2025-07-26 17:16:58,155.14,0,155.14,Delivered,
4956,935,95,2025-08-19 12:05:20,362.23,0,362.23,Delivered,4
4957,340,190,2025-05-25 12:08:39,278.04,27.8,250.24,Cancelled,
4958,550,70,2025-12-09 13:04:41,328.74,0,328.74,Delivered,5
4959,531,164,2025-04-16 13:38:10,610.67,61.07,549.6,Delivered,3
4960,550,97,2025-05-08 19:11:31,908.6,0,908.6,Delivered,4
4961,225,191,2025-04-19 12:35:31,91.78,9.18,82.6,Delivered,5
4962,176,92,2025-10-27 11:25:21,608.67,0,608.67,Delivered,5
4963,799,51,2025-03-06 15:28:33,363.92,0,363.92,Delivered,4
4964,450,131,2025-01-23 14:52:17,379.4,18.97,360.43,Delivered,5
4965,857,51,2025-10-26 18:29:59,811.86,81.19,730.67,Delivered,2
4966,840,26,2025-12-09 08:41:57,405.52,81.1,324.42,Delivered,5
4967,90,37,2025-08-05 13:44:58,196.62,39.32,157.3,Delivered,3
4968,242,180,2025-05-22 21:32:09,364.77,18.24,346.53,Delivered,3
4969,494,85,2025-03-18 08:23:35,1597.17,239.58,1357.59,Delivered,
4970,412,63,2025-11-17 19:19:35,367.93,36.79,331.14,Delivered,4
4971,840,167,2025-02-01 10:34:04,350.04,0,350.04,Delivered,
4972,178,45,2025-08-30 22:42:22,448.59,0,448.59,Delivered,4
4973,480,42,2025-08-16 17:04:08,1082.85,216.57,866.28,Delivered,5
4974,572,167,2025-09-29 11:27:56,666.28,0,666.28,Delivered,4
4975,523,78,2025-03-16 09:05:01,388.78,0,388.78,Delivered,5
4976,277,199,2025-01-03 22:48:26,441.71,0,441.71,Delivered,
4977,842,35,2025-06-29 14:59:50,1311.86,0,1311.86,Delivered,
4978,237,127,2025-07-06 17:44:28,699.11,104.87,594.24,Delivered,3
4979,857,102,2025-03-17 15:04:27,126.12,0,126.12,Delivered,
4980,194,83,2025-06-06 12:42:52,856.55,0,856.55,Delivered,4
4981,229,137,2025-10-10 21:07:25,98.28,0,98.28,Delivered,5
4982,772,170,2025-10-18 11:55:11,594.04,0,594.04,Delivered,
4983,676,32,2025-03-21 15:06:16,1328.85,0,1328.85,Cancelled,
4984,83,189,2025-05-21 07:54:21,133.67,13.37,120.3,Delivered,4
4985,107,25,2025-11-15 22:58:29,55.5,0,55.5,Delivered,4
4986,189,71,2025-02-16 21:05:24,208.42,0,208.42,Delivered,5
4987,949,32,2025-08-31 20:52:56,364.42,0,364.42,Cancelled,
4988,195,25,2025-04-17 07:34:54,67.15,0,67.15,Delivered,
4989,327,74,2025-06-14 09:21:43,154.26,0,154.26,Delivered,3
4990,801,141,2025-12-31 22:21:57,79.5,0,79.5,Delivered,5
4991,344,76,2025-08-14 10:27:17,249.87,0,249.87,Cancelled,
4992,193,115,2025-02-17 07:04:42,911.43,91.14,820.29,Delivered,5
4993,986,131,2025-04-21 19:07:05,614.11,0,614.11,Delivered,5
4994,154,127,2025-01-04 07:19:05,677.58,67.76,609.82,Delivered,
4995,787,97,2025-11-21 20:45:14,98.3,9.83,88.47,Delivered,3
4996,548,172,2025-08-20 11:02:21,128.17,19.23,108.94,Delivered,
4997,392,84,2025-12-22 14:04:04,185.28,0,185.28,Delivered,3
4998,441,63,2025-10-09 14:31:15,542.5,0,542.5,Delivered,2
4999,448,177,2025-07-23 19:02:11,281.97,0,281.97,Cancelled,
5000,958,120,2025-03-07 18:56:13,188.98,0,188.98,Delivered,3
