order_item_id,order_id,item_id,quantity,item_price,subtotal
1,1,822,2,235.68,471.36
2,1,825,2,168.79,337.58
3,1,823,2,235.27,470.54
4,1,824,2,175.76,351.52
5,2,183,1,74.44,74.44
6,2,182,3,99.56,298.68
7,3,731,1,86.37,86.37
8,3,733,1,89.75,89.75
9,3,734,1,31.37,31.37
10,4,53,1,261.15,261.15
11,4,50,1,163.27,163.27
12,5,791,1,260.78,260.78
13,5,792,2,211.9,423.8
14,5,795,1,165.02,165.02
15,6,832,2,352.61,705.22
16,6,831,2,186.31,372.62
17,7,315,1,57.91,57.91
18,8,669,2,55.29,110.58
19,8,668,1,229.57,229.57
20,9,662,1,139.57,139.57
21,9,659,1,99.34,99.34
22,10,703,1,90.15,90.15
23,10,701,1,196.96,196.96
24,11,650,2,66.55,133.1
25,11,648,2,79.5,159.0
26,12,414,1,114.05,114.05
27,12,417,2,61.18,122.36
28,13,383,2,155.38,310.76
29,14,386,2,216.8,433.6
30,15,782,1,260.31,260.31
31,16,775,2,290.38,580.76
32,16,776,1,159.23,159.23
33,16,778,3,222.02,666.06
34,17,405,2,398.51,797.02
35,17,402,2,83.91,167.82
36,18,66,1,37.94,37.94
37,18,67,1,128.63,128.63
38,18,68,2,116.41,232.82
39,19,711,3,314.05,942.15
40,19,712,2,89.24,178.48
41,19,709,1,218.31,218.31
42,20,725,2,187.51,375.02
43,20,727,1,226.74,226.74
44,21,485,1,325.28,325.28
45,21,482,3,120.13,360.39
46,21,481,1,58.04,58.04
47,22,21,1,130.12,130.12
48,22,18,3,107.13,321.39
49,22,22,1,117.19,117.19
50,23,155,1,224.21,224.21
51,24,841,3,82.37,247.11
52,24,842,2,230.27,460.54
53,24,843,1,322.46,322.46
54,25,400,1,351.35,351.35
55,25,401,1,207.04,207.04
56,26,459,1,224.56,224.56
57,27,203,3,190.86,572.58
58,27,202,1,52.03,52.03
59,27,204,2,77.57,155.14
60,28,327,2,87.29,174.58
61,28,331,1,35.68,35.68
62,29,246,3,253.18,759.54
63,29,244,1,169.57,169.57
64,30,639,2,217.34,434.68
65,30,638,1,182.04,182.04
66,30,641,1,273.99,273.99
67,31,712,1,89.24,89.24
68,31,714,2,54.27,108.54
69,32,825,2,168.79,337.58
70,32,822,1,235.68,235.68
71,32,824,2,175.76,351.52
72,32,821,1,97.99,97.99
73,33,679,1,93.55,93.55
74,34,278,2,216.2,432.4
75,34,279,3,108.16,324.48
76,34,275,1,185.4,185.4
77,35,363,1,60.73,60.73
78,35,364,1,63.3,63.3
79,36,358,2,86.12,172.24
80,36,361,1,224.4,224.4
81,36,357,2,231.23,462.46
82,36,360,1,352.28,352.28
83,37,377,1,308.4,308.4
84,37,381,1,168.17,168.17
85,38,175,1,58.41,58.41
86,38,179,1,54.23,54.23
87,38,176,1,108.59,108.59
88,39,682,1,111.39,111.39
89,39,681,3,61.45,184.35
90,39,684,2,62.02,124.04
91,40,333,1,310.46,310.46
92,40,334,3,193.44,580.32
93,40,336,3,321.97,965.91
94,40,332,1,63.15,63.15
95,41,50,2,163.27,326.54
96,41,52,1,232.43,232.43
97,41,51,1,196.02,196.02
98,41,53,3,261.15,783.45
99,42,15,1,144.51,144.51
100,43,726,1,144.41,144.41
101,43,728,2,160.97,321.94
102,44,226,1,315.2,315.2
103,44,223,1,189.77,189.77
104,45,846,1,339.82,339.82
105,46,894,1,364.88,364.88
106,47,158,3,76.29,228.87
107,47,160,3,51.25,153.75
108,48,409,3,245.84,737.52
109,49,635,1,44.6,44.6
110,49,636,2,60.75,121.5
111,49,633,1,126.51,126.51
112,50,337,3,141.59,424.77
113,51,801,3,86.0,258.0
114,51,803,1,120.22,120.22
115,52,540,1,195.02,195.02
116,52,539,1,291.38,291.38
117,52,541,1,171.0,171.0
118,53,314,1,137.39,137.39
119,53,318,1,316.44,316.44
120,54,898,2,73.29,146.58
121,54,900,1,113.05,113.05
122,55,802,2,50.3,100.6
123,56,890,1,222.09,222.09
124,56,892,1,310.16,310.16
125,56,891,1,192.28,192.28
126,57,729,1,144.59,144.59
127,58,90,1,88.08,88.08
128,58,91,1,168.16,168.16
129,59,213,1,59.87,59.87
130,60,427,1,320.27,320.27
131,60,428,1,184.06,184.06
132,60,430,1,97.23,97.23
133,61,668,3,229.57,688.71
134,61,670,2,221.28,442.56
135,62,276,1,236.14,236.14
136,62,274,2,233.46,466.92
137,63,203,1,190.86,190.86
138,63,204,3,77.57,232.71
139,64,617,2,69.96,139.92
140,64,614,2,74.03,148.06
141,65,620,1,170.43,170.43
142,66,117,1,157.68,157.68
143,66,119,3,237.15,711.45
144,66,120,2,150.59,301.18
145,66,118,1,190.77,190.77
146,67,276,3,236.14,708.42
147,67,279,1,108.16,108.16
148,67,277,1,149.98,149.98
149,67,274,2,233.46,466.92
150,68,249,1,105.51,105.51
151,69,551,1,74.52,74.52
152,69,548,2,34.99,69.98
153,70,253,1,189.92,189.92
154,70,256,1,268.54,268.54
155,71,61,1,235.67,235.67
156,72,368,1,205.81,205.81
157,73,270,1,95.07,95.07
158,73,272,3,403.57,1210.71
159,74,782,2,260.31,520.62
160,74,780,2,172.06,344.12
161,75,347,2,117.02,234.04
162,75,346,2,116.12,232.24
163,76,327,1,87.29,87.29
164,76,330,1,26.42,26.42
165,76,329,1,74.89,74.89
166,77,839,1,97.01,97.01
167,77,836,2,46.52,93.04
168,78,271,1,256.17,256.17
169,78,272,1,403.57,403.57
170,78,273,2,205.02,410.04
171,78,270,2,95.07,190.14
172,79,482,1,120.13,120.13
173,79,486,1,229.05,229.05
174,79,483,1,269.0,269.0
175,80,477,2,91.39,182.78
176,80,480,1,266.4,266.4
177,80,478,1,126.9,126.9
178,81,284,1,109.38,109.38
179,82,804,1,299.88,299.88
180,82,807,1,291.56,291.56
181,83,494,1,269.46,269.46
182,83,497,1,189.17,189.17
183,83,493,1,147.69,147.69
184,84,351,2,147.39,294.78
185,84,350,2,92.36,184.72
186,84,352,1,249.87,249.87
187,85,894,1,364.88,364.88
188,85,896,1,98.16,98.16
189,86,234,1,270.62,270.62
190,86,233,2,93.56,187.12
191,87,320,1,197.48,197.48
192,88,568,1,251.47,251.47
193,89,265,1,259.7,259.7
194,89,269,1,181.62,181.62
195,90,441,1,268.1,268.1
196,91,364,1,63.3,63.3
197,91,363,1,60.73,60.73
198,92,717,1,317.43,317.43
199,93,356,1,69.56,69.56
200,94,135,1,206.86,206.86
201,94,131,2,118.07,236.14
202,94,136,3,337.75,1013.25
203,95,571,1,235.2,235.2
204,95,572,1,218.69,218.69
205,95,570,2,310.29,620.58
206,96,700,1,84.6,84.6
207,96,699,3,264.85,794.55
208,96,696,1,271.89,271.89
209,97,37,1,214.37,214.37
210,97,34,3,338.78,1016.34
211,98,891,1,192.28,192.28
212,99,319,1,184.37,184.37
213,99,321,3,276.16,828.48
214,99,322,1,100.39,100.39
215,100,166,2,68.12,136.24
216,100,165,2,188.08,376.16
217,100,167,1,54.36,54.36
218,101,326,3,96.24,288.72
219,101,325,1,109.58,109.58
220,101,324,3,60.21,180.63
221,102,180,1,316.01,316.01
222,103,558,1,103.39,103.39
223,103,560,1,188.98,188.98
224,103,559,1,261.72,261.72
225,103,557,1,337.17,337.17
226,104,216,1,63.54,63.54
227,105,817,1,191.49,191.49
228,105,815,3,189.92,569.76
229,106,880,1,120.99,120.99
230,107,873,1,266.32,266.32
231,107,872,1,178.81,178.81
232,108,267,2,138.54,277.08
233,109,247,1,49.85,49.85
234,110,713,2,68.16,136.32
235,110,714,2,54.27,108.54
236,110,712,2,89.24,178.48
237,111,407,2,170.48,340.96
238,111,406,1,184.85,184.85
239,112,761,1,52.47,52.47
240,113,895,2,198.26,396.52
241,113,893,3,230.49,691.47
242,114,166,2,68.12,136.24
243,115,692,1,267.16,267.16
244,115,690,1,91.1,91.1
245,116,602,1,222.26,222.26
246,117,443,1,161.44,161.44
247,117,441,1,268.1,268.1
248,117,439,2,121.62,243.24
249,118,651,1,150.24,150.24
250,118,652,1,247.12,247.12
251,119,20,3,137.92,413.76
252,120,367,1,179.66,179.66
253,120,368,3,205.81,617.43
254,121,176,1,108.59,108.59
255,122,360,1,352.28,352.28
256,122,359,3,127.52,382.56
257,123,687,1,214.33,214.33
258,123,688,1,230.37,230.37
259,124,895,2,198.26,396.52
260,124,896,2,98.16,196.32
261,125,647,1,95.79,95.79
262,126,100,1,224.84,224.84
263,126,102,1,220.12,220.12
264,127,183,2,74.44,148.88
265,127,182,1,99.56,99.56
266,128,710,1,274.05,274.05
267,128,709,1,218.31,218.31
268,128,714,1,54.27,54.27
269,129,363,1,60.73,60.73
270,129,364,1,63.3,63.3
271,129,365,1,141.15,141.15
272,130,334,1,193.44,193.44
273,130,333,1,310.46,310.46
274,131,43,2,110.66,221.32
275,132,569,1,176.13,176.13
276,132,568,1,251.47,251.47
277,133,145,1,47.6,47.6
278,133,147,3,79.12,237.36
279,133,144,1,377.17,377.17
280,134,209,1,188.85,188.85
281,134,211,1,280.44,280.44
282,135,490,1,180.05,180.05
283,136,41,3,194.45,583.35
284,137,195,1,55.4,55.4
285,137,192,2,351.86,703.72
286,137,194,1,91.51,91.51
287,138,189,1,61.9,61.9
288,139,744,2,337.01,674.02
289,139,746,1,163.45,163.45
290,140,797,1,90.2,90.2
291,140,799,1,121.08,121.08
292,141,793,2,344.67,689.34
293,142,905,2,59.7,119.4
294,142,904,1,95.22,95.22
295,143,738,3,107.18,321.54
296,143,737,1,223.47,223.47
297,144,788,1,235.44,235.44
298,144,789,1,304.32,304.32
299,144,787,1,74.13,74.13
300,145,815,1,189.92,189.92
301,145,817,3,191.49,574.47
302,146,156,1,375.8,375.8
303,147,252,2,106.83,213.66
304,148,439,2,121.62,243.24
305,148,443,2,161.44,322.88
306,149,347,1,117.02,117.02
307,149,346,2,116.12,232.24
308,150,757,1,204.57,204.57
309,150,759,1,280.6,280.6
310,150,758,1,71.74,71.74
311,151,284,1,109.38,109.38
312,151,286,3,68.75,206.25
313,152,748,1,98.56,98.56
314,153,299,2,158.61,317.22
315,153,298,2,218.25,436.5
316,153,300,1,165.37,165.37
317,154,840,1,98.19,98.19
318,154,838,1,294.54,294.54
319,155,57,1,46.55,46.55
320,155,54,1,120.02,120.02
321,155,56,2,71.87,143.74
322,156,579,1,131.18,131.18
323,156,577,2,158.0,316.0
324,157,116,2,107.07,214.14
325,157,114,1,290.96,290.96
326,157,115,1,209.52,209.52
327,158,643,1,176.66,176.66
328,158,646,1,394.73,394.73
329,158,647,1,95.79,95.79
330,158,642,1,181.8,181.8
331,159,761,3,52.47,157.41
332,159,763,1,26.12,26.12
333,159,762,1,40.83,40.83
334,160,406,3,184.85,554.55
335,160,409,1,245.84,245.84
336,160,408,1,299.49,299.49
337,161,814,1,276.74,276.74
338,161,815,1,189.92,189.92
339,162,759,2,280.6,561.2
340,162,760,3,53.0,159.0
341,163,36,3,47.3,141.9
342,164,248,1,73.43,73.43
343,165,834,1,181.47,181.47
344,165,833,1,298.32,298.32
345,165,831,3,186.31,558.93
346,165,832,1,352.61,352.61
347,166,137,1,196.34,196.34
348,166,139,1,132.01,132.01
349,167,186,2,54.5,109.0
350,168,878,2,327.54,655.08
351,168,877,2,60.41,120.82
352,169,603,1,312.66,312.66
353,169,607,1,160.8,160.8
354,169,606,2,171.84,343.68
355,170,498,2,297.63,595.26
356,170,500,1,140.7,140.7
357,171,677,1,230.81,230.81
358,172,154,1,140.21,140.21
359,172,155,1,224.21,224.21
360,173,679,1,93.55,93.55
361,173,677,1,230.81,230.81
362,174,362,1,157.55,157.55
363,175,743,1,347.36,347.36
364,176,771,3,167.44,502.32
365,176,773,1,196.81,196.81
366,177,462,1,172.94,172.94
367,177,464,1,90.71,90.71
368,177,461,1,198.8,198.8
369,177,466,1,329.94,329.94
370,178,848,2,171.11,342.22
371,178,849,1,211.18,211.18
372,178,850,2,349.22,698.44
373,179,831,1,186.31,186.31
374,179,832,2,352.61,705.22
375,180,373,1,173.05,173.05
376,180,372,1,189.24,189.24
377,180,371,1,225.13,225.13
378,181,839,1,97.01,97.01
379,182,108,1,188.74,188.74
380,182,109,2,188.55,377.1
381,183,13,2,244.95,489.9
382,183,14,2,116.65,233.3
383,183,15,3,144.51,433.53
384,184,391,1,34.96,34.96
385,184,390,1,32.94,32.94
386,185,831,2,186.31,372.62
387,186,463,1,197.55,197.55
388,187,746,2,163.45,326.9
389,188,184,2,67.67,135.34
390,188,185,1,99.42,99.42
391,189,812,1,113.43,113.43
392,190,145,1,47.6,47.6
393,190,146,1,75.58,75.58
394,191,39,2,296.39,592.78
395,191,38,2,212.74,425.48
396,192,606,1,171.84,171.84
397,192,605,1,189.7,189.7
398,192,607,1,160.8,160.8
399,193,790,1,54.04,54.04
400,193,787,1,74.13,74.13
401,194,622,3,214.66,643.98
402,195,843,1,322.46,322.46
403,195,841,2,82.37,164.74
404,195,842,3,230.27,690.81
405,196,776,3,159.23,477.69
406,196,778,3,222.02,666.06
407,197,532,2,145.13,290.26
408,198,804,1,299.88,299.88
409,199,763,2,26.12,52.24
410,199,764,1,62.58,62.58
411,199,761,2,52.47,104.94
412,200,367,1,179.66,179.66
413,201,772,1,177.07,177.07
414,201,771,2,167.44,334.88
415,201,773,1,196.81,196.81
416,201,774,1,100.58,100.58
417,202,438,2,94.19,188.38
418,203,715,1,204.46,204.46
419,204,656,1,199.09,199.09
420,204,657,1,199.03,199.03
421,205,525,1,186.93,186.93
422,205,529,1,153.59,153.59
423,205,526,2,138.16,276.32
424,206,147,1,79.12,79.12
425,206,146,1,75.58,75.58
426,206,145,2,47.6,95.2
427,206,144,1,377.17,377.17
428,207,892,1,310.16,310.16
429,207,890,1,222.09,222.09
430,208,185,3,99.42,298.26
431,209,463,2,197.55,395.1
432,209,466,2,329.94,659.88
433,209,461,2,198.8,397.6
434,210,48,1,101.54,101.54
435,211,900,2,113.05,226.1
436,212,428,2,184.06,368.12
437,212,430,2,97.23,194.46
438,213,234,1,270.62,270.62
439,213,233,1,93.56,93.56
440,213,237,3,244.18,732.54
441,214,621,1,154.33,154.33
442,214,620,1,170.43,170.43
443,215,424,2,225.14,450.28
444,215,426,1,61.58,61.58
445,215,423,1,328.13,328.13
446,216,115,3,209.52,628.56
447,216,114,1,290.96,290.96
448,216,116,1,107.07,107.07
449,217,570,1,310.29,310.29
450,217,571,3,235.2,705.6
451,218,1,3,228.66,685.98
452,219,392,1,69.99,69.99
453,219,387,1,116.82,116.82
454,220,169,2,364.75,729.5
455,221,342,1,103.45,103.45
456,221,337,1,141.59,141.59
457,222,463,1,197.55,197.55
458,222,465,2,343.7,687.4
459,223,762,1,40.83,40.83
460,223,764,1,62.58,62.58
461,223,763,1,26.12,26.12
462,224,253,1,189.92,189.92
463,224,252,1,106.83,106.83
464,225,280,2,188.04,376.08
465,225,282,2,207.19,414.38
466,225,281,1,255.07,255.07
467,226,119,1,237.15,237.15
468,226,120,2,150.59,301.18
469,226,118,2,190.77,381.54
470,226,117,2,157.68,315.36
471,227,124,2,55.5,111.0
472,227,122,1,122.5,122.5
473,228,64,3,220.68,662.04
474,228,61,2,235.67,471.34
475,229,275,3,185.4,556.2
476,230,301,3,238.78,716.34
477,231,513,2,89.69,179.38
478,231,511,1,396.11,396.11
479,231,510,1,263.86,263.86
480,231,514,1,42.45,42.45
481,231,509,3,99.32,297.96
482,232,26,1,265.72,265.72
483,233,342,1,103.45,103.45
484,233,337,1,141.59,141.59
485,234,127,1,317.07,317.07
486,234,130,1,191.13,191.13
487,235,677,2,230.81,461.62
488,235,679,2,93.55,187.1
489,235,678,1,273.79,273.79
490,235,676,1,362.47,362.47
491,236,184,1,67.67,67.67
492,236,185,2,99.42,198.84
493,236,186,2,54.5,109.0
494,237,41,1,194.45,194.45
495,238,715,2,204.46,408.92
496,238,716,2,138.42,276.84
497,238,718,2,120.94,241.88
498,239,793,2,344.67,689.34
499,239,791,3,260.78,782.34
500,240,162,2,126.83,253.66
501,240,164,2,250.1,500.2
502,240,166,3,68.12,204.36
503,240,163,2,325.54,651.08
504,240,165,2,188.08,376.16
505,241,57,2,46.55,93.1
506,241,56,1,71.87,71.87
507,241,55,1,70.87,70.87
508,242,308,3,211.24,633.72
509,242,310,1,145.13,145.13
510,242,309,1,170.6,170.6
511,243,766,1,92.27,92.27
512,243,769,2,264.24,528.48
513,244,255,1,232.87,232.87
514,244,256,2,268.54,537.08
515,245,836,2,46.52,93.04
516,246,417,1,61.18,61.18
517,246,414,3,114.05,342.15
518,247,735,1,125.79,125.79
519,247,736,1,67.36,67.36
520,247,731,1,86.37,86.37
521,247,733,2,89.75,179.5
522,248,422,1,61.14,61.14
523,248,424,1,225.14,225.14
524,249,290,2,135.83,271.66
525,250,750,1,135.65,135.65
526,250,747,3,67.37,202.11
527,251,88,1,153.47,153.47
528,252,128,1,43.37,43.37
529,253,562,1,45.02,45.02
530,254,771,2,167.44,334.88
531,254,774,2,100.58,201.16
532,254,773,2,196.81,393.62
533,255,8,1,134.56,134.56
534,256,145,3,47.6,142.8
535,256,144,1,377.17,377.17
536,256,146,3,75.58,226.74
537,257,106,1,252.4,252.4
538,257,104,1,185.44,185.44
539,257,103,1,119.78,119.78
540,258,189,2,61.9,123.8
541,258,191,1,69.35,69.35
542,259,386,2,216.8,433.6
543,259,383,1,155.38,155.38
544,260,236,1,93.3,93.3
545,260,237,1,244.18,244.18
546,261,513,1,89.69,89.69
547,262,856,1,395.69,395.69
548,262,853,1,163.27,163.27
549,262,855,2,213.85,427.7
550,262,852,1,247.36,247.36
551,263,299,1,158.61,158.61
552,263,298,1,218.25,218.25
553,263,301,2,238.78,477.56
554,264,524,1,187.28,187.28
555,265,737,1,223.47,223.47
556,266,676,1,362.47,362.47
557,266,678,2,273.79,547.58
558,266,680,1,47.29,47.29
559,267,841,1,82.37,82.37
560,267,844,1,240.49,240.49
561,268,431,1,260.09,260.09
562,268,432,1,160.15,160.15
563,268,430,1,97.23,97.23
564,269,834,1,181.47,181.47
565,270,296,1,148.22,148.22
566,271,662,1,139.57,139.57
567,271,661,1,61.54,61.54
568,271,659,2,99.34,198.68
569,272,124,1,55.5,55.5
570,272,122,2,122.5,245.0
571,273,710,2,274.05,548.1
572,273,709,1,218.31,218.31
573,274,246,2,253.18,506.36
574,275,312,1,181.75,181.75
575,276,494,1,269.46,269.46
576,276,493,1,147.69,147.69
577,276,495,1,167.83,167.83
578,277,16,1,166.18,166.18
579,277,13,1,244.95,244.95
580,278,52,1,232.43,232.43
581,278,53,1,261.15,261.15
582,279,812,1,113.43,113.43
583,279,811,1,69.46,69.46
584,279,809,2,74.96,149.92
585,280,801,1,86.0,86.0
586,281,188,1,64.04,64.04
587,281,191,1,69.35,69.35
588,282,600,2,166.52,333.04
589,282,601,1,172.82,172.82
590,283,52,1,232.43,232.43
591,283,50,1,163.27,163.27
592,283,53,3,261.15,783.45
593,284,162,1,126.83,126.83
594,284,163,1,325.54,325.54
595,285,600,1,166.52,166.52
596,285,602,2,222.26,444.52
597,285,601,1,172.82,172.82
598,285,599,1,287.03,287.03
599,286,500,1,140.7,140.7
600,286,501,3,144.71,434.13
601,287,814,2,276.74,553.48
602,288,450,1,329.07,329.07
603,288,448,1,113.63,113.63
604,289,814,2,276.74,553.48
605,290,620,1,170.43,170.43
606,291,308,1,211.24,211.24
607,292,423,2,328.13,656.26
608,292,425,1,109.48,109.48
609,292,424,2,225.14,450.28
610,292,426,1,61.58,61.58
611,293,67,1,128.63,128.63
612,294,239,1,68.07,68.07
613,294,241,2,129.43,258.86
614,295,68,1,116.41,116.41
615,295,66,1,37.94,37.94
616,296,834,1,181.47,181.47
617,296,831,2,186.31,372.62
618,297,266,2,232.11,464.22
619,297,269,1,181.62,181.62
620,298,339,2,244.24,488.48
621,299,38,1,212.74,212.74
622,300,510,2,263.86,527.72
623,300,511,3,396.11,1188.33
624,300,513,1,89.69,89.69
625,301,156,1,375.8,375.8
626,301,154,1,140.21,140.21
627,302,341,1,309.67,309.67
628,302,339,1,244.24,244.24
629,303,14,1,116.65,116.65
630,303,15,3,144.51,433.53
631,303,13,2,244.95,489.9
632,303,16,1,166.18,166.18
633,304,271,2,256.17,512.34
634,304,273,1,205.02,205.02
635,305,912,1,52.34,52.34
636,306,324,1,60.21,60.21
637,306,326,2,96.24,192.48
638,306,325,2,109.58,219.16
639,307,86,3,273.21,819.63
640,307,89,1,390.22,390.22
641,308,201,1,271.07,271.07
642,309,486,2,229.05,458.1
643,310,128,1,43.37,43.37
644,310,127,1,317.07,317.07
645,310,129,2,318.78,637.56
646,311,819,1,49.14,49.14
647,311,820,1,144.43,144.43
648,312,822,2,235.68,471.36
649,312,823,1,235.27,235.27
650,313,343,1,126.85,126.85
651,314,762,1,40.83,40.83
652,315,355,2,119.82,239.64
653,316,768,1,333.14,333.14
654,317,390,1,32.94,32.94
655,317,391,1,34.96,34.96
656,317,387,2,116.82,233.64
657,318,51,1,196.02,196.02
658,319,461,1,198.8,198.8
659,320,328,1,107.11,107.11
660,320,331,1,35.68,35.68
661,320,329,2,74.89,149.78
662,321,350,1,92.36,92.36
663,321,352,2,249.87,499.74
664,322,838,1,294.54,294.54
665,322,840,1,98.19,98.19
666,322,836,1,46.52,46.52
667,323,386,1,216.8,216.8
668,323,384,1,265.69,265.69
669,323,383,3,155.38,466.14
670,324,489,2,270.74,541.48
671,324,488,2,187.64,375.28
672,324,487,1,207.13,207.13
673,325,490,2,180.05,360.1
674,326,334,1,193.44,193.44
675,326,335,1,135.34,135.34
676,326,332,1,63.15,63.15
677,327,281,1,255.07,255.07
678,327,282,1,207.19,207.19
679,328,673,1,136.23,136.23
680,328,671,1,209.8,209.8
681,328,675,1,163.27,163.27
682,329,17,1,156.37,156.37
683,329,22,1,117.19,117.19
684,330,496,1,117.13,117.13
685,331,130,1,191.13,191.13
686,331,129,2,318.78,637.56
687,331,128,2,43.37,86.74
688,332,893,1,230.49,230.49
689,332,894,2,364.88,729.76
690,332,896,1,98.16,98.16
691,333,143,1,260.26,260.26
692,333,147,1,79.12,79.12
693,334,68,1,116.41,116.41
694,335,651,1,150.24,150.24
695,335,653,2,161.33,322.66
696,336,64,1,220.68,220.68
697,336,63,2,155.08,310.16
698,336,62,1,105.14,105.14
699,337,164,1,250.1,250.1
700,337,166,1,68.12,68.12
701,338,49,3,114.57,343.71
702,338,48,3,101.54,304.62
703,339,410,1,106.4,106.4
704,339,413,1,85.59,85.59
705,340,439,1,121.62,121.62
706,340,441,1,268.1,268.1
707,340,440,1,216.38,216.38
708,341,558,1,103.39,103.39
709,341,559,1,261.72,261.72
710,342,630,3,63.47,190.41
711,342,629,1,98.28,98.28
712,343,537,2,323.04,646.08
713,343,535,1,176.96,176.96
714,344,621,1,154.33,154.33
715,344,622,3,214.66,643.98
716,344,620,1,170.43,170.43
717,345,259,1,232.16,232.16
718,345,257,1,155.76,155.76
719,346,51,2,196.02,392.04
720,346,50,1,163.27,163.27
721,347,499,1,179.88,179.88
722,347,498,1,297.63,297.63
723,348,800,1,56.19,56.19
724,348,799,3,121.08,363.24
725,348,796,2,81.74,163.48
726,348,798,2,68.78,137.56
727,348,797,1,90.2,90.2
728,349,639,2,217.34,434.68
729,349,638,1,182.04,182.04
730,349,640,1,115.31,115.31
731,350,21,1,130.12,130.12
732,350,19,1,226.81,226.81
733,350,17,1,156.37,156.37
734,351,100,2,224.84,449.68
735,352,157,1,47.16,47.16
736,353,681,3,61.45,184.35
737,353,682,3,111.39,334.17
738,354,591,1,272.73,272.73
739,354,590,2,106.61,213.22
740,354,593,1,156.78,156.78
741,355,615,1,130.07,130.07
742,356,884,1,73.48,73.48
743,356,883,1,115.01,115.01
744,356,881,2,77.18,154.36
745,357,238,1,80.67,80.67
746,357,239,1,68.07,68.07
747,357,240,1,60.27,60.27
748,358,909,1,263.28,263.28
749,358,910,3,164.86,494.58
750,358,908,1,178.43,178.43
751,359,802,1,50.3,50.3
752,359,801,1,86.0,86.0
753,359,803,2,120.22,240.44
754,360,64,1,220.68,220.68
755,360,60,1,146.6,146.6
756,360,65,1,303.87,303.87
757,361,795,1,165.02,165.02
758,362,49,1,114.57,114.57
759,363,46,1,300.84,300.84
760,364,241,3,129.43,388.29
761,364,239,1,68.07,68.07
762,364,240,1,60.27,60.27
763,365,66,1,37.94,37.94
764,365,68,1,116.41,116.41
765,366,225,1,211.65,211.65
766,367,900,1,113.05,113.05
767,367,897,2,63.93,127.86
768,368,54,1,120.02,120.02
769,368,59,1,75.91,75.91
770,369,484,3,49.34,148.02
771,369,483,2,269.0,538.0
772,369,482,1,120.13,120.13
773,369,485,2,325.28,650.56
774,370,520,3,222.73,668.19
775,370,516,1,143.14,143.14
776,371,808,1,124.66,124.66
777,371,812,1,113.43,113.43
778,372,479,1,143.06,143.06
779,372,480,2,266.4,532.8
780,372,478,2,126.9,253.8
781,373,337,2,141.59,283.18
782,373,339,2,244.24,488.48
783,374,692,1,267.16,267.16
784,374,691,2,219.3,438.6
785,374,695,1,203.59,203.59
786,375,241,1,129.43,129.43
787,375,238,1,80.67,80.67
788,376,410,2,106.4,212.8
789,376,411,3,86.96,260.88
790,376,413,1,85.59,85.59
791,377,220,2,248.16,496.32
792,377,219,1,196.17,196.17
793,378,54,3,120.02,360.06
794,379,816,2,259.46,518.92
795,379,817,3,191.49,574.47
796,380,753,1,330.03,330.03
797,380,751,1,336.7,336.7
798,381,686,1,206.53,206.53
799,381,688,1,230.37,230.37
800,382,638,1,182.04,182.04
801,383,249,1,105.51,105.51
802,383,251,2,61.6,123.2
803,384,617,1,69.96,69.96
804,384,614,1,74.03,74.03
805,385,697,3,89.58,268.74
806,385,700,3,84.6,253.8
807,385,699,1,264.85,264.85
808,385,696,2,271.89,543.78
809,386,84,2,375.41,750.82
810,386,80,1,155.24,155.24
811,387,215,1,96.38,96.38
812,387,218,2,70.08,140.16
813,388,723,2,212.91,425.82
814,388,721,3,219.08,657.24
815,388,724,1,239.45,239.45
816,389,514,2,42.45,84.9
817,389,509,2,99.32,198.64
818,390,654,1,114.97,114.97
819,390,651,1,150.24,150.24
820,390,653,1,161.33,161.33
821,391,512,1,286.08,286.08
822,392,640,2,115.31,230.62
823,392,639,1,217.34,217.34
824,393,38,1,212.74,212.74
825,393,40,1,216.36,216.36
826,394,670,3,221.28,663.84
827,395,420,1,52.12,52.12
828,396,823,1,235.27,235.27
829,397,328,1,107.11,107.11
830,397,330,2,26.42,52.84
831,398,906,1,124.75,124.75
832,399,38,2,212.74,425.48
833,399,41,1,194.45,194.45
834,399,39,2,296.39,592.78
835,399,40,1,216.36,216.36
836,400,344,1,116.64,116.64
837,400,343,1,126.85,126.85
838,401,466,2,329.94,659.88
839,401,464,1,90.71,90.71
840,402,468,1,46.38,46.38
841,402,470,1,30.5,30.5
842,402,472,2,122.69,245.38
843,403,697,1,89.58,89.58
844,403,698,1,384.89,384.89
845,404,651,2,150.24,300.48
846,405,701,1,196.96,196.96
847,405,703,1,90.15,90.15
848,406,238,1,80.67,80.67
849,406,241,2,129.43,258.86
850,406,239,2,68.07,136.14
851,407,326,1,96.24,96.24
852,407,324,3,60.21,180.63
853,407,325,1,109.58,109.58
854,408,335,1,135.34,135.34
855,408,334,1,193.44,193.44
856,409,204,2,77.57,155.14
857,409,202,1,52.03,52.03
858,409,201,1,271.07,271.07
859,410,2,1,91.89,91.89
860,410,1,1,228.66,228.66
861,411,52,1,232.43,232.43
862,411,51,1,196.02,196.02
863,411,50,2,163.27,326.54
864,412,328,1,107.11,107.11
865,412,327,2,87.29,174.58
866,412,329,1,74.89,74.89
867,413,805,2,316.03,632.06
868,414,58,1,126.59,126.59
869,414,56,2,71.87,143.74
870,414,57,1,46.55,46.55
871,415,530,2,284.08,568.16
872,415,529,1,153.59,153.59
873,416,385,1,109.34,109.34
874,416,386,2,216.8,433.6
875,416,384,1,265.69,265.69
876,417,508,1,143.75,143.75
877,417,506,2,175.23,350.46
878,418,69,1,174.47,174.47
879,418,70,1,108.83,108.83
880,419,449,1,190.04,190.04
881,419,446,2,366.18,732.36
882,420,389,1,115.29,115.29
883,420,387,1,116.82,116.82
884,421,400,1,351.35,351.35
885,422,330,1,26.42,26.42
886,423,50,1,163.27,163.27
887,424,740,1,164.2,164.2
888,424,738,1,107.18,107.18
889,425,24,2,109.15,218.3
890,425,26,1,265.72,265.72
891,426,717,1,317.43,317.43
892,427,453,1,227.24,227.24
893,427,452,1,270.1,270.1
894,427,451,3,98.3,294.9
895,428,667,2,96.69,193.38
896,428,669,1,55.29,55.29
897,429,887,1,227.71,227.71
898,429,885,2,156.5,313.0
899,429,889,1,93.72,93.72
900,430,719,1,186.89,186.89
901,430,722,1,181.03,181.03
902,431,800,1,56.19,56.19
903,431,799,1,121.08,121.08
904,432,125,1,83.41,83.41
905,432,124,2,55.5,111.0
906,433,223,1,189.77,189.77
907,434,870,1,278.04,278.04
908,435,656,3,199.09,597.27
909,436,331,3,35.68,107.04
910,436,328,1,107.11,107.11
911,437,404,1,97.37,97.37
912,438,889,1,93.72,93.72
913,438,885,1,156.5,156.5
914,439,114,1,290.96,290.96
915,439,115,1,209.52,209.52
916,440,21,1,130.12,130.12
917,440,17,1,156.37,156.37
918,440,20,1,137.92,137.92
919,440,22,1,117.19,117.19
920,441,709,1,218.31,218.31
921,442,665,1,151.0,151.0
922,443,326,2,96.24,192.48
923,443,325,1,109.58,109.58
924,444,367,2,179.66,359.32
925,444,368,3,205.81,617.43
926,444,369,1,248.16,248.16
927,444,370,1,110.33,110.33
928,444,366,1,183.84,183.84
929,445,241,2,129.43,258.86
930,445,239,1,68.07,68.07
931,446,479,3,143.06,429.18
932,447,745,1,79.47,79.47
933,447,746,1,163.45,163.45
934,447,744,1,337.01,337.01
935,448,711,1,314.05,314.05
936,448,712,1,89.24,89.24
937,449,705,3,41.73,125.19
938,449,706,1,57.35,57.35
939,450,415,1,109.88,109.88
940,451,543,1,88.75,88.75
941,451,544,1,173.9,173.9
942,452,595,1,44.88,44.88
943,453,746,3,163.45,490.35
944,454,252,2,106.83,213.66
945,454,256,1,268.54,268.54
946,454,253,3,189.92,569.76
947,455,837,2,294.06,588.12
948,455,835,1,230.64,230.64
949,456,329,1,74.89,74.89
950,457,488,2,187.64,375.28
951,457,489,1,270.74,270.74
952,458,60,2,146.6,293.2
953,459,351,1,147.39,147.39
954,459,350,1,92.36,92.36
955,460,817,2,191.49,382.98
956,460,815,1,189.92,189.92
957,460,816,2,259.46,518.92
958,461,38,1,212.74,212.74
959,461,41,2,194.45,388.9
960,461,40,1,216.36,216.36
961,462,418,1,55.83,55.83
962,462,420,1,52.12,52.12
963,462,419,1,83.65,83.65
964,463,373,1,173.05,173.05
965,463,376,1,144.5,144.5
966,463,371,1,225.13,225.13
967,464,801,1,86.0,86.0
968,464,802,1,50.3,50.3
969,464,803,2,120.22,240.44
970,465,790,2,54.04,108.08
971,466,227,2,63.21,126.42
972,466,231,2,125.93,251.86
973,467,807,3,291.56,874.68
974,468,60,3,146.6,439.8
975,468,62,1,105.14,105.14
976,469,14,1,116.65,116.65
977,469,15,1,144.51,144.51
978,470,178,1,102.39,102.39
979,470,175,2,58.41,116.82
980,471,156,1,375.8,375.8
981,472,285,1,123.11,123.11
982,472,284,2,109.38,218.76
983,473,594,2,104.28,208.56
984,473,597,1,58.26,58.26
985,474,117,1,157.68,157.68
986,474,118,1,190.77,190.77
987,474,120,2,150.59,301.18
988,474,119,3,237.15,711.45
989,475,392,1,69.99,69.99
990,476,96,1,135.43,135.43
991,476,95,2,182.29,364.58
992,477,841,1,82.37,82.37
993,478,47,1,144.62,144.62
994,478,48,1,101.54,101.54
995,479,330,2,26.42,52.84
996,479,331,2,35.68,71.36
997,479,329,1,74.89,74.89
998,480,66,1,37.94,37.94
999,481,153,1,234.19,234.19
1000,481,151,1,139.57,139.57
1001,482,401,3,207.04,621.12
1002,482,399,1,101.6,101.6
1003,483,728,1,160.97,160.97
1004,484,314,2,137.39,274.78
1005,484,317,1,227.15,227.15
1006,485,163,1,325.54,325.54
1007,485,162,1,126.83,126.83
1008,485,166,2,68.12,136.24
1009,486,299,1,158.61,158.61
1010,487,343,1,126.85,126.85
1011,488,620,2,170.43,340.86
1012,489,465,3,343.7,1031.1
1013,489,463,1,197.55,197.55
1014,490,226,2,315.2,630.4
1015,490,223,3,189.77,569.31
1016,490,224,1,176.29,176.29
1017,491,745,1,79.47,79.47
1018,491,746,1,163.45,163.45
1019,492,14,1,116.65,116.65
1020,493,663,3,217.11,651.33
1021,494,52,1,232.43,232.43
1022,494,51,1,196.02,196.02
1023,494,53,1,261.15,261.15
1024,495,212,2,41.3,82.6
1025,495,213,2,59.87,119.74
1026,496,307,2,38.96,77.92
1027,496,304,1,121.14,121.14
1028,497,195,3,55.4,166.2
1029,497,192,1,351.86,351.86
1030,497,193,1,208.03,208.03
1031,497,194,1,91.51,91.51
1032,498,292,3,136.06,408.18
1033,499,35,2,103.52,207.04
1034,499,37,3,214.37,643.11
1035,499,33,1,98.63,98.63
1036,499,36,1,47.3,47.3
1037,500,743,1,347.36,347.36
1038,500,742,1,315.79,315.79
1039,501,813,1,43.28,43.28
1040,502,701,1,196.96,196.96
1041,503,433,1,164.14,164.14
1042,503,436,1,210.06,210.06
1043,503,434,1,148.14,148.14
1044,504,173,1,84.42,84.42
1045,505,722,2,181.03,362.06
1046,505,719,1,186.89,186.89
1047,506,826,2,364.49,728.98
1048,507,187,2,111.92,223.84
1049,508,746,1,163.45,163.45
1050,508,744,2,337.01,674.02
1051,509,34,1,338.78,338.78
1052,509,37,2,214.37,428.74
1053,509,36,1,47.3,47.3
1054,510,477,1,91.39,91.39
1055,510,478,1,126.9,126.9
1056,510,479,1,143.06,143.06
1057,511,814,1,276.74,276.74
1058,512,429,1,180.39,180.39
1059,513,315,3,57.91,173.73
1060,514,712,1,89.24,89.24
1061,515,335,3,135.34,406.02
1062,515,336,2,321.97,643.94
1063,516,637,2,86.47,172.94
1064,517,633,1,126.51,126.51
1065,517,634,3,33.76,101.28
1066,517,632,1,65.55,65.55
1067,518,801,2,86.0,172.0
1068,518,802,1,50.3,50.3
1069,519,147,1,79.12,79.12
1070,520,134,2,348.91,697.82
1071,521,299,1,158.61,158.61
1072,522,242,1,164.56,164.56
1073,523,579,1,131.18,131.18
1074,524,213,3,59.87,179.61
1075,524,214,1,69.93,69.93
1076,525,643,1,176.66,176.66
1077,526,763,1,26.12,26.12
1078,527,903,1,65.19,65.19
1079,528,120,1,150.59,150.59
1080,528,119,1,237.15,237.15
1081,528,118,2,190.77,381.54
1082,528,117,1,157.68,157.68
1083,529,890,1,222.09,222.09
1084,529,892,1,310.16,310.16
1085,530,631,1,139.57,139.57
1086,531,495,2,167.83,335.66
1087,531,494,1,269.46,269.46
1088,532,549,1,31.93,31.93
1089,533,261,2,253.21,506.42
1090,534,410,2,106.4,212.8
1091,534,413,1,85.59,85.59
1092,534,412,1,130.07,130.07
1093,535,344,2,116.64,233.28
1094,535,345,1,154.26,154.26
1095,536,619,1,126.63,126.63
1096,536,617,1,69.96,69.96
1097,536,615,1,130.07,130.07
1098,537,297,2,211.98,423.96
1099,537,294,2,166.44,332.88
1100,537,295,1,131.67,131.67
1101,538,558,1,103.39,103.39
1102,538,560,1,188.98,188.98
1103,539,672,2,168.7,337.4
1104,539,674,1,222.61,222.61
1105,539,673,1,136.23,136.23
1106,540,574,1,145.51,145.51
1107,540,576,1,99.65,99.65
1108,540,575,1,128.61,128.61
1109,541,450,1,329.07,329.07
1110,542,839,3,97.01,291.03
1111,542,838,3,294.54,883.62
1112,542,840,1,98.19,98.19
1113,543,563,1,67.16,67.16
1114,544,715,1,204.46,204.46
1115,545,470,2,30.5,61.0
1116,546,270,1,95.07,95.07
1117,546,273,1,205.02,205.02
1118,547,731,1,86.37,86.37
1119,547,734,1,31.37,31.37
1120,548,439,2,121.62,243.24
1121,548,444,3,166.98,500.94
1122,548,443,2,161.44,322.88
1123,548,440,1,216.38,216.38
1124,549,391,1,34.96,34.96
1125,549,389,1,115.29,115.29
1126,550,157,1,47.16,47.16
1127,551,31,2,345.22,690.44
1128,551,32,1,292.12,292.12
1129,552,805,1,316.03,316.03
1130,552,807,1,291.56,291.56
1131,553,176,1,108.59,108.59
1132,553,175,1,58.41,58.41
1133,553,179,2,54.23,108.46
1134,554,648,2,79.5,159.0
1135,554,649,2,43.02,86.04
1136,555,793,1,344.67,344.67
1137,555,794,3,373.23,1119.69
1138,556,296,1,148.22,148.22
1139,556,295,1,131.67,131.67
1140,557,524,2,187.28,374.56
1141,557,521,1,125.9,125.9
1142,558,332,1,63.15,63.15
1143,558,336,1,321.97,321.97
1144,558,333,1,310.46,310.46
1145,558,335,1,135.34,135.34
1146,559,212,2,41.3,82.6
1147,559,214,1,69.93,69.93
1148,560,576,1,99.65,99.65
1149,560,573,1,152.85,152.85
1150,561,599,1,287.03,287.03
1151,561,602,1,222.26,222.26
1152,561,600,2,166.52,333.04
1153,562,466,1,329.94,329.94
1154,562,462,1,172.94,172.94
1155,562,461,2,198.8,397.6
1156,563,472,3,122.69,368.07
1157,563,470,3,30.5,91.5
1158,563,469,2,101.71,203.42
1159,564,85,1,192.36,192.36
1160,565,412,2,130.07,260.14
1161,565,411,1,86.96,86.96
1162,566,385,1,109.34,109.34
1163,566,383,1,155.38,155.38
1164,566,384,1,265.69,265.69
1165,566,386,1,216.8,216.8
1166,567,473,2,41.78,83.56
1167,567,474,1,63.06,63.06
1168,568,31,1,345.22,345.22
1169,568,30,1,90.63,90.63
1170,569,369,1,248.16,248.16
1171,569,367,1,179.66,179.66
1172,570,184,1,67.67,67.67
1173,570,185,1,99.42,99.42
1174,571,61,1,235.67,235.67
1175,571,60,1,146.6,146.6
1176,571,65,1,303.87,303.87
1177,572,298,1,218.25,218.25
1178,573,887,1,227.71,227.71
1179,573,889,1,93.72,93.72
1180,573,885,2,156.5,313.0
1181,573,886,1,181.12,181.12
1182,574,411,2,86.96,173.92
1183,574,413,1,85.59,85.59
1184,574,410,1,106.4,106.4
1185,575,258,1,204.63,204.63
1186,576,622,1,214.66,214.66
1187,577,206,1,216.9,216.9
1188,578,503,1,295.3,295.3
1189,578,508,2,143.75,287.5
1190,579,425,1,109.48,109.48
1191,580,191,1,69.35,69.35
1192,581,615,1,130.07,130.07
1193,581,616,1,56.77,56.77
1194,582,745,1,79.47,79.47
1195,582,746,1,163.45,163.45
1196,582,744,2,337.01,674.02
1197,583,587,2,237.66,475.32
1198,583,589,1,99.63,99.63
1199,583,588,3,358.82,1076.46
1200,584,720,2,119.97,239.94
1201,584,724,1,239.45,239.45
1202,585,61,1,235.67,235.67
1203,585,62,1,105.14,105.14
1204,586,169,2,364.75,729.5
1205,587,273,1,205.02,205.02
1206,587,270,1,95.07,95.07
1207,588,558,1,103.39,103.39
1208,589,803,3,120.22,360.66
1209,590,744,2,337.01,674.02
1210,590,745,3,79.47,238.41
1211,590,746,2,163.45,326.9
1212,591,571,1,235.2,235.2
1213,591,570,1,310.29,310.29
1214,592,891,1,192.28,192.28
1215,592,892,1,310.16,310.16
1216,593,702,1,224.2,224.2
1217,593,701,1,196.96,196.96
1218,594,305,1,65.28,65.28
1219,594,307,1,38.96,38.96
1220,595,198,1,273.27,273.27
1221,595,199,2,178.77,357.54
1222,596,157,2,47.16,94.32
1223,596,161,1,80.29,80.29
1224,597,181,1,272.93,272.93
1225,598,417,1,61.18,61.18
1226,598,414,2,114.05,228.1
1227,598,416,1,46.45,46.45
1228,599,173,1,84.42,84.42
1229,600,707,3,102.11,306.33
1230,600,708,1,77.17,77.17
1231,601,684,1,62.02,62.02
1232,601,682,1,111.39,111.39
1233,601,681,1,61.45,61.45
1234,602,803,2,120.22,240.44
1235,602,801,1,86.0,86.0
1236,603,45,1,233.46,233.46
1237,603,43,1,110.66,110.66
1238,604,657,1,199.03,199.03
1239,604,655,2,87.64,175.28
1240,605,604,2,111.75,223.5
1241,605,603,1,312.66,312.66
1242,606,869,2,136.34,272.68
1243,607,816,1,259.46,259.46
1244,608,271,1,256.17,256.17
1245,609,441,2,268.1,536.2
1246,610,716,3,138.42,415.26
1247,610,715,2,204.46,408.92
1248,611,323,2,332.98,665.96
1249,611,321,3,276.16,828.48
1250,611,320,2,197.48,394.96
1251,612,18,1,107.13,107.13
1252,613,849,1,211.18,211.18
1253,613,850,2,349.22,698.44
1254,614,617,1,69.96,69.96
1255,614,615,1,130.07,130.07
1256,615,665,1,151.0,151.0
1257,615,663,1,217.11,217.11
1258,616,850,1,349.22,349.22
1259,616,849,1,211.18,211.18
1260,616,848,1,171.11,171.11
1261,617,317,1,227.15,227.15
1262,617,315,2,57.91,115.82
1263,617,316,1,360.72,360.72
1264,618,563,2,67.16,134.32
1265,618,562,1,45.02,45.02
1266,619,212,1,41.3,41.3
1267,619,214,1,69.93,69.93
1268,620,427,1,320.27,320.27
1269,620,431,1,260.09,260.09
1270,621,873,3,266.32,798.96
1271,622,662,2,139.57,279.14
1272,622,661,1,61.54,61.54
1273,623,891,2,192.28,384.56
1274,623,892,2,310.16,620.32
1275,623,890,1,222.09,222.09
1276,624,746,1,163.45,163.45
1277,625,724,1,239.45,239.45
1278,625,721,1,219.08,219.08
1279,626,401,3,207.04,621.12
1280,626,398,1,173.84,173.84
1281,627,104,1,185.44,185.44
1282,627,103,1,119.78,119.78
1283,628,91,2,168.16,336.32
1284,628,87,2,226.62,453.24
1285,629,209,3,188.85,566.55
1286,629,210,2,56.05,112.1
1287,629,211,1,280.44,280.44
1288,630,624,3,177.03,531.09
1289,631,314,3,137.39,412.17
1290,632,89,2,390.22,780.44
1291,633,890,1,222.09,222.09
1292,633,891,2,192.28,384.56
1293,633,892,1,310.16,310.16
1294,634,292,3,136.06,408.18
1295,634,289,1,97.17,97.17
1296,635,621,1,154.33,154.33
1297,635,620,1,170.43,170.43
1298,636,384,1,265.69,265.69
1299,636,385,1,109.34,109.34
1300,637,746,2,163.45,326.9
1301,637,744,1,337.01,337.01
1302,638,609,1,108.01,108.01
1303,638,612,1,83.64,83.64
1304,639,606,2,171.84,343.68
1305,640,423,2,328.13,656.26
1306,640,422,1,61.14,61.14
1307,640,425,2,109.48,218.96
1308,641,754,1,140.32,140.32
1309,641,751,2,336.7,673.4
1310,642,461,1,198.8,198.8
1311,642,462,1,172.94,172.94
1312,642,465,2,343.7,687.4
1313,643,352,2,249.87,499.74
1314,643,350,2,92.36,184.72
1315,644,579,1,131.18,131.18
1316,645,307,2,38.96,77.92
1317,645,306,1,143.78,143.78
1318,646,386,1,216.8,216.8
1319,646,383,1,155.38,155.38
1320,647,891,1,192.28,192.28
1321,647,892,2,310.16,620.32
1322,648,620,1,170.43,170.43
1323,649,190,1,58.28,58.28
1324,649,187,1,111.92,111.92
1325,649,189,1,61.9,61.9
1326,650,409,3,245.84,737.52
1327,650,408,1,299.49,299.49
1328,650,407,1,170.48,170.48
1329,651,454,3,107.6,322.8
1330,651,456,1,249.62,249.62
1331,651,457,1,281.05,281.05
1332,651,455,1,266.08,266.08
1333,652,509,2,99.32,198.64
1334,652,513,2,89.69,179.38
1335,652,514,3,42.45,127.35
1336,652,510,2,263.86,527.72
1337,653,744,1,337.01,337.01
1338,654,814,1,276.74,276.74
1339,654,817,1,191.49,191.49
1340,654,815,2,189.92,379.84
1341,654,816,3,259.46,778.38
1342,655,291,1,165.84,165.84
1343,655,288,1,135.19,135.19
1344,655,293,1,202.09,202.09
1345,656,631,1,139.57,139.57
1346,656,629,3,98.28,294.84
1347,656,630,2,63.47,126.94
1348,657,605,1,189.7,189.7
1349,658,428,2,184.06,368.12
1350,659,537,2,323.04,646.08
1351,659,535,1,176.96,176.96
1352,659,536,1,187.9,187.9
1353,660,129,2,318.78,637.56
1354,660,126,1,62.89,62.89
1355,660,130,1,191.13,191.13
1356,661,834,2,181.47,362.94
1357,661,833,1,298.32,298.32
1358,661,832,2,352.61,705.22
1359,662,378,1,196.19,196.19
1360,663,577,2,158.0,316.0
1361,664,103,1,119.78,119.78
1362,665,812,1,113.43,113.43
1363,665,810,1,55.11,55.11
1364,666,161,2,80.29,160.58
1365,666,157,1,47.16,47.16
1366,667,109,2,188.55,377.1
1367,668,694,1,181.71,181.71
1368,668,692,1,267.16,267.16
1369,668,691,1,219.3,219.3
1370,669,490,1,180.05,180.05
1371,669,491,1,232.77,232.77
1372,670,282,2,207.19,414.38
1373,670,281,1,255.07,255.07
1374,671,588,1,358.82,358.82
1375,672,383,1,155.38,155.38
1376,672,386,1,216.8,216.8
1377,672,384,1,265.69,265.69
1378,672,385,2,109.34,218.68
1379,673,290,2,135.83,271.66
1380,673,293,1,202.09,202.09
1381,673,291,1,165.84,165.84
1382,674,281,1,255.07,255.07
1383,674,280,1,188.04,188.04
1384,675,409,1,245.84,245.84
1385,675,406,2,184.85,369.7
1386,675,408,1,299.49,299.49
1387,676,425,2,109.48,218.96
1388,676,426,1,61.58,61.58
1389,677,902,1,109.42,109.42
1390,677,903,3,65.19,195.57
1391,678,516,2,143.14,286.28
1392,678,518,2,228.74,457.48
1393,679,522,1,212.36,212.36
1394,679,521,2,125.9,251.8
1395,679,524,2,187.28,374.56
1396,679,523,1,212.93,212.93
1397,680,317,2,227.15,454.3
1398,680,318,1,316.44,316.44
1399,680,316,1,360.72,360.72
1400,681,741,2,168.2,336.4
1401,682,253,2,189.92,379.84
1402,682,254,1,177.19,177.19
1403,682,255,1,232.87,232.87
1404,683,40,1,216.36,216.36
1405,683,38,1,212.74,212.74
1406,683,39,1,296.39,296.39
1407,684,670,1,221.28,221.28
1408,685,432,2,160.15,320.3
1409,685,427,1,320.27,320.27
1410,686,834,3,181.47,544.41
1411,686,832,1,352.61,352.61
1412,687,663,1,217.11,217.11
1413,687,664,2,140.73,281.46
1414,688,803,1,120.22,120.22
1415,688,802,1,50.3,50.3
1416,688,801,1,86.0,86.0
1417,689,458,1,73.31,73.31
1418,689,459,2,224.56,449.12
1419,690,182,1,99.56,99.56
1420,690,180,1,316.01,316.01
1421,691,617,1,69.96,69.96
1422,692,255,2,232.87,465.74
1423,693,703,1,90.15,90.15
1424,694,744,1,337.01,337.01
1425,695,155,2,224.21,448.42
1426,696,412,2,130.07,260.14
1427,697,17,3,156.37,469.11
1428,697,21,2,130.12,260.24
1429,698,566,3,153.55,460.65
1430,698,569,1,176.13,176.13
1431,699,91,1,168.16,168.16
1432,699,89,1,390.22,390.22
1433,699,90,2,88.08,176.16
1434,699,88,2,153.47,306.94
1435,700,834,3,181.47,544.41
1436,700,833,1,298.32,298.32
1437,701,535,1,176.96,176.96
1438,701,536,1,187.9,187.9
1439,702,753,1,330.03,330.03
1440,703,122,1,122.5,122.5
1441,703,124,1,55.5,55.5
1442,704,573,1,152.85,152.85
1443,704,575,1,128.61,128.61
1444,705,330,2,26.42,52.84
1445,706,526,1,138.16,138.16
1446,706,529,1,153.59,153.59
1447,707,422,1,61.14,61.14
1448,707,423,1,328.13,328.13
1449,707,424,2,225.14,450.28
1450,708,331,1,35.68,35.68
1451,708,327,1,87.29,87.29
1452,708,328,1,107.11,107.11
1453,709,713,2,68.16,136.32
1454,709,711,2,314.05,628.1
1455,710,411,1,86.96,86.96
1456,711,872,1,178.81,178.81
1457,711,874,2,332.73,665.46
1458,711,871,1,91.78,91.78
1459,712,229,1,33.24,33.24
1460,712,232,2,72.5,145.0
1461,713,754,3,140.32,420.96
1462,714,285,1,123.11,123.11
1463,714,287,1,33.06,33.06
1464,715,872,2,178.81,357.62
1465,715,871,1,91.78,91.78
1466,716,827,1,281.31,281.31
1467,716,828,1,343.91,343.91
1468,716,829,1,171.53,171.53
1469,716,826,1,364.49,364.49
1470,717,425,2,109.48,218.96
1471,717,423,1,328.13,328.13
1472,717,426,1,61.58,61.58
1473,718,145,3,47.6,142.8
1474,719,444,3,166.98,500.94
1475,720,354,1,123.31,123.31
1476,720,353,1,56.31,56.31
1477,720,355,1,119.82,119.82
1478,721,509,1,99.32,99.32
1479,721,513,1,89.69,89.69
1480,721,514,1,42.45,42.45
1481,722,746,2,163.45,326.9
1482,723,423,1,328.13,328.13
1483,723,425,2,109.48,218.96
1484,724,757,1,204.57,204.57
1485,724,758,1,71.74,71.74
1486,724,760,3,53.0,159.0
1487,724,759,2,280.6,561.2
1488,725,277,1,149.98,149.98
1489,725,278,1,216.2,216.2
1490,725,276,1,236.14,236.14
1491,726,272,1,403.57,403.57
1492,726,271,1,256.17,256.17
1493,726,270,2,95.07,190.14
1494,726,273,1,205.02,205.02
1495,727,668,1,229.57,229.57
1496,727,669,1,55.29,55.29
1497,728,897,1,63.93,63.93
1498,729,47,2,144.62,289.24
1499,730,803,1,120.22,120.22
1500,731,389,2,115.29,230.58
1501,732,614,1,74.03,74.03
1502,732,616,1,56.77,56.77
1503,732,615,2,130.07,260.14
1504,733,569,3,176.13,528.39
1505,733,564,2,136.67,273.34
1506,733,568,1,251.47,251.47
1507,734,382,2,396.46,792.92
1508,734,380,1,315.99,315.99
1509,734,379,2,248.51,497.02
1510,734,381,2,168.17,336.34
1511,735,473,2,41.78,83.56
1512,735,476,1,107.68,107.68
1513,735,474,2,63.06,126.12
1514,736,594,1,104.28,104.28
1515,737,757,2,204.57,409.14
1516,737,760,1,53.0,53.0
1517,737,759,2,280.6,561.2
1518,738,313,1,105.57,105.57
1519,738,309,3,170.6,511.8
1520,739,605,1,189.7,189.7
1521,740,330,2,26.42,52.84
1522,740,331,1,35.68,35.68
1523,741,570,2,310.29,620.58
1524,741,571,2,235.2,470.4
1525,742,883,3,115.01,345.03
1526,742,882,2,60.01,120.02
1527,742,884,2,73.48,146.96
1528,742,880,1,120.99,120.99
1529,743,256,1,268.54,268.54
1530,744,835,1,230.64,230.64
1531,744,836,1,46.52,46.52
1532,744,839,3,97.01,291.03
1533,745,238,1,80.67,80.67
1534,745,239,2,68.07,136.14
1535,745,240,1,60.27,60.27
1536,746,108,1,188.74,188.74
1537,747,344,1,116.64,116.64
1538,747,343,1,126.85,126.85
1539,748,559,1,261.72,261.72
1540,748,557,1,337.17,337.17
1541,749,844,1,240.49,240.49
1542,749,841,1,82.37,82.37
1543,750,396,2,184.95,369.9
1544,750,394,1,273.63,273.63
1545,751,651,1,150.24,150.24
1546,751,654,3,114.97,344.91
1547,752,478,1,126.9,126.9
1548,752,480,1,266.4,266.4
1549,753,376,2,144.5,289.0
1550,754,384,1,265.69,265.69
1551,755,842,2,230.27,460.54
1552,756,273,2,205.02,410.04
1553,756,272,2,403.57,807.14
1554,757,588,1,358.82,358.82
1555,757,586,1,102.63,102.63
1556,758,161,1,80.29,80.29
1557,758,157,1,47.16,47.16
1558,759,512,1,286.08,286.08
1559,760,665,2,151.0,302.0
1560,761,473,3,41.78,125.34
1561,761,474,1,63.06,63.06
1562,762,566,1,153.55,153.55
1563,763,324,1,60.21,60.21
1564,763,326,1,96.24,96.24
1565,763,325,1,109.58,109.58
1566,764,759,1,280.6,280.6
1567,764,758,3,71.74,215.22
1568,764,757,1,204.57,204.57
1569,764,760,1,53.0,53.0
1570,765,526,1,138.16,138.16
1571,766,129,1,318.78,318.78
1572,766,127,1,317.07,317.07
1573,766,126,1,62.89,62.89
1574,766,128,2,43.37,86.74
1575,767,513,3,89.69,269.07
1576,767,511,2,396.11,792.22
1577,768,222,1,277.91,277.91
1578,768,219,1,196.17,196.17
1579,769,396,2,184.95,369.9
1580,769,394,1,273.63,273.63
1581,769,395,1,186.81,186.81
1582,769,397,2,204.16,408.32
1583,770,635,1,44.6,44.6
1584,770,634,1,33.76,33.76
1585,771,336,1,321.97,321.97
1586,772,163,3,325.54,976.62
1587,773,217,1,60.98,60.98
1588,773,215,3,96.38,289.14
1589,774,408,1,299.49,299.49
1590,774,407,1,170.48,170.48
1591,774,409,1,245.84,245.84
1592,775,362,1,157.55,157.55
1593,775,358,1,86.12,86.12
1594,776,864,2,212.39,424.78
1595,776,863,2,215.82,431.64
1596,776,861,1,191.56,191.56
1597,777,135,1,206.86,206.86
1598,778,205,3,284.38,853.14
1599,778,208,1,41.46,41.46
1600,778,207,1,85.74,85.74
1601,778,206,1,216.9,216.9
1602,779,792,1,211.9,211.9
1603,779,795,1,165.02,165.02
1604,780,113,1,358.19,358.19
1605,781,626,3,179.18,537.54
1606,781,627,1,96.1,96.1
1607,782,645,2,224.43,448.86
1608,782,647,1,95.79,95.79
1609,783,87,1,226.62,226.62
1610,783,88,2,153.47,306.94
1611,783,91,1,168.16,168.16
1612,784,371,1,225.13,225.13
1613,785,834,1,181.47,181.47
1614,785,833,1,298.32,298.32
1615,786,629,1,98.28,98.28
1616,787,358,2,86.12,172.24
1617,787,360,2,352.28,704.56
1618,787,362,3,157.55,472.65
1619,788,67,3,128.63,385.89
1620,788,68,1,116.41,116.41
1621,789,850,1,349.22,349.22
1622,790,692,2,267.16,534.32
1623,790,694,2,181.71,363.42
1624,791,873,1,266.32,266.32
1625,791,871,1,91.78,91.78
1626,792,464,2,90.71,181.42
1627,793,231,3,125.93,377.79
1628,793,232,2,72.5,145.0
1629,794,508,1,143.75,143.75
1630,794,503,1,295.3,295.3
1631,795,497,1,189.17,189.17
1632,796,1,2,228.66,457.32
1633,796,2,1,91.89,91.89
1634,796,5,1,55.38,55.38
1635,797,814,1,276.74,276.74
1636,798,312,1,181.75,181.75
1637,798,313,1,105.57,105.57
1638,799,275,2,185.4,370.8
1639,800,481,2,58.04,116.08
1640,800,485,2,325.28,650.56
1641,801,716,2,138.42,276.84
1642,802,90,1,88.08,88.08
1643,802,86,3,273.21,819.63
1644,802,88,3,153.47,460.41
1645,803,669,1,55.29,55.29
1646,803,670,2,221.28,442.56
1647,804,602,1,222.26,222.26
1648,805,689,1,143.97,143.97
1649,806,422,1,61.14,61.14
1650,807,91,1,168.16,168.16
1651,807,88,1,153.47,153.47
1652,807,90,1,88.08,88.08
1653,808,631,1,139.57,139.57
1654,808,630,1,63.47,63.47
1655,809,574,2,145.51,291.02
1656,810,132,1,72.12,72.12
1657,810,131,1,118.07,118.07
1658,811,669,2,55.29,110.58
1659,811,666,2,98.37,196.74
1660,812,674,3,222.61,667.83
1661,812,672,2,168.7,337.4
1662,812,671,2,209.8,419.6
1663,812,675,2,163.27,326.54
1664,812,673,1,136.23,136.23
1665,813,848,1,171.11,171.11
1666,813,850,1,349.22,349.22
1667,814,775,1,290.38,290.38
1668,815,523,1,212.93,212.93
1669,815,522,2,212.36,424.72
1670,815,524,1,187.28,187.28
1671,816,494,3,269.46,808.38
1672,816,496,1,117.13,117.13
1673,817,191,2,69.35,138.7
1674,817,187,1,111.92,111.92
1675,817,190,2,58.28,116.56
1676,817,189,1,61.9,61.9
1677,818,745,1,79.47,79.47
1678,818,744,3,337.01,1011.03
1679,819,455,1,266.08,266.08
1680,819,454,1,107.6,107.6
1681,819,456,2,249.62,499.24
1682,819,457,1,281.05,281.05
1683,820,802,3,50.3,150.9
1684,820,801,1,86.0,86.0
1685,820,803,1,120.22,120.22
1686,821,142,2,147.56,295.12
1687,822,820,2,144.43,288.86
1688,822,819,1,49.14,49.14
1689,823,270,1,95.07,95.07
1690,823,271,1,256.17,256.17
1691,823,272,2,403.57,807.14
1692,823,273,1,205.02,205.02
1693,824,169,2,364.75,729.5
1694,824,168,1,183.31,183.31
1695,825,823,2,235.27,470.54
1696,825,824,2,175.76,351.52
1697,825,822,3,235.68,707.04
1698,826,337,1,141.59,141.59
1699,826,342,2,103.45,206.9
1700,827,418,1,55.83,55.83
1701,827,419,1,83.65,83.65
1702,828,780,1,172.06,172.06
1703,828,779,1,108.26,108.26
1704,829,549,1,31.93,31.93
1705,829,548,1,34.99,34.99
1706,830,440,1,216.38,216.38
1707,830,442,1,200.79,200.79
1708,830,441,2,268.1,536.2
1709,831,620,1,170.43,170.43
1710,831,622,1,214.66,214.66
1711,831,621,1,154.33,154.33
1712,832,228,3,115.05,345.15
1713,832,231,2,125.93,251.86
1714,832,227,1,63.21,63.21
1715,833,627,1,96.1,96.1
1716,834,22,1,117.19,117.19
1717,835,138,2,210.03,420.06
1718,835,139,2,132.01,264.02
1719,835,137,1,196.34,196.34
1720,836,592,2,184.37,368.74
1721,837,120,1,150.59,150.59
1722,837,117,2,157.68,315.36
1723,838,256,1,268.54,268.54
1724,839,385,2,109.34,218.68
1725,839,386,1,216.8,216.8
1726,840,717,2,317.43,634.86
1727,841,383,1,155.38,155.38
1728,841,384,1,265.69,265.69
1729,841,386,1,216.8,216.8
1730,841,385,1,109.34,109.34
1731,842,867,1,154.73,154.73
1732,843,319,1,184.37,184.37
1733,843,320,1,197.48,197.48
1734,843,323,1,332.98,332.98
1735,844,834,1,181.47,181.47
1736,845,312,1,181.75,181.75
1737,845,309,1,170.6,170.6
1738,845,311,3,306.46,919.38
1739,846,271,1,256.17,256.17
1740,846,272,3,403.57,1210.71
1741,847,496,1,117.13,117.13
1742,847,497,2,189.17,378.34
1743,847,495,3,167.83,503.49
1744,848,605,1,189.7,189.7
1745,848,603,1,312.66,312.66
1746,849,709,1,218.31,218.31
1747,849,710,3,274.05,822.15
1748,849,713,1,68.16,68.16
1749,850,532,1,145.13,145.13
1750,850,531,1,250.29,250.29
1751,851,798,2,68.78,137.56
1752,851,800,1,56.19,56.19
1753,851,797,1,90.2,90.2
1754,852,606,3,171.84,515.52
1755,852,603,1,312.66,312.66
1756,853,633,1,126.51,126.51
1757,853,634,2,33.76,67.52
1758,853,635,1,44.6,44.6
1759,853,632,2,65.55,131.1
1760,853,637,3,86.47,259.41
1761,854,728,2,160.97,321.94
1762,854,726,1,144.41,144.41
1763,854,730,1,225.87,225.87
1764,855,695,1,203.59,203.59
1765,855,690,1,91.1,91.1
1766,856,620,1,170.43,170.43
1767,857,80,1,155.24,155.24
1768,857,84,1,375.41,375.41
1769,858,741,1,168.2,168.2
1770,858,742,1,315.79,315.79
1771,859,629,1,98.28,98.28
1772,859,630,2,63.47,126.94
1773,859,631,3,139.57,418.71
1774,860,426,1,61.58,61.58
1775,861,824,2,175.76,351.52
1776,861,821,1,97.99,97.99
1777,862,190,1,58.28,58.28
1778,862,187,2,111.92,223.84
1779,862,188,1,64.04,64.04
1780,863,701,1,196.96,196.96
1781,863,702,1,224.2,224.2
1782,864,85,1,192.36,192.36
1783,865,135,1,206.86,206.86
1784,865,136,1,337.75,337.75
1785,866,38,1,212.74,212.74
1786,866,39,1,296.39,296.39
1787,866,40,1,216.36,216.36
1788,867,679,1,93.55,93.55
1789,867,678,2,273.79,547.58
1790,868,716,1,138.42,138.42
1791,869,583,2,169.26,338.52
1792,869,584,2,231.94,463.88
1793,870,846,2,339.82,679.64
1794,871,124,1,55.5,55.5
1795,871,122,1,122.5,122.5
1796,872,343,1,126.85,126.85
1797,873,631,2,139.57,279.14
1798,873,630,1,63.47,63.47
1799,873,629,1,98.28,98.28
1800,874,838,1,294.54,294.54
1801,875,334,3,193.44,580.32
1802,875,335,1,135.34,135.34
1803,876,394,1,273.63,273.63
1804,876,393,1,189.05,189.05
1805,877,746,3,163.45,490.35
1806,877,745,1,79.47,79.47
1807,877,744,1,337.01,337.01
1808,878,223,1,189.77,189.77
1809,878,225,1,211.65,211.65
1810,879,340,1,201.26,201.26
1811,879,339,3,244.24,732.72
1812,880,582,1,153.85,153.85
1813,880,581,1,183.1,183.1
1814,880,580,1,185.94,185.94
1815,881,103,1,119.78,119.78
1816,881,107,1,173.01,173.01
1817,881,106,2,252.4,504.8
1818,882,617,1,69.96,69.96
1819,883,107,1,173.01,173.01
1820,883,106,3,252.4,757.2
1821,883,104,1,185.44,185.44
1822,884,801,1,86.0,86.0
1823,884,802,1,50.3,50.3
1824,884,803,1,120.22,120.22
1825,885,183,1,74.44,74.44
1826,885,182,1,99.56,99.56
1827,886,675,1,163.27,163.27
1828,886,674,2,222.61,445.22
1829,886,672,1,168.7,168.7
1830,887,183,1,74.44,74.44
1831,887,182,1,99.56,99.56
1832,887,180,1,316.01,316.01
1833,888,742,1,315.79,315.79
1834,889,99,2,328.98,657.96
1835,890,560,1,188.98,188.98
1836,891,25,2,68.47,136.94
1837,891,26,2,265.72,531.44
1838,892,872,2,178.81,357.62
1839,892,873,1,266.32,266.32
1840,892,871,3,91.78,275.34
1841,893,203,1,190.86,190.86
1842,893,202,1,52.03,52.03
1843,894,480,3,266.4,799.2
1844,894,478,1,126.9,126.9
1845,894,479,1,143.06,143.06
1846,894,477,2,91.39,182.78
1847,895,184,2,67.67,135.34
1848,895,186,2,54.5,109.0
1849,895,185,1,99.42,99.42
1850,896,804,2,299.88,599.76
1851,897,394,2,273.63,547.26
1852,898,832,1,352.61,352.61
1853,898,833,2,298.32,596.64
1854,898,831,1,186.31,186.31
1855,898,834,1,181.47,181.47
1856,899,215,2,96.38,192.76
1857,899,218,2,70.08,140.16
1858,899,217,2,60.98,121.96
1859,900,140,2,141.31,282.62
1860,900,142,1,147.56,147.56
1861,901,563,1,67.16,67.16
1862,902,676,1,362.47,362.47
1863,902,677,1,230.81,230.81
1864,903,152,1,148.72,148.72
1865,904,393,3,189.05,567.15
1866,905,490,3,180.05,540.15
1867,905,491,1,232.77,232.77
1868,906,369,1,248.16,248.16
1869,906,366,1,183.84,183.84
1870,906,370,1,110.33,110.33
1871,907,281,1,255.07,255.07
1872,907,280,1,188.04,188.04
1873,908,870,1,278.04,278.04
1874,908,867,1,154.73,154.73
1875,909,814,3,276.74,830.22
1876,909,816,2,259.46,518.92
1877,910,716,1,138.42,138.42
1878,911,410,1,106.4,106.4
1879,911,411,1,86.96,86.96
1880,911,412,1,130.07,130.07
1881,912,157,1,47.16,47.16
1882,912,161,1,80.29,80.29
1883,912,158,1,76.29,76.29
1884,913,888,1,407.48,407.48
1885,913,886,2,181.12,362.24
1886,914,501,1,144.71,144.71
1887,914,502,3,215.68,647.04
1888,914,498,2,297.63,595.26
1889,915,770,2,332.82,665.64
1890,915,772,1,177.07,177.07
1891,916,803,1,120.22,120.22
1892,916,802,2,50.3,100.6
1893,916,801,1,86.0,86.0
1894,917,644,1,152.27,152.27
1895,918,815,1,189.92,189.92
1896,918,817,2,191.49,382.98
1897,918,816,1,259.46,259.46
1898,919,725,1,187.51,187.51
1899,920,816,1,259.46,259.46
1900,921,764,2,62.58,125.16
1901,921,763,2,26.12,52.24
1902,921,762,1,40.83,40.83
1903,922,586,3,102.63,307.89
1904,922,588,2,358.82,717.64
1905,922,587,1,237.66,237.66
1906,923,422,3,61.14,183.42
1907,924,833,1,298.32,298.32
1908,924,834,3,181.47,544.41
1909,924,831,2,186.31,372.62
1910,925,114,1,290.96,290.96
1911,925,113,1,358.19,358.19
1912,926,712,2,89.24,178.48
1913,926,714,1,54.27,54.27
1914,927,896,2,98.16,196.32
1915,927,893,2,230.49,460.98
1916,928,450,1,329.07,329.07
1917,928,445,2,55.52,111.04
1918,929,182,1,99.56,99.56
1919,929,181,1,272.93,272.93
1920,929,183,1,74.44,74.44
1921,930,732,2,49.73,99.46
1922,931,363,2,60.73,121.46
1923,931,364,1,63.3,63.3
1924,931,365,1,141.15,141.15
1925,932,427,2,320.27,640.54
1926,932,432,1,160.15,160.15
1927,933,312,1,181.75,181.75
1928,934,840,1,98.19,98.19
1929,934,839,1,97.01,97.01
1930,934,837,3,294.06,882.18
1931,935,570,1,310.29,310.29
1932,936,355,1,119.82,119.82
1933,936,356,1,69.56,69.56
1934,936,353,2,56.31,112.62
1935,937,621,2,154.33,308.66
1936,937,620,1,170.43,170.43
1937,938,776,1,159.23,159.23
1938,938,777,1,179.75,179.75
1939,938,775,1,290.38,290.38
1940,939,466,1,329.94,329.94
1941,939,464,1,90.71,90.71
1942,940,93,1,170.77,170.77
1943,940,94,1,220.66,220.66
1944,941,391,1,34.96,34.96
1945,941,392,2,69.99,139.98
1946,942,51,2,196.02,392.04
1947,942,52,1,232.43,232.43
1948,943,180,1,316.01,316.01
1949,944,263,2,218.69,437.38
1950,944,261,1,253.21,253.21
1951,945,371,1,225.13,225.13
1952,946,490,2,180.05,360.1
1953,947,318,1,316.44,316.44
1954,948,140,1,141.31,141.31
1955,948,142,1,147.56,147.56
1956,949,678,1,273.79,273.79
1957,949,679,1,93.55,93.55
1958,950,53,1,261.15,261.15
1959,950,51,2,196.02,392.04
1960,951,454,1,107.6,107.6
1961,951,456,1,249.62,249.62
1962,952,282,1,207.19,207.19
1963,953,614,1,74.03,74.03
1964,953,617,1,69.96,69.96
1965,953,619,2,126.63,253.26
1966,954,570,1,310.29,310.29
1967,954,572,1,218.69,218.69
1968,954,571,2,235.2,470.4
1969,955,886,2,181.12,362.24
1970,955,889,1,93.72,93.72
1971,955,885,1,156.5,156.5
1972,956,511,2,396.11,792.22
1973,956,512,1,286.08,286.08
1974,956,510,1,263.86,263.86
1975,957,410,1,106.4,106.4
1976,958,491,1,232.77,232.77
1977,958,492,3,111.13,333.39
1978,959,789,1,304.32,304.32
1979,959,788,1,235.44,235.44
1980,960,41,2,194.45,388.9
1981,960,38,2,212.74,425.48
1982,961,444,2,166.98,333.96
1983,961,441,2,268.1,536.2
1984,961,439,1,121.62,121.62
1985,961,440,1,216.38,216.38
1986,962,909,1,263.28,263.28
1987,962,910,3,164.86,494.58
1988,963,599,2,287.03,574.06
1989,964,798,3,68.78,206.34
1990,964,796,3,81.74,245.22
1991,964,799,1,121.08,121.08
1992,965,464,2,90.71,181.42
1993,966,351,1,147.39,147.39
1994,966,350,2,92.36,184.72
1995,967,826,1,364.49,364.49
1996,967,828,1,343.91,343.91
1997,967,830,1,220.1,220.1
1998,968,446,2,366.18,732.36
1999,969,211,1,280.44,280.44
2000,969,210,1,56.05,56.05
2001,970,166,1,68.12,68.12
2002,970,163,1,325.54,325.54
2003,971,124,3,55.5,166.5
2004,971,123,1,67.15,67.15
2005,972,619,1,126.63,126.63
2006,972,616,3,56.77,170.31
2007,973,701,1,196.96,196.96
2008,974,106,1,252.4,252.4
2009,974,107,1,173.01,173.01
2010,975,803,1,120.22,120.22
2011,975,802,1,50.3,50.3
2012,976,103,1,119.78,119.78
2013,977,505,1,170.89,170.89
2014,977,508,3,143.75,431.25
2015,977,506,1,175.23,175.23
2016,978,715,2,204.46,408.92
2017,979,893,1,230.49,230.49
2018,979,895,1,198.26,198.26
2019,979,896,1,98.16,98.16
2020,980,388,2,68.71,137.42
2021,980,392,1,69.99,69.99
2022,981,853,1,163.27,163.27
2023,981,854,2,165.14,330.28
2024,982,729,1,144.59,144.59
2025,982,727,1,226.74,226.74
2026,982,728,2,160.97,321.94
2027,983,411,1,86.96,86.96
2028,983,410,1,106.4,106.4
2029,984,373,1,173.05,173.05
2030,984,372,1,189.24,189.24
2031,984,371,1,225.13,225.13
2032,985,613,1,117.15,117.15
2033,985,610,1,78.41,78.41
2034,986,183,1,74.44,74.44
2035,987,649,1,43.02,43.02
2036,988,280,1,188.04,188.04
2037,988,281,3,255.07,765.21
2038,989,63,2,155.08,310.16
2039,990,5,1,55.38,55.38
2040,990,4,1,249.43,249.43
2041,991,496,2,117.13,234.26
2042,991,494,3,269.46,808.38
2043,992,579,1,131.18,131.18
2044,993,466,2,329.94,659.88
2045,994,910,3,164.86,494.58
2046,994,908,1,178.43,178.43
2047,995,566,1,153.55,153.55
2048,995,568,3,251.47,754.41
2049,996,28,1,243.84,243.84
2050,997,745,1,79.47,79.47
2051,997,746,3,163.45,490.35
2052,998,520,3,222.73,668.19
2053,998,519,2,164.48,328.96
2054,998,515,1,186.71,186.71
2055,998,517,1,218.17,218.17
2056,999,341,1,309.67,309.67
2057,999,340,1,201.26,201.26
2058,999,338,1,226.73,226.73
2059,1000,156,1,375.8,375.8
2060,1001,382,2,396.46,792.92
2061,1002,656,2,199.09,398.18
2062,1002,655,1,87.64,87.64
2063,1003,593,1,156.78,156.78
2064,1003,592,1,184.37,184.37
2065,1004,411,1,86.96,86.96
2066,1004,410,1,106.4,106.4
2067,1004,413,1,85.59,85.59
2068,1005,38,2,212.74,425.48
2069,1005,40,1,216.36,216.36
2070,1005,39,2,296.39,592.78
2071,1006,416,1,46.45,46.45
2072,1006,415,3,109.88,329.64
2073,1007,241,1,129.43,129.43
2074,1007,239,3,68.07,204.21
2075,1008,211,1,280.44,280.44
2076,1009,644,1,152.27,152.27
2077,1009,643,3,176.66,529.98
2078,1010,642,1,181.8,181.8
2079,1011,363,1,60.73,60.73
2080,1011,365,1,141.15,141.15
2081,1011,364,1,63.3,63.3
2082,1012,655,1,87.64,87.64
2083,1012,656,1,199.09,199.09
2084,1013,384,1,265.69,265.69
2085,1013,386,1,216.8,216.8
2086,1013,385,1,109.34,109.34
2087,1014,882,2,60.01,120.02
2088,1015,74,1,166.68,166.68
2089,1015,78,2,191.86,383.72
2090,1016,541,2,171.0,342.0
2091,1016,539,1,291.38,291.38
2092,1016,540,1,195.02,195.02
2093,1017,197,1,170.54,170.54
2094,1017,200,2,300.13,600.26
2095,1018,338,1,226.73,226.73
2096,1018,340,1,201.26,201.26
2097,1019,846,1,339.82,339.82
2098,1019,847,1,247.63,247.63
2099,1019,845,1,303.39,303.39
2100,1020,561,2,126.11,252.22
2101,1020,562,1,45.02,45.02
2102,1020,563,1,67.16,67.16
2103,1021,56,1,71.87,71.87
2104,1022,489,1,270.74,270.74
2105,1022,488,1,187.64,187.64
2106,1022,487,2,207.13,414.26
2107,1023,510,1,263.86,263.86
2108,1024,523,1,212.93,212.93
2109,1025,114,1,290.96,290.96
2110,1025,115,1,209.52,209.52
2111,1025,113,1,358.19,358.19
2112,1025,116,1,107.07,107.07
2113,1026,578,1,204.17,204.17
2114,1026,579,1,131.18,131.18
2115,1027,412,1,130.07,130.07
2116,1027,411,1,86.96,86.96
2117,1027,410,1,106.4,106.4
2118,1028,895,1,198.26,198.26
2119,1028,894,1,364.88,364.88
2120,1028,893,2,230.49,460.98
2121,1029,372,2,189.24,378.48
2122,1029,374,1,219.91,219.91
2123,1030,908,1,178.43,178.43
2124,1030,910,1,164.86,164.86
2125,1030,909,1,263.28,263.28
2126,1031,221,2,236.95,473.9
2127,1032,406,2,184.85,369.7
2128,1032,409,1,245.84,245.84
2129,1033,389,1,115.29,115.29
2130,1033,390,1,32.94,32.94
2131,1033,392,1,69.99,69.99
2132,1034,92,1,153.31,153.31
2133,1034,94,1,220.66,220.66
2134,1035,390,1,32.94,32.94
2135,1036,147,2,79.12,158.24
2136,1036,143,1,260.26,260.26
2137,1037,17,1,156.37,156.37
2138,1037,19,3,226.81,680.43
2139,1038,61,1,235.67,235.67
2140,1038,60,1,146.6,146.6
2141,1039,557,1,337.17,337.17
2142,1040,667,1,96.69,96.69
2143,1040,669,1,55.29,55.29
2144,1041,578,2,204.17,408.34
2145,1041,579,3,131.18,393.54
2146,1041,577,1,158.0,158.0
2147,1042,288,1,135.19,135.19
2148,1042,291,2,165.84,331.68
2149,1042,290,2,135.83,271.66
2150,1043,126,2,62.89,125.78
2151,1043,128,1,43.37,43.37
2152,1044,207,1,85.74,85.74
2153,1044,208,1,41.46,41.46
2154,1045,592,2,184.37,368.74
2155,1045,591,1,272.73,272.73
2156,1045,590,2,106.61,213.22
2157,1045,593,1,156.78,156.78
2158,1046,524,1,187.28,187.28
2159,1046,522,1,212.36,212.36
2160,1047,146,2,75.58,151.16
2161,1047,144,1,377.17,377.17
2162,1047,143,1,260.26,260.26
2163,1048,833,1,298.32,298.32
2164,1049,12,1,155.01,155.01
2165,1049,8,1,134.56,134.56
2166,1050,18,1,107.13,107.13
2167,1050,20,1,137.92,137.92
2168,1050,17,1,156.37,156.37
2169,1051,213,3,59.87,179.61
2170,1052,116,1,107.07,107.07
2171,1053,739,1,128.77,128.77
2172,1053,740,2,164.2,328.4
2173,1053,738,2,107.18,214.36
2174,1054,795,1,165.02,165.02
2175,1054,792,1,211.9,211.9
2176,1055,321,1,276.16,276.16
2177,1056,848,1,171.11,171.11
2178,1056,850,1,349.22,349.22
2179,1057,585,1,108.95,108.95
2180,1057,580,1,185.94,185.94
2181,1058,404,3,97.37,292.11
2182,1058,405,1,398.51,398.51
2183,1059,352,3,249.87,749.61
2184,1059,351,1,147.39,147.39
2185,1059,350,1,92.36,92.36
2186,1060,93,1,170.77,170.77
2187,1060,94,1,220.66,220.66
2188,1060,92,1,153.31,153.31
2189,1061,572,3,218.69,656.07
2190,1061,571,1,235.2,235.2
2191,1062,665,1,151.0,151.0
2192,1063,618,1,71.97,71.97
2193,1063,614,2,74.03,148.06
2194,1064,570,1,310.29,310.29
2195,1064,572,2,218.69,437.38
2196,1065,343,2,126.85,253.7
2197,1065,345,2,154.26,308.52
2198,1065,344,1,116.64,116.64
2199,1066,326,1,96.24,96.24
2200,1066,325,1,109.58,109.58
2201,1066,324,2,60.21,120.42
2202,1067,681,1,61.45,61.45
2203,1067,682,1,111.39,111.39
2204,1068,647,1,95.79,95.79
2205,1068,643,2,176.66,353.32
2206,1068,645,1,224.43,224.43
2207,1068,646,1,394.73,394.73
2208,1069,385,1,109.34,109.34
2209,1069,386,2,216.8,433.6
2210,1069,383,2,155.38,310.76
2211,1070,199,1,178.77,178.77
2212,1070,197,1,170.54,170.54
2213,1071,53,1,261.15,261.15
2214,1071,51,1,196.02,196.02
2215,1072,139,1,132.01,132.01
2216,1072,137,1,196.34,196.34
2217,1072,138,1,210.03,210.03
2218,1073,357,1,231.23,231.23
2219,1073,358,2,86.12,172.24
2220,1074,210,1,56.05,56.05
2221,1074,209,1,188.85,188.85
2222,1074,211,2,280.44,560.88
2223,1075,624,1,177.03,177.03
2224,1075,625,1,85.74,85.74
2225,1075,623,1,244.43,244.43
2226,1076,836,2,46.52,93.04
2227,1076,837,2,294.06,588.12
2228,1077,259,2,232.16,464.32
2229,1077,257,1,155.76,155.76
2230,1078,14,1,116.65,116.65
2231,1079,765,1,180.0,180.0
2232,1079,767,1,170.04,170.04
2233,1080,718,1,120.94,120.94
2234,1080,716,1,138.42,138.42
2235,1080,717,1,317.43,317.43
2236,1080,715,1,204.46,204.46
2237,1081,247,1,49.85,49.85
2238,1081,249,1,105.51,105.51
2239,1082,129,1,318.78,318.78
2240,1083,166,2,68.12,136.24
2241,1084,224,2,176.29,352.58
2242,1084,226,2,315.2,630.4
2243,1084,225,2,211.65,423.3
2244,1085,366,3,183.84,551.52
2245,1085,370,1,110.33,110.33
2246,1086,731,1,86.37,86.37
2247,1087,33,1,98.63,98.63
2248,1088,191,1,69.35,69.35
2249,1088,190,1,58.28,58.28
2250,1088,187,1,111.92,111.92
2251,1089,8,1,134.56,134.56
2252,1089,7,1,296.55,296.55
2253,1089,12,2,155.01,310.02
2254,1090,690,1,91.1,91.1
2255,1090,693,2,401.93,803.86
2256,1091,658,1,53.35,53.35
2257,1092,350,1,92.36,92.36
2258,1092,352,1,249.87,249.87
2259,1093,860,1,174.47,174.47
2260,1094,416,1,46.45,46.45
2261,1095,597,1,58.26,58.26
2262,1095,598,3,76.19,228.57
2263,1096,766,1,92.27,92.27
2264,1096,767,2,170.04,340.08
2265,1096,769,1,264.24,264.24
2266,1097,886,2,181.12,362.24
2267,1097,889,1,93.72,93.72
2268,1097,885,1,156.5,156.5
2269,1098,276,2,236.14,472.28
2270,1099,828,1,343.91,343.91
2271,1099,830,1,220.1,220.1
2272,1099,827,1,281.31,281.31
2273,1100,478,1,126.9,126.9
2274,1100,477,1,91.39,91.39
2275,1100,480,1,266.4,266.4
2276,1101,309,3,170.6,511.8
2277,1101,312,2,181.75,363.5
2278,1102,747,2,67.37,134.74
2279,1102,748,1,98.56,98.56
2280,1103,299,1,158.61,158.61
2281,1103,301,2,238.78,477.56
2282,1103,300,1,165.37,165.37
2283,1104,574,2,145.51,291.02
2284,1104,576,2,99.65,199.3
2285,1104,573,1,152.85,152.85
2286,1105,271,1,256.17,256.17
2287,1105,270,2,95.07,190.14
2288,1106,128,1,43.37,43.37
2289,1106,130,1,191.13,191.13
2290,1107,174,1,66.64,66.64
2291,1108,892,2,310.16,620.32
2292,1108,891,1,192.28,192.28
2293,1109,908,1,178.43,178.43
2294,1109,909,2,263.28,526.56
2295,1110,317,1,227.15,227.15
2296,1111,430,1,97.23,97.23
2297,1111,427,1,320.27,320.27
2298,1111,431,2,260.09,520.18
2299,1112,491,1,232.77,232.77
2300,1113,59,1,75.91,75.91
2301,1113,58,2,126.59,253.18
2302,1114,710,1,274.05,274.05
2303,1115,565,2,97.34,194.68
2304,1115,567,2,130.79,261.58
2305,1116,309,1,170.6,170.6
2306,1117,551,1,74.52,74.52
2307,1117,548,3,34.99,104.97
2308,1118,766,1,92.27,92.27
2309,1118,769,3,264.24,792.72
2310,1119,206,2,216.9,433.8
2311,1120,805,1,316.03,316.03
2312,1120,806,3,180.25,540.75
2313,1121,384,1,265.69,265.69
2314,1121,383,2,155.38,310.76
2315,1121,386,1,216.8,216.8
2316,1122,422,2,61.14,122.28
2317,1122,423,1,328.13,328.13
2318,1123,54,2,120.02,240.04
2319,1124,696,2,271.89,543.78
2320,1125,686,2,206.53,413.06
2321,1125,687,1,214.33,214.33
2322,1125,689,1,143.97,143.97
2323,1126,530,2,284.08,568.16
2324,1126,528,1,194.87,194.87
2325,1126,527,3,200.5,601.5
2326,1126,526,1,138.16,138.16
2327,1127,223,2,189.77,379.54
2328,1127,224,1,176.29,176.29
2329,1128,474,3,63.06,189.18
2330,1128,475,1,107.29,107.29
2331,1129,79,3,237.59,712.77
2332,1129,75,1,110.03,110.03
2333,1130,308,1,211.24,211.24
2334,1131,496,2,117.13,234.26
2335,1131,495,1,167.83,167.83
2336,1131,494,1,269.46,269.46
2337,1132,796,1,81.74,81.74
2338,1132,797,2,90.2,180.4
2339,1133,794,1,373.23,373.23
2340,1133,795,1,165.02,165.02
2341,1134,198,1,273.27,273.27
2342,1135,764,2,62.58,125.16
2343,1136,6,1,98.16,98.16
2344,1137,605,1,189.7,189.7
2345,1137,603,3,312.66,937.98
2346,1137,607,2,160.8,321.6
2347,1138,370,1,110.33,110.33
2348,1139,749,2,76.43,152.86
2349,1139,750,1,135.65,135.65
2350,1140,466,1,329.94,329.94
2351,1141,768,2,333.14,666.28
2352,1142,385,1,109.34,109.34
2353,1142,386,1,216.8,216.8
2354,1142,383,2,155.38,310.76
2355,1143,704,1,96.6,96.6
2356,1143,707,2,102.11,204.22
2357,1144,425,1,109.48,109.48
2358,1145,398,1,173.84,173.84
2359,1145,400,1,351.35,351.35
2360,1146,386,1,216.8,216.8
2361,1146,383,1,155.38,155.38
2362,1147,701,1,196.96,196.96
2363,1147,702,1,224.2,224.2
2364,1148,769,1,264.24,264.24
2365,1148,766,2,92.27,184.54
2366,1149,562,1,45.02,45.02
2367,1149,563,2,67.16,134.32
2368,1149,561,2,126.11,252.22
2369,1150,731,1,86.37,86.37
2370,1150,735,2,125.79,251.58
2371,1151,637,2,86.47,172.94
2372,1152,677,1,230.81,230.81
2373,1153,818,1,68.59,68.59
2374,1153,819,1,49.14,49.14
2375,1154,910,1,164.86,164.86
2376,1154,909,1,263.28,263.28
2377,1154,908,1,178.43,178.43
2378,1155,368,1,205.81,205.81
2379,1156,170,2,256.96,513.92
2380,1157,312,1,181.75,181.75
2381,1157,313,2,105.57,211.14
2382,1157,310,2,145.13,290.26
2383,1158,678,1,273.79,273.79
2384,1158,677,2,230.81,461.62
2385,1159,759,2,280.6,561.2
2386,1159,757,1,204.57,204.57
2387,1159,758,1,71.74,71.74
2388,1159,760,1,53.0,53.0
2389,1160,741,1,168.2,168.2
2390,1160,742,2,315.79,631.58
2391,1161,835,1,230.64,230.64
2392,1161,838,3,294.54,883.62
2393,1162,562,2,45.02,90.04
2394,1162,563,1,67.16,67.16
2395,1163,586,1,102.63,102.63
2396,1163,588,2,358.82,717.64
2397,1163,587,3,237.66,712.98
2398,1164,781,2,161.67,323.34
2399,1164,779,1,108.26,108.26
2400,1164,782,1,260.31,260.31
2401,1164,780,1,172.06,172.06
2402,1165,655,1,87.64,87.64
2403,1165,656,1,199.09,199.09
2404,1166,154,1,140.21,140.21
2405,1166,155,3,224.21,672.63
2406,1166,156,1,375.8,375.8
2407,1167,573,1,152.85,152.85
2408,1167,575,3,128.61,385.83
2409,1168,165,1,188.08,188.08
2410,1169,678,1,273.79,273.79
2411,1169,676,1,362.47,362.47
2412,1170,351,3,147.39,442.17
2413,1170,352,2,249.87,499.74
2414,1171,475,2,107.29,214.58
2415,1171,476,1,107.68,107.68
2416,1172,266,1,232.11,232.11
2417,1172,267,3,138.54,415.62
2418,1173,904,1,95.22,95.22
2419,1174,38,1,212.74,212.74
2420,1174,41,1,194.45,194.45
2421,1174,39,1,296.39,296.39
2422,1175,86,1,273.21,273.21
2423,1175,87,1,226.62,226.62
2424,1176,513,2,89.69,179.38
2425,1176,509,2,99.32,198.64
2426,1176,514,2,42.45,84.9
2427,1177,489,1,270.74,270.74
2428,1177,488,1,187.64,187.64
2429,1177,487,1,207.13,207.13
2430,1178,381,2,168.17,336.34
2431,1178,378,2,196.19,392.38
2432,1179,175,1,58.41,58.41
2433,1180,103,1,119.78,119.78
2434,1180,104,1,185.44,185.44
2435,1180,107,1,173.01,173.01
2436,1181,462,1,172.94,172.94
2437,1181,463,1,197.55,197.55
2438,1181,461,2,198.8,397.6
2439,1182,610,2,78.41,156.82
2440,1182,608,1,58.16,58.16
2441,1182,613,1,117.15,117.15
2442,1183,528,1,194.87,194.87
2443,1183,530,1,284.08,284.08
2444,1184,41,1,194.45,194.45
2445,1185,19,2,226.81,453.62
2446,1185,17,2,156.37,312.74
2447,1185,20,1,137.92,137.92
2448,1186,335,3,135.34,406.02
2449,1186,334,2,193.44,386.88
2450,1186,336,1,321.97,321.97
2451,1186,333,3,310.46,931.38
2452,1187,318,1,316.44,316.44
2453,1187,314,1,137.39,137.39
2454,1187,316,3,360.72,1082.16
2455,1188,794,1,373.23,373.23
2456,1188,791,1,260.78,260.78
2457,1189,621,1,154.33,154.33
2458,1189,620,2,170.43,340.86
2459,1190,356,3,69.56,208.68
2460,1190,353,1,56.31,56.31
2461,1190,354,2,123.31,246.62
2462,1191,824,1,175.76,175.76
2463,1192,900,1,113.05,113.05
2464,1193,131,2,118.07,236.14
2465,1193,133,1,58.65,58.65
2466,1194,528,1,194.87,194.87
2467,1194,525,1,186.93,186.93
2468,1194,527,2,200.5,401.0
2469,1194,526,2,138.16,276.32
2470,1195,308,1,211.24,211.24
2471,1195,312,1,181.75,181.75
2472,1196,837,1,294.06,294.06
2473,1196,838,1,294.54,294.54
2474,1197,59,2,75.91,151.82
2475,1197,54,1,120.02,120.02
2476,1198,420,3,52.12,156.36
2477,1198,418,1,55.83,55.83
2478,1198,419,2,83.65,167.3
2479,1198,421,3,135.34,406.02
2480,1199,910,2,164.86,329.72
2481,1199,908,1,178.43,178.43
2482,1200,308,1,211.24,211.24
2483,1201,186,1,54.5,54.5
2484,1201,184,1,67.67,67.67
2485,1201,185,1,99.42,99.42
2486,1202,672,1,168.7,168.7
2487,1203,859,2,321.47,642.94
2488,1204,712,2,89.24,178.48
2489,1204,714,1,54.27,54.27
2490,1204,713,1,68.16,68.16
2491,1205,622,3,214.66,643.98
2492,1205,620,1,170.43,170.43
2493,1206,25,1,68.47,68.47
2494,1206,26,1,265.72,265.72
2495,1206,24,2,109.15,218.3
2496,1206,23,2,245.72,491.44
2497,1207,257,1,155.76,155.76
2498,1207,258,1,204.63,204.63
2499,1208,589,3,99.63,298.89
2500,1208,588,2,358.82,717.64
2501,1209,911,2,35.43,70.86
2502,1210,723,1,212.91,212.91
2503,1211,236,2,93.3,186.6
2504,1211,235,1,49.74,49.74
2505,1211,234,2,270.62,541.24
2506,1212,265,1,259.7,259.7
2507,1212,267,1,138.54,138.54
2508,1213,757,1,204.57,204.57
2509,1213,758,3,71.74,215.22
2510,1214,539,1,291.38,291.38
2511,1214,540,1,195.02,195.02
2512,1214,541,1,171.0,171.0
2513,1215,854,2,165.14,330.28
2514,1215,853,1,163.27,163.27
2515,1216,473,1,41.78,41.78
2516,1217,847,1,247.63,247.63
2517,1217,846,2,339.82,679.64
2518,1218,485,1,325.28,325.28
2519,1218,484,1,49.34,49.34
2520,1219,785,3,174.71,524.13
2521,1219,784,1,384.16,384.16
2522,1220,622,2,214.66,429.32
2523,1220,620,1,170.43,170.43
2524,1220,621,1,154.33,154.33
2525,1221,880,1,120.99,120.99
2526,1221,882,2,60.01,120.02
2527,1222,512,1,286.08,286.08
2528,1222,514,1,42.45,42.45
2529,1223,345,2,154.26,308.52
2530,1223,344,1,116.64,116.64
2531,1224,111,2,115.48,230.96
2532,1224,109,2,188.55,377.1
2533,1225,910,3,164.86,494.58
2534,1225,909,3,263.28,789.84
2535,1226,374,1,219.91,219.91
2536,1227,253,1,189.92,189.92
2537,1227,256,1,268.54,268.54
2538,1227,254,1,177.19,177.19
2539,1227,255,3,232.87,698.61
2540,1228,444,2,166.98,333.96
2541,1228,442,2,200.79,401.58
2542,1228,443,1,161.44,161.44
2543,1229,271,1,256.17,256.17
2544,1230,156,2,375.8,751.6
2545,1231,67,1,128.63,128.63
2546,1231,66,1,37.94,37.94
2547,1232,91,2,168.16,336.32
2548,1232,86,1,273.21,273.21
2549,1232,87,1,226.62,226.62
2550,1233,876,2,146.15,292.3
2551,1233,875,1,341.41,341.41
2552,1233,878,2,327.54,655.08
2553,1234,87,1,226.62,226.62
2554,1234,90,2,88.08,176.16
2555,1234,86,1,273.21,273.21
2556,1235,272,1,403.57,403.57
2557,1236,494,1,269.46,269.46
2558,1236,495,2,167.83,335.66
2559,1236,496,1,117.13,117.13
2560,1237,764,1,62.58,62.58
2561,1237,762,2,40.83,81.66
2562,1237,761,1,52.47,52.47
2563,1238,129,1,318.78,318.78
2564,1238,130,1,191.13,191.13
2565,1238,127,2,317.07,634.14
2566,1239,126,1,62.89,62.89
2567,1239,127,1,317.07,317.07
2568,1240,908,1,178.43,178.43
2569,1240,909,1,263.28,263.28
2570,1240,910,2,164.86,329.72
2571,1241,216,2,63.54,127.08
2572,1241,218,3,70.08,210.24
2573,1242,571,1,235.2,235.2
2574,1243,72,1,165.11,165.11
2575,1244,751,1,336.7,336.7
2576,1244,753,2,330.03,660.06
2577,1245,770,1,332.82,332.82
2578,1246,826,1,364.49,364.49
2579,1246,827,1,281.31,281.31
2580,1246,829,3,171.53,514.59
2581,1247,597,1,58.26,58.26
2582,1247,594,1,104.28,104.28
2583,1247,595,2,44.88,89.76
2584,1248,272,1,403.57,403.57
2585,1249,243,3,126.9,380.7
2586,1250,121,1,68.06,68.06
2587,1250,123,1,67.15,67.15
2588,1251,743,1,347.36,347.36
2589,1252,849,1,211.18,211.18
2590,1252,850,1,349.22,349.22
2591,1252,848,1,171.11,171.11
2592,1253,202,1,52.03,52.03
2593,1253,201,1,271.07,271.07
2594,1254,897,1,63.93,63.93
2595,1254,898,1,73.29,73.29
2596,1255,144,1,377.17,377.17
2597,1256,635,2,44.6,89.2
2598,1256,634,1,33.76,33.76
2599,1257,709,1,218.31,218.31
2600,1257,714,1,54.27,54.27
2601,1258,135,3,206.86,620.58
2602,1258,131,1,118.07,118.07
2603,1259,571,1,235.2,235.2
2604,1260,52,2,232.43,464.86
2605,1261,790,3,54.04,162.12
2606,1261,789,3,304.32,912.96
2607,1262,279,1,108.16,108.16
2608,1263,364,1,63.3,63.3
2609,1263,363,2,60.73,121.46
2610,1264,748,1,98.56,98.56
2611,1264,747,1,67.37,67.37
2612,1265,546,3,245.36,736.08
2613,1266,636,1,60.75,60.75
2614,1266,635,3,44.6,133.8
2615,1266,634,1,33.76,33.76
2616,1267,524,3,187.28,561.84
2617,1267,522,2,212.36,424.72
2618,1268,338,2,226.73,453.46
2619,1269,428,2,184.06,368.12
2620,1269,427,2,320.27,640.54
2621,1269,431,1,260.09,260.09
2622,1270,790,1,54.04,54.04
2623,1271,834,1,181.47,181.47
2624,1271,831,1,186.31,186.31
2625,1272,21,1,130.12,130.12
2626,1273,867,1,154.73,154.73
2627,1273,868,1,204.17,204.17
2628,1274,272,2,403.57,807.14
2629,1274,273,1,205.02,205.02
2630,1274,270,1,95.07,95.07
2631,1275,246,2,253.18,506.36
2632,1275,243,1,126.9,126.9
2633,1275,245,1,129.97,129.97
2634,1276,457,1,281.05,281.05
2635,1276,456,2,249.62,499.24
2636,1276,454,1,107.6,107.6
2637,1277,43,1,110.66,110.66
2638,1277,44,1,240.69,240.69
2639,1277,42,2,59.16,118.32
2640,1277,45,2,233.46,466.92
2641,1278,767,1,170.04,170.04
2642,1278,769,1,264.24,264.24
2643,1278,765,1,180.0,180.0
2644,1279,901,1,35.34,35.34
2645,1279,899,1,31.93,31.93
2646,1279,897,2,63.93,127.86
2647,1280,8,1,134.56,134.56
2648,1280,10,1,199.96,199.96
2649,1280,11,1,309.63,309.63
2650,1281,25,3,68.47,205.41
2651,1282,272,1,403.57,403.57
2652,1282,271,1,256.17,256.17
2653,1282,273,1,205.02,205.02
2654,1283,225,1,211.65,211.65
2655,1284,375,1,130.14,130.14
2656,1284,371,2,225.13,450.26
2657,1285,738,3,107.18,321.54
2658,1285,737,2,223.47,446.94
2659,1285,739,1,128.77,128.77
2660,1286,775,1,290.38,290.38
2661,1287,36,1,47.3,47.3
2662,1287,35,1,103.52,103.52
2663,1287,37,1,214.37,214.37
2664,1288,817,1,191.49,191.49
2665,1288,815,1,189.92,189.92
2666,1289,815,1,189.92,189.92
2667,1290,342,1,103.45,103.45
2668,1290,338,1,226.73,226.73
2669,1290,337,2,141.59,283.18
2670,1291,767,1,170.04,170.04
2671,1292,369,1,248.16,248.16
2672,1292,367,1,179.66,179.66
2673,1292,366,1,183.84,183.84
2674,1293,311,1,306.46,306.46
2675,1293,310,1,145.13,145.13
2676,1294,141,2,121.06,242.12
2677,1295,386,1,216.8,216.8
2678,1296,814,1,276.74,276.74
2679,1296,816,3,259.46,778.38
2680,1297,565,1,97.34,97.34
2681,1297,564,3,136.67,410.01
2682,1297,566,1,153.55,153.55
2683,1298,881,3,77.18,231.54
2684,1298,883,2,115.01,230.02
2685,1298,882,1,60.01,60.01
2686,1299,679,1,93.55,93.55
2687,1299,680,3,47.29,141.87
2688,1300,305,2,65.28,130.56
2689,1300,302,1,34.42,34.42
2690,1301,724,2,239.45,478.9
2691,1301,721,1,219.08,219.08
2692,1301,719,3,186.89,560.67
2693,1302,315,1,57.91,57.91
2694,1302,316,3,360.72,1082.16
2695,1303,385,1,109.34,109.34
2696,1303,384,1,265.69,265.69
2697,1304,669,3,55.29,165.87
2698,1304,666,1,98.37,98.37
2699,1305,269,2,181.62,363.24
2700,1306,344,1,116.64,116.64
2701,1306,343,1,126.85,126.85
2702,1306,345,1,154.26,154.26
2703,1307,415,2,109.88,219.76
2704,1307,417,1,61.18,61.18
2705,1308,233,1,93.56,93.56
2706,1308,235,2,49.74,99.48
2707,1309,63,1,155.08,155.08
2708,1309,60,2,146.6,293.2
2709,1309,62,1,105.14,105.14
2710,1310,366,1,183.84,183.84
2711,1310,368,1,205.81,205.81
2712,1310,369,2,248.16,496.32
2713,1311,433,3,164.14,492.42
2714,1311,438,2,94.19,188.38
2715,1311,435,1,188.13,188.13
2716,1311,434,1,148.14,148.14
2717,1312,885,3,156.5,469.5
2718,1312,886,1,181.12,181.12
2719,1313,876,2,146.15,292.3
2720,1313,875,1,341.41,341.41
2721,1313,879,1,202.67,202.67
2722,1314,217,2,60.98,121.96
2723,1315,280,1,188.04,188.04
2724,1316,414,3,114.05,342.15
2725,1316,415,3,109.88,329.64
2726,1317,379,1,248.51,248.51
2727,1318,49,2,114.57,229.14
2728,1319,639,3,217.34,652.02
2729,1320,488,3,187.64,562.92
2730,1321,688,1,230.37,230.37
2731,1321,687,1,214.33,214.33
2732,1321,686,2,206.53,413.06
2733,1322,871,1,91.78,91.78
2734,1322,873,2,266.32,532.64
2735,1323,796,2,81.74,163.48
2736,1323,800,1,56.19,56.19
2737,1324,405,1,398.51,398.51
2738,1325,155,1,224.21,224.21
2739,1325,154,1,140.21,140.21
2740,1325,156,2,375.8,751.6
2741,1326,219,1,196.17,196.17
2742,1327,579,1,131.18,131.18
2743,1327,578,2,204.17,408.34
2744,1327,577,2,158.0,316.0
2745,1328,396,1,184.95,184.95
2746,1328,394,1,273.63,273.63
2747,1328,395,1,186.81,186.81
2748,1328,393,1,189.05,189.05
2749,1329,349,2,44.05,88.1
2750,1329,346,2,116.12,232.24
2751,1330,631,1,139.57,139.57
2752,1331,297,2,211.98,423.96
2753,1331,296,1,148.22,148.22
2754,1331,295,1,131.67,131.67
2755,1331,294,2,166.44,332.88
2756,1332,463,1,197.55,197.55
2757,1333,495,3,167.83,503.49
2758,1333,496,1,117.13,117.13
2759,1334,818,3,68.59,205.77
2760,1335,448,1,113.63,113.63
2761,1336,397,1,204.16,204.16
2762,1336,393,1,189.05,189.05
2763,1337,661,1,61.54,61.54
2764,1337,660,2,103.28,206.56
2765,1338,132,1,72.12,72.12
2766,1339,514,2,42.45,84.9
2767,1339,513,2,89.69,179.38
2768,1339,511,1,396.11,396.11
2769,1340,129,2,318.78,637.56
2770,1340,128,1,43.37,43.37
2771,1340,127,1,317.07,317.07
2772,1341,641,1,273.99,273.99
2773,1341,639,1,217.34,217.34
2774,1341,638,2,182.04,364.08
2775,1342,657,2,199.03,398.06
2776,1342,656,3,199.09,597.27
2777,1343,775,1,290.38,290.38
2778,1343,776,1,159.23,159.23
2779,1344,709,1,218.31,218.31
2780,1344,710,1,274.05,274.05
2781,1344,713,1,68.16,68.16
2782,1345,46,1,300.84,300.84
2783,1346,869,2,136.34,272.68
2784,1347,290,2,135.83,271.66
2785,1348,114,2,290.96,581.92
2786,1348,113,3,358.19,1074.57
2787,1349,179,1,54.23,54.23
2788,1349,178,1,102.39,102.39
2789,1350,423,1,328.13,328.13
2790,1350,426,1,61.58,61.58
2791,1351,72,1,165.11,165.11
2792,1352,468,1,46.38,46.38
2793,1352,471,1,57.92,57.92
2794,1353,687,1,214.33,214.33
2795,1353,688,1,230.37,230.37
2796,1354,753,1,330.03,330.03
2797,1354,755,1,162.53,162.53
2798,1354,754,2,140.32,280.64
2799,1355,572,3,218.69,656.07
2800,1355,570,2,310.29,620.58
2801,1356,599,1,287.03,287.03
2802,1356,600,2,166.52,333.04
2803,1357,377,3,308.4,925.2
2804,1358,416,3,46.45,139.35
2805,1359,185,1,99.42,99.42
2806,1359,186,2,54.5,109.0
2807,1359,184,1,67.67,67.67
2808,1360,794,1,373.23,373.23
2809,1360,795,1,165.02,165.02
2810,1361,167,1,54.36,54.36
2811,1361,162,1,126.83,126.83
2812,1361,166,1,68.12,68.12
2813,1362,86,1,273.21,273.21
2814,1363,312,3,181.75,545.25
2815,1363,311,2,306.46,612.92
2816,1363,308,1,211.24,211.24
2817,1364,850,3,349.22,1047.66
2818,1365,902,1,109.42,109.42
2819,1365,903,3,65.19,195.57
2820,1366,849,2,211.18,422.36
2821,1366,848,1,171.11,171.11
2822,1366,850,1,349.22,349.22
2823,1367,895,1,198.26,198.26
2824,1367,896,3,98.16,294.48
2825,1368,813,3,43.28,129.84
2826,1368,809,1,74.96,74.96
2827,1368,810,1,55.11,55.11
2828,1369,144,1,377.17,377.17
2829,1369,147,1,79.12,79.12
2830,1370,817,1,191.49,191.49
2831,1371,272,1,403.57,403.57
2832,1371,270,2,95.07,190.14
2833,1372,331,1,35.68,35.68
2834,1372,327,1,87.29,87.29
2835,1372,329,1,74.89,74.89
2836,1373,429,1,180.39,180.39
2837,1374,666,2,98.37,196.74
2838,1374,670,1,221.28,221.28
2839,1375,280,1,188.04,188.04
2840,1376,79,1,237.59,237.59
2841,1376,78,1,191.86,191.86
2842,1376,76,1,157.33,157.33
2843,1377,301,1,238.78,238.78
2844,1378,313,1,105.57,105.57
2845,1378,312,1,181.75,181.75
2846,1379,500,1,140.7,140.7
2847,1379,501,1,144.71,144.71
2848,1380,810,1,55.11,55.11
2849,1381,400,2,351.35,702.7
2850,1382,311,1,306.46,306.46
2851,1382,308,1,211.24,211.24
2852,1383,159,2,133.67,267.34
2853,1383,161,1,80.29,80.29
2854,1383,157,2,47.16,94.32
2855,1384,801,1,86.0,86.0
2856,1385,480,1,266.4,266.4
2857,1386,221,2,236.95,473.9
2858,1386,220,1,248.16,248.16
2859,1386,219,1,196.17,196.17
2860,1387,14,2,116.65,233.3
2861,1388,220,1,248.16,248.16
2862,1389,910,1,164.86,164.86
2863,1390,205,2,284.38,568.76
2864,1390,208,2,41.46,82.92
2865,1391,173,1,84.42,84.42
2866,1391,172,1,130.06,130.06
2867,1392,48,2,101.54,203.08
2868,1392,49,2,114.57,229.14
2869,1393,372,1,189.24,189.24
2870,1394,144,1,377.17,377.17
2871,1394,143,1,260.26,260.26
2872,1394,145,1,47.6,47.6
2873,1394,147,1,79.12,79.12
2874,1395,782,1,260.31,260.31
2875,1395,781,1,161.67,161.67
2876,1395,779,1,108.26,108.26
2877,1396,646,2,394.73,789.46
2878,1397,634,1,33.76,33.76
2879,1398,909,1,263.28,263.28
2880,1398,910,1,164.86,164.86
2881,1399,747,1,67.37,67.37
2882,1399,749,2,76.43,152.86
2883,1399,750,1,135.65,135.65
2884,1400,653,1,161.33,161.33
2885,1400,651,1,150.24,150.24
2886,1401,404,1,97.37,97.37
2887,1401,402,3,83.91,251.73
2888,1401,403,1,217.91,217.91
2889,1402,540,2,195.02,390.04
2890,1402,539,1,291.38,291.38
2891,1402,541,1,171.0,171.0
2892,1403,611,1,56.78,56.78
2893,1403,609,1,108.01,108.01
2894,1404,893,1,230.49,230.49
2895,1404,894,1,364.88,364.88
2896,1404,895,1,198.26,198.26
2897,1405,141,2,121.06,242.12
2898,1406,300,1,165.37,165.37
2899,1407,198,1,273.27,273.27
2900,1408,17,3,156.37,469.11
2901,1408,22,1,117.19,117.19
2902,1409,270,3,95.07,285.21
2903,1410,754,2,140.32,280.64
2904,1411,544,2,173.9,347.8
2905,1411,547,3,377.7,1133.1
2906,1412,825,1,168.79,168.79
2907,1412,823,3,235.27,705.81
2908,1412,821,1,97.99,97.99
2909,1412,822,1,235.68,235.68
2910,1412,824,1,175.76,175.76
2911,1413,345,3,154.26,462.78
2912,1413,343,1,126.85,126.85
2913,1414,875,1,341.41,341.41
2914,1415,483,1,269.0,269.0
2915,1415,484,1,49.34,49.34
2916,1416,459,3,224.56,673.68
2917,1416,458,2,73.31,146.62
2918,1416,460,1,50.7,50.7
2919,1417,353,2,56.31,112.62
2920,1417,354,2,123.31,246.62
2921,1418,758,1,71.74,71.74
2922,1418,760,3,53.0,159.0
2923,1419,866,2,340.16,680.32
2924,1419,869,1,136.34,136.34
2925,1419,868,2,204.17,408.34
2926,1419,870,1,278.04,278.04
2927,1419,867,3,154.73,464.19
2928,1420,603,1,312.66,312.66
2929,1420,604,1,111.75,111.75
2930,1421,854,1,165.14,165.14
2931,1421,853,2,163.27,326.54
2932,1422,277,1,149.98,149.98
2933,1423,241,1,129.43,129.43
2934,1424,751,1,336.7,336.7
2935,1424,752,1,217.3,217.3
2936,1425,837,2,294.06,588.12
2937,1425,839,2,97.01,194.02
2938,1426,703,1,90.15,90.15
2939,1426,702,2,224.2,448.4
2940,1426,701,1,196.96,196.96
2941,1427,365,1,141.15,141.15
2942,1427,363,1,60.73,60.73
2943,1427,364,1,63.3,63.3
2944,1428,756,1,86.53,86.53
2945,1428,752,2,217.3,434.6
2946,1428,751,1,336.7,336.7
2947,1429,595,2,44.88,89.76
2948,1429,596,2,80.69,161.38
2949,1429,597,2,58.26,116.52
2950,1430,182,1,99.56,99.56
2951,1430,180,3,316.01,948.03
2952,1431,667,1,96.69,96.69
2953,1431,670,2,221.28,442.56
2954,1431,666,1,98.37,98.37
2955,1432,389,2,115.29,230.58
2956,1433,584,1,231.94,231.94
2957,1434,272,2,403.57,807.14
2958,1434,270,1,95.07,95.07
2959,1434,271,1,256.17,256.17
2960,1434,273,1,205.02,205.02
2961,1435,352,1,249.87,249.87
2962,1436,624,3,177.03,531.09
2963,1436,625,2,85.74,171.48
2964,1437,456,1,249.62,249.62
2965,1438,270,1,95.07,95.07
2966,1439,22,1,117.19,117.19
2967,1439,20,1,137.92,137.92
2968,1440,846,1,339.82,339.82
2969,1440,847,1,247.63,247.63
2970,1441,156,1,375.8,375.8
2971,1441,155,2,224.21,448.42
2972,1442,593,2,156.78,313.56
2973,1442,592,2,184.37,368.74
2974,1443,684,3,62.02,186.06
2975,1443,683,1,78.01,78.01
2976,1444,911,2,35.43,70.86
2977,1444,915,1,45.26,45.26
2978,1444,914,1,123.48,123.48
2979,1445,713,1,68.16,68.16
2980,1445,711,1,314.05,314.05
2981,1446,703,1,90.15,90.15
2982,1446,702,2,224.2,448.4
2983,1446,701,2,196.96,393.92
2984,1447,78,1,191.86,191.86
2985,1448,745,1,79.47,79.47
2986,1448,744,2,337.01,674.02
2987,1449,440,1,216.38,216.38
2988,1449,443,2,161.44,322.88
2989,1449,442,2,200.79,401.58
2990,1450,50,2,163.27,326.54
2991,1451,412,2,130.07,260.14
2992,1451,411,2,86.96,173.92
2993,1451,413,2,85.59,171.18
2994,1452,489,1,270.74,270.74
2995,1452,488,1,187.64,187.64
2996,1453,230,2,42.15,84.3
2997,1453,232,1,72.5,72.5
2998,1454,744,3,337.01,1011.03
2999,1454,746,1,163.45,163.45
3000,1455,277,1,149.98,149.98
3001,1456,848,1,171.11,171.11
3002,1456,849,1,211.18,211.18
3003,1456,850,1,349.22,349.22
3004,1457,794,3,373.23,1119.69
3005,1457,793,1,344.67,344.67
3006,1458,203,3,190.86,572.58
3007,1458,201,2,271.07,542.14
3008,1459,342,2,103.45,206.9
3009,1459,338,1,226.73,226.73
3010,1460,787,1,74.13,74.13
3011,1460,789,3,304.32,912.96
3012,1460,790,1,54.04,54.04
3013,1461,249,2,105.51,211.02
3014,1462,856,1,395.69,395.69
3015,1462,855,1,213.85,213.85
3016,1463,411,2,86.96,173.92
3017,1463,412,3,130.07,390.21
3018,1463,413,1,85.59,85.59
3019,1464,148,1,180.17,180.17
3020,1464,152,1,148.72,148.72
3021,1465,663,1,217.11,217.11
3022,1465,665,1,151.0,151.0
3023,1465,664,1,140.73,140.73
3024,1466,149,3,180.91,542.73
3025,1466,148,1,180.17,180.17
3026,1467,686,1,206.53,206.53
3027,1467,689,2,143.97,287.94
3028,1467,688,1,230.37,230.37
3029,1468,63,1,155.08,155.08
3030,1469,655,1,87.64,87.64
3031,1469,657,1,199.03,199.03
3032,1469,656,1,199.09,199.09
3033,1470,296,2,148.22,296.44
3034,1471,648,1,79.5,79.5
3035,1472,514,2,42.45,84.9
3036,1472,513,1,89.69,89.69
3037,1472,510,1,263.86,263.86
3038,1472,512,1,286.08,286.08
3039,1473,511,2,396.11,792.22
3040,1474,260,2,312.34,624.68
3041,1474,264,2,102.41,204.82
3042,1475,774,1,100.58,100.58
3043,1475,770,3,332.82,998.46
3044,1475,771,1,167.44,167.44
3045,1476,621,2,154.33,308.66
3046,1476,622,1,214.66,214.66
3047,1476,620,2,170.43,340.86
3048,1477,804,1,299.88,299.88
3049,1477,806,1,180.25,180.25
3050,1477,807,1,291.56,291.56
3051,1478,801,1,86.0,86.0
3052,1479,635,2,44.6,89.2
3053,1479,634,2,33.76,67.52
3054,1479,632,1,65.55,65.55
3055,1480,701,2,196.96,393.92
3056,1480,702,1,224.2,224.2
3057,1480,703,1,90.15,90.15
3058,1481,875,2,341.41,682.82
3059,1481,878,1,327.54,327.54
3060,1482,723,2,212.91,425.82
3061,1482,722,3,181.03,543.09
3062,1483,578,1,204.17,204.17
3063,1483,579,1,131.18,131.18
3064,1484,128,2,43.37,86.74
3065,1484,126,3,62.89,188.67
3066,1485,135,2,206.86,413.72
3067,1485,136,3,337.75,1013.25
3068,1486,688,1,230.37,230.37
3069,1486,689,1,143.97,143.97
3070,1487,765,1,180.0,180.0
3071,1487,767,1,170.04,170.04
3072,1487,766,3,92.27,276.81
3073,1488,363,1,60.73,60.73
3074,1489,622,1,214.66,214.66
3075,1489,621,2,154.33,308.66
3076,1489,620,2,170.43,340.86
3077,1490,13,2,244.95,489.9
3078,1490,14,1,116.65,116.65
3079,1491,732,1,49.73,49.73
3080,1491,736,1,67.36,67.36
3081,1491,731,1,86.37,86.37
3082,1492,746,3,163.45,490.35
3083,1493,814,1,276.74,276.74
3084,1493,815,1,189.92,189.92
3085,1494,514,1,42.45,42.45
3086,1494,509,1,99.32,99.32
3087,1494,510,2,263.86,527.72
3088,1494,513,1,89.69,89.69
3089,1495,562,2,45.02,90.04
3090,1495,563,2,67.16,134.32
3091,1495,561,1,126.11,126.11
3092,1496,708,1,77.17,77.17
3093,1496,705,2,41.73,83.46
3094,1497,409,1,245.84,245.84
3095,1497,406,1,184.85,184.85
3096,1498,411,1,86.96,86.96
3097,1498,413,1,85.59,85.59
3098,1499,226,3,315.2,945.6
3099,1500,740,1,164.2,164.2
3100,1501,343,1,126.85,126.85
3101,1502,796,2,81.74,163.48
3102,1502,799,1,121.08,121.08
3103,1503,895,1,198.26,198.26
3104,1503,894,1,364.88,364.88
3105,1504,313,1,105.57,105.57
3106,1504,310,2,145.13,290.26
3107,1505,649,3,43.02,129.06
3108,1505,648,1,79.5,79.5
3109,1506,717,1,317.43,317.43
3110,1506,716,1,138.42,138.42
3111,1507,775,1,290.38,290.38
3112,1508,214,1,69.93,69.93
3113,1508,213,1,59.87,59.87
3114,1508,212,1,41.3,41.3
3115,1509,897,2,63.93,127.86
3116,1509,899,1,31.93,31.93
3117,1510,541,1,171.0,171.0
3118,1510,540,2,195.02,390.04
3119,1510,539,1,291.38,291.38
3120,1511,208,2,41.46,82.92
3121,1511,205,2,284.38,568.76
3122,1511,206,1,216.9,216.9
3123,1511,207,2,85.74,171.48
3124,1512,512,1,286.08,286.08
3125,1513,92,1,153.31,153.31
3126,1513,95,1,182.29,182.29
3127,1514,692,1,267.16,267.16
3128,1514,691,2,219.3,438.6
3129,1515,621,3,154.33,462.99
3130,1516,168,1,183.31,183.31
3131,1517,540,1,195.02,195.02
3132,1517,541,3,171.0,513.0
3133,1517,539,3,291.38,874.14
3134,1518,664,2,140.73,281.46
3135,1518,663,2,217.11,434.22
3136,1519,118,1,190.77,190.77
3137,1520,839,1,97.01,97.01
3138,1520,835,1,230.64,230.64
3139,1521,408,1,299.49,299.49
3140,1521,407,2,170.48,340.96
3141,1522,110,1,248.8,248.8
3142,1523,11,1,309.63,309.63
3143,1523,8,1,134.56,134.56
3144,1524,196,1,177.07,177.07
3145,1525,741,1,168.2,168.2
3146,1525,743,1,347.36,347.36
3147,1526,453,3,227.24,681.72
3148,1527,894,1,364.88,364.88
3149,1527,895,2,198.26,396.52
3150,1527,896,1,98.16,98.16
3151,1528,597,1,58.26,58.26
3152,1528,598,1,76.19,76.19
3153,1528,594,1,104.28,104.28
3154,1529,509,2,99.32,198.64
3155,1530,746,2,163.45,326.9
3156,1531,669,1,55.29,55.29
3157,1531,670,1,221.28,221.28
3158,1531,668,1,229.57,229.57
3159,1531,666,3,98.37,295.11
3160,1532,189,2,61.9,123.8
3161,1532,188,2,64.04,128.08
3162,1533,313,1,105.57,105.57
3163,1533,312,1,181.75,181.75
3164,1534,386,1,216.8,216.8
3165,1534,385,1,109.34,109.34
3166,1535,66,1,37.94,37.94
3167,1535,67,1,128.63,128.63
3168,1536,118,3,190.77,572.31
3169,1536,120,2,150.59,301.18
3170,1537,684,3,62.02,186.06
3171,1537,685,1,105.81,105.81
3172,1538,466,1,329.94,329.94
3173,1539,556,1,48.44,48.44
3174,1540,129,1,318.78,318.78
3175,1541,161,2,80.29,160.58
3176,1541,160,1,51.25,51.25
3177,1542,621,1,154.33,154.33
3178,1542,620,1,170.43,170.43
3179,1543,914,2,123.48,246.96
3180,1543,911,1,35.43,35.43
3181,1544,237,1,244.18,244.18
3182,1544,233,1,93.56,93.56
3183,1545,553,2,95.28,190.56
3184,1546,100,2,224.84,449.68
3185,1547,789,3,304.32,912.96
3186,1548,729,2,144.59,289.18
3187,1548,725,2,187.51,375.02
3188,1549,744,1,337.01,337.01
3189,1550,789,1,304.32,304.32
3190,1550,790,3,54.04,162.12
3191,1550,788,1,235.44,235.44
3192,1551,339,1,244.24,244.24
3193,1552,224,3,176.29,528.87
3194,1553,652,1,247.12,247.12
3195,1553,651,1,150.24,150.24
3196,1554,633,1,126.51,126.51
3197,1554,635,2,44.6,89.2
3198,1554,634,1,33.76,33.76
3199,1555,436,1,210.06,210.06
3200,1555,434,2,148.14,296.28
3201,1555,433,1,164.14,164.14
3202,1556,876,1,146.15,146.15
3203,1557,755,1,162.53,162.53
3204,1557,751,1,336.7,336.7
3205,1558,236,2,93.3,186.6
3206,1559,908,1,178.43,178.43
3207,1560,565,2,97.34,194.68
3208,1560,568,2,251.47,502.94
3209,1560,564,2,136.67,273.34
3210,1561,309,3,170.6,511.8
3211,1562,175,1,58.41,58.41
3212,1563,114,1,290.96,290.96
3213,1563,113,3,358.19,1074.57
3214,1564,753,1,330.03,330.03
3215,1564,754,2,140.32,280.64
3216,1564,752,1,217.3,217.3
3217,1564,755,1,162.53,162.53
3218,1565,39,1,296.39,296.39
3219,1565,40,1,216.36,216.36
3220,1566,495,1,167.83,167.83
3221,1567,491,1,232.77,232.77
3222,1567,490,1,180.05,180.05
3223,1568,4,1,249.43,249.43
3224,1568,3,1,392.84,392.84
3225,1569,765,1,180.0,180.0
3226,1569,767,1,170.04,170.04
3227,1570,455,2,266.08,532.16
3228,1570,454,1,107.6,107.6
3229,1571,115,1,209.52,209.52
3230,1571,113,2,358.19,716.38
3231,1572,6,2,98.16,196.32
3232,1573,908,1,178.43,178.43
3233,1574,270,2,95.07,190.14
3234,1574,271,1,256.17,256.17
3235,1575,485,1,325.28,325.28
3236,1575,484,1,49.34,49.34
3237,1576,407,2,170.48,340.96
3238,1576,409,1,245.84,245.84
3239,1576,406,3,184.85,554.55
3240,1577,413,1,85.59,85.59
3241,1577,412,1,130.07,130.07
3242,1577,410,3,106.4,319.2
3243,1577,411,2,86.96,173.92
3244,1578,570,1,310.29,310.29
3245,1578,572,1,218.69,218.69
3246,1579,251,1,61.6,61.6
3247,1579,248,1,73.43,73.43
3248,1579,250,1,68.79,68.79
3249,1579,249,1,105.51,105.51
3250,1580,622,1,214.66,214.66
3251,1580,621,2,154.33,308.66
3252,1580,620,1,170.43,170.43
3253,1581,490,1,180.05,180.05
3254,1582,247,1,49.85,49.85
3255,1582,251,1,61.6,61.6
3256,1583,259,1,232.16,232.16
3257,1583,257,1,155.76,155.76
3258,1584,201,1,271.07,271.07
3259,1584,204,1,77.57,77.57
3260,1585,676,1,362.47,362.47
3261,1586,663,2,217.11,434.22
3262,1586,665,1,151.0,151.0
3263,1587,660,1,103.28,103.28
3264,1587,658,3,53.35,160.05
3265,1588,715,1,204.46,204.46
3266,1589,779,2,108.26,216.52
3267,1590,488,1,187.64,187.64
3268,1590,487,1,207.13,207.13
3269,1591,702,1,224.2,224.2
3270,1592,385,3,109.34,328.02
3271,1592,384,1,265.69,265.69
3272,1593,129,1,318.78,318.78
3273,1593,128,1,43.37,43.37
3274,1594,514,1,42.45,42.45
3275,1595,21,1,130.12,130.12
3276,1595,22,2,117.19,234.38
3277,1596,275,1,185.4,185.4
3278,1596,277,2,149.98,299.96
3279,1597,531,2,250.29,500.58
3280,1598,687,1,214.33,214.33
3281,1598,688,1,230.37,230.37
3282,1598,689,3,143.97,431.91
3283,1599,370,1,110.33,110.33
3284,1599,368,1,205.81,205.81
3285,1599,366,2,183.84,367.68
3286,1599,369,1,248.16,248.16
3287,1600,838,1,294.54,294.54
3288,1600,836,2,46.52,93.04
3289,1601,188,3,64.04,192.12
3290,1601,190,2,58.28,116.56
3291,1602,538,1,181.71,181.71
3292,1603,662,1,139.57,139.57
3293,1603,658,1,53.35,53.35
3294,1603,660,1,103.28,103.28
3295,1604,432,1,160.15,160.15
3296,1604,430,1,97.23,97.23
3297,1604,431,1,260.09,260.09
3298,1605,93,1,170.77,170.77
3299,1605,95,1,182.29,182.29
3300,1605,94,1,220.66,220.66
3301,1606,630,1,63.47,63.47
3302,1606,629,2,98.28,196.56
3303,1606,631,1,139.57,139.57
3304,1607,127,2,317.07,634.14
3305,1607,130,1,191.13,191.13
3306,1607,126,1,62.89,62.89
3307,1608,867,2,154.73,309.46
3308,1609,224,1,176.29,176.29
3309,1609,225,2,211.65,423.3
3310,1609,226,1,315.2,315.2
3311,1610,684,1,62.02,62.02
3312,1610,683,1,78.01,78.01
3313,1611,251,3,61.6,184.8
3314,1612,597,1,58.26,58.26
3315,1612,598,1,76.19,76.19
3316,1613,905,1,59.7,59.7
3317,1613,907,1,45.17,45.17
3318,1614,512,1,286.08,286.08
3319,1615,144,1,377.17,377.17
3320,1615,147,1,79.12,79.12
3321,1616,543,1,88.75,88.75
3322,1617,840,1,98.19,98.19
3323,1618,530,1,284.08,284.08
3324,1618,527,2,200.5,401.0
3325,1618,528,1,194.87,194.87
3326,1619,394,1,273.63,273.63
3327,1619,396,1,184.95,184.95
3328,1619,393,1,189.05,189.05
3329,1620,19,1,226.81,226.81
3330,1620,21,1,130.12,130.12
3331,1620,20,2,137.92,275.84
3332,1620,18,1,107.13,107.13
3333,1621,27,2,51.5,103.0
3334,1622,295,3,131.67,395.01
3335,1622,294,1,166.44,166.44
3336,1622,297,2,211.98,423.96
3337,1622,296,3,148.22,444.66
3338,1623,295,2,131.67,263.34
3339,1624,179,1,54.23,54.23
3340,1625,530,1,284.08,284.08
3341,1625,528,1,194.87,194.87
3342,1626,272,1,403.57,403.57
3343,1626,270,1,95.07,95.07
3344,1627,406,1,184.85,184.85
3345,1627,409,2,245.84,491.68
3346,1627,407,1,170.48,170.48
3347,1628,631,1,139.57,139.57
3348,1628,629,1,98.28,98.28
3349,1628,630,1,63.47,63.47
3350,1629,746,3,163.45,490.35
3351,1630,760,1,53.0,53.0
3352,1630,759,1,280.6,280.6
3353,1630,758,1,71.74,71.74
3354,1630,757,1,204.57,204.57
3355,1631,395,1,186.81,186.81
3356,1632,328,2,107.11,214.22
3357,1632,327,2,87.29,174.58
3358,1632,329,2,74.89,149.78
3359,1633,19,1,226.81,226.81
3360,1633,20,1,137.92,137.92
3361,1634,880,1,120.99,120.99
3362,1634,882,1,60.01,60.01
3363,1634,883,1,115.01,115.01
3364,1635,713,1,68.16,68.16
3365,1635,711,1,314.05,314.05
3366,1635,710,1,274.05,274.05
3367,1636,632,1,65.55,65.55
3368,1637,488,1,187.64,187.64
3369,1638,211,2,280.44,560.88
3370,1638,209,2,188.85,377.7
3371,1638,210,2,56.05,112.1
3372,1639,168,2,183.31,366.62
3373,1640,102,2,220.12,440.24
3374,1641,759,1,280.6,280.6
3375,1641,760,1,53.0,53.0
3376,1642,532,2,145.13,290.26
3377,1642,533,1,135.37,135.37
3378,1643,144,2,377.17,754.34
3379,1643,147,1,79.12,79.12
3380,1644,411,2,86.96,173.92
3381,1645,383,1,155.38,155.38
3382,1645,385,2,109.34,218.68
3383,1645,384,1,265.69,265.69
3384,1645,386,1,216.8,216.8
3385,1646,613,2,117.15,234.3
3386,1647,34,1,338.78,338.78
3387,1648,903,1,65.19,65.19
3388,1648,906,1,124.75,124.75
3389,1648,907,1,45.17,45.17
3390,1648,902,2,109.42,218.84
3391,1649,196,2,177.07,354.14
3392,1650,149,1,180.91,180.91
3393,1651,399,1,101.6,101.6
3394,1651,398,1,173.84,173.84
3395,1652,52,1,232.43,232.43
3396,1652,50,2,163.27,326.54
3397,1653,684,1,62.02,62.02
3398,1654,796,2,81.74,163.48
3399,1655,457,1,281.05,281.05
3400,1655,456,2,249.62,499.24
3401,1656,681,2,61.45,122.9
3402,1656,685,1,105.81,105.81
3403,1656,682,2,111.39,222.78
3404,1656,683,1,78.01,78.01
3405,1657,83,1,163.05,163.05
3406,1658,848,1,171.11,171.11
3407,1658,849,1,211.18,211.18
3408,1659,534,1,167.74,167.74
3409,1659,533,1,135.37,135.37
3410,1659,531,1,250.29,250.29
3411,1659,532,1,145.13,145.13
3412,1660,757,2,204.57,409.14
3413,1660,759,3,280.6,841.8
3414,1661,160,1,51.25,51.25
3415,1661,161,2,80.29,160.58
3416,1661,158,1,76.29,76.29
3417,1662,185,1,99.42,99.42
3418,1662,186,2,54.5,109.0
3419,1663,50,1,163.27,163.27
3420,1664,139,2,132.01,264.02
3421,1665,234,1,270.62,270.62
3422,1666,93,1,170.77,170.77
3423,1667,396,2,184.95,369.9
3424,1667,393,3,189.05,567.15
3425,1668,906,1,124.75,124.75
3426,1668,905,1,59.7,59.7
3427,1668,904,1,95.22,95.22
3428,1669,122,1,122.5,122.5
3429,1670,628,1,163.08,163.08
3430,1670,627,3,96.1,288.3
3431,1671,126,1,62.89,62.89
3432,1671,127,2,317.07,634.14
3433,1672,770,1,332.82,332.82
3434,1672,773,1,196.81,196.81
3435,1673,399,1,101.6,101.6
3436,1673,401,2,207.04,414.08
3437,1673,400,2,351.35,702.7
3438,1674,649,1,43.02,43.02
3439,1674,648,1,79.5,79.5
3440,1674,650,1,66.55,66.55
3441,1675,599,2,287.03,574.06
3442,1676,62,1,105.14,105.14
3443,1677,210,1,56.05,56.05
3444,1678,516,3,143.14,429.42
3445,1678,518,1,228.74,228.74
3446,1678,515,1,186.71,186.71
3447,1679,401,1,207.04,207.04
3448,1679,400,2,351.35,702.7
3449,1679,398,1,173.84,173.84
3450,1679,399,1,101.6,101.6
3451,1680,73,1,237.02,237.02
3452,1680,69,2,174.47,348.94
3453,1681,609,1,108.01,108.01
3454,1681,612,1,83.64,83.64
3455,1681,611,1,56.78,56.78
3456,1682,173,2,84.42,168.84
3457,1682,172,1,130.06,130.06
3458,1682,174,1,66.64,66.64
3459,1683,140,1,141.31,141.31
3460,1683,141,1,121.06,121.06
3461,1684,86,1,273.21,273.21
3462,1685,404,1,97.37,97.37
3463,1685,405,1,398.51,398.51
3464,1686,856,2,395.69,791.38
3465,1687,564,2,136.67,273.34
3466,1687,566,1,153.55,153.55
3467,1688,409,1,245.84,245.84
3468,1688,408,1,299.49,299.49
3469,1689,205,3,284.38,853.14
3470,1690,867,1,154.73,154.73
3471,1690,870,2,278.04,556.08
3472,1690,866,1,340.16,340.16
3473,1691,742,3,315.79,947.37
3474,1692,821,1,97.99,97.99
3475,1692,825,1,168.79,168.79
3476,1692,824,1,175.76,175.76
3477,1693,623,2,244.43,488.86
3478,1694,858,1,155.28,155.28
3479,1694,859,1,321.47,321.47
3480,1694,857,1,167.57,167.57
3481,1695,280,1,188.04,188.04
3482,1695,281,1,255.07,255.07
3483,1696,306,1,143.78,143.78
3484,1697,828,1,343.91,343.91
3485,1698,66,1,37.94,37.94
3486,1698,67,2,128.63,257.26
3487,1698,68,1,116.41,116.41
3488,1699,108,1,188.74,188.74
3489,1699,109,3,188.55,565.65
3490,1700,852,1,247.36,247.36
3491,1700,854,3,165.14,495.42
3492,1700,853,1,163.27,163.27
3493,1700,851,1,189.87,189.87
3494,1701,896,2,98.16,196.32
3495,1701,894,1,364.88,364.88
3496,1701,893,1,230.49,230.49
3497,1702,782,2,260.31,520.62
3498,1702,779,1,108.26,108.26
3499,1703,892,1,310.16,310.16
3500,1703,891,1,192.28,192.28
3501,1704,555,2,141.18,282.36
3502,1705,216,1,63.54,63.54
3503,1705,215,1,96.38,96.38
3504,1705,218,1,70.08,70.08
3505,1706,488,1,187.64,187.64
3506,1706,489,1,270.74,270.74
3507,1707,225,1,211.65,211.65
3508,1708,124,2,55.5,111.0
3509,1708,125,2,83.41,166.82
3510,1709,114,1,290.96,290.96
3511,1709,116,1,107.07,107.07
3512,1709,113,2,358.19,716.38
3513,1710,362,2,157.55,315.1
3514,1711,224,2,176.29,352.58
3515,1711,225,1,211.65,211.65
3516,1712,413,1,85.59,85.59
3517,1712,410,2,106.4,212.8
3518,1713,671,1,209.8,209.8
3519,1713,675,3,163.27,489.81
3520,1713,672,1,168.7,168.7
3521,1714,836,2,46.52,93.04
3522,1714,837,2,294.06,588.12
3523,1714,839,1,97.01,97.01
3524,1715,358,1,86.12,86.12
3525,1715,361,3,224.4,673.2
3526,1715,357,1,231.23,231.23
3527,1715,360,1,352.28,352.28
3528,1716,109,1,188.55,188.55
3529,1717,803,2,120.22,240.44
3530,1718,860,1,174.47,174.47
3531,1718,864,1,212.39,212.39
3532,1719,623,1,244.43,244.43
3533,1720,621,1,154.33,154.33
3534,1720,622,1,214.66,214.66
3535,1721,634,1,33.76,33.76
3536,1721,637,1,86.47,86.47
3537,1721,635,1,44.6,44.6
3538,1722,396,2,184.95,369.9
3539,1722,395,2,186.81,373.62
3540,1722,393,1,189.05,189.05
3541,1723,424,1,225.14,225.14
3542,1724,815,1,189.92,189.92
3543,1724,816,1,259.46,259.46
3544,1724,817,1,191.49,191.49
3545,1724,814,1,276.74,276.74
3546,1725,783,1,269.88,269.88
3547,1725,786,2,207.94,415.88
3548,1726,69,1,174.47,174.47
3549,1727,424,1,225.14,225.14
3550,1727,423,1,328.13,328.13
3551,1727,422,2,61.14,122.28
3552,1728,325,1,109.58,109.58
3553,1728,324,1,60.21,60.21
3554,1729,288,1,135.19,135.19
3555,1729,293,2,202.09,404.18
3556,1729,291,2,165.84,331.68
3557,1730,841,1,82.37,82.37
3558,1730,843,1,322.46,322.46
3559,1730,844,1,240.49,240.49
3560,1731,34,1,338.78,338.78
3561,1731,37,2,214.37,428.74
3562,1731,36,3,47.3,141.9
3563,1732,769,1,264.24,264.24
3564,1732,768,2,333.14,666.28
3565,1732,767,1,170.04,170.04
3566,1733,260,1,312.34,312.34
3567,1733,261,1,253.21,253.21
3568,1734,410,1,106.4,106.4
3569,1734,413,2,85.59,171.18
3570,1734,411,1,86.96,86.96
3571,1735,259,1,232.16,232.16
3572,1735,257,1,155.76,155.76
3573,1736,184,1,67.67,67.67
3574,1736,185,2,99.42,198.84
3575,1737,663,3,217.11,651.33
3576,1738,512,1,286.08,286.08
3577,1738,509,2,99.32,198.64
3578,1738,514,1,42.45,42.45
3579,1739,66,1,37.94,37.94
3580,1739,68,1,116.41,116.41
3581,1739,67,1,128.63,128.63
3582,1740,847,1,247.63,247.63
3583,1741,680,1,47.29,47.29
3584,1742,743,1,347.36,347.36
3585,1743,399,2,101.6,203.2
3586,1744,464,2,90.71,181.42
3587,1744,463,1,197.55,197.55
3588,1745,162,1,126.83,126.83
3589,1745,167,1,54.36,54.36
3590,1745,163,1,325.54,325.54
3591,1746,443,1,161.44,161.44
3592,1746,444,1,166.98,166.98
3593,1746,441,1,268.1,268.1
3594,1747,802,1,50.3,50.3
3595,1747,803,1,120.22,120.22
3596,1747,801,1,86.0,86.0
3597,1748,165,3,188.08,564.24
3598,1748,166,2,68.12,136.24
3599,1748,167,1,54.36,54.36
3600,1749,228,2,115.05,230.1
3601,1750,301,1,238.78,238.78
3602,1751,185,1,99.42,99.42
3603,1752,629,2,98.28,196.56
3604,1752,630,1,63.47,63.47
3605,1752,631,1,139.57,139.57
3606,1753,763,1,26.12,26.12
3607,1753,764,1,62.58,62.58
3608,1753,762,1,40.83,40.83
3609,1754,422,1,61.14,61.14
3610,1755,282,3,207.19,621.57
3611,1755,281,1,255.07,255.07
3612,1756,474,1,63.06,63.06
3613,1757,802,1,50.3,50.3
3614,1757,801,1,86.0,86.0
3615,1757,803,1,120.22,120.22
3616,1758,597,2,58.26,116.52
3617,1758,594,1,104.28,104.28
3618,1759,86,1,273.21,273.21
3619,1759,88,2,153.47,306.94
3620,1760,185,2,99.42,198.84
3621,1760,184,1,67.67,67.67
3622,1760,186,2,54.5,109.0
3623,1761,167,2,54.36,108.72
3624,1761,164,1,250.1,250.1
3625,1761,165,1,188.08,188.08
3626,1762,16,2,166.18,332.36
3627,1763,496,1,117.13,117.13
3628,1763,495,1,167.83,167.83
3629,1764,345,2,154.26,308.52
3630,1764,343,2,126.85,253.7
3631,1764,344,1,116.64,116.64
3632,1765,910,2,164.86,329.72
3633,1765,908,1,178.43,178.43
3634,1766,895,2,198.26,396.52
3635,1767,395,2,186.81,373.62
3636,1768,475,1,107.29,107.29
3637,1769,184,1,67.67,67.67
3638,1769,185,1,99.42,99.42
3639,1769,186,1,54.5,54.5
3640,1770,567,2,130.79,261.58
3641,1771,702,1,224.2,224.2
3642,1771,701,1,196.96,196.96
3643,1772,47,2,144.62,289.24
3644,1772,49,1,114.57,114.57
3645,1773,402,3,83.91,251.73
3646,1773,404,1,97.37,97.37
3647,1774,908,1,178.43,178.43
3648,1774,910,1,164.86,164.86
3649,1775,318,2,316.44,632.88
3650,1775,316,2,360.72,721.44
3651,1776,420,1,52.12,52.12
3652,1776,418,1,55.83,55.83
3653,1777,561,3,126.11,378.33
3654,1777,563,1,67.16,67.16
3655,1777,562,1,45.02,45.02
3656,1778,504,2,230.12,460.24
3657,1779,357,1,231.23,231.23
3658,1779,362,1,157.55,157.55
3659,1780,85,3,192.36,577.08
3660,1780,82,1,80.93,80.93
3661,1780,84,1,375.41,375.41
3662,1781,21,1,130.12,130.12
3663,1782,281,1,255.07,255.07
3664,1783,91,1,168.16,168.16
3665,1784,127,1,317.07,317.07
3666,1784,129,1,318.78,318.78
3667,1785,676,1,362.47,362.47
3668,1786,701,1,196.96,196.96
3669,1786,702,1,224.2,224.2
3670,1786,703,2,90.15,180.3
3671,1787,454,2,107.6,215.2
3672,1787,456,1,249.62,249.62
3673,1787,455,1,266.08,266.08
3674,1788,803,1,120.22,120.22
3675,1788,801,2,86.0,172.0
3676,1789,622,1,214.66,214.66
3677,1789,620,1,170.43,170.43
3678,1790,386,3,216.8,650.4
3679,1791,620,1,170.43,170.43
3680,1791,622,1,214.66,214.66
3681,1792,159,1,133.67,133.67
3682,1792,158,2,76.29,152.58
3683,1793,625,1,85.74,85.74
3684,1793,623,1,244.43,244.43
3685,1793,624,1,177.03,177.03
3686,1794,881,2,77.18,154.36
3687,1794,880,1,120.99,120.99
3688,1794,884,2,73.48,146.96
3689,1795,587,1,237.66,237.66
3690,1796,843,3,322.46,967.38
3691,1797,620,1,170.43,170.43
3692,1797,622,1,214.66,214.66
3693,1797,621,3,154.33,462.99
3694,1798,794,1,373.23,373.23
3695,1798,793,1,344.67,344.67
3696,1799,4,2,249.43,498.86
3697,1799,3,1,392.84,392.84
3698,1799,1,1,228.66,228.66
3699,1799,5,1,55.38,55.38
3700,1799,6,1,98.16,98.16
3701,1800,223,1,189.77,189.77
3702,1801,635,1,44.6,44.6
3703,1801,632,2,65.55,131.1
3704,1801,633,1,126.51,126.51
3705,1802,89,1,390.22,390.22
3706,1802,91,1,168.16,168.16
3707,1802,88,1,153.47,153.47
3708,1803,242,1,164.56,164.56
3709,1803,246,2,253.18,506.36
3710,1804,792,1,211.9,211.9
3711,1804,795,1,165.02,165.02
3712,1804,793,1,344.67,344.67
3713,1805,806,2,180.25,360.5
3714,1806,895,1,198.26,198.26
3715,1807,198,2,273.27,546.54
3716,1808,142,1,147.56,147.56
3717,1808,141,1,121.06,121.06
3718,1809,70,2,108.83,217.66
3719,1809,71,1,234.56,234.56
3720,1810,485,1,325.28,325.28
3721,1811,589,2,99.63,199.26
3722,1811,588,1,358.82,358.82
3723,1812,390,3,32.94,98.82
3724,1812,388,1,68.71,68.71
3725,1813,52,2,232.43,464.86
3726,1814,367,2,179.66,359.32
3727,1815,889,1,93.72,93.72
3728,1816,814,2,276.74,553.48
3729,1816,815,1,189.92,189.92
3730,1817,394,1,273.63,273.63
3731,1817,393,1,189.05,189.05
3732,1818,455,1,266.08,266.08
3733,1818,456,1,249.62,249.62
3734,1819,315,1,57.91,57.91
3735,1819,318,1,316.44,316.44
3736,1819,314,3,137.39,412.17
3737,1820,91,2,168.16,336.32
3738,1820,89,1,390.22,390.22
3739,1821,70,1,108.83,108.83
3740,1821,73,3,237.02,711.06
3741,1821,71,1,234.56,234.56
3742,1822,790,3,54.04,162.12
3743,1822,787,2,74.13,148.26
3744,1822,788,1,235.44,235.44
3745,1822,789,1,304.32,304.32
3746,1823,561,1,126.11,126.11
3747,1824,308,1,211.24,211.24
3748,1824,309,2,170.6,341.2
3749,1824,311,1,306.46,306.46
3750,1825,663,3,217.11,651.33
3751,1825,665,1,151.0,151.0
3752,1825,664,1,140.73,140.73
3753,1826,361,1,224.4,224.4
3754,1827,578,2,204.17,408.34
3755,1828,434,1,148.14,148.14
3756,1828,438,1,94.19,94.19
3757,1828,436,1,210.06,210.06
3758,1829,633,1,126.51,126.51
3759,1829,635,1,44.6,44.6
3760,1829,634,1,33.76,33.76
3761,1830,767,2,170.04,340.08
3762,1830,768,1,333.14,333.14
3763,1831,734,2,31.37,62.74
3764,1831,735,1,125.79,125.79
3765,1832,700,2,84.6,169.2
3766,1833,842,2,230.27,460.54
3767,1834,663,1,217.11,217.11
3768,1834,664,1,140.73,140.73
3769,1835,317,3,227.15,681.45
3770,1835,314,3,137.39,412.17
3771,1836,419,1,83.65,83.65
3772,1836,420,1,52.12,52.12
3773,1836,418,1,55.83,55.83
3774,1837,914,1,123.48,123.48
3775,1838,675,2,163.27,326.54
3776,1838,673,2,136.23,272.46
3777,1839,686,2,206.53,413.06
3778,1839,689,1,143.97,143.97
3779,1840,687,1,214.33,214.33
3780,1840,688,2,230.37,460.74
3781,1840,689,1,143.97,143.97
3782,1841,525,2,186.93,373.86
3783,1841,529,1,153.59,153.59
3784,1841,530,3,284.08,852.24
3785,1842,360,1,352.28,352.28
3786,1842,361,1,224.4,224.4
3787,1843,730,2,225.87,451.74
3788,1843,725,2,187.51,375.02
3789,1844,700,3,84.6,253.8
3790,1845,577,1,158.0,158.0
3791,1846,571,1,235.2,235.2
3792,1847,281,1,255.07,255.07
3793,1848,39,1,296.39,296.39
3794,1849,914,1,123.48,123.48
3795,1850,16,2,166.18,332.36
3796,1851,703,1,90.15,90.15
3797,1852,789,2,304.32,608.64
3798,1852,787,1,74.13,74.13
3799,1852,788,1,235.44,235.44
3800,1853,619,1,126.63,126.63
3801,1853,618,1,71.97,71.97
3802,1854,559,1,261.72,261.72
3803,1854,557,2,337.17,674.34
3804,1855,337,3,141.59,424.77
3805,1855,339,1,244.24,244.24
3806,1855,342,2,103.45,206.9
3807,1856,208,2,41.46,82.92
3808,1856,207,1,85.74,85.74
3809,1857,270,1,95.07,95.07
3810,1857,271,1,256.17,256.17
3811,1858,35,3,103.52,310.56
3812,1859,746,1,163.45,163.45
3813,1859,745,1,79.47,79.47
3814,1859,744,1,337.01,337.01
3815,1860,33,1,98.63,98.63
3816,1860,34,1,338.78,338.78
3817,1861,460,3,50.7,152.1
3818,1862,91,1,168.16,168.16
3819,1863,31,2,345.22,690.44
3820,1863,28,3,243.84,731.52
3821,1863,30,2,90.63,181.26
3822,1863,29,1,107.67,107.67
3823,1864,401,2,207.04,414.08
3824,1865,339,1,244.24,244.24
3825,1866,794,1,373.23,373.23
3826,1867,296,2,148.22,296.44
3827,1867,297,2,211.98,423.96
3828,1867,295,1,131.67,131.67
3829,1868,12,3,155.01,465.03
3830,1868,11,2,309.63,619.26
3831,1868,10,1,199.96,199.96
3832,1868,7,2,296.55,593.1
3833,1869,489,1,270.74,270.74
3834,1869,488,2,187.64,375.28
3835,1870,136,1,337.75,337.75
3836,1870,132,1,72.12,72.12
3837,1871,139,1,132.01,132.01
3838,1872,816,2,259.46,518.92
3839,1873,185,3,99.42,298.26
3840,1873,186,1,54.5,54.5
3841,1874,837,1,294.06,294.06
3842,1875,473,2,41.78,83.56
3843,1876,170,2,256.96,513.92
3844,1876,168,1,183.31,183.31
3845,1876,169,2,364.75,729.5
3846,1876,171,1,142.09,142.09
3847,1877,317,1,227.15,227.15
3848,1877,318,3,316.44,949.32
3849,1878,96,1,135.43,135.43
3850,1878,94,2,220.66,441.32
3851,1879,744,1,337.01,337.01
3852,1879,745,1,79.47,79.47
3853,1879,746,1,163.45,163.45
3854,1880,785,1,174.71,174.71
3855,1880,786,1,207.94,207.94
3856,1880,784,1,384.16,384.16
3857,1881,673,1,136.23,136.23
3858,1882,68,2,116.41,232.82
3859,1882,67,2,128.63,257.26
3860,1883,344,3,116.64,349.92
3861,1883,345,3,154.26,462.78
3862,1884,634,1,33.76,33.76
3863,1884,636,1,60.75,60.75
3864,1884,633,3,126.51,379.53
3865,1885,74,2,166.68,333.36
3866,1885,77,2,268.12,536.24
3867,1886,476,1,107.68,107.68
3868,1887,703,2,90.15,180.3
3869,1887,702,1,224.2,224.2
3870,1887,701,1,196.96,196.96
3871,1888,360,2,352.28,704.56
3872,1888,357,2,231.23,462.46
3873,1888,362,1,157.55,157.55
3874,1889,56,1,71.87,71.87
3875,1889,55,1,70.87,70.87
3876,1889,59,2,75.91,151.82
3877,1890,820,1,144.43,144.43
3878,1890,818,1,68.59,68.59
3879,1891,213,1,59.87,59.87
3880,1891,214,1,69.93,69.93
3881,1892,51,3,196.02,588.06
3882,1892,52,2,232.43,464.86
3883,1893,96,2,135.43,270.86
3884,1893,93,1,170.77,170.77
3885,1893,92,1,153.31,153.31
3886,1894,837,1,294.06,294.06
3887,1894,835,1,230.64,230.64
3888,1895,99,1,328.98,328.98
3889,1896,540,3,195.02,585.06
3890,1897,546,2,245.36,490.72
3891,1897,542,2,196.8,393.6
3892,1898,269,1,181.62,181.62
3893,1899,836,1,46.52,46.52
3894,1900,108,2,188.74,377.48
3895,1900,109,2,188.55,377.1
3896,1901,86,2,273.21,546.42
3897,1902,478,3,126.9,380.7
3898,1902,477,1,91.39,91.39
3899,1903,97,1,54.32,54.32
3900,1903,102,2,220.12,440.24
3901,1903,99,1,328.98,328.98
3902,1903,100,2,224.84,449.68
3903,1904,366,1,183.84,183.84
3904,1904,369,1,248.16,248.16
3905,1905,320,1,197.48,197.48
3906,1905,323,2,332.98,665.96
3907,1905,322,2,100.39,200.78
3908,1906,279,2,108.16,216.32
3909,1907,361,3,224.4,673.2
3910,1908,13,1,244.95,244.95
3911,1908,14,3,116.65,349.95
3912,1909,386,1,216.8,216.8
3913,1909,383,2,155.38,310.76
3914,1910,562,3,45.02,135.06
3915,1911,732,1,49.73,49.73
3916,1911,736,3,67.36,202.08
3917,1912,16,1,166.18,166.18
3918,1912,13,1,244.95,244.95
3919,1913,345,1,154.26,154.26
3920,1913,343,1,126.85,126.85
3921,1914,277,1,149.98,149.98
3922,1914,275,3,185.4,556.2
3923,1915,836,1,46.52,46.52
3924,1915,837,1,294.06,294.06
3925,1916,574,1,145.51,145.51
3926,1917,596,2,80.69,161.38
3927,1917,595,1,44.88,44.88
3928,1918,789,1,304.32,304.32
3929,1918,790,1,54.04,54.04
3930,1919,708,1,77.17,77.17
3931,1920,344,3,116.64,349.92
3932,1921,790,2,54.04,108.08
3933,1922,620,1,170.43,170.43
3934,1922,621,1,154.33,154.33
3935,1923,715,1,204.46,204.46
3936,1923,717,1,317.43,317.43
3937,1923,718,1,120.94,120.94
3938,1924,45,1,233.46,233.46
3939,1925,480,2,266.4,532.8
3940,1925,479,1,143.06,143.06
3941,1926,886,1,181.12,181.12
3942,1926,889,2,93.72,187.44
3943,1927,515,1,186.71,186.71
3944,1928,125,2,83.41,166.82
3945,1928,121,1,68.06,68.06
3946,1929,470,1,30.5,30.5
3947,1929,468,2,46.38,92.76
3948,1929,471,1,57.92,57.92
3949,1930,87,2,226.62,453.24
3950,1931,164,1,250.1,250.1
3951,1931,166,2,68.12,136.24
3952,1931,167,1,54.36,54.36
3953,1932,510,1,263.86,263.86
3954,1932,509,2,99.32,198.64
3955,1933,821,1,97.99,97.99
3956,1933,823,1,235.27,235.27
3957,1933,824,1,175.76,175.76
3958,1934,694,1,181.71,181.71
3959,1935,815,2,189.92,379.84
3960,1936,842,1,230.27,230.27
3961,1936,844,1,240.49,240.49
3962,1936,843,2,322.46,644.92
3963,1937,309,2,170.6,341.2
3964,1937,308,1,211.24,211.24
3965,1938,291,1,165.84,165.84
3966,1939,288,2,135.19,270.38
3967,1939,289,1,97.17,97.17
3968,1940,221,2,236.95,473.9
3969,1940,222,1,277.91,277.91
3970,1941,551,1,74.52,74.52
3971,1941,550,1,118.88,118.88
3972,1942,423,1,328.13,328.13
3973,1943,380,1,315.99,315.99
3974,1943,378,1,196.19,196.19
3975,1943,377,2,308.4,616.8
3976,1944,184,1,67.67,67.67
3977,1945,334,1,193.44,193.44
3978,1945,332,1,63.15,63.15
3979,1946,842,1,230.27,230.27
3980,1947,713,1,68.16,68.16
3981,1947,711,1,314.05,314.05
3982,1947,714,2,54.27,108.54
3983,1948,366,1,183.84,183.84
3984,1949,843,2,322.46,644.92
3985,1949,844,1,240.49,240.49
3986,1950,621,2,154.33,308.66
3987,1951,117,2,157.68,315.36
3988,1951,120,1,150.59,150.59
3989,1951,118,2,190.77,381.54
3990,1952,192,1,351.86,351.86
3991,1952,194,1,91.51,91.51
3992,1953,173,1,84.42,84.42
3993,1953,172,1,130.06,130.06
3994,1954,234,2,270.62,541.24
3995,1954,237,1,244.18,244.18
3996,1954,233,1,93.56,93.56
3997,1955,731,2,86.37,172.74
3998,1956,376,2,144.5,289.0
3999,1956,371,1,225.13,225.13
4000,1956,374,1,219.91,219.91
4001,1957,267,2,138.54,277.08
4002,1958,272,2,403.57,807.14
4003,1958,271,1,256.17,256.17
4004,1959,692,1,267.16,267.16
4005,1959,691,3,219.3,657.9
4006,1960,566,2,153.55,307.1
4007,1960,564,2,136.67,273.34
4008,1961,639,1,217.34,217.34
4009,1961,638,1,182.04,182.04
4010,1961,641,1,273.99,273.99
4011,1962,431,1,260.09,260.09
4012,1962,430,1,97.23,97.23
4013,1962,428,1,184.06,184.06
4014,1963,908,2,178.43,356.86
4015,1963,909,1,263.28,263.28
4016,1963,910,1,164.86,164.86
4017,1964,573,1,152.85,152.85
4018,1964,576,3,99.65,298.95
4019,1964,574,2,145.51,291.02
4020,1965,119,1,237.15,237.15
4021,1965,117,1,157.68,157.68
4022,1966,416,1,46.45,46.45
4023,1967,723,1,212.91,212.91
4024,1967,722,3,181.03,543.09
4025,1968,599,1,287.03,287.03
4026,1968,600,2,166.52,333.04
4027,1968,602,1,222.26,222.26
4028,1969,797,2,90.2,180.4
4029,1969,800,1,56.19,56.19
4030,1969,799,1,121.08,121.08
4031,1970,122,1,122.5,122.5
4032,1970,125,1,83.41,83.41
4033,1971,177,1,79.8,79.8
4034,1971,175,1,58.41,58.41
4035,1972,509,1,99.32,99.32
4036,1972,510,1,263.86,263.86
4037,1973,887,2,227.71,455.42
4038,1974,477,3,91.39,274.17
4039,1975,436,1,210.06,210.06
4040,1975,437,1,399.05,399.05
4041,1975,435,1,188.13,188.13
4042,1976,121,1,68.06,68.06
4043,1976,122,1,122.5,122.5
4044,1977,753,1,330.03,330.03
4045,1977,756,3,86.53,259.59
4046,1978,401,2,207.04,414.08
4047,1979,860,1,174.47,174.47
4048,1980,781,2,161.67,323.34
4049,1980,779,1,108.26,108.26
4050,1980,782,1,260.31,260.31
4051,1980,780,2,172.06,344.12
4052,1981,510,2,263.86,527.72
4053,1981,509,1,99.32,99.32
4054,1981,513,1,89.69,89.69
4055,1982,792,2,211.9,423.8
4056,1982,793,2,344.67,689.34
4057,1983,96,1,135.43,135.43
4058,1983,95,2,182.29,364.58
4059,1983,94,3,220.66,661.98
4060,1984,802,2,50.3,100.6
4061,1984,803,1,120.22,120.22
4062,1985,186,1,54.5,54.5
4063,1985,184,1,67.67,67.67
4064,1986,904,2,95.22,190.44
4065,1986,906,1,124.75,124.75
4066,1986,905,1,59.7,59.7
4067,1987,457,1,281.05,281.05
4068,1987,455,1,266.08,266.08
4069,1987,454,2,107.6,215.2
4070,1988,224,2,176.29,352.58
4071,1989,263,1,218.69,218.69
4072,1989,264,3,102.41,307.23
4073,1990,593,2,156.78,313.56
4074,1991,370,2,110.33,220.66
4075,1992,487,1,207.13,207.13
4076,1992,488,1,187.64,187.64
4077,1992,489,1,270.74,270.74
4078,1993,526,3,138.16,414.48
4079,1993,530,1,284.08,284.08
4080,1994,195,3,55.4,166.2
4081,1994,194,2,91.51,183.02
4082,1995,11,1,309.63,309.63
4083,1995,12,1,155.01,155.01
4084,1996,277,1,149.98,149.98
4085,1996,276,1,236.14,236.14
4086,1996,274,1,233.46,233.46
4087,1997,849,2,211.18,422.36
4088,1997,850,2,349.22,698.44
4089,1997,848,1,171.11,171.11
4090,1998,147,1,79.12,79.12
4091,1999,544,1,173.9,173.9
4092,2000,771,2,167.44,334.88
4093,2000,773,1,196.81,196.81
4094,2000,774,2,100.58,201.16
4095,2001,256,1,268.54,268.54
4096,2001,255,1,232.87,232.87
4097,2001,254,2,177.19,354.38
4098,2002,908,1,178.43,178.43
4099,2003,470,1,30.5,30.5
4100,2003,469,1,101.71,101.71
4101,2004,439,1,121.62,121.62
4102,2004,440,1,216.38,216.38
4103,2004,444,1,166.98,166.98
4104,2005,655,1,87.64,87.64
4105,2005,656,2,199.09,398.18
4106,2006,323,1,332.98,332.98
4107,2006,322,1,100.39,100.39
4108,2007,454,2,107.6,215.2
4109,2007,457,1,281.05,281.05
4110,2008,533,3,135.37,406.11
4111,2008,532,1,145.13,145.13
4112,2009,645,1,224.43,224.43
4113,2009,647,1,95.79,95.79
4114,2010,192,1,351.86,351.86
4115,2010,193,1,208.03,208.03
4116,2011,811,1,69.46,69.46
4117,2012,50,2,163.27,326.54
4118,2012,52,2,232.43,464.86
4119,2013,704,1,96.6,96.6
4120,2013,708,1,77.17,77.17
4121,2014,214,1,69.93,69.93
4122,2015,199,1,178.77,178.77
4123,2016,300,3,165.37,496.11
4124,2017,136,2,337.75,675.5
4125,2018,775,2,290.38,580.76
4126,2019,179,1,54.23,54.23
4127,2019,177,1,79.8,79.8
4128,2019,176,1,108.59,108.59
4129,2020,684,1,62.02,62.02
4130,2020,685,1,105.81,105.81
4131,2020,682,1,111.39,111.39
4132,2021,402,1,83.91,83.91
4133,2022,187,1,111.92,111.92
4134,2022,188,3,64.04,192.12
4135,2023,561,2,126.11,252.22
4136,2024,787,1,74.13,74.13
4137,2024,790,2,54.04,108.08
4138,2025,863,1,215.82,215.82
4139,2026,556,1,48.44,48.44
4140,2026,553,3,95.28,285.84
4141,2026,555,1,141.18,141.18
4142,2027,411,2,86.96,173.92
4143,2027,413,1,85.59,85.59
4144,2028,649,2,43.02,86.04
4145,2028,650,1,66.55,66.55
4146,2028,648,1,79.5,79.5
4147,2029,582,1,153.85,153.85
4148,2029,580,1,185.94,185.94
4149,2030,70,2,108.83,217.66
4150,2031,819,1,49.14,49.14
4151,2031,820,1,144.43,144.43
4152,2031,818,2,68.59,137.18
4153,2032,20,2,137.92,275.84
4154,2032,18,1,107.13,107.13
4155,2033,640,2,115.31,230.62
4156,2033,638,1,182.04,182.04
4157,2033,639,2,217.34,434.68
4158,2034,563,2,67.16,134.32
4159,2034,562,1,45.02,45.02
4160,2035,597,1,58.26,58.26
4161,2035,596,1,80.69,80.69
4162,2036,383,1,155.38,155.38
4163,2036,384,1,265.69,265.69
4164,2036,386,1,216.8,216.8
4165,2036,385,2,109.34,218.68
4166,2037,210,1,56.05,56.05
4167,2037,211,1,280.44,280.44
4168,2038,760,1,53.0,53.0
4169,2038,758,1,71.74,71.74
4170,2038,759,1,280.6,280.6
4171,2039,276,2,236.14,472.28
4172,2039,279,2,108.16,216.32
4173,2040,329,1,74.89,74.89
4174,2041,878,1,327.54,327.54
4175,2041,876,1,146.15,146.15
4176,2041,877,1,60.41,60.41
4177,2042,128,1,43.37,43.37
4178,2043,738,1,107.18,107.18
4179,2043,739,2,128.77,257.54
4180,2044,804,2,299.88,599.76
4181,2044,807,1,291.56,291.56
4182,2045,375,1,130.14,130.14
4183,2045,372,2,189.24,378.48
4184,2046,898,1,73.29,73.29
4185,2047,464,2,90.71,181.42
4186,2048,780,1,172.06,172.06
4187,2049,659,3,99.34,298.02
4188,2049,661,1,61.54,61.54
4189,2049,662,2,139.57,279.14
4190,2050,54,2,120.02,240.04
4191,2050,56,1,71.87,71.87
4192,2050,58,1,126.59,126.59
4193,2051,740,1,164.2,164.2
4194,2051,737,1,223.47,223.47
4195,2052,128,1,43.37,43.37
4196,2053,837,2,294.06,588.12
4197,2053,835,2,230.64,461.28
4198,2054,236,2,93.3,186.6
4199,2054,235,3,49.74,149.22
4200,2055,559,1,261.72,261.72
4201,2055,557,2,337.17,674.34
4202,2056,711,2,314.05,628.1
4203,2057,754,1,140.32,140.32
4204,2058,776,1,159.23,159.23
4205,2058,778,1,222.02,222.02
4206,2058,775,1,290.38,290.38
4207,2058,777,1,179.75,179.75
4208,2059,429,1,180.39,180.39
4209,2060,666,3,98.37,295.11
4210,2060,667,1,96.69,96.69
4211,2061,200,3,300.13,900.39
4212,2061,196,1,177.07,177.07
4213,2062,304,1,121.14,121.14
4214,2062,305,2,65.28,130.56
4215,2062,303,1,60.34,60.34
4216,2063,436,1,210.06,210.06
4217,2064,329,1,74.89,74.89
4218,2064,327,3,87.29,261.87
4219,2064,330,1,26.42,26.42
4220,2065,109,1,188.55,188.55
4221,2065,111,3,115.48,346.44
4222,2065,112,2,181.77,363.54
4223,2066,394,1,273.63,273.63
4224,2066,396,1,184.95,184.95
4225,2067,755,1,162.53,162.53
4226,2067,753,2,330.03,660.06
4227,2068,555,2,141.18,282.36
4228,2068,553,3,95.28,285.84
4229,2069,635,3,44.6,133.8
4230,2069,636,1,60.75,60.75
4231,2069,632,2,65.55,131.1
4232,2070,197,2,170.54,341.08
4233,2070,198,2,273.27,546.54
4234,2070,199,2,178.77,357.54
4235,2070,200,1,300.13,300.13
4236,2071,421,2,135.34,270.68
4237,2072,460,1,50.7,50.7
4238,2073,296,1,148.22,148.22
4239,2073,297,2,211.98,423.96
4240,2073,294,1,166.44,166.44
4241,2074,883,1,115.01,115.01
4242,2074,881,1,77.18,77.18
4243,2074,880,1,120.99,120.99
4244,2075,170,2,256.96,513.92
4245,2075,171,1,142.09,142.09
4246,2075,169,2,364.75,729.5
4247,2076,587,1,237.66,237.66
4248,2076,586,1,102.63,102.63
4249,2077,299,1,158.61,158.61
4250,2077,300,2,165.37,330.74
4251,2078,210,2,56.05,112.1
4252,2078,211,1,280.44,280.44
4253,2078,209,3,188.85,566.55
4254,2079,608,1,58.16,58.16
4255,2080,209,1,188.85,188.85
4256,2080,211,1,280.44,280.44
4257,2081,535,2,176.96,353.92
4258,2081,537,1,323.04,323.04
4259,2081,538,1,181.71,181.71
4260,2082,864,1,212.39,212.39
4261,2083,316,1,360.72,360.72
4262,2084,232,1,72.5,72.5
4263,2085,898,2,73.29,146.58
4264,2086,909,1,263.28,263.28
4265,2087,805,3,316.03,948.09
4266,2087,806,1,180.25,180.25
4267,2088,241,1,129.43,129.43
4268,2088,238,2,80.67,161.34
4269,2088,239,3,68.07,204.21
4270,2089,756,1,86.53,86.53
4271,2089,754,2,140.32,280.64
4272,2090,666,3,98.37,295.11
4273,2091,883,1,115.01,115.01
4274,2092,259,2,232.16,464.32
4275,2093,804,2,299.88,599.76
4276,2093,807,1,291.56,291.56
4277,2094,495,2,167.83,335.66
4278,2094,493,1,147.69,147.69
4279,2095,769,2,264.24,528.48
4280,2095,765,2,180.0,360.0
4281,2096,702,1,224.2,224.2
4282,2096,703,1,90.15,90.15
4283,2096,701,3,196.96,590.88
4284,2097,590,2,106.61,213.22
4285,2097,591,2,272.73,545.46
4286,2098,350,2,92.36,184.72
4287,2099,816,1,259.46,259.46
4288,2099,814,1,276.74,276.74
4289,2099,817,3,191.49,574.47
4290,2100,780,1,172.06,172.06
4291,2101,390,3,32.94,98.82
4292,2101,388,1,68.71,68.71
4293,2101,392,1,69.99,69.99
4294,2102,120,1,150.59,150.59
4295,2102,119,1,237.15,237.15
4296,2103,495,1,167.83,167.83
4297,2103,496,1,117.13,117.13
4298,2103,494,1,269.46,269.46
4299,2104,156,1,375.8,375.8
4300,2105,277,2,149.98,299.96
4301,2106,453,1,227.24,227.24
4302,2106,451,1,98.3,98.3
4303,2106,452,1,270.1,270.1
4304,2107,815,2,189.92,379.84
4305,2107,816,1,259.46,259.46
4306,2107,817,1,191.49,191.49
4307,2108,318,1,316.44,316.44
4308,2108,314,2,137.39,274.78
4309,2108,315,3,57.91,173.73
4310,2108,316,1,360.72,360.72
4311,2109,309,2,170.6,341.2
4312,2109,312,3,181.75,545.25
4313,2110,302,1,34.42,34.42
4314,2110,304,1,121.14,121.14
4315,2110,306,1,143.78,143.78
4316,2111,835,2,230.64,461.28
4317,2112,801,1,86.0,86.0
4318,2112,803,2,120.22,240.44
4319,2113,86,1,273.21,273.21
4320,2113,87,2,226.62,453.24
4321,2114,871,3,91.78,275.34
4322,2115,588,3,358.82,1076.46
4323,2116,870,3,278.04,834.12
4324,2116,867,1,154.73,154.73
4325,2116,866,2,340.16,680.32
4326,2116,868,1,204.17,204.17
4327,2117,277,1,149.98,149.98
4328,2118,432,1,160.15,160.15
4329,2118,429,1,180.39,180.39
4330,2118,428,1,184.06,184.06
4331,2119,484,1,49.34,49.34
4332,2119,485,1,325.28,325.28
4333,2119,483,1,269.0,269.0
4334,2120,605,1,189.7,189.7
4335,2120,606,1,171.84,171.84
4336,2120,603,3,312.66,937.98
4337,2120,604,3,111.75,335.25
4338,2121,570,3,310.29,930.87
4339,2121,571,1,235.2,235.2
4340,2121,572,1,218.69,218.69
4341,2122,623,1,244.43,244.43
4342,2122,624,1,177.03,177.03
4343,2122,625,3,85.74,257.22
4344,2123,479,1,143.06,143.06
4345,2124,250,1,68.79,68.79
4346,2124,251,1,61.6,61.6
4347,2124,247,1,49.85,49.85
4348,2125,174,2,66.64,133.28
4349,2125,172,1,130.06,130.06
4350,2125,173,1,84.42,84.42
4351,2126,810,2,55.11,110.22
4352,2126,813,2,43.28,86.56
4353,2127,213,1,59.87,59.87
4354,2127,214,1,69.93,69.93
4355,2127,212,1,41.3,41.3
4356,2128,510,2,263.86,527.72
4357,2128,512,1,286.08,286.08
4358,2128,511,1,396.11,396.11
4359,2128,509,1,99.32,99.32
4360,2129,910,2,164.86,329.72
4361,2130,604,1,111.75,111.75
4362,2130,605,1,189.7,189.7
4363,2131,34,1,338.78,338.78
4364,2131,37,1,214.37,214.37
4365,2131,33,2,98.63,197.26
4366,2132,234,2,270.62,541.24
4367,2132,235,2,49.74,99.48
4368,2133,821,1,97.99,97.99
4369,2134,10,1,199.96,199.96
4370,2134,7,3,296.55,889.65
4371,2134,9,3,242.99,728.97
4372,2135,682,1,111.39,111.39
4373,2135,683,1,78.01,78.01
4374,2136,623,1,244.43,244.43
4375,2136,625,1,85.74,85.74
4376,2137,881,1,77.18,77.18
4377,2137,882,1,60.01,60.01
4378,2138,80,2,155.24,310.48
4379,2138,84,1,375.41,375.41
4380,2139,483,1,269.0,269.0
4381,2139,486,2,229.05,458.1
4382,2140,587,2,237.66,475.32
4383,2140,588,1,358.82,358.82
4384,2141,598,2,76.19,152.38
4385,2141,596,3,80.69,242.07
4386,2142,663,2,217.11,434.22
4387,2142,664,3,140.73,422.19
4388,2143,814,1,276.74,276.74
4389,2144,821,1,97.99,97.99
4390,2144,823,2,235.27,470.54
4391,2145,705,1,41.73,41.73
4392,2145,704,1,96.6,96.6
4393,2146,286,1,68.75,68.75
4394,2146,287,1,33.06,33.06
4395,2146,283,1,48.75,48.75
4396,2147,831,1,186.31,186.31
4397,2148,98,3,94.11,282.33
4398,2148,99,2,328.98,657.96
4399,2148,102,2,220.12,440.24
4400,2149,417,1,61.18,61.18
4401,2150,511,1,396.11,396.11
4402,2150,509,1,99.32,99.32
4403,2151,91,2,168.16,336.32
4404,2151,86,1,273.21,273.21
4405,2151,88,1,153.47,153.47
4406,2152,661,2,61.54,123.08
4407,2153,802,1,50.3,50.3
4408,2153,803,1,120.22,120.22
4409,2153,801,3,86.0,258.0
4410,2154,822,1,235.68,235.68
4411,2154,824,1,175.76,175.76
4412,2154,825,1,168.79,168.79
4413,2154,823,2,235.27,470.54
4414,2155,778,1,222.02,222.02
4415,2156,775,3,290.38,871.14
4416,2156,778,1,222.02,222.02
4417,2157,884,2,73.48,146.96
4418,2157,883,1,115.01,115.01
4419,2158,4,3,249.43,748.29
4420,2159,865,1,133.67,133.67
4421,2159,861,2,191.56,383.12
4422,2159,862,1,132.12,132.12
4423,2159,864,1,212.39,212.39
4424,2159,863,1,215.82,215.82
4425,2160,752,1,217.3,217.3
4426,2160,753,1,330.03,330.03
4427,2161,79,1,237.59,237.59
4428,2161,76,1,157.33,157.33
4429,2161,77,1,268.12,268.12
4430,2162,470,2,30.5,61.0
4431,2162,467,1,62.21,62.21
4432,2162,471,2,57.92,115.84
4433,2163,626,1,179.18,179.18
4434,2164,219,1,196.17,196.17
4435,2165,389,2,115.29,230.58
4436,2165,391,1,34.96,34.96
4437,2165,387,1,116.82,116.82
4438,2165,388,1,68.71,68.71
4439,2166,62,1,105.14,105.14
4440,2166,61,1,235.67,235.67
4441,2166,63,1,155.08,155.08
4442,2167,435,3,188.13,564.39
4443,2167,437,1,399.05,399.05
4444,2168,412,1,130.07,130.07
4445,2168,413,2,85.59,171.18
4446,2168,411,1,86.96,86.96
4447,2169,510,1,263.86,263.86
4448,2170,663,2,217.11,434.22
4449,2170,665,1,151.0,151.0
4450,2171,433,3,164.14,492.42
4451,2171,437,3,399.05,1197.15
4452,2171,434,1,148.14,148.14
4453,2172,842,1,230.27,230.27
4454,2173,761,1,52.47,52.47
4455,2173,762,2,40.83,81.66
4456,2173,764,2,62.58,125.16
4457,2173,763,1,26.12,26.12
4458,2174,203,1,190.86,190.86
4459,2174,202,2,52.03,104.06
4460,2175,216,1,63.54,63.54
4461,2175,218,1,70.08,70.08
4462,2176,210,1,56.05,56.05
4463,2177,488,2,187.64,375.28
4464,2177,487,1,207.13,207.13
4465,2177,489,3,270.74,812.22
4466,2178,129,1,318.78,318.78
4467,2178,130,2,191.13,382.26
4468,2178,126,1,62.89,62.89
4469,2179,220,2,248.16,496.32
4470,2179,221,2,236.95,473.9
4471,2180,822,3,235.68,707.04
4472,2180,825,1,168.79,168.79
4473,2181,93,1,170.77,170.77
4474,2182,323,1,332.98,332.98
4475,2182,320,1,197.48,197.48
4476,2183,621,1,154.33,154.33
4477,2183,620,2,170.43,340.86
4478,2184,825,3,168.79,506.37
4479,2184,822,1,235.68,235.68
4480,2185,470,1,30.5,30.5
4481,2185,467,1,62.21,62.21
4482,2186,68,1,116.41,116.41
4483,2186,67,1,128.63,128.63
4484,2187,497,1,189.17,189.17
4485,2187,495,1,167.83,167.83
4486,2187,494,1,269.46,269.46
4487,2188,747,1,67.37,67.37
4488,2189,756,1,86.53,86.53
4489,2189,753,1,330.03,330.03
4490,2189,752,1,217.3,217.3
4491,2189,755,1,162.53,162.53
4492,2189,754,3,140.32,420.96
4493,2190,294,1,166.44,166.44
4494,2191,526,1,138.16,138.16
4495,2191,528,1,194.87,194.87
4496,2192,344,1,116.64,116.64
4497,2192,345,1,154.26,154.26
4498,2192,343,2,126.85,253.7
4499,2193,86,1,273.21,273.21
4500,2194,411,1,86.96,86.96
4501,2194,412,1,130.07,130.07
4502,2194,410,1,106.4,106.4
4503,2195,743,1,347.36,347.36
4504,2195,741,1,168.2,168.2
4505,2195,742,2,315.79,631.58
4506,2196,311,3,306.46,919.38
4507,2197,57,1,46.55,46.55
4508,2197,58,2,126.59,253.18
4509,2198,281,3,255.07,765.21
4510,2199,479,1,143.06,143.06
4511,2199,480,3,266.4,799.2
4512,2200,210,1,56.05,56.05
4513,2200,211,1,280.44,280.44
4514,2200,209,1,188.85,188.85
4515,2201,483,2,269.0,538.0
4516,2202,253,2,189.92,379.84
4517,2202,254,2,177.19,354.38
4518,2202,256,1,268.54,268.54
4519,2203,127,3,317.07,951.21
4520,2203,128,1,43.37,43.37
4521,2203,126,1,62.89,62.89
4522,2204,599,1,287.03,287.03
4523,2204,602,2,222.26,444.52
4524,2204,601,1,172.82,172.82
4525,2204,600,1,166.52,166.52
4526,2205,687,1,214.33,214.33
4527,2205,686,1,206.53,206.53
4528,2205,688,1,230.37,230.37
4529,2205,689,1,143.97,143.97
4530,2206,822,1,235.68,235.68
4531,2206,825,1,168.79,168.79
4532,2207,147,1,79.12,79.12
4533,2208,233,1,93.56,93.56
4534,2208,234,1,270.62,270.62
4535,2208,235,2,49.74,99.48
4536,2209,674,2,222.61,445.22
4537,2209,671,1,209.8,209.8
4538,2210,403,1,217.91,217.91
4539,2210,402,1,83.91,83.91
4540,2211,774,1,100.58,100.58
4541,2212,779,3,108.26,324.78
4542,2212,781,2,161.67,323.34
4543,2212,782,2,260.31,520.62
4544,2212,780,1,172.06,172.06
4545,2213,711,1,314.05,314.05
4546,2214,61,1,235.67,235.67
4547,2214,62,1,105.14,105.14
4548,2215,397,1,204.16,204.16
4549,2215,393,1,189.05,189.05
4550,2216,478,1,126.9,126.9
4551,2216,477,2,91.39,182.78
4552,2217,836,1,46.52,46.52
4553,2218,234,2,270.62,541.24
4554,2218,236,2,93.3,186.6
4555,2218,237,1,244.18,244.18
4556,2219,748,1,98.56,98.56
4557,2220,454,1,107.6,107.6
4558,2220,456,1,249.62,249.62
4559,2220,457,3,281.05,843.15
4560,2221,761,1,52.47,52.47
4561,2222,574,2,145.51,291.02
4562,2222,576,2,99.65,199.3
4563,2222,573,3,152.85,458.55
4564,2223,395,1,186.81,186.81
4565,2223,393,2,189.05,378.1
4566,2224,299,2,158.61,317.22
4567,2224,298,1,218.25,218.25
4568,2224,300,2,165.37,330.74
4569,2225,790,2,54.04,108.08
4570,2226,472,1,122.69,122.69
4571,2226,471,1,57.92,57.92
4572,2227,693,1,401.93,401.93
4573,2228,748,1,98.56,98.56
4574,2228,747,3,67.37,202.11
4575,2228,749,2,76.43,152.86
4576,2229,413,1,85.59,85.59
4577,2229,410,1,106.4,106.4
4578,2229,411,1,86.96,86.96
4579,2229,412,1,130.07,130.07
4580,2230,603,1,312.66,312.66
4581,2230,607,1,160.8,160.8
4582,2231,303,1,60.34,60.34
4583,2231,305,1,65.28,65.28
4584,2232,18,1,107.13,107.13
4585,2233,572,1,218.69,218.69
4586,2234,542,2,196.8,393.6
4587,2234,544,2,173.9,347.8
4588,2234,547,3,377.7,1133.1
4589,2235,657,1,199.03,199.03
4590,2235,655,1,87.64,87.64
4591,2235,656,2,199.09,398.18
4592,2236,426,2,61.58,123.16
4593,2236,423,2,328.13,656.26
4594,2237,334,1,193.44,193.44
4595,2237,335,1,135.34,135.34
4596,2238,319,1,184.37,184.37
4597,2239,6,1,98.16,98.16
4598,2239,1,2,228.66,457.32
4599,2239,3,1,392.84,392.84
4600,2240,592,1,184.37,184.37
4601,2240,590,1,106.61,106.61
4602,2241,335,1,135.34,135.34
4603,2242,541,3,171.0,513.0
4604,2242,539,1,291.38,291.38
4605,2243,420,1,52.12,52.12
4606,2243,421,1,135.34,135.34
4607,2244,553,3,95.28,285.84
4608,2244,554,1,107.4,107.4
4609,2244,556,1,48.44,48.44
4610,2244,552,1,51.22,51.22
4611,2245,505,1,170.89,170.89
4612,2245,506,1,175.23,175.23
4613,2246,780,1,172.06,172.06
4614,2246,781,1,161.67,161.67
4615,2247,343,1,126.85,126.85
4616,2247,345,1,154.26,154.26
4617,2247,344,2,116.64,233.28
4618,2248,240,1,60.27,60.27
4619,2248,239,2,68.07,136.14
4620,2248,238,1,80.67,80.67
4621,2248,241,1,129.43,129.43
4622,2249,417,1,61.18,61.18
4623,2249,414,1,114.05,114.05
4624,2250,271,1,256.17,256.17
4625,2251,752,1,217.3,217.3
4626,2251,753,2,330.03,660.06
4627,2252,162,2,126.83,253.66
4628,2253,647,1,95.79,95.79
4629,2253,644,1,152.27,152.27
4630,2254,701,1,196.96,196.96
4631,2254,702,2,224.2,448.4
4632,2255,355,1,119.82,119.82
4633,2255,353,2,56.31,112.62
4634,2256,624,1,177.03,177.03
4635,2256,625,1,85.74,85.74
4636,2257,573,1,152.85,152.85
4637,2257,575,1,128.61,128.61
4638,2258,508,2,143.75,287.5
4639,2259,414,2,114.05,228.1
4640,2259,417,1,61.18,61.18
4641,2260,551,1,74.52,74.52
4642,2261,765,1,180.0,180.0
4643,2261,768,1,333.14,333.14
4644,2262,859,2,321.47,642.94
4645,2262,858,3,155.28,465.84
4646,2263,362,1,157.55,157.55
4647,2263,357,1,231.23,231.23
4648,2263,361,1,224.4,224.4
4649,2264,176,2,108.59,217.18
4650,2264,178,2,102.39,204.78
4651,2265,169,1,364.75,364.75
4652,2266,887,2,227.71,455.42
4653,2266,888,2,407.48,814.96
4654,2266,886,1,181.12,181.12
4655,2267,303,1,60.34,60.34
4656,2267,305,2,65.28,130.56
4657,2267,302,1,34.42,34.42
4658,2268,121,1,68.06,68.06
4659,2268,122,1,122.5,122.5
4660,2268,123,1,67.15,67.15
4661,2269,819,2,49.14,98.28
4662,2269,820,1,144.43,144.43
4663,2269,818,3,68.59,205.77
4664,2270,871,1,91.78,91.78
4665,2270,872,1,178.81,178.81
4666,2271,763,3,26.12,78.36
4667,2271,764,1,62.58,62.58
4668,2271,761,1,52.47,52.47
4669,2272,802,1,50.3,50.3
4670,2272,801,3,86.0,258.0
4671,2272,803,1,120.22,120.22
4672,2273,522,2,212.36,424.72
4673,2273,524,1,187.28,187.28
4674,2274,665,1,151.0,151.0
4675,2274,664,1,140.73,140.73
4676,2275,847,2,247.63,495.26
4677,2275,845,2,303.39,606.78
4678,2276,891,1,192.28,192.28
4679,2276,890,1,222.09,222.09
4680,2277,718,1,120.94,120.94
4681,2277,717,3,317.43,952.29
4682,2277,716,1,138.42,138.42
4683,2278,637,1,86.47,86.47
4684,2279,741,1,168.2,168.2
4685,2280,561,1,126.11,126.11
4686,2280,562,2,45.02,90.04
4687,2281,745,2,79.47,158.94
4688,2282,709,2,218.31,436.62
4689,2282,712,3,89.24,267.72
4690,2282,711,1,314.05,314.05
4691,2283,123,1,67.15,67.15
4692,2283,121,1,68.06,68.06
4693,2284,308,2,211.24,422.48
4694,2285,841,1,82.37,82.37
4695,2286,404,1,97.37,97.37
4696,2286,403,1,217.91,217.91
4697,2287,543,3,88.75,266.25
4698,2288,45,2,233.46,466.92
4699,2288,43,1,110.66,110.66
4700,2288,46,1,300.84,300.84
4701,2288,44,1,240.69,240.69
4702,2289,536,2,187.9,375.8
4703,2290,755,1,162.53,162.53
4704,2291,851,1,189.87,189.87
4705,2291,856,1,395.69,395.69
4706,2292,410,3,106.4,319.2
4707,2292,411,1,86.96,86.96
4708,2293,263,3,218.69,656.07
4709,2293,262,1,171.89,171.89
4710,2293,264,1,102.41,102.41
4711,2294,196,2,177.07,354.14
4712,2294,199,1,178.77,178.77
4713,2295,18,1,107.13,107.13
4714,2295,22,2,117.19,234.38
4715,2296,592,1,184.37,184.37
4716,2296,590,1,106.61,106.61
4717,2297,592,2,184.37,368.74
4718,2297,593,1,156.78,156.78
4719,2297,591,1,272.73,272.73
4720,2297,590,2,106.61,213.22
4721,2298,343,2,126.85,253.7
4722,2298,345,1,154.26,154.26
4723,2299,26,1,265.72,265.72
4724,2299,23,1,245.72,245.72
4725,2300,796,1,81.74,81.74
4726,2300,798,1,68.78,68.78
4727,2300,799,1,121.08,121.08
4728,2301,789,1,304.32,304.32
4729,2301,788,1,235.44,235.44
4730,2302,840,2,98.19,196.38
4731,2302,839,2,97.01,194.02
4732,2303,197,1,170.54,170.54
4733,2304,350,1,92.36,92.36
4734,2304,351,1,147.39,147.39
4735,2305,840,1,98.19,98.19
4736,2305,837,2,294.06,588.12
4737,2305,835,1,230.64,230.64
4738,2306,114,2,290.96,581.92
4739,2307,896,1,98.16,98.16
4740,2308,19,1,226.81,226.81
4741,2308,18,1,107.13,107.13
4742,2308,20,2,137.92,275.84
4743,2308,21,2,130.12,260.24
4744,2309,872,1,178.81,178.81
4745,2310,488,3,187.64,562.92
4746,2310,489,2,270.74,541.48
4747,2311,306,1,143.78,143.78
4748,2312,914,1,123.48,123.48
4749,2312,915,1,45.26,45.26
4750,2312,911,1,35.43,35.43
4751,2313,745,2,79.47,158.94
4752,2314,463,1,197.55,197.55
4753,2314,464,1,90.71,90.71
4754,2314,462,1,172.94,172.94
4755,2315,664,1,140.73,140.73
4756,2315,665,2,151.0,302.0
4757,2316,223,2,189.77,379.54
4758,2317,531,1,250.29,250.29
4759,2317,533,1,135.37,135.37
4760,2317,534,3,167.74,503.22
4761,2318,488,3,187.64,562.92
4762,2319,709,2,218.31,436.62
4763,2319,711,1,314.05,314.05
4764,2319,713,2,68.16,136.32
4765,2320,188,2,64.04,128.08
4766,2320,189,2,61.9,123.8
4767,2320,190,2,58.28,116.56
4768,2321,477,2,91.39,182.78
4769,2321,478,1,126.9,126.9
4770,2321,479,1,143.06,143.06
4771,2322,120,1,150.59,150.59
4772,2322,117,2,157.68,315.36
4773,2322,118,1,190.77,190.77
4774,2323,551,1,74.52,74.52
4775,2323,550,2,118.88,237.76
4776,2323,548,2,34.99,69.98
4777,2324,414,2,114.05,228.1
4778,2324,417,1,61.18,61.18
4779,2324,415,2,109.88,219.76
4780,2325,493,1,147.69,147.69
4781,2326,434,1,148.14,148.14
4782,2326,433,1,164.14,164.14
4783,2326,435,1,188.13,188.13
4784,2326,436,1,210.06,210.06
4785,2326,438,1,94.19,94.19
4786,2327,850,2,349.22,698.44
4787,2327,849,2,211.18,422.36
4788,2327,848,1,171.11,171.11
4789,2328,768,1,333.14,333.14
4790,2328,769,2,264.24,528.48
4791,2329,254,1,177.19,177.19
4792,2329,252,3,106.83,320.49
4793,2329,253,1,189.92,189.92
4794,2329,256,1,268.54,268.54
4795,2330,271,2,256.17,512.34
4796,2330,270,1,95.07,95.07
4797,2330,273,2,205.02,410.04
4798,2331,374,1,219.91,219.91
4799,2331,371,3,225.13,675.39
4800,2331,372,2,189.24,378.48
4801,2332,169,3,364.75,1094.25
4802,2333,891,1,192.28,192.28
4803,2333,892,1,310.16,310.16
4804,2333,890,1,222.09,222.09
4805,2334,201,1,271.07,271.07
4806,2335,502,2,215.68,431.36
4807,2335,500,1,140.7,140.7
4808,2335,501,1,144.71,144.71
4809,2336,346,3,116.12,348.36
4810,2337,435,1,188.13,188.13
4811,2337,436,1,210.06,210.06
4812,2337,438,1,94.19,94.19
4813,2338,782,2,260.31,520.62
4814,2338,779,1,108.26,108.26
4815,2338,780,2,172.06,344.12
4816,2339,434,1,148.14,148.14
4817,2339,437,2,399.05,798.1
4818,2340,297,1,211.98,211.98
4819,2341,234,2,270.62,541.24
4820,2342,828,2,343.91,687.82
4821,2342,829,1,171.53,171.53
4822,2342,826,2,364.49,728.98
4823,2343,203,2,190.86,381.72
4824,2343,202,1,52.03,52.03
4825,2344,478,2,126.9,253.8
4826,2344,480,2,266.4,532.8
4827,2344,479,1,143.06,143.06
4828,2345,683,3,78.01,234.03
4829,2346,603,3,312.66,937.98
4830,2346,606,2,171.84,343.68
4831,2346,604,2,111.75,223.5
4832,2347,158,2,76.29,152.58
4833,2347,161,3,80.29,240.87
4834,2348,709,1,218.31,218.31
4835,2348,710,1,274.05,274.05
4836,2349,172,1,130.06,130.06
4837,2349,174,2,66.64,133.28
4838,2350,539,1,291.38,291.38
4839,2350,541,1,171.0,171.0
4840,2351,24,3,109.15,327.45
4841,2351,23,2,245.72,491.44
4842,2352,316,1,360.72,360.72
4843,2352,314,1,137.39,137.39
4844,2352,318,1,316.44,316.44
4845,2353,444,1,166.98,166.98
4846,2353,443,1,161.44,161.44
4847,2353,440,1,216.38,216.38
4848,2354,22,2,117.19,234.38
4849,2354,18,2,107.13,214.26
4850,2355,128,1,43.37,43.37
4851,2355,130,1,191.13,191.13
4852,2356,821,3,97.99,293.97
4853,2356,825,1,168.79,168.79
4854,2356,822,1,235.68,235.68
4855,2356,823,1,235.27,235.27
4856,2357,542,1,196.8,196.8
4857,2358,847,1,247.63,247.63
4858,2359,331,1,35.68,35.68
4859,2359,327,1,87.29,87.29
4860,2360,99,2,328.98,657.96
4861,2361,537,1,323.04,323.04
4862,2361,538,3,181.71,545.13
4863,2361,535,3,176.96,530.88
4864,2362,815,1,189.92,189.92
4865,2363,555,1,141.18,141.18
4866,2363,553,1,95.28,95.28
4867,2363,556,2,48.44,96.88
4868,2364,48,1,101.54,101.54
4869,2365,394,1,273.63,273.63
4870,2365,393,1,189.05,189.05
4871,2366,909,3,263.28,789.84
4872,2367,832,1,352.61,352.61
4873,2367,833,2,298.32,596.64
4874,2368,191,1,69.35,69.35
4875,2368,188,1,64.04,64.04
4876,2369,284,1,109.38,109.38
4877,2370,491,2,232.77,465.54
4878,2371,164,1,250.1,250.1
4879,2371,162,1,126.83,126.83
4880,2371,166,1,68.12,68.12
4881,2372,514,1,42.45,42.45
4882,2372,513,1,89.69,89.69
4883,2372,512,3,286.08,858.24
4884,2373,547,1,377.7,377.7
4885,2374,600,1,166.52,166.52
4886,2375,414,3,114.05,342.15
4887,2375,415,1,109.88,109.88
4888,2376,867,1,154.73,154.73
4889,2376,866,2,340.16,680.32
4890,2376,869,2,136.34,272.68
4891,2377,697,1,89.58,89.58
4892,2377,696,1,271.89,271.89
4893,2378,421,2,135.34,270.68
4894,2379,617,1,69.96,69.96
4895,2380,328,1,107.11,107.11
4896,2380,331,1,35.68,35.68
4897,2380,330,2,26.42,52.84
4898,2380,327,1,87.29,87.29
4899,2381,213,2,59.87,119.74
4900,2381,212,2,41.3,82.6
4901,2381,214,1,69.93,69.93
4902,2382,628,1,163.08,163.08
4903,2382,627,1,96.1,96.1
4904,2382,626,2,179.18,358.36
4905,2383,394,1,273.63,273.63
4906,2384,577,1,158.0,158.0
4907,2384,578,1,204.17,204.17
4908,2384,579,2,131.18,262.36
4909,2385,630,2,63.47,126.94
4910,2385,631,1,139.57,139.57
4911,2386,324,1,60.21,60.21
4912,2387,360,2,352.28,704.56
4913,2387,359,3,127.52,382.56
4914,2388,460,2,50.7,101.4
4915,2388,459,2,224.56,449.12
4916,2389,390,2,32.94,65.88
4917,2389,388,2,68.71,137.42
4918,2390,199,1,178.77,178.77
4919,2391,510,2,263.86,527.72
4920,2391,512,1,286.08,286.08
4921,2392,116,1,107.07,107.07
4922,2392,115,1,209.52,209.52
4923,2392,113,2,358.19,716.38
4924,2393,571,1,235.2,235.2
4925,2393,572,2,218.69,437.38
4926,2393,570,1,310.29,310.29
4927,2394,532,2,145.13,290.26
4928,2394,533,3,135.37,406.11
4929,2394,534,2,167.74,335.48
4930,2395,165,2,188.08,376.16
4931,2395,167,1,54.36,54.36
4932,2395,166,1,68.12,68.12
4933,2396,536,1,187.9,187.9
4934,2396,537,1,323.04,323.04
4935,2397,911,1,35.43,35.43
4936,2398,66,1,37.94,37.94
4937,2398,67,1,128.63,128.63
4938,2399,510,2,263.86,527.72
4939,2399,514,1,42.45,42.45
4940,2400,405,1,398.51,398.51
4941,2400,403,2,217.91,435.82
4942,2400,404,1,97.37,97.37
4943,2400,402,1,83.91,83.91
4944,2401,784,2,384.16,768.32
4945,2401,786,1,207.94,207.94
4946,2401,785,1,174.71,174.71
4947,2402,691,1,219.3,219.3
4948,2402,690,1,91.1,91.1
4949,2402,694,1,181.71,181.71
4950,2403,721,1,219.08,219.08
4951,2403,720,1,119.97,119.97
4952,2404,493,2,147.69,295.38
4953,2404,494,1,269.46,269.46
4954,2404,495,1,167.83,167.83
4955,2405,409,2,245.84,491.68
4956,2405,407,1,170.48,170.48
4957,2406,893,1,230.49,230.49
4958,2406,895,1,198.26,198.26
4959,2406,896,2,98.16,196.32
4960,2407,281,2,255.07,510.14
4961,2408,336,1,321.97,321.97
4962,2408,335,2,135.34,270.68
4963,2409,777,3,179.75,539.25
4964,2410,422,2,61.14,122.28
4965,2410,426,2,61.58,123.16
4966,2411,317,1,227.15,227.15
4967,2411,318,2,316.44,632.88
4968,2412,183,1,74.44,74.44
4969,2412,182,1,99.56,99.56
4970,2412,180,2,316.01,632.02
4971,2413,725,1,187.51,187.51
4972,2413,728,3,160.97,482.91
4973,2414,864,1,212.39,212.39
4974,2414,861,1,191.56,191.56
4975,2414,860,2,174.47,348.94
4976,2415,198,1,273.27,273.27
4977,2416,98,1,94.11,94.11
4978,2416,100,1,224.84,224.84
4979,2417,738,2,107.18,214.36
4980,2418,353,1,56.31,56.31
4981,2418,356,2,69.56,139.12
4982,2418,355,1,119.82,119.82
4983,2419,572,2,218.69,437.38
4984,2420,540,2,195.02,390.04
4985,2420,541,1,171.0,171.0
4986,2421,27,1,51.5,51.5
4987,2422,710,1,274.05,274.05
4988,2422,713,2,68.16,136.32
4989,2423,629,1,98.28,98.28
4990,2423,630,1,63.47,63.47
4991,2424,666,1,98.37,98.37
4992,2425,751,1,336.7,336.7
4993,2426,281,3,255.07,765.21
4994,2427,141,1,121.06,121.06
4995,2427,142,1,147.56,147.56
4996,2427,140,1,141.31,141.31
4997,2428,573,1,152.85,152.85
4998,2428,574,1,145.51,145.51
4999,2429,530,2,284.08,568.16
5000,2429,526,2,138.16,276.32
5001,2429,528,1,194.87,194.87
5002,2429,527,2,200.5,401.0
5003,2430,104,2,185.44,370.88
5004,2430,106,1,252.4,252.4
5005,2431,711,1,314.05,314.05
5006,2431,709,1,218.31,218.31
5007,2431,712,1,89.24,89.24
5008,2432,257,1,155.76,155.76
5009,2432,258,2,204.63,409.26
5010,2433,15,1,144.51,144.51
5011,2433,14,2,116.65,233.3
5012,2433,16,1,166.18,166.18
5013,2434,16,3,166.18,498.54
5014,2434,14,1,116.65,116.65
5015,2434,15,3,144.51,433.53
5016,2435,600,2,166.52,333.04
5017,2435,602,1,222.26,222.26
5018,2436,902,1,109.42,109.42
5019,2437,396,2,184.95,369.9
5020,2438,344,1,116.64,116.64
5021,2438,343,1,126.85,126.85
5022,2438,345,1,154.26,154.26
5023,2439,278,1,216.2,216.2
5024,2440,163,3,325.54,976.62
5025,2440,165,1,188.08,188.08
5026,2441,412,1,130.07,130.07
5027,2442,133,1,58.65,58.65
5028,2442,131,1,118.07,118.07
5029,2442,135,1,206.86,206.86
5030,2442,136,1,337.75,337.75
5031,2443,854,3,165.14,495.42
5032,2444,138,3,210.03,630.09
5033,2444,139,2,132.01,264.02
5034,2444,137,2,196.34,392.68
5035,2445,542,1,196.8,196.8
5036,2446,139,2,132.01,264.02
5037,2446,137,3,196.34,589.02
5038,2447,69,1,174.47,174.47
5039,2447,71,1,234.56,234.56
5040,2447,72,1,165.11,165.11
5041,2448,692,1,267.16,267.16
5042,2448,691,1,219.3,219.3
5043,2449,265,2,259.7,519.4
5044,2450,722,1,181.03,181.03
5045,2450,720,1,119.97,119.97
5046,2450,719,1,186.89,186.89
5047,2451,773,3,196.81,590.43
5048,2451,772,1,177.07,177.07
5049,2452,862,1,132.12,132.12
5050,2453,138,1,210.03,210.03
5051,2454,378,2,196.19,392.38
5052,2454,377,1,308.4,308.4
5053,2454,380,1,315.99,315.99
5054,2455,695,2,203.59,407.18
5055,2455,692,1,267.16,267.16
5056,2455,693,1,401.93,401.93
5057,2456,883,1,115.01,115.01
5058,2456,882,1,60.01,60.01
5059,2457,634,1,33.76,33.76
5060,2458,314,3,137.39,412.17
5061,2458,318,3,316.44,949.32
5062,2458,317,1,227.15,227.15
5063,2459,66,1,37.94,37.94
5064,2459,68,1,116.41,116.41
5065,2459,67,1,128.63,128.63
5066,2460,282,2,207.19,414.38
5067,2460,280,1,188.04,188.04
5068,2461,516,1,143.14,143.14
5069,2462,334,1,193.44,193.44
5070,2462,336,1,321.97,321.97
5071,2463,208,1,41.46,41.46
5072,2463,206,1,216.9,216.9
5073,2463,205,2,284.38,568.76
5074,2464,877,1,60.41,60.41
5075,2464,875,1,341.41,341.41
5076,2464,879,1,202.67,202.67
5077,2465,391,1,34.96,34.96
5078,2465,389,2,115.29,230.58
5079,2466,631,3,139.57,418.71
5080,2466,629,1,98.28,98.28
5081,2467,209,1,188.85,188.85
5082,2467,210,1,56.05,56.05
5083,2468,702,2,224.2,448.4
5084,2469,617,2,69.96,139.92
5085,2469,614,1,74.03,74.03
5086,2470,726,1,144.41,144.41
5087,2470,727,1,226.74,226.74
5088,2471,513,1,89.69,89.69
5089,2471,514,2,42.45,84.9
5090,2472,153,2,234.19,468.38
5091,2472,151,1,139.57,139.57
5092,2472,149,1,180.91,180.91
5093,2473,44,2,240.69,481.38
5094,2473,42,2,59.16,118.32
5095,2474,778,2,222.02,444.04
5096,2475,892,1,310.16,310.16
5097,2475,891,1,192.28,192.28
5098,2476,150,3,270.56,811.68
5099,2477,489,3,270.74,812.22
5100,2478,788,1,235.44,235.44
5101,2478,787,1,74.13,74.13
5102,2478,790,2,54.04,108.08
5103,2479,707,1,102.11,102.11
5104,2479,708,1,77.17,77.17
5105,2480,867,1,154.73,154.73
5106,2481,614,1,74.03,74.03
5107,2482,722,2,181.03,362.06
5108,2483,540,1,195.02,195.02
5109,2483,539,1,291.38,291.38
5110,2483,541,1,171.0,171.0
5111,2484,810,1,55.11,55.11
5112,2484,809,1,74.96,74.96
5113,2485,799,2,121.08,242.16
5114,2486,673,2,136.23,272.46
5115,2486,675,2,163.27,326.54
5116,2486,672,1,168.7,168.7
5117,2486,671,1,209.8,209.8
5118,2487,442,1,200.79,200.79
5119,2487,443,2,161.44,322.88
5120,2488,196,1,177.07,177.07
5121,2488,198,1,273.27,273.27
5122,2488,197,2,170.54,341.08
5123,2489,91,2,168.16,336.32
5124,2489,89,1,390.22,390.22
5125,2489,88,3,153.47,460.41
5126,2489,86,1,273.21,273.21
5127,2490,828,1,343.91,343.91
5128,2490,826,1,364.49,364.49
5129,2490,827,1,281.31,281.31
5130,2491,92,1,153.31,153.31
5131,2491,93,1,170.77,170.77
5132,2491,94,2,220.66,441.32
5133,2492,528,1,194.87,194.87
5134,2492,526,1,138.16,138.16
5135,2492,529,1,153.59,153.59
5136,2492,525,3,186.93,560.79
5137,2493,245,1,129.97,129.97
5138,2493,243,3,126.9,380.7
5139,2494,121,1,68.06,68.06
5140,2494,123,1,67.15,67.15
5141,2494,125,1,83.41,83.41
5142,2494,124,1,55.5,55.5
5143,2495,129,1,318.78,318.78
5144,2495,126,1,62.89,62.89
5145,2495,127,2,317.07,634.14
5146,2496,533,1,135.37,135.37
5147,2497,753,1,330.03,330.03
5148,2497,751,1,336.7,336.7
5149,2498,680,2,47.29,94.58
5150,2498,678,3,273.79,821.37
5151,2498,677,2,230.81,461.62
5152,2499,594,1,104.28,104.28
5153,2499,596,1,80.69,80.69
5154,2500,140,3,141.31,423.93
5155,2500,141,3,121.06,363.18
5156,2501,510,1,263.86,263.86
5157,2502,348,3,70.44,211.32
5158,2503,266,1,232.11,232.11
5159,2503,267,3,138.54,415.62
5160,2504,423,2,328.13,656.26
5161,2504,424,2,225.14,450.28
5162,2504,425,1,109.48,109.48
5163,2505,145,1,47.6,47.6
5164,2506,355,1,119.82,119.82
5165,2506,354,3,123.31,369.93
5166,2507,249,2,105.51,211.02
5167,2507,248,1,73.43,73.43
5168,2508,840,1,98.19,98.19
5169,2508,837,1,294.06,294.06
5170,2509,644,1,152.27,152.27
5171,2509,647,1,95.79,95.79
5172,2509,646,3,394.73,1184.19
5173,2510,129,1,318.78,318.78
5174,2511,621,3,154.33,462.99
5175,2512,257,2,155.76,311.52
5176,2512,259,1,232.16,232.16
5177,2513,640,1,115.31,115.31
5178,2513,638,2,182.04,364.08
5179,2514,274,1,233.46,233.46
5180,2514,279,1,108.16,108.16
5181,2514,275,1,185.4,185.4
5182,2515,654,3,114.97,344.91
5183,2515,653,1,161.33,161.33
5184,2515,652,1,247.12,247.12
5185,2516,8,1,134.56,134.56
5186,2516,10,1,199.96,199.96
5187,2516,9,1,242.99,242.99
5188,2517,814,2,276.74,553.48
5189,2517,815,1,189.92,189.92
5190,2518,732,1,49.73,49.73
5191,2519,336,1,321.97,321.97
5192,2519,334,1,193.44,193.44
5193,2520,16,2,166.18,332.36
5194,2520,15,2,144.51,289.02
5195,2521,815,2,189.92,379.84
5196,2522,839,3,97.01,291.03
5197,2523,660,3,103.28,309.84
5198,2524,242,1,164.56,164.56
5199,2525,351,1,147.39,147.39
5200,2525,350,1,92.36,92.36
5201,2526,473,1,41.78,41.78
5202,2527,108,1,188.74,188.74
5203,2527,112,1,181.77,181.77
5204,2527,109,1,188.55,188.55
5205,2528,573,1,152.85,152.85
5206,2528,574,3,145.51,436.53
5207,2529,869,2,136.34,272.68
5208,2529,867,1,154.73,154.73
5209,2530,573,1,152.85,152.85
5210,2530,575,2,128.61,257.22
5211,2531,205,2,284.38,568.76
5212,2532,847,3,247.63,742.89
5213,2533,606,2,171.84,343.68
5214,2534,544,3,173.9,521.7
5215,2534,547,1,377.7,377.7
5216,2535,511,2,396.11,792.22
5217,2535,509,1,99.32,99.32
5218,2536,399,2,101.6,203.2
5219,2536,400,2,351.35,702.7
5220,2537,418,1,55.83,55.83
5221,2537,421,1,135.34,135.34
5222,2537,420,3,52.12,156.36
5223,2538,889,1,93.72,93.72
5224,2538,886,3,181.12,543.36
5225,2538,885,2,156.5,313.0
5226,2539,346,1,116.12,116.12
5227,2540,59,1,75.91,75.91
5228,2540,57,1,46.55,46.55
5229,2540,55,2,70.87,141.74
5230,2541,89,1,390.22,390.22
5231,2541,90,3,88.08,264.24
5232,2541,86,1,273.21,273.21
5233,2541,91,1,168.16,168.16
5234,2542,718,1,120.94,120.94
5235,2543,320,1,197.48,197.48
5236,2543,322,2,100.39,200.78
5237,2544,200,1,300.13,300.13
5238,2544,196,1,177.07,177.07
5239,2545,764,1,62.58,62.58
5240,2546,365,1,141.15,141.15
5241,2547,625,1,85.74,85.74
5242,2548,789,2,304.32,608.64
5243,2548,790,1,54.04,54.04
5244,2548,787,2,74.13,148.26
5245,2549,762,2,40.83,81.66
5246,2549,761,1,52.47,52.47
5247,2550,703,2,90.15,180.3
5248,2550,702,2,224.2,448.4
5249,2551,914,1,123.48,123.48
5250,2551,912,1,52.34,52.34
5251,2551,911,1,35.43,35.43
5252,2552,531,2,250.29,500.58
5253,2552,532,2,145.13,290.26
5254,2553,240,1,60.27,60.27
5255,2553,238,1,80.67,80.67
5256,2553,239,2,68.07,136.14
5257,2554,701,1,196.96,196.96
5258,2554,702,1,224.2,224.2
5259,2554,703,2,90.15,180.3
5260,2555,12,1,155.01,155.01
5261,2555,11,1,309.63,309.63
5262,2555,10,1,199.96,199.96
5263,2556,194,1,91.51,91.51
5264,2556,192,1,351.86,351.86
5265,2557,625,1,85.74,85.74
5266,2557,623,1,244.43,244.43
5267,2558,665,1,151.0,151.0
5268,2558,663,1,217.11,217.11
5269,2559,290,1,135.83,135.83
5270,2560,115,1,209.52,209.52
5271,2561,874,1,332.73,332.73
5272,2561,871,1,91.78,91.78
5273,2562,271,1,256.17,256.17
5274,2562,273,1,205.02,205.02
5275,2563,540,1,195.02,195.02
5276,2563,539,1,291.38,291.38
5277,2564,191,3,69.35,208.05
5278,2564,190,1,58.28,58.28
5279,2565,413,3,85.59,256.77
5280,2566,816,1,259.46,259.46
5281,2567,782,1,260.31,260.31
5282,2567,781,1,161.67,161.67
5283,2567,780,1,172.06,172.06
5284,2568,913,1,63.36,63.36
5285,2568,914,3,123.48,370.44
5286,2569,571,1,235.2,235.2
5287,2569,570,3,310.29,930.87
5288,2570,842,1,230.27,230.27
5289,2570,841,2,82.37,164.74
5290,2570,844,1,240.49,240.49
5291,2571,342,1,103.45,103.45
5292,2572,421,1,135.34,135.34
5293,2572,420,1,52.12,52.12
5294,2572,418,1,55.83,55.83
5295,2573,459,1,224.56,224.56
5296,2573,458,1,73.31,73.31
5297,2574,787,1,74.13,74.13
5298,2574,789,3,304.32,912.96
5299,2575,222,1,277.91,277.91
5300,2575,219,3,196.17,588.51
5301,2575,220,1,248.16,248.16
5302,2576,701,1,196.96,196.96
5303,2576,702,2,224.2,448.4
5304,2577,768,2,333.14,666.28
5305,2577,765,2,180.0,360.0
5306,2577,767,1,170.04,170.04
5307,2578,849,3,211.18,633.54
5308,2578,850,2,349.22,698.44
5309,2579,748,2,98.56,197.12
5310,2579,747,1,67.37,67.37
5311,2580,444,1,166.98,166.98
5312,2580,442,2,200.79,401.58
5313,2581,767,1,170.04,170.04
5314,2581,766,1,92.27,92.27
5315,2581,765,1,180.0,180.0
5316,2581,769,1,264.24,264.24
5317,2582,552,1,51.22,51.22
5318,2582,554,3,107.4,322.2
5319,2583,766,1,92.27,92.27
5320,2583,768,1,333.14,333.14
5321,2584,745,1,79.47,79.47
5322,2584,746,1,163.45,163.45
5323,2584,744,1,337.01,337.01
5324,2585,696,1,271.89,271.89
5325,2586,88,1,153.47,153.47
5326,2586,90,1,88.08,88.08
5327,2587,20,1,137.92,137.92
5328,2588,9,3,242.99,728.97
5329,2589,462,2,172.94,345.88
5330,2589,463,3,197.55,592.65
5331,2589,461,1,198.8,198.8
5332,2590,724,2,239.45,478.9
5333,2591,464,1,90.71,90.71
5334,2591,466,2,329.94,659.88
5335,2591,465,2,343.7,687.4
5336,2591,462,1,172.94,172.94
5337,2592,453,1,227.24,227.24
5338,2593,338,1,226.73,226.73
5339,2593,339,3,244.24,732.72
5340,2593,337,1,141.59,141.59
5341,2594,861,2,191.56,383.12
5342,2595,629,1,98.28,98.28
5343,2595,630,1,63.47,63.47
5344,2595,631,1,139.57,139.57
5345,2596,559,1,261.72,261.72
5346,2596,558,2,103.39,206.78
5347,2597,788,2,235.44,470.88
5348,2597,789,3,304.32,912.96
5349,2597,790,1,54.04,54.04
5350,2597,787,1,74.13,74.13
5351,2598,452,1,270.1,270.1
5352,2598,453,1,227.24,227.24
5353,2598,451,1,98.3,98.3
5354,2599,71,2,234.56,469.12
5355,2599,73,2,237.02,474.04
5356,2600,407,2,170.48,340.96
5357,2600,408,1,299.49,299.49
5358,2601,304,1,121.14,121.14
5359,2601,306,2,143.78,287.56
5360,2602,516,2,143.14,286.28
5361,2602,517,3,218.17,654.51
5362,2602,520,1,222.73,222.73
5363,2603,768,1,333.14,333.14
5364,2603,766,2,92.27,184.54
5365,2603,765,2,180.0,360.0
5366,2604,911,1,35.43,35.43
5367,2605,578,1,204.17,204.17
5368,2606,883,2,115.01,230.02
5369,2606,881,1,77.18,77.18
5370,2606,884,1,73.48,73.48
5371,2607,725,1,187.51,187.51
5372,2607,727,1,226.74,226.74
5373,2608,908,2,178.43,356.86
5374,2608,910,3,164.86,494.58
5375,2608,909,1,263.28,263.28
5376,2609,209,3,188.85,566.55
5377,2609,210,1,56.05,56.05
5378,2610,470,1,30.5,30.5
5379,2611,525,1,186.93,186.93
5380,2611,528,2,194.87,389.74
5381,2612,743,1,347.36,347.36
5382,2613,37,1,214.37,214.37
5383,2614,454,1,107.6,107.6
5384,2615,532,2,145.13,290.26
5385,2615,531,1,250.29,250.29
5386,2615,533,2,135.37,270.74
5387,2616,305,1,65.28,65.28
5388,2616,306,1,143.78,143.78
5389,2617,530,2,284.08,568.16
5390,2617,525,2,186.93,373.86
5391,2617,527,2,200.5,401.0
5392,2618,86,2,273.21,546.42
5393,2618,87,1,226.62,226.62
5394,2619,468,2,46.38,92.76
5395,2619,467,2,62.21,124.42
5396,2619,472,1,122.69,122.69
5397,2619,471,2,57.92,115.84
5398,2620,813,1,43.28,43.28
5399,2620,811,2,69.46,138.92
5400,2620,810,2,55.11,110.22
5401,2621,345,2,154.26,308.52
5402,2621,344,1,116.64,116.64
5403,2622,262,2,171.89,343.78
5404,2622,264,2,102.41,204.82
5405,2622,263,1,218.69,218.69
5406,2623,281,2,255.07,510.14
5407,2623,282,1,207.19,207.19
5408,2623,280,1,188.04,188.04
5409,2624,155,2,224.21,448.42
5410,2624,154,1,140.21,140.21
5411,2625,492,1,111.13,111.13
5412,2625,490,1,180.05,180.05
5413,2626,765,1,180.0,180.0
5414,2627,386,1,216.8,216.8
5415,2627,384,1,265.69,265.69
5416,2627,385,1,109.34,109.34
5417,2628,675,2,163.27,326.54
5418,2628,672,1,168.7,168.7
5419,2629,34,2,338.78,677.56
5420,2630,194,2,91.51,183.02
5421,2630,195,2,55.4,110.8
5422,2631,774,2,100.58,201.16
5423,2631,773,3,196.81,590.43
5424,2631,771,1,167.44,167.44
5425,2632,671,1,209.8,209.8
5426,2632,672,1,168.7,168.7
5427,2633,880,1,120.99,120.99
5428,2633,882,2,60.01,120.02
5429,2634,465,3,343.7,1031.1
5430,2634,466,3,329.94,989.82
5431,2634,464,1,90.71,90.71
5432,2635,534,1,167.74,167.74
5433,2635,531,1,250.29,250.29
5434,2635,532,2,145.13,290.26
5435,2635,533,2,135.37,270.74
5436,2636,227,3,63.21,189.63
5437,2636,231,1,125.93,125.93
5438,2637,343,2,126.85,253.7
5439,2637,345,2,154.26,308.52
5440,2637,344,2,116.64,233.28
5441,2638,193,1,208.03,208.03
5442,2638,195,1,55.4,55.4
5443,2639,763,2,26.12,52.24
5444,2639,764,2,62.58,125.16
5445,2640,679,1,93.55,93.55
5446,2640,676,2,362.47,724.94
5447,2641,448,1,113.63,113.63
5448,2641,446,2,366.18,732.36
5449,2641,450,1,329.07,329.07
5450,2642,743,1,347.36,347.36
5451,2642,741,3,168.2,504.6
5452,2642,742,2,315.79,631.58
5453,2643,343,1,126.85,126.85
5454,2643,345,2,154.26,308.52
5455,2643,344,3,116.64,349.92
5456,2644,342,1,103.45,103.45
5457,2644,341,1,309.67,309.67
5458,2644,340,1,201.26,201.26
5459,2645,814,2,276.74,553.48
5460,2645,816,1,259.46,259.46
5461,2646,714,1,54.27,54.27
5462,2647,819,1,49.14,49.14
5463,2647,820,1,144.43,144.43
5464,2648,703,2,90.15,180.3
5465,2649,447,2,68.66,137.32
5466,2649,446,1,366.18,366.18
5467,2650,687,1,214.33,214.33
5468,2650,688,1,230.37,230.37
5469,2651,708,1,77.17,77.17
5470,2652,74,1,166.68,166.68
5471,2652,79,1,237.59,237.59
5472,2652,77,2,268.12,536.24
5473,2653,25,1,68.47,68.47
5474,2653,26,1,265.72,265.72
5475,2653,23,2,245.72,491.44
5476,2654,422,1,61.14,61.14
5477,2654,423,1,328.13,328.13
5478,2654,426,2,61.58,123.16
5479,2655,164,1,250.1,250.1
5480,2655,163,1,325.54,325.54
5481,2655,165,1,188.08,188.08
5482,2656,12,1,155.01,155.01
5483,2657,625,3,85.74,257.22
5484,2657,624,2,177.03,354.06
5485,2658,196,1,177.07,177.07
5486,2659,756,1,86.53,86.53
5487,2660,803,1,120.22,120.22
5488,2660,802,1,50.3,50.3
5489,2661,560,1,188.98,188.98
5490,2661,557,2,337.17,674.34
5491,2661,558,1,103.39,103.39
5492,2661,559,1,261.72,261.72
5493,2662,792,1,211.9,211.9
5494,2662,795,1,165.02,165.02
5495,2663,319,1,184.37,184.37
5496,2663,322,1,100.39,100.39
5497,2664,799,1,121.08,121.08
5498,2664,798,1,68.78,68.78
5499,2665,206,1,216.9,216.9
5500,2665,208,1,41.46,41.46
5501,2666,410,1,106.4,106.4
5502,2666,413,1,85.59,85.59
5503,2666,411,2,86.96,173.92
5504,2667,561,1,126.11,126.11
5505,2667,562,1,45.02,45.02
5506,2668,225,2,211.65,423.3
5507,2669,909,3,263.28,789.84
5508,2670,566,1,153.55,153.55
5509,2671,732,1,49.73,49.73
5510,2672,310,1,145.13,145.13
5511,2673,165,2,188.08,376.16
5512,2673,162,2,126.83,253.66
5513,2674,301,1,238.78,238.78
5514,2674,298,1,218.25,218.25
5515,2675,372,1,189.24,189.24
5516,2675,375,1,130.14,130.14
5517,2676,53,1,261.15,261.15
5518,2676,51,1,196.02,196.02
5519,2676,50,3,163.27,489.81
5520,2677,765,1,180.0,180.0
5521,2678,856,3,395.69,1187.07
5522,2679,762,1,40.83,40.83
5523,2680,805,1,316.03,316.03
5524,2680,807,1,291.56,291.56
5525,2681,181,1,272.93,272.93
5526,2682,784,1,384.16,384.16
5527,2683,609,1,108.01,108.01
5528,2683,612,1,83.64,83.64
5529,2683,608,1,58.16,58.16
5530,2684,903,1,65.19,65.19
5531,2684,906,1,124.75,124.75
5532,2684,905,2,59.7,119.4
5533,2685,90,1,88.08,88.08
5534,2685,89,1,390.22,390.22
5535,2685,88,2,153.47,306.94
5536,2686,388,3,68.71,206.13
5537,2686,391,1,34.96,34.96
5538,2687,826,1,364.49,364.49
5539,2687,827,1,281.31,281.31
5540,2688,540,2,195.02,390.04
5541,2689,364,1,63.3,63.3
5542,2690,237,1,244.18,244.18
5543,2691,586,2,102.63,205.26
5544,2691,587,2,237.66,475.32
5545,2692,277,2,149.98,299.96
5546,2692,274,1,233.46,233.46
5547,2693,716,3,138.42,415.26
5548,2694,779,2,108.26,216.52
5549,2695,495,2,167.83,335.66
5550,2696,185,1,99.42,99.42
5551,2697,873,1,266.32,266.32
5552,2697,874,1,332.73,332.73
5553,2697,871,3,91.78,275.34
5554,2698,459,1,224.56,224.56
5555,2698,460,2,50.7,101.4
5556,2698,458,2,73.31,146.62
5557,2699,146,1,75.58,75.58
5558,2699,145,2,47.6,95.2
5559,2700,419,1,83.65,83.65
5560,2701,421,2,135.34,270.68
5561,2701,418,1,55.83,55.83
5562,2701,420,2,52.12,104.24
5563,2702,474,1,63.06,63.06
5564,2703,728,1,160.97,160.97
5565,2704,453,1,227.24,227.24
5566,2704,452,1,270.1,270.1
5567,2704,451,1,98.3,98.3
5568,2705,712,2,89.24,178.48
5569,2705,714,2,54.27,108.54
5570,2705,713,2,68.16,136.32
5571,2706,176,1,108.59,108.59
5572,2706,179,1,54.23,54.23
5573,2707,212,1,41.3,41.3
5574,2708,502,2,215.68,431.36
5575,2708,500,1,140.7,140.7
5576,2708,499,2,179.88,359.76
5577,2709,165,1,188.08,188.08
5578,2710,661,3,61.54,184.62
5579,2710,660,2,103.28,206.56
5580,2711,393,1,189.05,189.05
5581,2711,395,1,186.81,186.81
5582,2712,359,2,127.52,255.04
5583,2713,653,2,161.33,322.66
5584,2713,654,1,114.97,114.97
5585,2713,652,2,247.12,494.24
5586,2713,651,1,150.24,150.24
5587,2714,899,3,31.93,95.79
5588,2715,325,1,109.58,109.58
5589,2716,77,1,268.12,268.12
5590,2716,78,3,191.86,575.58
5591,2717,237,1,244.18,244.18
5592,2717,236,1,93.3,93.3
5593,2717,233,1,93.56,93.56
5594,2718,539,2,291.38,582.76
5595,2718,541,3,171.0,513.0
5596,2719,145,1,47.6,47.6
5597,2719,147,1,79.12,79.12
5598,2719,144,1,377.17,377.17
5599,2719,146,2,75.58,151.16
5600,2720,642,2,181.8,363.6
5601,2720,647,1,95.79,95.79
5602,2720,645,1,224.43,224.43
5603,2721,208,1,41.46,41.46
5604,2721,205,1,284.38,284.38
5605,2722,853,2,163.27,326.54
5606,2722,851,2,189.87,379.74
5607,2722,854,1,165.14,165.14
5608,2723,910,1,164.86,164.86
5609,2723,909,2,263.28,526.56
5610,2723,908,1,178.43,178.43
5611,2724,305,1,65.28,65.28
5612,2724,303,1,60.34,60.34
5613,2724,306,1,143.78,143.78
5614,2724,307,1,38.96,38.96
5615,2725,629,2,98.28,196.56
5616,2725,631,1,139.57,139.57
5617,2725,630,1,63.47,63.47
5618,2726,478,2,126.9,253.8
5619,2726,480,2,266.4,532.8
5620,2726,479,1,143.06,143.06
5621,2727,896,1,98.16,98.16
5622,2728,317,1,227.15,227.15
5623,2729,547,2,377.7,755.4
5624,2729,545,1,166.55,166.55
5625,2730,196,2,177.07,354.14
5626,2730,198,3,273.27,819.81
5627,2731,664,1,140.73,140.73
5628,2731,665,1,151.0,151.0
5629,2732,51,1,196.02,196.02
5630,2732,53,1,261.15,261.15
5631,2732,52,3,232.43,697.29
5632,2733,4,2,249.43,498.86
5633,2734,715,3,204.46,613.38
5634,2734,717,1,317.43,317.43
5635,2735,131,1,118.07,118.07
5636,2735,134,2,348.91,697.82
5637,2736,479,1,143.06,143.06
5638,2737,459,1,224.56,224.56
5639,2737,460,1,50.7,50.7
5640,2737,458,2,73.31,146.62
5641,2738,621,2,154.33,308.66
5642,2738,620,1,170.43,170.43
5643,2738,622,2,214.66,429.32
5644,2739,415,1,109.88,109.88
5645,2740,109,1,188.55,188.55
5646,2741,866,2,340.16,680.32
5647,2742,109,1,188.55,188.55
5648,2742,112,1,181.77,181.77
5649,2742,111,1,115.48,115.48
5650,2742,108,1,188.74,188.74
5651,2743,322,3,100.39,301.17
5652,2743,321,3,276.16,828.48
5653,2744,714,1,54.27,54.27
5654,2745,365,1,141.15,141.15
5655,2745,364,1,63.3,63.3
5656,2745,363,1,60.73,60.73
5657,2746,99,1,328.98,328.98
5658,2746,97,1,54.32,54.32
5659,2746,102,1,220.12,220.12
5660,2747,317,1,227.15,227.15
5661,2748,814,2,276.74,553.48
5662,2749,559,1,261.72,261.72
5663,2749,560,1,188.98,188.98
5664,2749,557,1,337.17,337.17
5665,2750,82,1,80.93,80.93
5666,2751,246,3,253.18,759.54
5667,2751,245,1,129.97,129.97
5668,2751,242,1,164.56,164.56
5669,2752,317,1,227.15,227.15
5670,2752,315,1,57.91,57.91
5671,2753,563,1,67.16,67.16
5672,2753,561,3,126.11,378.33
5673,2753,562,1,45.02,45.02
5674,2754,846,1,339.82,339.82
5675,2755,50,1,163.27,163.27
5676,2755,52,2,232.43,464.86
5677,2756,18,2,107.13,214.26
5678,2756,19,2,226.81,453.62
5679,2756,21,1,130.12,130.12
5680,2757,210,1,56.05,56.05
5681,2757,209,1,188.85,188.85
5682,2758,97,1,54.32,54.32
5683,2758,99,2,328.98,657.96
5684,2759,307,2,38.96,77.92
5685,2760,802,1,50.3,50.3
5686,2760,801,2,86.0,172.0
5687,2761,844,3,240.49,721.47
5688,2761,841,1,82.37,82.37
5689,2761,842,2,230.27,460.54
5690,2761,843,1,322.46,322.46
5691,2762,897,1,63.93,63.93
5692,2762,898,1,73.29,73.29
5693,2763,89,1,390.22,390.22
5694,2763,86,3,273.21,819.63
5695,2763,91,1,168.16,168.16
5696,2764,604,1,111.75,111.75
5697,2765,912,1,52.34,52.34
5698,2765,913,1,63.36,63.36
5699,2766,22,2,117.19,234.38
5700,2766,20,1,137.92,137.92
5701,2766,19,1,226.81,226.81
5702,2767,490,1,180.05,180.05
5703,2768,586,2,102.63,205.26
5704,2769,864,1,212.39,212.39
5705,2769,863,1,215.82,215.82
5706,2770,595,1,44.88,44.88
5707,2770,594,3,104.28,312.84
5708,2770,596,1,80.69,80.69
5709,2771,353,1,56.31,56.31
5710,2772,606,1,171.84,171.84
5711,2772,604,1,111.75,111.75
5712,2773,302,1,34.42,34.42
5713,2773,305,1,65.28,65.28
5714,2774,708,2,77.17,154.34
5715,2775,93,1,170.77,170.77
5716,2775,94,1,220.66,220.66
5717,2775,92,1,153.31,153.31
5718,2775,95,1,182.29,182.29
5719,2776,717,1,317.43,317.43
5720,2776,715,1,204.46,204.46
5721,2777,840,1,98.19,98.19
5722,2778,684,1,62.02,62.02
5723,2778,682,1,111.39,111.39
5724,2779,283,1,48.75,48.75
5725,2779,287,1,33.06,33.06
5726,2780,516,1,143.14,143.14
5727,2780,519,1,164.48,164.48
5728,2781,206,2,216.9,433.8
5729,2781,205,1,284.38,284.38
5730,2781,207,3,85.74,257.22
5731,2782,720,1,119.97,119.97
5732,2783,758,2,71.74,143.48
5733,2783,760,1,53.0,53.0
5734,2783,759,1,280.6,280.6
5735,2783,757,2,204.57,409.14
5736,2784,359,2,127.52,255.04
5737,2785,377,1,308.4,308.4
5738,2786,790,1,54.04,54.04
5739,2786,789,2,304.32,608.64
5740,2787,889,1,93.72,93.72
5741,2787,887,3,227.71,683.13
5742,2788,249,2,105.51,211.02
5743,2789,447,1,68.66,68.66
5744,2789,450,1,329.07,329.07
5745,2790,748,1,98.56,98.56
5746,2791,413,2,85.59,171.18
5747,2791,411,1,86.96,86.96
5748,2791,410,1,106.4,106.4
5749,2791,412,1,130.07,130.07
5750,2792,186,1,54.5,54.5
5751,2792,184,1,67.67,67.67
5752,2793,400,1,351.35,351.35
5753,2793,398,2,173.84,347.68
5754,2794,365,2,141.15,282.3
5755,2794,363,2,60.73,121.46
5756,2794,364,1,63.3,63.3
5757,2795,290,2,135.83,271.66
5758,2795,291,1,165.84,165.84
5759,2796,24,1,109.15,109.15
5760,2797,878,1,327.54,327.54
5761,2797,876,2,146.15,292.3
5762,2798,815,1,189.92,189.92
5763,2799,801,3,86.0,258.0
5764,2799,803,2,120.22,240.44
5765,2799,802,1,50.3,50.3
5766,2800,485,1,325.28,325.28
5767,2801,267,1,138.54,138.54
5768,2801,266,1,232.11,232.11
5769,2802,672,3,168.7,506.1
5770,2803,765,1,180.0,180.0
5771,2803,768,2,333.14,666.28
5772,2804,531,1,250.29,250.29
5773,2804,532,1,145.13,145.13
5774,2804,534,1,167.74,167.74
5775,2805,388,2,68.71,137.42
5776,2805,392,3,69.99,209.97
5777,2805,391,1,34.96,34.96
5778,2806,613,1,117.15,117.15
5779,2806,611,1,56.78,56.78
5780,2806,608,3,58.16,174.48
5781,2807,568,2,251.47,502.94
5782,2807,564,1,136.67,136.67
5783,2808,754,1,140.32,140.32
5784,2808,756,1,86.53,86.53
5785,2808,751,2,336.7,673.4
5786,2809,376,1,144.5,144.5
5787,2809,371,1,225.13,225.13
5788,2809,372,2,189.24,378.48
5789,2810,239,1,68.07,68.07
5790,2810,238,1,80.67,80.67
5791,2811,570,1,310.29,310.29
5792,2811,571,1,235.2,235.2
5793,2812,50,1,163.27,163.27
5794,2813,657,1,199.03,199.03
5795,2814,119,1,237.15,237.15
5796,2814,120,1,150.59,150.59
5797,2815,759,2,280.6,561.2
5798,2815,757,1,204.57,204.57
5799,2815,760,1,53.0,53.0
5800,2816,536,2,187.9,375.8
5801,2817,488,1,187.64,187.64
5802,2817,487,2,207.13,414.26
5803,2818,743,2,347.36,694.72
5804,2818,741,1,168.2,168.2
5805,2818,742,1,315.79,315.79
5806,2819,646,2,394.73,789.46
5807,2820,618,1,71.97,71.97
5808,2821,398,1,173.84,173.84
5809,2822,612,1,83.64,83.64
5810,2822,608,1,58.16,58.16
5811,2822,610,1,78.41,78.41
5812,2822,611,2,56.78,113.56
5813,2823,282,3,207.19,621.57
5814,2823,280,1,188.04,188.04
5815,2824,32,1,292.12,292.12
5816,2824,30,3,90.63,271.89
5817,2825,306,1,143.78,143.78
5818,2826,601,1,172.82,172.82
5819,2826,600,1,166.52,166.52
5820,2827,492,3,111.13,333.39
5821,2827,490,1,180.05,180.05
5822,2827,491,1,232.77,232.77
5823,2828,604,1,111.75,111.75
5824,2829,572,1,218.69,218.69
5825,2829,570,1,310.29,310.29
5826,2830,509,2,99.32,198.64
5827,2830,511,2,396.11,792.22
5828,2831,889,2,93.72,187.44
5829,2831,887,1,227.71,227.71
5830,2831,886,1,181.12,181.12
5831,2831,885,1,156.5,156.5
5832,2832,238,3,80.67,242.01
5833,2832,239,1,68.07,68.07
5834,2833,8,1,134.56,134.56
5835,2833,11,1,309.63,309.63
5836,2834,775,2,290.38,580.76
5837,2835,40,1,216.36,216.36
5838,2835,39,1,296.39,296.39
5839,2836,777,2,179.75,359.5
5840,2836,776,2,159.23,318.46
5841,2837,108,2,188.74,377.48
5842,2838,283,1,48.75,48.75
5843,2838,287,1,33.06,33.06
5844,2839,850,1,349.22,349.22
5845,2839,848,2,171.11,342.22
5846,2839,849,1,211.18,211.18
5847,2840,140,3,141.31,423.93
5848,2840,141,1,121.06,121.06
5849,2841,142,1,147.56,147.56
5850,2841,141,1,121.06,121.06
5851,2841,140,1,141.31,141.31
5852,2842,143,2,260.26,520.52
5853,2842,145,2,47.6,95.2
5854,2843,304,1,121.14,121.14
5855,2843,305,1,65.28,65.28
5856,2844,412,1,130.07,130.07
5857,2844,411,1,86.96,86.96
5858,2844,410,2,106.4,212.8
5859,2845,668,1,229.57,229.57
5860,2845,670,2,221.28,442.56
5861,2846,97,1,54.32,54.32
5862,2847,84,2,375.41,750.82
5863,2848,338,3,226.73,680.19
5864,2848,342,2,103.45,206.9
5865,2848,337,3,141.59,424.77
5866,2849,737,1,223.47,223.47
5867,2849,740,1,164.2,164.2
5868,2849,738,1,107.18,107.18
5869,2850,758,1,71.74,71.74
5870,2850,760,1,53.0,53.0
5871,2850,757,2,204.57,409.14
5872,2851,146,1,75.58,75.58
5873,2851,144,2,377.17,754.34
5874,2851,143,3,260.26,780.78
5875,2852,518,1,228.74,228.74
5876,2853,120,1,150.59,150.59
5877,2854,387,2,116.82,233.64
5878,2855,884,2,73.48,146.96
5879,2855,883,1,115.01,115.01
5880,2855,880,1,120.99,120.99
5881,2856,886,2,181.12,362.24
5882,2856,888,1,407.48,407.48
5883,2856,889,2,93.72,187.44
5884,2857,657,1,199.03,199.03
5885,2857,655,2,87.64,175.28
5886,2858,326,2,96.24,192.48
5887,2858,325,1,109.58,109.58
5888,2858,324,1,60.21,60.21
5889,2859,303,1,60.34,60.34
5890,2859,302,2,34.42,68.84
5891,2859,307,3,38.96,116.88
5892,2860,786,2,207.94,415.88
5893,2860,783,3,269.88,809.64
5894,2861,465,3,343.7,1031.1
5895,2861,463,2,197.55,395.1
5896,2862,823,1,235.27,235.27
5897,2862,822,1,235.68,235.68
5898,2862,824,2,175.76,351.52
5899,2863,90,3,88.08,264.24
5900,2863,89,1,390.22,390.22
5901,2864,155,1,224.21,224.21
5902,2865,836,1,46.52,46.52
5903,2866,888,1,407.48,407.48
5904,2866,889,1,93.72,93.72
5905,2866,886,2,181.12,362.24
5906,2867,123,1,67.15,67.15
5907,2868,413,1,85.59,85.59
5908,2868,412,1,130.07,130.07
5909,2869,343,2,126.85,253.7
5910,2869,345,1,154.26,154.26
5911,2870,909,2,263.28,526.56
5912,2871,11,1,309.63,309.63
5913,2871,10,1,199.96,199.96
5914,2872,635,1,44.6,44.6
5915,2872,634,1,33.76,33.76
5916,2873,187,2,111.92,223.84
5917,2874,698,2,384.89,769.78
5918,2874,696,3,271.89,815.67
5919,2874,697,1,89.58,89.58
5920,2875,130,2,191.13,382.26
5921,2875,129,1,318.78,318.78
5922,2876,798,2,68.78,137.56
5923,2876,796,1,81.74,81.74
5924,2876,799,1,121.08,121.08
5925,2877,539,3,291.38,874.14
5926,2877,541,1,171.0,171.0
5927,2878,889,1,93.72,93.72
5928,2878,887,2,227.71,455.42
5929,2879,160,2,51.25,102.5
5930,2879,157,1,47.16,47.16
5931,2880,318,1,316.44,316.44
5932,2880,317,2,227.15,454.3
5933,2881,422,1,61.14,61.14
5934,2881,424,1,225.14,225.14
5935,2881,423,1,328.13,328.13
5936,2881,425,1,109.48,109.48
5937,2882,186,2,54.5,109.0
5938,2882,185,3,99.42,298.26
5939,2883,163,3,325.54,976.62
5940,2883,166,1,68.12,68.12
5941,2883,162,2,126.83,253.66
5942,2883,164,1,250.1,250.1
5943,2884,159,1,133.67,133.67
5944,2885,348,1,70.44,70.44
5945,2886,439,1,121.62,121.62
5946,2886,443,1,161.44,161.44
5947,2886,444,2,166.98,333.96
5948,2887,205,1,284.38,284.38
5949,2887,208,3,41.46,124.38
5950,2887,207,1,85.74,85.74
5951,2888,49,1,114.57,114.57
5952,2888,47,2,144.62,289.24
5953,2889,124,2,55.5,111.0
5954,2889,121,1,68.06,68.06
5955,2890,317,1,227.15,227.15
5956,2890,316,1,360.72,360.72
5957,2890,315,1,57.91,57.91
5958,2891,495,1,167.83,167.83
5959,2891,494,1,269.46,269.46
5960,2892,617,1,69.96,69.96
5961,2892,618,1,71.97,71.97
5962,2893,392,1,69.99,69.99
5963,2893,388,2,68.71,137.42
5964,2894,357,2,231.23,462.46
5965,2895,796,1,81.74,81.74
5966,2895,797,1,90.2,90.2
5967,2896,560,2,188.98,377.96
5968,2896,558,1,103.39,103.39
5969,2896,559,1,261.72,261.72
5970,2897,257,1,155.76,155.76
5971,2897,258,1,204.63,204.63
5972,2897,259,3,232.16,696.48
5973,2898,299,1,158.61,158.61
5974,2898,300,1,165.37,165.37
5975,2898,298,2,218.25,436.5
5976,2899,199,2,178.77,357.54
5977,2899,200,2,300.13,600.26
5978,2900,704,1,96.6,96.6
5979,2901,748,1,98.56,98.56
5980,2901,750,2,135.65,271.3
5981,2902,716,1,138.42,138.42
5982,2902,715,1,204.46,204.46
5983,2902,718,1,120.94,120.94
5984,2903,618,1,71.97,71.97
5985,2903,616,1,56.77,56.77
5986,2903,619,3,126.63,379.89
5987,2904,513,1,89.69,89.69
5988,2904,514,2,42.45,84.9
5989,2905,418,1,55.83,55.83
5990,2905,419,1,83.65,83.65
5991,2905,421,1,135.34,135.34
5992,2905,420,2,52.12,104.24
5993,2906,552,3,51.22,153.66
5994,2907,572,1,218.69,218.69
5995,2907,570,3,310.29,930.87
5996,2908,459,1,224.56,224.56
5997,2908,460,1,50.7,50.7
5998,2908,458,3,73.31,219.93
5999,2909,236,1,93.3,93.3
6000,2909,237,1,244.18,244.18
6001,2910,363,2,60.73,121.46
6002,2910,365,1,141.15,141.15
6003,2911,344,1,116.64,116.64
6004,2911,345,1,154.26,154.26
6005,2911,343,1,126.85,126.85
6006,2912,347,2,117.02,234.04
6007,2912,348,1,70.44,70.44
6008,2913,114,1,290.96,290.96
6009,2914,300,1,165.37,165.37
6010,2914,298,1,218.25,218.25
6011,2914,299,1,158.61,158.61
6012,2915,830,1,220.1,220.1
6013,2915,829,2,171.53,343.06
6014,2916,614,2,74.03,148.06
6015,2916,619,1,126.63,126.63
6016,2917,841,1,82.37,82.37
6017,2917,843,3,322.46,967.38
6018,2918,210,1,56.05,56.05
6019,2918,209,2,188.85,377.7
6020,2918,211,2,280.44,560.88
6021,2919,47,1,144.62,144.62
6022,2920,638,2,182.04,364.08
6023,2921,749,3,76.43,229.29
6024,2922,529,1,153.59,153.59
6025,2922,525,1,186.93,186.93
6026,2923,53,1,261.15,261.15
6027,2923,50,1,163.27,163.27
6028,2923,51,1,196.02,196.02
6029,2924,865,2,133.67,267.34
6030,2925,490,2,180.05,360.1
6031,2926,284,1,109.38,109.38
6032,2927,648,2,79.5,159.0
6033,2927,650,1,66.55,66.55
6034,2927,649,2,43.02,86.04
6035,2928,224,2,176.29,352.58
6036,2929,586,2,102.63,205.26
6037,2929,587,1,237.66,237.66
6038,2929,589,1,99.63,99.63
6039,2930,404,2,97.37,194.74
6040,2930,402,1,83.91,83.91
6041,2930,405,1,398.51,398.51
6042,2931,602,1,222.26,222.26
6043,2931,600,1,166.52,166.52
6044,2932,623,2,244.43,488.86
6045,2933,130,3,191.13,573.39
6046,2934,24,1,109.15,109.15
6047,2934,25,3,68.47,205.41
6048,2934,26,2,265.72,531.44
6049,2935,801,1,86.0,86.0
6050,2936,757,1,204.57,204.57
6051,2936,758,1,71.74,71.74
6052,2936,759,2,280.6,561.2
6053,2937,309,1,170.6,170.6
6054,2937,312,1,181.75,181.75
6055,2938,657,2,199.03,398.06
6056,2938,656,2,199.09,398.18
6057,2939,857,3,167.57,502.71
6058,2939,859,2,321.47,642.94
6059,2940,541,1,171.0,171.0
6060,2941,760,1,53.0,53.0
6061,2942,351,2,147.39,294.78
6062,2943,184,3,67.67,203.01
6063,2943,185,1,99.42,99.42
6064,2944,364,1,63.3,63.3
6065,2945,47,2,144.62,289.24
6066,2945,49,1,114.57,114.57
6067,2946,487,1,207.13,207.13
6068,2946,488,1,187.64,187.64
6069,2946,489,1,270.74,270.74
6070,2947,75,1,110.03,110.03
6071,2948,622,2,214.66,429.32
6072,2948,621,2,154.33,308.66
6073,2949,93,1,170.77,170.77
6074,2950,815,3,189.92,569.76
6075,2950,814,1,276.74,276.74
6076,2951,573,1,152.85,152.85
6077,2952,405,1,398.51,398.51
6078,2952,402,1,83.91,83.91
6079,2952,403,2,217.91,435.82
6080,2953,100,1,224.84,224.84
6081,2953,98,1,94.11,94.11
6082,2953,101,2,111.49,222.98
6083,2954,775,2,290.38,580.76
6084,2954,777,2,179.75,359.5
6085,2955,403,1,217.91,217.91
6086,2955,405,1,398.51,398.51
6087,2955,404,3,97.37,292.11
6088,2956,900,1,113.05,113.05
6089,2956,897,1,63.93,63.93
6090,2957,769,1,264.24,264.24
6091,2957,765,3,180.0,540.0
6092,2958,50,1,163.27,163.27
6093,2959,784,2,384.16,768.32
6094,2959,786,1,207.94,207.94
6095,2960,666,3,98.37,295.11
6096,2961,98,1,94.11,94.11
6097,2962,203,1,190.86,190.86
6098,2963,845,2,303.39,606.78
6099,2963,847,1,247.63,247.63
6100,2964,881,1,77.18,77.18
6101,2965,266,1,232.11,232.11
6102,2965,267,1,138.54,138.54
6103,2965,269,1,181.62,181.62
6104,2966,662,1,139.57,139.57
6105,2966,659,1,99.34,99.34
6106,2967,728,1,160.97,160.97
6107,2967,729,1,144.59,144.59
6108,2967,730,1,225.87,225.87
6109,2968,60,1,146.6,146.6
6110,2968,63,1,155.08,155.08
6111,2968,64,1,220.68,220.68
6112,2969,38,1,212.74,212.74
6113,2969,41,1,194.45,194.45
6114,2970,735,1,125.79,125.79
6115,2970,736,1,67.36,67.36
6116,2971,795,1,165.02,165.02
6117,2971,794,1,373.23,373.23
6118,2972,616,1,56.77,56.77
6119,2972,619,1,126.63,126.63
6120,2972,617,1,69.96,69.96
6121,2973,409,2,245.84,491.68
6122,2973,408,2,299.49,598.98
6123,2974,65,2,303.87,607.74
6124,2975,185,1,99.42,99.42
6125,2975,184,2,67.67,135.34
6126,2976,845,1,303.39,303.39
6127,2976,846,3,339.82,1019.46
6128,2977,67,1,128.63,128.63
6129,2977,66,1,37.94,37.94
6130,2977,68,3,116.41,349.23
6131,2978,841,3,82.37,247.11
6132,2978,844,3,240.49,721.47
6133,2978,842,1,230.27,230.27
6134,2979,453,1,227.24,227.24
6135,2979,452,2,270.1,540.2
6136,2979,451,1,98.3,98.3
6137,2980,235,1,49.74,49.74
6138,2980,233,1,93.56,93.56
6139,2981,66,1,37.94,37.94
6140,2981,67,1,128.63,128.63
6141,2981,68,2,116.41,232.82
6142,2982,285,2,123.11,246.22
6143,2982,284,3,109.38,328.14
6144,2982,287,1,33.06,33.06
6145,2983,221,2,236.95,473.9
6146,2983,219,1,196.17,196.17
6147,2983,220,1,248.16,248.16
6148,2984,786,1,207.94,207.94
6149,2984,784,1,384.16,384.16
6150,2985,41,1,194.45,194.45
6151,2985,38,1,212.74,212.74
6152,2985,40,1,216.36,216.36
6153,2986,489,1,270.74,270.74
6154,2986,488,2,187.64,375.28
6155,2987,759,1,280.6,280.6
6156,2987,760,1,53.0,53.0
6157,2987,758,2,71.74,143.48
6158,2988,767,1,170.04,170.04
6159,2988,768,2,333.14,666.28
6160,2989,536,1,187.9,187.9
6161,2990,531,1,250.29,250.29
6162,2991,9,2,242.99,485.98
6163,2991,8,1,134.56,134.56
6164,2992,704,1,96.6,96.6
6165,2992,708,2,77.17,154.34
6166,2992,706,1,57.35,57.35
6167,2993,604,1,111.75,111.75
6168,2993,607,2,160.8,321.6
6169,2994,240,1,60.27,60.27
6170,2994,238,2,80.67,161.34
6171,2994,241,1,129.43,129.43
6172,2995,133,1,58.65,58.65
6173,2995,131,3,118.07,354.21
6174,2996,147,1,79.12,79.12
6175,2996,143,1,260.26,260.26
6176,2996,145,1,47.6,47.6
6177,2997,223,1,189.77,189.77
6178,2997,225,1,211.65,211.65
6179,2998,413,1,85.59,85.59
6180,2999,451,1,98.3,98.3
6181,2999,452,1,270.1,270.1
6182,3000,186,1,54.5,54.5
6183,3000,185,2,99.42,198.84
6184,3000,184,1,67.67,67.67
6185,3001,564,3,136.67,410.01
6186,3002,500,1,140.7,140.7
6187,3002,498,1,297.63,297.63
6188,3002,502,3,215.68,647.04
6189,3003,713,1,68.16,68.16
6190,3003,710,1,274.05,274.05
6191,3004,7,1,296.55,296.55
6192,3004,11,2,309.63,619.26
6193,3005,565,1,97.34,97.34
6194,3006,154,1,140.21,140.21
6195,3007,370,1,110.33,110.33
6196,3007,369,1,248.16,248.16
6197,3007,366,1,183.84,183.84
6198,3007,367,1,179.66,179.66
6199,3008,773,1,196.81,196.81
6200,3008,771,3,167.44,502.32
6201,3009,876,1,146.15,146.15
6202,3009,875,1,341.41,341.41
6203,3009,879,2,202.67,405.34
6204,3009,878,1,327.54,327.54
6205,3010,613,1,117.15,117.15
6206,3010,610,1,78.41,78.41
6207,3011,66,1,37.94,37.94
6208,3011,68,2,116.41,232.82
6209,3011,67,1,128.63,128.63
6210,3012,769,1,264.24,264.24
6211,3012,765,3,180.0,540.0
6212,3013,745,1,79.47,79.47
6213,3014,155,1,224.21,224.21
6214,3015,344,2,116.64,233.28
6215,3016,127,3,317.07,951.21
6216,3016,129,1,318.78,318.78
6217,3016,128,1,43.37,43.37
6218,3017,331,3,35.68,107.04
6219,3018,50,3,163.27,489.81
6220,3018,51,3,196.02,588.06
6221,3018,52,2,232.43,464.86
6222,3019,701,3,196.96,590.88
6223,3019,702,1,224.2,224.2
6224,3020,154,2,140.21,280.42
6225,3020,155,3,224.21,672.63
6226,3021,345,1,154.26,154.26
6227,3022,524,2,187.28,374.56
6228,3022,523,1,212.93,212.93
6229,3023,357,1,231.23,231.23
6230,3023,358,2,86.12,172.24
6231,3023,359,2,127.52,255.04
6232,3023,362,1,157.55,157.55
6233,3024,35,1,103.52,103.52
6234,3024,34,1,338.78,338.78
6235,3025,151,3,139.57,418.71
6236,3026,693,1,401.93,401.93
6237,3027,642,2,181.8,363.6
6238,3027,647,1,95.79,95.79
6239,3027,645,3,224.43,673.29
6240,3028,762,1,40.83,40.83
6241,3029,121,3,68.06,204.18
6242,3030,131,3,118.07,354.21
6243,3030,133,1,58.65,58.65
6244,3030,135,2,206.86,413.72
6245,3031,462,2,172.94,345.88
6246,3032,443,1,161.44,161.44
6247,3033,680,2,47.29,94.58
6248,3033,677,1,230.81,230.81
6249,3034,279,1,108.16,108.16
6250,3035,349,1,44.05,44.05
6251,3035,347,1,117.02,117.02
6252,3036,48,1,101.54,101.54
6253,3037,664,2,140.73,281.46
6254,3038,491,1,232.77,232.77
6255,3039,491,1,232.77,232.77
6256,3039,492,1,111.13,111.13
6257,3039,490,1,180.05,180.05
6258,3040,748,2,98.56,197.12
6259,3041,10,3,199.96,599.88
6260,3041,7,1,296.55,296.55
6261,3042,664,3,140.73,422.19
6262,3043,41,1,194.45,194.45
6263,3044,355,2,119.82,239.64
6264,3044,356,1,69.56,69.56
6265,3045,480,1,266.4,266.4
6266,3046,713,1,68.16,68.16
6267,3047,438,1,94.19,94.19
6268,3048,461,1,198.8,198.8
6269,3048,462,2,172.94,345.88
6270,3049,300,1,165.37,165.37
6271,3049,299,2,158.61,317.22
6272,3049,301,2,238.78,477.56
6273,3049,298,1,218.25,218.25
6274,3050,622,3,214.66,643.98
6275,3050,621,1,154.33,154.33
6276,3051,241,1,129.43,129.43
6277,3051,238,1,80.67,80.67
6278,3051,240,2,60.27,120.54
6279,3051,239,1,68.07,68.07
6280,3052,398,2,173.84,347.68
6281,3053,801,1,86.0,86.0
6282,3053,802,2,50.3,100.6
6283,3053,803,1,120.22,120.22
6284,3054,662,1,139.57,139.57
6285,3054,658,1,53.35,53.35
6286,3055,385,1,109.34,109.34
6287,3055,384,2,265.69,531.38
6288,3056,336,1,321.97,321.97
6289,3056,335,1,135.34,135.34
6290,3057,20,2,137.92,275.84
6291,3058,80,1,155.24,155.24
6292,3059,477,1,91.39,91.39
6293,3059,479,1,143.06,143.06
6294,3059,478,1,126.9,126.9
6295,3059,480,2,266.4,532.8
6296,3060,477,1,91.39,91.39
6297,3061,430,3,97.23,291.69
6298,3061,428,1,184.06,184.06
6299,3062,806,1,180.25,180.25
6300,3062,807,1,291.56,291.56
6301,3063,232,1,72.5,72.5
6302,3064,372,1,189.24,189.24
6303,3064,375,2,130.14,260.28
6304,3065,855,2,213.85,427.7
6305,3066,814,3,276.74,830.22
6306,3066,815,1,189.92,189.92
6307,3066,817,3,191.49,574.47
6308,3067,736,2,67.36,134.72
6309,3067,735,1,125.79,125.79
6310,3067,732,1,49.73,49.73
6311,3068,478,1,126.9,126.9
6312,3068,479,1,143.06,143.06
6313,3068,480,3,266.4,799.2
6314,3069,186,1,54.5,54.5
6315,3070,410,1,106.4,106.4
6316,3070,412,1,130.07,130.07
6317,3070,413,3,85.59,256.77
6318,3070,411,1,86.96,86.96
6319,3071,142,1,147.56,147.56
6320,3071,141,1,121.06,121.06
6321,3071,140,1,141.31,141.31
6322,3072,224,3,176.29,528.87
6323,3073,671,2,209.8,419.6
6324,3073,675,1,163.27,163.27
6325,3074,649,2,43.02,86.04
6326,3074,648,2,79.5,159.0
6327,3074,650,2,66.55,133.1
6328,3075,11,3,309.63,928.89
6329,3075,7,3,296.55,889.65
6330,3076,129,2,318.78,637.56
6331,3077,3,2,392.84,785.68
6332,3077,4,1,249.43,249.43
6333,3078,594,1,104.28,104.28
6334,3078,597,3,58.26,174.78
6335,3078,596,1,80.69,80.69
6336,3079,493,2,147.69,295.38
6337,3079,494,1,269.46,269.46
6338,3080,197,1,170.54,170.54
6339,3081,860,3,174.47,523.41
6340,3081,863,2,215.82,431.64
6341,3082,817,1,191.49,191.49
6342,3082,816,1,259.46,259.46
6343,3083,803,1,120.22,120.22
6344,3083,802,3,50.3,150.9
6345,3084,359,2,127.52,255.04
6346,3084,358,1,86.12,86.12
6347,3084,360,1,352.28,352.28
6348,3085,105,2,153.67,307.34
6349,3085,103,1,119.78,119.78
6350,3085,106,1,252.4,252.4
6351,3085,107,2,173.01,346.02
6352,3086,630,1,63.47,63.47
6353,3086,629,2,98.28,196.56
6354,3087,434,2,148.14,296.28
6355,3087,438,2,94.19,188.38
6356,3088,370,1,110.33,110.33
6357,3088,369,1,248.16,248.16
6358,3089,461,1,198.8,198.8
6359,3089,463,1,197.55,197.55
6360,3090,41,3,194.45,583.35
6361,3090,39,1,296.39,296.39
6362,3090,38,1,212.74,212.74
6363,3091,339,1,244.24,244.24
6364,3092,568,1,251.47,251.47
6365,3092,566,1,153.55,153.55
6366,3092,565,2,97.34,194.68
6367,3093,366,1,183.84,183.84
6368,3094,701,1,196.96,196.96
6369,3094,703,1,90.15,90.15
6370,3095,256,3,268.54,805.62
6371,3095,252,1,106.83,106.83
6372,3096,589,1,99.63,99.63
6373,3096,588,2,358.82,717.64
6374,3097,819,1,49.14,49.14
6375,3097,820,1,144.43,144.43
6376,3097,818,1,68.59,68.59
6377,3098,107,1,173.01,173.01
6378,3099,83,1,163.05,163.05
6379,3100,282,2,207.19,414.38
6380,3100,281,2,255.07,510.14
6381,3100,280,1,188.04,188.04
6382,3101,899,1,31.93,31.93
6383,3101,898,1,73.29,73.29
6384,3101,901,1,35.34,35.34
6385,3102,636,1,60.75,60.75
6386,3102,635,1,44.6,44.6
6387,3102,633,1,126.51,126.51
6388,3103,738,1,107.18,107.18
6389,3103,740,1,164.2,164.2
6390,3103,739,2,128.77,257.54
6391,3104,493,2,147.69,295.38
6392,3104,496,1,117.13,117.13
6393,3105,738,1,107.18,107.18
6394,3105,737,1,223.47,223.47
6395,3106,262,2,171.89,343.78
6396,3107,319,1,184.37,184.37
6397,3107,321,3,276.16,828.48
6398,3107,322,2,100.39,200.78
6399,3108,226,1,315.2,315.2
6400,3108,224,2,176.29,352.58
6401,3108,223,1,189.77,189.77
6402,3109,686,1,206.53,206.53
6403,3109,688,1,230.37,230.37
6404,3110,33,1,98.63,98.63
6405,3111,302,1,34.42,34.42
6406,3111,304,1,121.14,121.14
6407,3111,305,1,65.28,65.28
6408,3111,307,3,38.96,116.88
6409,3112,301,1,238.78,238.78
6410,3112,299,1,158.61,158.61
6411,3113,76,1,157.33,157.33
6412,3114,418,2,55.83,111.66
6413,3114,419,1,83.65,83.65
6414,3115,9,1,242.99,242.99
6415,3116,411,1,86.96,86.96
6416,3116,412,3,130.07,390.21
6417,3116,413,1,85.59,85.59
6418,3117,312,1,181.75,181.75
6419,3117,309,1,170.6,170.6
6420,3118,822,1,235.68,235.68
6421,3118,821,1,97.99,97.99
6422,3118,824,1,175.76,175.76
6423,3118,823,1,235.27,235.27
6424,3119,303,2,60.34,120.68
6425,3119,306,1,143.78,143.78
6426,3119,307,1,38.96,38.96
6427,3120,726,1,144.41,144.41
6428,3121,2,1,91.89,91.89
6429,3121,6,2,98.16,196.32
6430,3121,5,1,55.38,55.38
6431,3122,151,1,139.57,139.57
6432,3123,708,1,77.17,77.17
6433,3124,622,1,214.66,214.66
6434,3124,620,2,170.43,340.86
6435,3125,599,1,287.03,287.03
6436,3125,602,1,222.26,222.26
6437,3126,379,3,248.51,745.53
6438,3126,377,1,308.4,308.4
6439,3126,380,2,315.99,631.98
6440,3127,128,1,43.37,43.37
6441,3127,127,2,317.07,634.14
6442,3128,494,3,269.46,808.38
6443,3129,505,1,170.89,170.89
6444,3129,506,1,175.23,175.23
6445,3129,508,1,143.75,143.75
6446,3129,503,1,295.3,295.3
6447,3130,490,1,180.05,180.05
6448,3130,491,1,232.77,232.77
6449,3131,614,2,74.03,148.06
6450,3132,738,1,107.18,107.18
6451,3132,739,1,128.77,128.77
6452,3132,737,1,223.47,223.47
6453,3132,740,1,164.2,164.2
6454,3133,767,3,170.04,510.12
6455,3134,524,2,187.28,374.56
6456,3134,521,1,125.9,125.9
6457,3134,522,1,212.36,212.36
6458,3134,523,2,212.93,425.86
6459,3135,806,1,180.25,180.25
6460,3136,399,1,101.6,101.6
6461,3136,398,2,173.84,347.68
6462,3136,400,3,351.35,1054.05
6463,3137,501,1,144.71,144.71
6464,3137,498,2,297.63,595.26
6465,3138,364,1,63.3,63.3
6466,3138,365,1,141.15,141.15
6467,3139,195,1,55.4,55.4
6468,3140,856,1,395.69,395.69
6469,3141,538,1,181.71,181.71
6470,3141,536,1,187.9,187.9
6471,3142,732,1,49.73,49.73
6472,3143,175,1,58.41,58.41
6473,3143,178,1,102.39,102.39
6474,3144,156,1,375.8,375.8
6475,3145,22,2,117.19,234.38
6476,3146,619,3,126.63,379.89
6477,3147,318,2,316.44,632.88
6478,3147,316,1,360.72,360.72
6479,3148,363,2,60.73,121.46
6480,3148,365,1,141.15,141.15
6481,3148,364,1,63.3,63.3
6482,3149,768,1,333.14,333.14
6483,3150,649,2,43.02,86.04
6484,3150,648,2,79.5,159.0
6485,3151,297,2,211.98,423.96
6486,3151,294,1,166.44,166.44
6487,3152,451,1,98.3,98.3
6488,3152,453,1,227.24,227.24
6489,3153,884,2,73.48,146.96
6490,3153,880,1,120.99,120.99
6491,3153,881,1,77.18,77.18
6492,3154,17,1,156.37,156.37
6493,3154,18,1,107.13,107.13
6494,3155,238,2,80.67,161.34
6495,3155,239,1,68.07,68.07
6496,3156,519,1,164.48,164.48
6497,3156,515,1,186.71,186.71
6498,3156,516,1,143.14,143.14
6499,3157,87,1,226.62,226.62
6500,3157,90,1,88.08,88.08
6501,3157,89,1,390.22,390.22
6502,3158,840,1,98.19,98.19
6503,3158,837,1,294.06,294.06
6504,3159,148,2,180.17,360.34
6505,3159,152,1,148.72,148.72
6506,3159,153,1,234.19,234.19
6507,3160,441,1,268.1,268.1
6508,3160,443,1,161.44,161.44
6509,3160,442,2,200.79,401.58
6510,3160,440,1,216.38,216.38
6511,3161,510,3,263.86,791.58
6512,3161,514,2,42.45,84.9
6513,3162,238,2,80.67,161.34
6514,3162,239,3,68.07,204.21
6515,3162,241,2,129.43,258.86
6516,3163,279,1,108.16,108.16
6517,3163,275,1,185.4,185.4
6518,3164,493,1,147.69,147.69
6519,3164,494,2,269.46,538.92
6520,3164,495,2,167.83,335.66
6521,3165,234,1,270.62,270.62
6522,3166,363,1,60.73,60.73
6523,3166,365,2,141.15,282.3
6524,3167,687,1,214.33,214.33
6525,3167,686,1,206.53,206.53
6526,3168,759,2,280.6,561.2
6527,3169,494,1,269.46,269.46
6528,3169,493,1,147.69,147.69
6529,3170,301,1,238.78,238.78
6530,3170,300,1,165.37,165.37
6531,3171,824,1,175.76,175.76
6532,3171,825,2,168.79,337.58
6533,3172,628,1,163.08,163.08
6534,3172,627,1,96.1,96.1
6535,3173,817,2,191.49,382.98
6536,3174,872,1,178.81,178.81
6537,3174,871,3,91.78,275.34
6538,3174,873,3,266.32,798.96
6539,3175,570,1,310.29,310.29
6540,3176,251,1,61.6,61.6
6541,3177,91,1,168.16,168.16
6542,3178,366,1,183.84,183.84
6543,3179,191,2,69.35,138.7
6544,3179,189,1,61.9,61.9
6545,3180,192,1,351.86,351.86
6546,3180,193,1,208.03,208.03
6547,3180,194,2,91.51,183.02
6548,3181,884,1,73.48,73.48
6549,3181,881,2,77.18,154.36
6550,3182,894,1,364.88,364.88
6551,3182,896,1,98.16,98.16
6552,3182,895,2,198.26,396.52
6553,3183,915,1,45.26,45.26
6554,3183,913,2,63.36,126.72
6555,3183,912,1,52.34,52.34
6556,3183,914,1,123.48,123.48
6557,3184,310,3,145.13,435.39
6558,3184,309,1,170.6,170.6
6559,3184,308,1,211.24,211.24
6560,3184,313,3,105.57,316.71
6561,3185,531,2,250.29,500.58
6562,3185,532,1,145.13,145.13
6563,3185,533,1,135.37,135.37
6564,3185,534,2,167.74,335.48
6565,3186,626,2,179.18,358.36
6566,3187,11,2,309.63,619.26
6567,3187,9,1,242.99,242.99
6568,3187,7,1,296.55,296.55
6569,3187,8,3,134.56,403.68
6570,3188,593,1,156.78,156.78
6571,3188,591,1,272.73,272.73
6572,3188,592,1,184.37,184.37
6573,3188,590,1,106.61,106.61
6574,3189,146,1,75.58,75.58
6575,3189,145,1,47.6,47.6
6576,3189,144,2,377.17,754.34
6577,3190,591,2,272.73,545.46
6578,3190,593,1,156.78,156.78
6579,3191,745,1,79.47,79.47
6580,3191,744,1,337.01,337.01
6581,3191,746,3,163.45,490.35
6582,3192,339,1,244.24,244.24
6583,3192,340,2,201.26,402.52
6584,3192,342,2,103.45,206.9
6585,3193,20,1,137.92,137.92
6586,3193,17,1,156.37,156.37
6587,3194,570,1,310.29,310.29
6588,3194,572,2,218.69,437.38
6589,3194,571,1,235.2,235.2
6590,3195,139,2,132.01,264.02
6591,3196,278,2,216.2,432.4
6592,3196,274,1,233.46,233.46
6593,3197,525,2,186.93,373.86
6594,3198,109,3,188.55,565.65
6595,3198,111,1,115.48,115.48
6596,3198,110,2,248.8,497.6
6597,3199,167,2,54.36,108.72
6598,3199,163,3,325.54,976.62
6599,3199,164,2,250.1,500.2
6600,3200,71,2,234.56,469.12
6601,3200,72,1,165.11,165.11
6602,3201,484,1,49.34,49.34
6603,3201,485,1,325.28,325.28
6604,3201,482,1,120.13,120.13
6605,3201,483,2,269.0,538.0
6606,3201,481,1,58.04,58.04
6607,3202,101,1,111.49,111.49
6608,3202,97,1,54.32,54.32
6609,3203,885,1,156.5,156.5
6610,3204,71,1,234.56,234.56
6611,3205,123,1,67.15,67.15
6612,3205,122,3,122.5,367.5
6613,3206,666,3,98.37,295.11
6614,3206,668,2,229.57,459.14
6615,3207,910,1,164.86,164.86
6616,3208,771,1,167.44,167.44
6617,3209,531,2,250.29,500.58
6618,3209,534,1,167.74,167.74
6619,3210,151,1,139.57,139.57
6620,3210,150,3,270.56,811.68
6621,3210,149,1,180.91,180.91
6622,3210,148,1,180.17,180.17
6623,3211,269,1,181.62,181.62
6624,3211,266,1,232.11,232.11
6625,3211,268,1,181.94,181.94
6626,3212,540,1,195.02,195.02
6627,3212,541,2,171.0,342.0
6628,3212,539,1,291.38,291.38
6629,3213,310,1,145.13,145.13
6630,3214,498,1,297.63,297.63
6631,3214,502,3,215.68,647.04
6632,3215,338,1,226.73,226.73
6633,3215,341,1,309.67,309.67
6634,3215,340,1,201.26,201.26
6635,3216,401,1,207.04,207.04
6636,3217,277,2,149.98,299.96
6637,3217,275,2,185.4,370.8
6638,3217,279,1,108.16,108.16
6639,3218,453,2,227.24,454.48
6640,3218,451,2,98.3,196.6
6641,3218,452,1,270.1,270.1
6642,3219,413,1,85.59,85.59
6643,3219,412,3,130.07,390.21
6644,3219,410,1,106.4,106.4
6645,3220,576,1,99.65,99.65
6646,3220,573,1,152.85,152.85
6647,3221,367,1,179.66,179.66
6648,3221,369,1,248.16,248.16
6649,3221,366,1,183.84,183.84
6650,3222,653,1,161.33,161.33
6651,3222,651,1,150.24,150.24
6652,3223,207,3,85.74,257.22
6653,3223,206,1,216.9,216.9
6654,3224,645,2,224.43,448.86
6655,3224,644,1,152.27,152.27
6656,3225,117,1,157.68,157.68
6657,3225,119,2,237.15,474.3
6658,3226,279,1,108.16,108.16
6659,3226,276,2,236.14,472.28
6660,3227,413,1,85.59,85.59
6661,3227,410,3,106.4,319.2
6662,3228,398,2,173.84,347.68
6663,3228,399,1,101.6,101.6
6664,3228,401,2,207.04,414.08
6665,3229,252,2,106.83,213.66
6666,3230,498,1,297.63,297.63
6667,3231,476,2,107.68,215.36
6668,3232,728,1,160.97,160.97
6669,3233,186,1,54.5,54.5
6670,3233,184,1,67.67,67.67
6671,3233,185,2,99.42,198.84
6672,3234,885,1,156.5,156.5
6673,3234,886,1,181.12,181.12
6674,3234,889,1,93.72,93.72
6675,3235,108,1,188.74,188.74
6676,3236,846,2,339.82,679.64
6677,3237,262,1,171.89,171.89
6678,3237,264,1,102.41,102.41
6679,3237,260,3,312.34,937.02
6680,3238,253,2,189.92,379.84
6681,3238,254,2,177.19,354.38
6682,3238,252,2,106.83,213.66
6683,3239,882,1,60.01,60.01
6684,3239,880,3,120.99,362.97
6685,3239,883,1,115.01,115.01
6686,3240,115,1,209.52,209.52
6687,3240,114,1,290.96,290.96
6688,3240,113,1,358.19,358.19
6689,3241,324,1,60.21,60.21
6690,3242,34,3,338.78,1016.34
6691,3242,37,1,214.37,214.37
6692,3243,569,2,176.13,352.26
6693,3243,564,1,136.67,136.67
6694,3244,626,2,179.18,358.36
6695,3244,627,1,96.1,96.1
6696,3244,628,1,163.08,163.08
6697,3245,644,2,152.27,304.54
6698,3245,642,1,181.8,181.8
6699,3246,260,1,312.34,312.34
6700,3246,264,3,102.41,307.23
6701,3247,122,3,122.5,367.5
6702,3248,221,3,236.95,710.85
6703,3249,893,1,230.49,230.49
6704,3250,196,1,177.07,177.07
6705,3250,200,2,300.13,600.26
6706,3251,120,1,150.59,150.59
6707,3251,118,1,190.77,190.77
6708,3252,488,1,187.64,187.64
6709,3252,489,1,270.74,270.74
6710,3252,487,1,207.13,207.13
6711,3253,907,2,45.17,90.34
6712,3254,666,1,98.37,98.37
6713,3254,668,1,229.57,229.57
6714,3254,667,1,96.69,96.69
6715,3255,618,2,71.97,143.94
6716,3256,506,2,175.23,350.46
6717,3256,503,3,295.3,885.9
6718,3257,747,3,67.37,202.11
6719,3257,750,2,135.65,271.3
6720,3258,832,1,352.61,352.61
6721,3259,650,1,66.55,66.55
6722,3259,649,1,43.02,43.02
6723,3259,648,3,79.5,238.5
6724,3260,220,2,248.16,496.32
6725,3260,221,1,236.95,236.95
6726,3260,219,3,196.17,588.51
6727,3260,222,2,277.91,555.82
6728,3261,42,1,59.16,59.16
6729,3262,577,1,158.0,158.0
6730,3262,578,1,204.17,204.17
6731,3262,579,1,131.18,131.18
6732,3263,64,2,220.68,441.36
6733,3264,223,1,189.77,189.77
6734,3265,581,1,183.1,183.1
6735,3265,583,3,169.26,507.78
6736,3266,701,1,196.96,196.96
6737,3266,703,1,90.15,90.15
6738,3267,766,1,92.27,92.27
6739,3267,765,1,180.0,180.0
6740,3268,792,1,211.9,211.9
6741,3269,438,2,94.19,188.38
6742,3269,437,1,399.05,399.05
6743,3270,246,1,253.18,253.18
6744,3270,243,3,126.9,380.7
6745,3270,242,3,164.56,493.68
6746,3270,245,3,129.97,389.91
6747,3271,214,2,69.93,139.86
6748,3271,212,1,41.3,41.3
6749,3271,213,1,59.87,59.87
6750,3272,410,1,106.4,106.4
6751,3273,558,1,103.39,103.39
6752,3273,559,2,261.72,523.44
6753,3274,193,2,208.03,416.06
6754,3274,192,1,351.86,351.86
6755,3275,262,1,171.89,171.89
6756,3275,260,1,312.34,312.34
6757,3275,263,1,218.69,218.69
6758,3276,89,1,390.22,390.22
6759,3276,91,1,168.16,168.16
6760,3276,90,2,88.08,176.16
6761,3277,251,1,61.6,61.6
6762,3278,571,1,235.2,235.2
6763,3278,570,1,310.29,310.29
6764,3279,860,1,174.47,174.47
6765,3280,821,1,97.99,97.99
6766,3281,755,1,162.53,162.53
6767,3281,756,2,86.53,173.06
6768,3281,751,2,336.7,673.4
6769,3282,818,1,68.59,68.59
6770,3282,819,1,49.14,49.14
6771,3282,820,2,144.43,288.86
6772,3283,308,2,211.24,422.48
6773,3283,312,2,181.75,363.5
6774,3284,394,1,273.63,273.63
6775,3285,485,1,325.28,325.28
6776,3286,196,1,177.07,177.07
6777,3286,200,1,300.13,300.13
6778,3286,197,2,170.54,341.08
6779,3286,199,1,178.77,178.77
6780,3287,464,2,90.71,181.42
6781,3287,465,1,343.7,343.7
6782,3288,282,2,207.19,414.38
6783,3288,280,2,188.04,376.08
6784,3288,281,2,255.07,510.14
6785,3289,370,1,110.33,110.33
6786,3289,366,3,183.84,551.52
6787,3290,212,2,41.3,82.6
6788,3290,214,2,69.93,139.86
6789,3290,213,1,59.87,59.87
6790,3291,357,3,231.23,693.69
6791,3291,361,1,224.4,224.4
6792,3291,359,2,127.52,255.04
6793,3292,650,1,66.55,66.55
6794,3292,649,1,43.02,43.02
6795,3293,716,1,138.42,138.42
6796,3294,330,2,26.42,52.84
6797,3294,328,1,107.11,107.11
6798,3295,383,1,155.38,155.38
6799,3295,385,1,109.34,109.34
6800,3295,384,1,265.69,265.69
6801,3296,891,2,192.28,384.56
6802,3297,118,1,190.77,190.77
6803,3297,120,1,150.59,150.59
6804,3297,119,1,237.15,237.15
6805,3298,908,2,178.43,356.86
6806,3298,909,1,263.28,263.28
6807,3299,101,1,111.49,111.49
6808,3300,674,2,222.61,445.22
6809,3300,672,3,168.7,506.1
6810,3300,675,1,163.27,163.27
6811,3301,385,2,109.34,218.68
6812,3302,39,2,296.39,592.78
6813,3303,122,1,122.5,122.5
6814,3304,633,1,126.51,126.51
6815,3304,635,1,44.6,44.6
6816,3305,892,1,310.16,310.16
6817,3305,891,1,192.28,192.28
6818,3305,890,2,222.09,444.18
6819,3306,701,1,196.96,196.96
6820,3306,703,1,90.15,90.15
6821,3307,457,2,281.05,562.1
6822,3307,456,1,249.62,249.62
6823,3307,455,2,266.08,532.16
6824,3308,383,1,155.38,155.38
6825,3309,231,1,125.93,125.93
6826,3309,230,2,42.15,84.3
6827,3310,2,2,91.89,183.78
6828,3311,572,1,218.69,218.69
6829,3312,24,3,109.15,327.45
6830,3312,26,2,265.72,531.44
6831,3313,57,1,46.55,46.55
6832,3313,55,1,70.87,70.87
6833,3313,56,1,71.87,71.87
6834,3313,58,1,126.59,126.59
6835,3314,241,3,129.43,388.29
6836,3314,239,2,68.07,136.14
6837,3315,602,3,222.26,666.78
6838,3316,880,2,120.99,241.98
6839,3316,883,1,115.01,115.01
6840,3317,250,3,68.79,206.37
6841,3318,727,1,226.74,226.74
6842,3319,831,1,186.31,186.31
6843,3319,833,2,298.32,596.64
6844,3319,832,1,352.61,352.61
6845,3320,179,1,54.23,54.23
6846,3320,178,1,102.39,102.39
6847,3321,455,1,266.08,266.08
6848,3321,457,1,281.05,281.05
6849,3321,454,1,107.6,107.6
6850,3321,456,1,249.62,249.62
6851,3322,21,1,130.12,130.12
6852,3322,22,3,117.19,351.57
6853,3323,301,1,238.78,238.78
6854,3324,736,2,67.36,134.72
6855,3324,735,1,125.79,125.79
6856,3324,734,1,31.37,31.37
6857,3325,138,1,210.03,210.03
6858,3326,560,1,188.98,188.98
6859,3326,559,3,261.72,785.16
6860,3327,244,1,169.57,169.57
6861,3328,458,1,73.31,73.31
6862,3328,460,1,50.7,50.7
6863,3329,183,1,74.44,74.44
6864,3329,180,2,316.01,632.02
6865,3330,75,1,110.03,110.03
6866,3330,79,2,237.59,475.18
6867,3331,239,1,68.07,68.07
6868,3331,241,3,129.43,388.29
6869,3332,802,2,50.3,100.6
6870,3333,93,1,170.77,170.77
6871,3333,95,1,182.29,182.29
6872,3333,92,1,153.31,153.31
6873,3334,871,3,91.78,275.34
6874,3335,567,1,130.79,130.79
6875,3336,892,1,310.16,310.16
6876,3337,892,1,310.16,310.16
6877,3337,891,1,192.28,192.28
6878,3338,763,2,26.12,52.24
6879,3339,370,1,110.33,110.33
6880,3340,780,3,172.06,516.18
6881,3341,464,2,90.71,181.42
6882,3342,335,1,135.34,135.34
6883,3342,333,1,310.46,310.46
6884,3343,570,2,310.29,620.58
6885,3344,690,3,91.1,273.3
6886,3345,400,1,351.35,351.35
6887,3346,68,2,116.41,232.82
6888,3346,67,1,128.63,128.63
6889,3347,60,1,146.6,146.6
6890,3347,63,1,155.08,155.08
6891,3347,61,3,235.67,707.01
6892,3348,295,1,131.67,131.67
6893,3348,297,1,211.98,211.98
6894,3349,720,2,119.97,239.94
6895,3350,684,1,62.02,62.02
6896,3351,509,1,99.32,99.32
6897,3351,512,1,286.08,286.08
6898,3351,511,1,396.11,396.11
6899,3352,211,3,280.44,841.32
6900,3352,210,1,56.05,56.05
6901,3352,209,1,188.85,188.85
6902,3353,806,2,180.25,360.5
6903,3354,695,1,203.59,203.59
6904,3354,692,1,267.16,267.16
6905,3354,691,1,219.3,219.3
6906,3355,172,1,130.06,130.06
6907,3355,174,1,66.64,66.64
6908,3356,66,1,37.94,37.94
6909,3356,68,3,116.41,349.23
6910,3356,67,1,128.63,128.63
6911,3357,34,1,338.78,338.78
6912,3357,36,2,47.3,94.6
6913,3357,35,1,103.52,103.52
6914,3358,634,1,33.76,33.76
6915,3359,835,2,230.64,461.28
6916,3360,129,1,318.78,318.78
6917,3361,130,1,191.13,191.13
6918,3361,128,1,43.37,43.37
6919,3362,667,1,96.69,96.69
6920,3362,670,2,221.28,442.56
6921,3362,668,1,229.57,229.57
6922,3362,669,1,55.29,55.29
6923,3362,666,1,98.37,98.37
6924,3363,579,1,131.18,131.18
6925,3363,577,2,158.0,316.0
6926,3364,703,3,90.15,270.45
6927,3365,537,2,323.04,646.08
6928,3365,538,1,181.71,181.71
6929,3366,523,1,212.93,212.93
6930,3366,521,1,125.9,125.9
6931,3367,82,1,80.93,80.93
6932,3368,767,1,170.04,170.04
6933,3368,765,1,180.0,180.0
6934,3368,768,1,333.14,333.14
6935,3369,15,1,144.51,144.51
6936,3369,16,2,166.18,332.36
6937,3369,14,1,116.65,116.65
6938,3369,13,3,244.95,734.85
6939,3370,343,1,126.85,126.85
6940,3370,344,1,116.64,116.64
6941,3371,775,3,290.38,871.14
6942,3372,526,1,138.16,138.16
6943,3373,743,1,347.36,347.36
6944,3374,277,3,149.98,449.94
6945,3374,274,1,233.46,233.46
6946,3375,869,1,136.34,136.34
6947,3376,716,1,138.42,138.42
6948,3377,216,1,63.54,63.54
6949,3377,215,1,96.38,96.38
6950,3377,217,1,60.98,60.98
6951,3377,218,1,70.08,70.08
6952,3378,716,2,138.42,276.84
6953,3378,717,1,317.43,317.43
6954,3378,715,1,204.46,204.46
6955,3379,361,1,224.4,224.4
6956,3380,402,3,83.91,251.73
6957,3381,24,2,109.15,218.3
6958,3381,26,1,265.72,265.72
6959,3381,23,3,245.72,737.16
6960,3382,587,1,237.66,237.66
6961,3382,586,3,102.63,307.89
6962,3383,808,1,124.66,124.66
6963,3383,810,1,55.11,55.11
6964,3384,287,1,33.06,33.06
6965,3384,286,2,68.75,137.5
6966,3384,285,2,123.11,246.22
6967,3385,719,1,186.89,186.89
6968,3385,720,3,119.97,359.91
6969,3386,487,1,207.13,207.13
6970,3387,145,1,47.6,47.6
6971,3388,48,1,101.54,101.54
6972,3388,47,3,144.62,433.86
6973,3389,169,1,364.75,364.75
6974,3390,677,3,230.81,692.43
6975,3391,818,3,68.59,205.77
6976,3391,820,1,144.43,144.43
6977,3392,845,1,303.39,303.39
6978,3392,847,1,247.63,247.63
6979,3392,846,1,339.82,339.82
6980,3393,179,2,54.23,108.46
6981,3394,734,1,31.37,31.37
6982,3394,736,1,67.36,67.36
6983,3394,733,2,89.75,179.5
6984,3395,910,1,164.86,164.86
6985,3396,550,2,118.88,237.76
6986,3397,281,3,255.07,765.21
6987,3397,282,1,207.19,207.19
6988,3398,733,1,89.75,89.75
6989,3399,595,1,44.88,44.88
6990,3400,86,1,273.21,273.21
6991,3401,457,1,281.05,281.05
6992,3402,183,1,74.44,74.44
6993,3402,180,2,316.01,632.02
6994,3403,409,1,245.84,245.84
6995,3403,406,1,184.85,184.85
6996,3403,408,2,299.49,598.98
6997,3404,259,1,232.16,232.16
6998,3404,258,1,204.63,204.63
6999,3405,802,1,50.3,50.3
7000,3406,311,1,306.46,306.46
7001,3406,309,1,170.6,170.6
7002,3406,312,1,181.75,181.75
7003,3407,825,1,168.79,168.79
7004,3408,50,1,163.27,163.27
7005,3408,51,1,196.02,196.02
7006,3409,318,1,316.44,316.44
7007,3409,314,1,137.39,137.39
7008,3410,400,1,351.35,351.35
7009,3411,589,1,99.63,99.63
7010,3411,588,1,358.82,358.82
7011,3412,790,1,54.04,54.04
7012,3412,788,1,235.44,235.44
7013,3412,789,1,304.32,304.32
7014,3412,787,1,74.13,74.13
7015,3413,62,1,105.14,105.14
7016,3413,60,1,146.6,146.6
7017,3413,65,1,303.87,303.87
7018,3414,208,2,41.46,82.92
7019,3414,205,1,284.38,284.38
7020,3414,206,1,216.9,216.9
7021,3414,207,1,85.74,85.74
7022,3415,426,1,61.58,61.58
7023,3415,423,3,328.13,984.39
7024,3415,422,2,61.14,122.28
7025,3416,418,1,55.83,55.83
7026,3416,421,1,135.34,135.34
7027,3417,145,2,47.6,95.2
7028,3417,146,1,75.58,75.58
7029,3418,80,2,155.24,310.48
7030,3418,82,1,80.93,80.93
7031,3419,762,1,40.83,40.83
7032,3419,763,1,26.12,26.12
7033,3420,715,1,204.46,204.46
7034,3421,751,2,336.7,673.4
7035,3421,755,1,162.53,162.53
7036,3421,754,3,140.32,420.96
7037,3421,752,1,217.3,217.3
7038,3421,756,3,86.53,259.59
7039,3421,753,2,330.03,660.06
7040,3422,517,2,218.17,436.34
7041,3422,519,1,164.48,164.48
7042,3422,515,2,186.71,373.42
7043,3422,516,1,143.14,143.14
7044,3423,450,1,329.07,329.07
7045,3424,871,1,91.78,91.78
7046,3424,872,3,178.81,536.43
7047,3425,601,1,172.82,172.82
7048,3426,853,1,163.27,163.27
7049,3427,156,1,375.8,375.8
7050,3427,155,1,224.21,224.21
7051,3427,154,2,140.21,280.42
7052,3428,670,1,221.28,221.28
7053,3428,668,2,229.57,459.14
7054,3428,666,2,98.37,196.74
7055,3429,48,1,101.54,101.54
7056,3430,67,2,128.63,257.26
7057,3430,66,1,37.94,37.94
7058,3431,12,1,155.01,155.01
7059,3431,11,1,309.63,309.63
7060,3431,9,2,242.99,485.98
7061,3432,711,1,314.05,314.05
7062,3433,579,1,131.18,131.18
7063,3433,578,1,204.17,204.17
7064,3433,577,1,158.0,158.0
7065,3434,525,1,186.93,186.93
7066,3434,529,1,153.59,153.59
7067,3435,466,1,329.94,329.94
7068,3435,461,1,198.8,198.8
7069,3436,343,1,126.85,126.85
7070,3436,344,1,116.64,116.64
7071,3436,345,2,154.26,308.52
7072,3437,729,1,144.59,144.59
7073,3438,790,1,54.04,54.04
7074,3438,787,3,74.13,222.39
7075,3439,892,2,310.16,620.32
7076,3439,891,1,192.28,192.28
7077,3439,890,1,222.09,222.09
7078,3440,592,2,184.37,368.74
7079,3440,591,1,272.73,272.73
7080,3441,64,1,220.68,220.68
7081,3441,60,1,146.6,146.6
7082,3441,65,1,303.87,303.87
7083,3441,63,1,155.08,155.08
7084,3442,839,3,97.01,291.03
7085,3443,510,1,263.86,263.86
7086,3444,457,1,281.05,281.05
7087,3445,109,1,188.55,188.55
7088,3446,244,2,169.57,339.14
7089,3447,579,3,131.18,393.54
7090,3447,577,2,158.0,316.0
7091,3447,578,1,204.17,204.17
7092,3448,316,2,360.72,721.44
7093,3448,314,2,137.39,274.78
7094,3448,317,3,227.15,681.45
7095,3449,811,3,69.46,208.38
7096,3449,809,1,74.96,74.96
7097,3450,358,1,86.12,86.12
7098,3450,361,2,224.4,448.8
7099,3451,577,1,158.0,158.0
7100,3452,271,1,256.17,256.17
7101,3452,272,1,403.57,403.57
7102,3453,201,2,271.07,542.14
7103,3454,479,2,143.06,286.12
7104,3454,480,1,266.4,266.4
7105,3454,477,3,91.39,274.17
7106,3455,487,2,207.13,414.26
7107,3455,488,1,187.64,187.64
7108,3456,562,2,45.02,90.04
7109,3457,882,1,60.01,60.01
7110,3458,575,3,128.61,385.83
7111,3459,198,1,273.27,273.27
7112,3459,197,2,170.54,341.08
7113,3460,484,1,49.34,49.34
7114,3460,482,1,120.13,120.13
7115,3461,822,1,235.68,235.68
7116,3461,821,1,97.99,97.99
7117,3462,87,1,226.62,226.62
7118,3462,91,1,168.16,168.16
7119,3463,627,1,96.1,96.1
7120,3463,626,1,179.18,179.18
7121,3463,628,1,163.08,163.08
7122,3464,223,1,189.77,189.77
7123,3465,77,2,268.12,536.24
7124,3465,76,3,157.33,471.99
7125,3466,816,1,259.46,259.46
7126,3467,365,1,141.15,141.15
7127,3467,363,1,60.73,60.73
7128,3467,364,1,63.3,63.3
7129,3468,884,1,73.48,73.48
7130,3468,880,1,120.99,120.99
7131,3469,174,1,66.64,66.64
7132,3470,745,2,79.47,158.94
7133,3470,744,1,337.01,337.01
7134,3471,594,1,104.28,104.28
7135,3471,597,2,58.26,116.52
7136,3471,595,1,44.88,44.88
7137,3472,523,1,212.93,212.93
7138,3473,93,1,170.77,170.77
7139,3473,94,1,220.66,220.66
7140,3473,92,1,153.31,153.31
7141,3473,96,2,135.43,270.86
7142,3474,21,2,130.12,260.24
7143,3474,17,1,156.37,156.37
7144,3474,20,1,137.92,137.92
7145,3475,22,1,117.19,117.19
7146,3475,20,1,137.92,137.92
7147,3475,17,3,156.37,469.11
7148,3476,559,3,261.72,785.16
7149,3476,557,1,337.17,337.17
7150,3477,644,1,152.27,152.27
7151,3477,645,1,224.43,224.43
7152,3478,555,1,141.18,141.18
7153,3478,552,1,51.22,51.22
7154,3478,554,2,107.4,214.8
7155,3479,157,1,47.16,47.16
7156,3480,109,2,188.55,377.1
7157,3481,802,2,50.3,100.6
7158,3481,801,3,86.0,258.0
7159,3482,640,2,115.31,230.62
7160,3482,641,3,273.99,821.97
7161,3483,779,1,108.26,108.26
7162,3483,780,1,172.06,172.06
7163,3484,524,1,187.28,187.28
7164,3485,80,1,155.24,155.24
7165,3485,83,1,163.05,163.05
7166,3485,81,1,221.79,221.79
7167,3486,352,1,249.87,249.87
7168,3486,351,1,147.39,147.39
7169,3487,339,1,244.24,244.24
7170,3487,338,1,226.73,226.73
7171,3487,337,1,141.59,141.59
7172,3487,342,2,103.45,206.9
7173,3488,344,1,116.64,116.64
7174,3488,345,1,154.26,154.26
7175,3488,343,1,126.85,126.85
7176,3489,631,1,139.57,139.57
7177,3489,630,1,63.47,63.47
7178,3489,629,1,98.28,98.28
7179,3490,235,2,49.74,99.48
7180,3490,237,1,244.18,244.18
7181,3491,369,2,248.16,496.32
7182,3491,368,1,205.81,205.81
7183,3491,366,1,183.84,183.84
7184,3492,578,2,204.17,408.34
7185,3492,577,3,158.0,474.0
7186,3492,579,1,131.18,131.18
7187,3493,572,1,218.69,218.69
7188,3493,571,1,235.2,235.2
7189,3493,570,2,310.29,620.58
7190,3494,831,1,186.31,186.31
7191,3494,834,1,181.47,181.47
7192,3495,751,1,336.7,336.7
7193,3495,754,3,140.32,420.96
7194,3496,662,1,139.57,139.57
7195,3496,661,1,61.54,61.54
7196,3496,660,1,103.28,103.28
7197,3497,43,2,110.66,221.32
7198,3497,45,2,233.46,466.92
7199,3498,173,1,84.42,84.42
7200,3499,154,1,140.21,140.21
7201,3499,156,1,375.8,375.8
7202,3500,226,1,315.2,315.2
7203,3501,412,1,130.07,130.07
7204,3501,413,2,85.59,171.18
7205,3501,411,3,86.96,260.88
7206,3502,10,1,199.96,199.96
7207,3502,8,1,134.56,134.56
7208,3502,11,1,309.63,309.63
7209,3503,663,1,217.11,217.11
7210,3504,170,2,256.96,513.92
7211,3504,169,2,364.75,729.5
7212,3505,492,1,111.13,111.13
7213,3505,491,1,232.77,232.77
7214,3505,490,1,180.05,180.05
7215,3506,412,1,130.07,130.07
7216,3507,571,1,235.2,235.2
7217,3507,570,1,310.29,310.29
7218,3507,572,3,218.69,656.07
7219,3508,459,3,224.56,673.68
7220,3508,460,1,50.7,50.7
7221,3508,458,1,73.31,73.31
7222,3509,831,1,186.31,186.31
7223,3509,832,1,352.61,352.61
7224,3510,479,1,143.06,143.06
7225,3510,478,2,126.9,253.8
7226,3511,789,3,304.32,912.96
7227,3511,788,1,235.44,235.44
7228,3511,790,1,54.04,54.04
7229,3512,243,1,126.9,126.9
7230,3512,244,2,169.57,339.14
7231,3513,533,1,135.37,135.37
7232,3513,531,1,250.29,250.29
7233,3514,78,2,191.86,383.72
7234,3515,410,1,106.4,106.4
7235,3516,154,1,140.21,140.21
7236,3516,155,1,224.21,224.21
7237,3516,156,2,375.8,751.6
7238,3517,25,1,68.47,68.47
7239,3517,23,1,245.72,245.72
7240,3518,541,1,171.0,171.0
7241,3519,411,2,86.96,173.92
7242,3519,412,1,130.07,130.07
7243,3520,553,1,95.28,95.28
7244,3520,555,2,141.18,282.36
7245,3520,552,1,51.22,51.22
7246,3521,532,1,145.13,145.13
7247,3521,533,1,135.37,135.37
7248,3522,608,2,58.16,116.32
7249,3523,785,1,174.71,174.71
7250,3523,786,1,207.94,207.94
7251,3523,783,1,269.88,269.88
7252,3524,665,1,151.0,151.0
7253,3525,114,1,290.96,290.96
7254,3525,113,2,358.19,716.38
7255,3526,280,2,188.04,376.08
7256,3526,281,1,255.07,255.07
7257,3527,462,1,172.94,172.94
7258,3527,465,1,343.7,343.7
7259,3528,583,2,169.26,338.52
7260,3528,582,1,153.85,153.85
7261,3528,585,3,108.95,326.85
7262,3529,115,1,209.52,209.52
7263,3530,146,2,75.58,151.16
7264,3530,145,1,47.6,47.6
7265,3530,143,2,260.26,520.52
7266,3531,111,3,115.48,346.44
7267,3531,109,1,188.55,188.55
7268,3531,108,2,188.74,377.48
7269,3532,777,2,179.75,359.5
7270,3532,775,1,290.38,290.38
7271,3532,778,2,222.02,444.04
7272,3533,411,1,86.96,86.96
7273,3533,412,1,130.07,130.07
7274,3534,781,1,161.67,161.67
7275,3534,782,3,260.31,780.93
7276,3534,779,1,108.26,108.26
7277,3535,867,1,154.73,154.73
7278,3535,866,1,340.16,340.16
7279,3535,869,1,136.34,136.34
7280,3535,868,1,204.17,204.17
7281,3536,56,1,71.87,71.87
7282,3536,59,1,75.91,75.91
7283,3536,57,1,46.55,46.55
7284,3537,577,1,158.0,158.0
7285,3537,578,1,204.17,204.17
7286,3537,579,1,131.18,131.18
7287,3538,115,1,209.52,209.52
7288,3539,416,1,46.45,46.45
7289,3539,417,2,61.18,122.36
7290,3540,107,2,173.01,346.02
7291,3540,103,1,119.78,119.78
7292,3540,104,1,185.44,185.44
7293,3541,218,3,70.08,210.24
7294,3542,162,1,126.83,126.83
7295,3542,165,1,188.08,188.08
7296,3542,167,1,54.36,54.36
7297,3543,68,3,116.41,349.23
7298,3544,147,2,79.12,158.24
7299,3544,145,1,47.6,47.6
7300,3544,143,1,260.26,260.26
7301,3545,142,1,147.56,147.56
7302,3545,141,1,121.06,121.06
7303,3546,441,1,268.1,268.1
7304,3546,442,2,200.79,401.58
7305,3546,444,1,166.98,166.98
7306,3546,443,1,161.44,161.44
7307,3547,883,1,115.01,115.01
7308,3547,880,1,120.99,120.99
7309,3547,881,1,77.18,77.18
7310,3548,328,1,107.11,107.11
7311,3548,329,3,74.89,224.67
7312,3548,330,2,26.42,52.84
7313,3548,331,1,35.68,35.68
7314,3549,550,3,118.88,356.64
7315,3549,549,1,31.93,31.93
7316,3549,551,1,74.52,74.52
7317,3549,548,1,34.99,34.99
7318,3550,622,1,214.66,214.66
7319,3551,142,3,147.56,442.68
7320,3552,628,1,163.08,163.08
7321,3552,627,1,96.1,96.1
7322,3553,506,1,175.23,175.23
7323,3554,146,1,75.58,75.58
7324,3555,604,1,111.75,111.75
7325,3555,603,1,312.66,312.66
7326,3556,799,1,121.08,121.08
7327,3556,796,1,81.74,81.74
7328,3556,800,1,56.19,56.19
7329,3557,13,1,244.95,244.95
7330,3557,15,2,144.51,289.02
7331,3558,237,1,244.18,244.18
7332,3558,233,2,93.56,187.12
7333,3559,216,1,63.54,63.54
7334,3559,215,2,96.38,192.76
7335,3560,680,2,47.29,94.58
7336,3560,679,1,93.55,93.55
7337,3561,588,2,358.82,717.64
7338,3561,589,1,99.63,99.63
7339,3561,587,1,237.66,237.66
7340,3562,608,2,58.16,116.32
7341,3563,168,1,183.31,183.31
7342,3564,660,1,103.28,103.28
7343,3565,777,2,179.75,359.5
7344,3565,776,1,159.23,159.23
7345,3565,775,2,290.38,580.76
7346,3566,47,1,144.62,144.62
7347,3567,833,2,298.32,596.64
7348,3568,325,1,109.58,109.58
7349,3568,326,1,96.24,96.24
7350,3568,324,1,60.21,60.21
7351,3569,173,3,84.42,253.26
7352,3569,172,1,130.06,130.06
7353,3570,307,3,38.96,116.88
7354,3570,302,1,34.42,34.42
7355,3571,344,1,116.64,116.64
7356,3572,269,1,181.62,181.62
7357,3573,486,3,229.05,687.15
7358,3573,483,2,269.0,538.0
7359,3573,485,1,325.28,325.28
7360,3574,201,2,271.07,542.14
7361,3574,204,1,77.57,77.57
7362,3574,203,2,190.86,381.72
7363,3575,531,1,250.29,250.29
7364,3575,532,1,145.13,145.13
7365,3576,25,1,68.47,68.47
7366,3576,26,2,265.72,531.44
7367,3576,24,1,109.15,109.15
7368,3577,102,2,220.12,440.24
7369,3577,99,2,328.98,657.96
7370,3578,138,1,210.03,210.03
7371,3578,137,2,196.34,392.68
7372,3579,534,2,167.74,335.48
7373,3580,561,2,126.11,252.22
7374,3580,562,1,45.02,45.02
7375,3580,563,1,67.16,67.16
7376,3581,607,1,160.8,160.8
7377,3581,603,2,312.66,625.32
7378,3582,163,2,325.54,651.08
7379,3582,164,1,250.1,250.1
7380,3583,346,1,116.12,116.12
7381,3584,730,3,225.87,677.61
7382,3584,728,1,160.97,160.97
7383,3584,729,1,144.59,144.59
7384,3585,314,1,137.39,137.39
7385,3585,317,1,227.15,227.15
7386,3586,805,1,316.03,316.03
7387,3586,806,1,180.25,180.25
7388,3587,741,1,168.2,168.2
7389,3587,742,2,315.79,631.58
7390,3588,581,1,183.1,183.1
7391,3588,585,2,108.95,217.9
7392,3589,882,2,60.01,120.02
7393,3589,884,2,73.48,146.96
7394,3590,796,1,81.74,81.74
7395,3591,633,1,126.51,126.51
7396,3591,634,1,33.76,33.76
7397,3592,472,1,122.69,122.69
7398,3593,300,1,165.37,165.37
7399,3593,299,1,158.61,158.61
7400,3594,531,1,250.29,250.29
7401,3594,534,2,167.74,335.48
7402,3595,363,1,60.73,60.73
7403,3595,365,1,141.15,141.15
7404,3595,364,1,63.3,63.3
7405,3596,196,2,177.07,354.14
7406,3596,199,1,178.77,178.77
7407,3596,198,1,273.27,273.27
7408,3596,200,1,300.13,300.13
7409,3597,73,2,237.02,474.04
7410,3597,72,1,165.11,165.11
7411,3598,75,1,110.03,110.03
7412,3598,74,3,166.68,500.04
7413,3598,76,2,157.33,314.66
7414,3599,799,1,121.08,121.08
7415,3599,798,1,68.78,68.78
7416,3600,324,1,60.21,60.21
7417,3600,325,1,109.58,109.58
7418,3600,326,1,96.24,96.24
7419,3601,192,2,351.86,703.72
7420,3601,195,1,55.4,55.4
7421,3601,193,1,208.03,208.03
7422,3602,50,1,163.27,163.27
7423,3602,53,2,261.15,522.3
7424,3602,52,1,232.43,232.43
7425,3603,914,1,123.48,123.48
7426,3604,631,1,139.57,139.57
7427,3605,115,1,209.52,209.52
7428,3606,730,1,225.87,225.87
7429,3607,50,2,163.27,326.54
7430,3607,52,1,232.43,232.43
7431,3608,318,2,316.44,632.88
7432,3608,315,1,57.91,57.91
7433,3608,314,1,137.39,137.39
7434,3609,669,1,55.29,55.29
7435,3609,666,1,98.37,98.37
7436,3609,668,1,229.57,229.57
7437,3610,343,1,126.85,126.85
7438,3610,345,1,154.26,154.26
7439,3611,559,1,261.72,261.72
7440,3612,749,2,76.43,152.86
7441,3613,909,1,263.28,263.28
7442,3613,910,1,164.86,164.86
7443,3613,908,2,178.43,356.86
7444,3614,797,1,90.2,90.2
7445,3615,886,2,181.12,362.24
7446,3615,888,1,407.48,407.48
7447,3615,885,1,156.5,156.5
7448,3616,455,1,266.08,266.08
7449,3617,261,1,253.21,253.21
7450,3617,260,1,312.34,312.34
7451,3617,263,1,218.69,218.69
7452,3617,264,3,102.41,307.23
7453,3618,161,1,80.29,80.29
7454,3618,160,2,51.25,102.5
7455,3618,157,1,47.16,47.16
7456,3618,158,1,76.29,76.29
7457,3619,472,1,122.69,122.69
7458,3619,468,3,46.38,139.14
7459,3619,467,1,62.21,62.21
7460,3620,673,1,136.23,136.23
7461,3620,674,1,222.61,222.61
7462,3620,671,1,209.8,209.8
7463,3620,675,1,163.27,163.27
7464,3620,672,2,168.7,337.4
7465,3621,52,1,232.43,232.43
7466,3621,51,1,196.02,196.02
7467,3621,50,1,163.27,163.27
7468,3622,760,1,53.0,53.0
7469,3622,757,1,204.57,204.57
7470,3622,758,1,71.74,71.74
7471,3622,759,1,280.6,280.6
7472,3623,345,1,154.26,154.26
7473,3623,344,1,116.64,116.64
7474,3623,343,2,126.85,253.7
7475,3624,112,1,181.77,181.77
7476,3624,108,1,188.74,188.74
7477,3625,698,1,384.89,384.89
7478,3625,699,1,264.85,264.85
7479,3625,700,1,84.6,84.6
7480,3625,697,1,89.58,89.58
7481,3626,653,1,161.33,161.33
7482,3626,652,1,247.12,247.12
7483,3626,651,2,150.24,300.48
7484,3627,464,1,90.71,90.71
7485,3627,462,1,172.94,172.94
7486,3627,465,2,343.7,687.4
7487,3628,345,2,154.26,308.52
7488,3628,344,2,116.64,233.28
7489,3629,531,2,250.29,500.58
7490,3629,534,2,167.74,335.48
7491,3629,532,3,145.13,435.39
7492,3630,689,1,143.97,143.97
7493,3630,688,1,230.37,230.37
7494,3631,539,1,291.38,291.38
7495,3631,541,1,171.0,171.0
7496,3632,214,2,69.93,139.86
7497,3632,212,2,41.3,82.6
7498,3633,35,1,103.52,103.52
7499,3633,33,1,98.63,98.63
7500,3634,429,1,180.39,180.39
7501,3634,428,1,184.06,184.06
7502,3635,887,1,227.71,227.71
7503,3636,389,1,115.29,115.29
7504,3637,76,1,157.33,157.33
7505,3637,75,1,110.03,110.03
7506,3638,141,1,121.06,121.06
7507,3639,514,3,42.45,127.35
7508,3639,512,3,286.08,858.24
7509,3639,511,1,396.11,396.11
7510,3640,589,1,99.63,99.63
7511,3640,586,2,102.63,205.26
7512,3640,588,2,358.82,717.64
7513,3641,652,1,247.12,247.12
7514,3641,653,2,161.33,322.66
7515,3642,128,2,43.37,86.74
7516,3642,130,2,191.13,382.26
7517,3642,127,2,317.07,634.14
7518,3643,680,3,47.29,141.87
7519,3643,678,1,273.79,273.79
7520,3644,271,1,256.17,256.17
7521,3644,273,2,205.02,410.04
7522,3645,877,2,60.41,120.82
7523,3645,878,1,327.54,327.54
7524,3646,847,1,247.63,247.63
7525,3646,846,1,339.82,339.82
7526,3647,801,1,86.0,86.0
7527,3647,803,2,120.22,240.44
7528,3647,802,1,50.3,50.3
7529,3648,164,1,250.1,250.1
7530,3648,162,1,126.83,126.83
7531,3648,166,1,68.12,68.12
7532,3649,493,1,147.69,147.69
7533,3649,496,1,117.13,117.13
7534,3649,494,1,269.46,269.46
7535,3650,906,1,124.75,124.75
7536,3651,839,1,97.01,97.01
7537,3652,57,2,46.55,93.1
7538,3652,55,1,70.87,70.87
7539,3652,56,1,71.87,71.87
7540,3653,703,1,90.15,90.15
7541,3653,701,1,196.96,196.96
7542,3653,702,1,224.2,224.2
7543,3654,10,1,199.96,199.96
7544,3654,11,3,309.63,928.89
7545,3654,9,1,242.99,242.99
7546,3655,784,1,384.16,384.16
7547,3655,783,1,269.88,269.88
7548,3656,289,1,97.17,97.17
7549,3657,277,1,149.98,149.98
7550,3658,802,1,50.3,50.3
7551,3659,508,1,143.75,143.75
7552,3659,505,1,170.89,170.89
7553,3660,89,1,390.22,390.22
7554,3660,88,1,153.47,153.47
7555,3661,589,2,99.63,199.26
7556,3661,588,2,358.82,717.64
7557,3661,587,1,237.66,237.66
7558,3661,586,2,102.63,205.26
7559,3662,825,1,168.79,168.79
7560,3663,310,1,145.13,145.13
7561,3663,311,1,306.46,306.46
7562,3663,308,3,211.24,633.72
7563,3664,873,2,266.32,532.64
7564,3664,871,2,91.78,183.56
7565,3665,837,1,294.06,294.06
7566,3665,838,1,294.54,294.54
7567,3666,744,1,337.01,337.01
7568,3666,745,1,79.47,79.47
7569,3667,125,1,83.41,83.41
7570,3667,123,1,67.15,67.15
7571,3667,122,1,122.5,122.5
7572,3668,39,1,296.39,296.39
7573,3668,41,3,194.45,583.35
7574,3669,758,1,71.74,71.74
7575,3669,759,2,280.6,561.2
7576,3669,757,1,204.57,204.57
7577,3670,620,1,170.43,170.43
7578,3670,621,2,154.33,308.66
7579,3671,258,1,204.63,204.63
7580,3671,259,2,232.16,464.32
7581,3671,257,1,155.76,155.76
7582,3672,723,2,212.91,425.82
7583,3672,722,1,181.03,181.03
7584,3672,724,1,239.45,239.45
7585,3672,721,2,219.08,438.16
7586,3673,89,2,390.22,780.44
7587,3673,87,2,226.62,453.24
7588,3673,91,3,168.16,504.48
7589,3674,101,3,111.49,334.47
7590,3675,563,1,67.16,67.16
7591,3675,562,1,45.02,45.02
7592,3675,561,1,126.11,126.11
7593,3676,353,1,56.31,56.31
7594,3677,92,3,153.31,459.93
7595,3678,76,1,157.33,157.33
7596,3679,839,1,97.01,97.01
7597,3679,837,1,294.06,294.06
7598,3679,840,1,98.19,98.19
7599,3680,796,2,81.74,163.48
7600,3680,798,2,68.78,137.56
7601,3681,286,1,68.75,68.75
7602,3682,172,1,130.06,130.06
7603,3682,174,3,66.64,199.92
7604,3683,412,3,130.07,390.21
7605,3683,411,1,86.96,86.96
7606,3683,413,1,85.59,85.59
7607,3684,125,1,83.41,83.41
7608,3684,122,1,122.5,122.5
7609,3684,121,2,68.06,136.12
7610,3685,639,1,217.34,217.34
7611,3686,264,2,102.41,204.82
7612,3687,315,2,57.91,115.82
7613,3687,316,1,360.72,360.72
7614,3688,828,2,343.91,687.82
7615,3688,830,1,220.1,220.1
7616,3689,316,1,360.72,360.72
7617,3689,317,2,227.15,454.3
7618,3690,134,2,348.91,697.82
7619,3690,132,1,72.12,72.12
7620,3691,519,1,164.48,164.48
7621,3692,910,1,164.86,164.86
7622,3692,908,1,178.43,178.43
7623,3692,909,1,263.28,263.28
7624,3693,736,1,67.36,67.36
7625,3694,482,1,120.13,120.13
7626,3694,485,2,325.28,650.56
7627,3694,484,1,49.34,49.34
7628,3695,106,1,252.4,252.4
7629,3696,53,3,261.15,783.45
7630,3696,52,1,232.43,232.43
7631,3696,51,1,196.02,196.02
7632,3697,775,2,290.38,580.76
7633,3698,150,2,270.56,541.12
7634,3698,151,3,139.57,418.71
7635,3698,149,1,180.91,180.91
7636,3699,883,2,115.01,230.02
7637,3699,882,1,60.01,60.01
7638,3700,156,2,375.8,751.6
7639,3700,155,3,224.21,672.63
7640,3700,154,1,140.21,140.21
7641,3701,418,2,55.83,111.66
7642,3702,230,2,42.15,84.3
7643,3702,231,1,125.93,125.93
7644,3703,891,2,192.28,384.56
7645,3704,70,2,108.83,217.66
7646,3704,73,2,237.02,474.04
7647,3704,72,1,165.11,165.11
7648,3705,288,1,135.19,135.19
7649,3706,396,1,184.95,184.95
7650,3707,111,1,115.48,115.48
7651,3708,519,1,164.48,164.48
7652,3708,520,1,222.73,222.73
7653,3709,140,2,141.31,282.62
7654,3709,141,1,121.06,121.06
7655,3709,142,2,147.56,295.12
7656,3710,343,2,126.85,253.7
7657,3710,345,1,154.26,154.26
7658,3711,128,3,43.37,130.11
7659,3712,166,3,68.12,204.36
7660,3712,162,2,126.83,253.66
7661,3713,661,1,61.54,61.54
7662,3713,662,2,139.57,279.14
7663,3713,659,2,99.34,198.68
7664,3713,658,1,53.35,53.35
7665,3714,376,1,144.5,144.5
7666,3714,371,1,225.13,225.13
7667,3715,286,1,68.75,68.75
7668,3715,285,1,123.11,123.11
7669,3716,746,2,163.45,326.9
7670,3717,218,1,70.08,70.08
7671,3718,571,1,235.2,235.2
7672,3719,912,1,52.34,52.34
7673,3719,915,2,45.26,90.52
7674,3719,913,2,63.36,126.72
7675,3720,894,2,364.88,729.76
7676,3721,802,2,50.3,100.6
7677,3721,801,2,86.0,172.0
7678,3721,803,1,120.22,120.22
7679,3722,52,1,232.43,232.43
7680,3723,168,1,183.31,183.31
7681,3724,221,1,236.95,236.95
7682,3724,220,2,248.16,496.32
7683,3724,219,2,196.17,392.34
7684,3725,466,1,329.94,329.94
7685,3725,461,2,198.8,397.6
7686,3725,465,1,343.7,343.7
7687,3726,845,1,303.39,303.39
7688,3726,847,1,247.63,247.63
7689,3726,846,3,339.82,1019.46
7690,3727,872,3,178.81,536.43
7691,3727,874,1,332.73,332.73
7692,3728,790,1,54.04,54.04
7693,3728,789,1,304.32,304.32
7694,3729,603,1,312.66,312.66
7695,3729,605,1,189.7,189.7
7696,3729,607,2,160.8,321.6
7697,3730,472,1,122.69,122.69
7698,3730,469,1,101.71,101.71
7699,3730,467,3,62.21,186.63
7700,3731,699,1,264.85,264.85
7701,3731,700,1,84.6,84.6
7702,3732,319,2,184.37,368.74
7703,3733,166,1,68.12,68.12
7704,3733,163,2,325.54,651.08
7705,3733,162,1,126.83,126.83
7706,3734,2,1,91.89,91.89
7707,3734,5,1,55.38,55.38
7708,3734,6,2,98.16,196.32
7709,3735,732,1,49.73,49.73
7710,3736,233,1,93.56,93.56
7711,3736,237,1,244.18,244.18
7712,3737,273,1,205.02,205.02
7713,3737,271,2,256.17,512.34
7714,3738,811,1,69.46,69.46
7715,3739,207,1,85.74,85.74
7716,3739,208,2,41.46,82.92
7717,3739,205,1,284.38,284.38
7718,3740,528,2,194.87,389.74
7719,3741,629,2,98.28,196.56
7720,3742,466,1,329.94,329.94
7721,3742,465,1,343.7,343.7
7722,3743,75,1,110.03,110.03
7723,3743,79,3,237.59,712.77
7724,3744,817,1,191.49,191.49
7725,3744,815,1,189.92,189.92
7726,3745,179,1,54.23,54.23
7727,3745,175,1,58.41,58.41
7728,3745,176,3,108.59,325.77
7729,3746,869,2,136.34,272.68
7730,3747,43,2,110.66,221.32
7731,3747,42,1,59.16,59.16
7732,3747,44,2,240.69,481.38
7733,3748,914,2,123.48,246.96
7734,3748,912,1,52.34,52.34
7735,3748,915,1,45.26,45.26
7736,3749,115,1,209.52,209.52
7737,3750,62,2,105.14,210.28
7738,3750,61,2,235.67,471.34
7739,3751,331,1,35.68,35.68
7740,3751,330,1,26.42,26.42
7741,3752,770,2,332.82,665.64
7742,3752,773,3,196.81,590.43
7743,3752,774,1,100.58,100.58
7744,3753,519,1,164.48,164.48
7745,3753,520,1,222.73,222.73
7746,3753,516,1,143.14,143.14
7747,3754,744,1,337.01,337.01
7748,3754,745,1,79.47,79.47
7749,3755,538,1,181.71,181.71
7750,3756,510,1,263.86,263.86
7751,3757,858,3,155.28,465.84
7752,3757,857,2,167.57,335.14
7753,3758,423,2,328.13,656.26
7754,3758,426,1,61.58,61.58
7755,3759,172,1,130.06,130.06
7756,3760,511,2,396.11,792.22
7757,3760,512,2,286.08,572.16
7758,3761,887,3,227.71,683.13
7759,3762,32,2,292.12,584.24
7760,3762,31,3,345.22,1035.66
7761,3763,644,1,152.27,152.27
7762,3763,643,2,176.66,353.32
7763,3764,765,3,180.0,540.0
7764,3765,909,1,263.28,263.28
7765,3765,910,1,164.86,164.86
7766,3766,361,3,224.4,673.2
7767,3767,713,1,68.16,68.16
7768,3768,295,1,131.67,131.67
7769,3768,297,3,211.98,635.94
7770,3768,294,2,166.44,332.88
7771,3769,406,1,184.85,184.85
7772,3769,407,1,170.48,170.48
7773,3769,409,1,245.84,245.84
7774,3770,410,2,106.4,212.8
7775,3770,412,1,130.07,130.07
7776,3771,638,1,182.04,182.04
7777,3772,573,2,152.85,305.7
7778,3772,574,1,145.51,145.51
7779,3772,576,1,99.65,99.65
7780,3773,156,1,375.8,375.8
7781,3774,509,1,99.32,99.32
7782,3775,546,1,245.36,245.36
7783,3776,690,1,91.1,91.1
7784,3776,693,1,401.93,401.93
7785,3777,351,1,147.39,147.39
7786,3777,352,1,249.87,249.87
7787,3778,553,1,95.28,95.28
7788,3778,556,1,48.44,48.44
7789,3778,552,2,51.22,102.44
7790,3779,287,1,33.06,33.06
7791,3780,322,1,100.39,100.39
7792,3780,321,1,276.16,276.16
7793,3780,320,2,197.48,394.96
7794,3781,345,2,154.26,308.52
7795,3781,344,1,116.64,116.64
7796,3781,343,1,126.85,126.85
7797,3782,185,3,99.42,298.26
7798,3782,184,1,67.67,67.67
7799,3783,13,3,244.95,734.85
7800,3783,14,1,116.65,116.65
7801,3783,16,1,166.18,166.18
7802,3784,598,2,76.19,152.38
7803,3785,401,1,207.04,207.04
7804,3786,601,1,172.82,172.82
7805,3786,599,1,287.03,287.03
7806,3786,602,1,222.26,222.26
7807,3786,600,1,166.52,166.52
7808,3787,104,1,185.44,185.44
7809,3788,552,1,51.22,51.22
7810,3788,553,1,95.28,95.28
7811,3788,555,2,141.18,282.36
7812,3789,72,1,165.11,165.11
7813,3789,69,1,174.47,174.47
7814,3790,810,1,55.11,55.11
7815,3790,809,3,74.96,224.88
7816,3791,319,3,184.37,553.11
7817,3791,321,1,276.16,276.16
7818,3791,322,1,100.39,100.39
7819,3791,320,1,197.48,197.48
7820,3792,769,2,264.24,528.48
7821,3792,767,1,170.04,170.04
7822,3792,768,1,333.14,333.14
7823,3793,758,1,71.74,71.74
7824,3793,759,2,280.6,561.2
7825,3794,425,1,109.48,109.48
7826,3795,134,2,348.91,697.82
7827,3795,132,2,72.12,144.24
7828,3796,127,1,317.07,317.07
7829,3797,354,1,123.31,123.31
7830,3798,304,1,121.14,121.14
7831,3798,306,1,143.78,143.78
7832,3799,550,2,118.88,237.76
7833,3800,62,1,105.14,105.14
7834,3801,51,1,196.02,196.02
7835,3801,52,1,232.43,232.43
7836,3801,53,2,261.15,522.3
7837,3802,845,2,303.39,606.78
7838,3803,839,1,97.01,97.01
7839,3804,250,1,68.79,68.79
7840,3805,900,1,113.05,113.05
7841,3805,901,1,35.34,35.34
7842,3806,94,2,220.66,441.32
7843,3806,96,2,135.43,270.86
7844,3806,92,1,153.31,153.31
7845,3807,263,1,218.69,218.69
7846,3807,260,1,312.34,312.34
7847,3807,262,2,171.89,343.78
7848,3807,264,2,102.41,204.82
7849,3808,699,1,264.85,264.85
7850,3808,697,1,89.58,89.58
7851,3809,80,1,155.24,155.24
7852,3810,629,1,98.28,98.28
7853,3811,204,1,77.57,77.57
7854,3812,860,2,174.47,348.94
7855,3813,712,2,89.24,178.48
7856,3814,741,2,168.2,336.4
7857,3814,742,2,315.79,631.58
7858,3815,836,1,46.52,46.52
7859,3815,835,2,230.64,461.28
7860,3815,839,2,97.01,194.02
7861,3816,412,1,130.07,130.07
7862,3816,410,1,106.4,106.4
7863,3817,233,1,93.56,93.56
7864,3817,234,1,270.62,270.62
7865,3818,164,1,250.1,250.1
7866,3819,273,1,205.02,205.02
7867,3819,271,2,256.17,512.34
7868,3820,753,1,330.03,330.03
7869,3821,272,1,403.57,403.57
7870,3821,270,2,95.07,190.14
7871,3822,525,1,186.93,186.93
7872,3823,383,1,155.38,155.38
7873,3823,385,1,109.34,109.34
7874,3824,633,3,126.51,379.53
7875,3824,632,1,65.55,65.55
7876,3825,561,1,126.11,126.11
7877,3825,562,3,45.02,135.06
7878,3825,563,1,67.16,67.16
7879,3826,198,2,273.27,546.54
7880,3827,741,1,168.2,168.2
7881,3827,742,2,315.79,631.58
7882,3828,332,3,63.15,189.45
7883,3828,334,1,193.44,193.44
7884,3829,366,2,183.84,367.68
7885,3829,367,1,179.66,179.66
7886,3830,325,1,109.58,109.58
7887,3831,421,2,135.34,270.68
7888,3832,467,3,62.21,186.63
7889,3832,470,1,30.5,30.5
7890,3832,471,1,57.92,57.92
7891,3832,468,1,46.38,46.38
7892,3833,466,3,329.94,989.82
7893,3833,464,2,90.71,181.42
7894,3833,461,1,198.8,198.8
7895,3834,524,2,187.28,374.56
7896,3834,521,1,125.9,125.9
7897,3835,913,1,63.36,63.36
7898,3836,835,1,230.64,230.64
7899,3837,778,1,222.02,222.02
7900,3837,776,1,159.23,159.23
7901,3837,777,2,179.75,359.5
7902,3838,344,2,116.64,233.28
7903,3839,274,1,233.46,233.46
7904,3840,185,3,99.42,298.26
7905,3841,180,1,316.01,316.01
7906,3842,167,2,54.36,108.72
7907,3842,162,1,126.83,126.83
7908,3843,906,2,124.75,249.5
7909,3843,905,1,59.7,59.7
7910,3844,7,1,296.55,296.55
7911,3844,8,1,134.56,134.56
7912,3844,11,1,309.63,309.63
7913,3845,597,1,58.26,58.26
7914,3845,598,1,76.19,76.19
7915,3845,594,2,104.28,208.56
7916,3846,774,2,100.58,201.16
7917,3847,625,1,85.74,85.74
7918,3847,623,2,244.43,488.86
7919,3847,624,1,177.03,177.03
7920,3848,473,2,41.78,83.56
7921,3848,475,1,107.29,107.29
7922,3848,474,1,63.06,63.06
7923,3849,415,3,109.88,329.64
7924,3850,162,1,126.83,126.83
7925,3850,166,2,68.12,136.24
7926,3850,163,3,325.54,976.62
7927,3851,425,1,109.48,109.48
7928,3851,426,2,61.58,123.16
7929,3851,424,2,225.14,450.28
7930,3852,436,1,210.06,210.06
7931,3853,486,1,229.05,229.05
7932,3853,481,1,58.04,58.04
7933,3853,482,3,120.13,360.39
7934,3854,389,1,115.29,115.29
7935,3854,387,2,116.82,233.64
7936,3854,392,1,69.99,69.99
7937,3855,745,1,79.47,79.47
7938,3855,744,1,337.01,337.01
7939,3855,746,1,163.45,163.45
7940,3856,21,1,130.12,130.12
7941,3856,17,2,156.37,312.74
7942,3856,22,1,117.19,117.19
7943,3857,896,1,98.16,98.16
7944,3857,893,1,230.49,230.49
7945,3858,382,3,396.46,1189.38
7946,3859,470,1,30.5,30.5
7947,3859,471,1,57.92,57.92
7948,3859,467,1,62.21,62.21
7949,3859,472,1,122.69,122.69
7950,3860,840,1,98.19,98.19
7951,3860,835,3,230.64,691.92
7952,3860,836,2,46.52,93.04
7953,3861,199,1,178.77,178.77
7954,3861,197,2,170.54,341.08
7955,3861,198,1,273.27,273.27
7956,3862,731,1,86.37,86.37
7957,3862,735,1,125.79,125.79
7958,3863,574,1,145.51,145.51
7959,3863,575,1,128.61,128.61
7960,3863,576,1,99.65,99.65
7961,3864,369,1,248.16,248.16
7962,3864,367,3,179.66,538.98
7963,3864,366,2,183.84,367.68
7964,3865,731,1,86.37,86.37
7965,3866,756,1,86.53,86.53
7966,3866,753,1,330.03,330.03
7967,3866,755,2,162.53,325.06
7968,3867,621,3,154.33,462.99
7969,3867,622,3,214.66,643.98
7970,3867,620,3,170.43,511.29
7971,3868,822,2,235.68,471.36
7972,3869,914,1,123.48,123.48
7973,3870,698,1,384.89,384.89
7974,3870,700,1,84.6,84.6
7975,3871,479,1,143.06,143.06
7976,3872,809,1,74.96,74.96
7977,3873,278,1,216.2,216.2
7978,3874,820,1,144.43,144.43
7979,3874,818,1,68.59,68.59
7980,3875,803,1,120.22,120.22
7981,3875,801,1,86.0,86.0
7982,3876,814,1,276.74,276.74
7983,3876,815,1,189.92,189.92
7984,3877,19,3,226.81,680.43
7985,3877,18,1,107.13,107.13
7986,3878,321,1,276.16,276.16
7987,3878,319,2,184.37,368.74
7988,3878,322,1,100.39,100.39
7989,3879,35,1,103.52,103.52
7990,3879,33,1,98.63,98.63
7991,3879,37,3,214.37,643.11
7992,3880,284,2,109.38,218.76
7993,3881,882,1,60.01,60.01
7994,3881,883,1,115.01,115.01
7995,3882,347,1,117.02,117.02
7996,3882,346,2,116.12,232.24
7997,3883,369,1,248.16,248.16
7998,3883,366,1,183.84,183.84
7999,3884,352,1,249.87,249.87
8000,3884,350,1,92.36,92.36
8001,3884,351,1,147.39,147.39
8002,3885,48,1,101.54,101.54
8003,3886,95,1,182.29,182.29
8004,3887,744,1,337.01,337.01
8005,3887,745,2,79.47,158.94
8006,3887,746,3,163.45,490.35
8007,3888,626,1,179.18,179.18
8008,3888,627,1,96.1,96.1
8009,3888,628,2,163.08,326.16
8010,3889,114,1,290.96,290.96
8011,3890,728,2,160.97,321.94
8012,3891,888,1,407.48,407.48
8013,3892,842,1,230.27,230.27
8014,3892,841,2,82.37,164.74
8015,3893,188,2,64.04,128.08
8016,3893,191,2,69.35,138.7
8017,3894,142,2,147.56,295.12
8018,3894,141,2,121.06,242.12
8019,3894,140,2,141.31,282.62
8020,3895,561,2,126.11,252.22
8021,3895,563,1,67.16,67.16
8022,3895,562,2,45.02,90.04
8023,3896,477,1,91.39,91.39
8024,3896,479,1,143.06,143.06
8025,3897,665,1,151.0,151.0
8026,3897,663,1,217.11,217.11
8027,3897,664,1,140.73,140.73
8028,3898,464,2,90.71,181.42
8029,3899,769,1,264.24,264.24
8030,3899,767,1,170.04,170.04
8031,3899,765,1,180.0,180.0
8032,3900,67,1,128.63,128.63
8033,3900,66,2,37.94,75.88
8034,3900,68,2,116.41,232.82
8035,3901,273,1,205.02,205.02
8036,3901,271,1,256.17,256.17
8037,3901,270,3,95.07,285.21
8038,3902,417,1,61.18,61.18
8039,3903,310,1,145.13,145.13
8040,3904,631,3,139.57,418.71
8041,3904,629,2,98.28,196.56
8042,3905,344,1,116.64,116.64
8043,3905,343,1,126.85,126.85
8044,3905,345,3,154.26,462.78
8045,3906,129,3,318.78,956.34
8046,3906,128,2,43.37,86.74
8047,3907,668,3,229.57,688.71
8048,3907,669,3,55.29,165.87
8049,3908,151,1,139.57,139.57
8050,3908,152,1,148.72,148.72
8051,3908,150,3,270.56,811.68
8052,3908,149,3,180.91,542.73
8053,3909,37,2,214.37,428.74
8054,3909,35,2,103.52,207.04
8055,3910,280,3,188.04,564.12
8056,3911,295,1,131.67,131.67
8057,3911,294,1,166.44,166.44
8058,3911,297,2,211.98,423.96
8059,3911,296,1,148.22,148.22
8060,3912,413,1,85.59,85.59
8061,3912,410,1,106.4,106.4
8062,3913,211,2,280.44,560.88
8063,3914,665,1,151.0,151.0
8064,3914,664,1,140.73,140.73
8065,3915,100,1,224.84,224.84
8066,3916,898,1,73.29,73.29
8067,3916,899,2,31.93,63.86
8068,3917,57,1,46.55,46.55
8069,3917,54,2,120.02,240.04
8070,3918,622,1,214.66,214.66
8071,3918,620,1,170.43,170.43
8072,3919,809,2,74.96,149.92
8073,3920,557,1,337.17,337.17
8074,3920,559,2,261.72,523.44
8075,3920,558,3,103.39,310.17
8076,3921,711,1,314.05,314.05
8077,3921,710,3,274.05,822.15
8078,3921,714,1,54.27,54.27
8079,3921,713,2,68.16,136.32
8080,3922,550,1,118.88,118.88
8081,3922,548,2,34.99,69.98
8082,3922,551,2,74.52,149.04
8083,3923,621,1,154.33,154.33
8084,3923,620,1,170.43,170.43
8085,3924,449,1,190.04,190.04
8086,3925,313,1,105.57,105.57
8087,3925,312,1,181.75,181.75
8088,3925,310,2,145.13,290.26
8089,3926,384,1,265.69,265.69
8090,3927,207,3,85.74,257.22
8091,3927,206,2,216.9,433.8
8092,3928,8,2,134.56,269.12
8093,3928,7,1,296.55,296.55
8094,3928,9,2,242.99,485.98
8095,3929,206,1,216.9,216.9
8096,3929,208,1,41.46,41.46
8097,3930,588,1,358.82,358.82
8098,3931,837,2,294.06,588.12
8099,3931,839,1,97.01,97.01
8100,3931,835,3,230.64,691.92
8101,3931,838,1,294.54,294.54
8102,3932,621,1,154.33,154.33
8103,3932,622,2,214.66,429.32
8104,3933,169,2,364.75,729.5
8105,3933,171,2,142.09,284.18
8106,3934,315,1,57.91,57.91
8107,3934,314,1,137.39,137.39
8108,3935,350,1,92.36,92.36
8109,3935,352,1,249.87,249.87
8110,3936,332,2,63.15,126.3
8111,3936,335,1,135.34,135.34
8112,3936,334,2,193.44,386.88
8113,3936,336,1,321.97,321.97
8114,3937,863,1,215.82,215.82
8115,3938,225,1,211.65,211.65
8116,3938,223,1,189.77,189.77
8117,3938,224,1,176.29,176.29
8118,3939,112,1,181.77,181.77
8119,3940,214,2,69.93,139.86
8120,3940,213,1,59.87,59.87
8121,3941,428,1,184.06,184.06
8122,3941,429,2,180.39,360.78
8123,3941,431,1,260.09,260.09
8124,3942,310,1,145.13,145.13
8125,3942,308,2,211.24,422.48
8126,3943,665,2,151.0,302.0
8127,3943,664,1,140.73,140.73
8128,3943,663,3,217.11,651.33
8129,3944,11,1,309.63,309.63
8130,3945,648,1,79.5,79.5
8131,3945,649,1,43.02,43.02
8132,3945,650,2,66.55,133.1
8133,3946,839,1,97.01,97.01
8134,3946,838,1,294.54,294.54
8135,3947,911,1,35.43,35.43
8136,3947,914,2,123.48,246.96
8137,3948,130,3,191.13,573.39
8138,3949,32,1,292.12,292.12
8139,3949,27,1,51.5,51.5
8140,3950,714,1,54.27,54.27
8141,3950,709,1,218.31,218.31
8142,3950,713,2,68.16,136.32
8143,3951,747,2,67.37,134.74
8144,3951,749,1,76.43,76.43
8145,3952,326,1,96.24,96.24
8146,3952,325,2,109.58,219.16
8147,3953,765,1,180.0,180.0
8148,3954,729,1,144.59,144.59
8149,3954,728,1,160.97,160.97
8150,3954,730,2,225.87,451.74
8151,3955,539,1,291.38,291.38
8152,3955,540,1,195.02,195.02
8153,3956,64,1,220.68,220.68
8154,3956,61,1,235.67,235.67
8155,3956,60,1,146.6,146.6
8156,3957,159,1,133.67,133.67
8157,3957,161,1,80.29,80.29
8158,3957,160,1,51.25,51.25
8159,3958,151,2,139.57,279.14
8160,3959,273,1,205.02,205.02
8161,3960,881,1,77.18,77.18
8162,3961,576,2,99.65,199.3
8163,3961,573,3,152.85,458.55
8164,3962,903,1,65.19,65.19
8165,3963,683,1,78.01,78.01
8166,3963,681,1,61.45,61.45
8167,3963,685,1,105.81,105.81
8168,3964,185,2,99.42,198.84
8169,3964,186,1,54.5,54.5
8170,3965,75,3,110.03,330.09
8171,3966,889,1,93.72,93.72
8172,3966,887,3,227.71,683.13
8173,3967,864,1,212.39,212.39
8174,3967,862,1,132.12,132.12
8175,3968,782,1,260.31,260.31
8176,3968,780,2,172.06,344.12
8177,3969,774,1,100.58,100.58
8178,3969,773,1,196.81,196.81
8179,3970,873,1,266.32,266.32
8180,3970,871,1,91.78,91.78
8181,3970,874,1,332.73,332.73
8182,3971,285,1,123.11,123.11
8183,3972,509,1,99.32,99.32
8184,3973,164,1,250.1,250.1
8185,3973,163,1,325.54,325.54
8186,3973,167,1,54.36,54.36
8187,3973,165,1,188.08,188.08
8188,3974,824,1,175.76,175.76
8189,3975,359,1,127.52,127.52
8190,3976,114,2,290.96,581.92
8191,3977,726,2,144.41,288.82
8192,3978,794,1,373.23,373.23
8193,3978,795,1,165.02,165.02
8194,3978,791,1,260.78,260.78
8195,3979,741,1,168.2,168.2
8196,3979,743,1,347.36,347.36
8197,3980,369,2,248.16,496.32
8198,3980,367,1,179.66,179.66
8199,3980,368,1,205.81,205.81
8200,3981,566,1,153.55,153.55
8201,3981,565,3,97.34,292.02
8202,3982,142,1,147.56,147.56
8203,3983,316,1,360.72,360.72
8204,3983,315,1,57.91,57.91
8205,3984,131,1,118.07,118.07
8206,3984,132,2,72.12,144.24
8207,3985,873,1,266.32,266.32
8208,3986,194,2,91.51,183.02
8209,3986,192,1,351.86,351.86
8210,3986,193,1,208.03,208.03
8211,3986,195,1,55.4,55.4
8212,3987,604,1,111.75,111.75
8213,3987,607,1,160.8,160.8
8214,3988,265,1,259.7,259.7
8215,3989,885,1,156.5,156.5
8216,3989,886,2,181.12,362.24
8217,3989,889,1,93.72,93.72
8218,3990,3,1,392.84,392.84
8219,3990,2,1,91.89,91.89
8220,3990,6,1,98.16,98.16
8221,3991,294,2,166.44,332.88
8222,3991,296,1,148.22,148.22
8223,3991,295,1,131.67,131.67
8224,3992,567,1,130.79,130.79
8225,3992,568,1,251.47,251.47
8226,3992,569,3,176.13,528.39
8227,3992,566,1,153.55,153.55
8228,3993,413,1,85.59,85.59
8229,3993,410,2,106.4,212.8
8230,3993,412,1,130.07,130.07
8231,3994,574,1,145.51,145.51
8232,3995,604,2,111.75,223.5
8233,3996,833,2,298.32,596.64
8234,3997,514,1,42.45,42.45
8235,3997,512,3,286.08,858.24
8236,3998,594,2,104.28,208.56
8237,3998,595,2,44.88,89.76
8238,3998,598,2,76.19,152.38
8239,3999,243,1,126.9,126.9
8240,4000,666,1,98.37,98.37
8241,4001,29,1,107.67,107.67
8242,4002,718,1,120.94,120.94
8243,4002,717,1,317.43,317.43
8244,4002,715,1,204.46,204.46
8245,4003,356,1,69.56,69.56
8246,4003,354,1,123.31,123.31
8247,4003,353,1,56.31,56.31
8248,4003,355,1,119.82,119.82
8249,4004,575,3,128.61,385.83
8250,4005,4,2,249.43,498.86
8251,4006,280,3,188.04,564.12
8252,4006,281,1,255.07,255.07
8253,4007,272,1,403.57,403.57
8254,4007,271,1,256.17,256.17
8255,4007,273,3,205.02,615.06
8256,4008,105,1,153.67,153.67
8257,4008,107,1,173.01,173.01
8258,4009,158,1,76.29,76.29
8259,4009,161,2,80.29,160.58
8260,4010,803,1,120.22,120.22
8261,4010,802,1,50.3,50.3
8262,4011,285,1,123.11,123.11
8263,4012,203,1,190.86,190.86
8264,4012,201,1,271.07,271.07
8265,4013,561,3,126.11,378.33
8266,4014,343,1,126.85,126.85
8267,4014,344,1,116.64,116.64
8268,4015,403,2,217.91,435.82
8269,4016,409,1,245.84,245.84
8270,4016,408,1,299.49,299.49
8271,4017,612,1,83.64,83.64
8272,4018,90,1,88.08,88.08
8273,4019,868,1,204.17,204.17
8274,4019,866,2,340.16,680.32
8275,4020,294,2,166.44,332.88
8276,4021,624,2,177.03,354.06
8277,4022,725,1,187.51,187.51
8278,4023,820,1,144.43,144.43
8279,4023,818,2,68.59,137.18
8280,4024,883,1,115.01,115.01
8281,4024,884,1,73.48,73.48
8282,4025,293,1,202.09,202.09
8283,4025,291,1,165.84,165.84
8284,4025,288,3,135.19,405.57
8285,4025,289,1,97.17,97.17
8286,4026,122,3,122.5,367.5
8287,4026,125,1,83.41,83.41
8288,4027,542,1,196.8,196.8
8289,4027,547,1,377.7,377.7
8290,4027,546,1,245.36,245.36
8291,4028,782,1,260.31,260.31
8292,4028,781,2,161.67,323.34
8293,4028,779,3,108.26,324.78
8294,4029,906,1,124.75,124.75
8295,4030,15,3,144.51,433.53
8296,4030,16,2,166.18,332.36
8297,4030,13,1,244.95,244.95
8298,4031,162,1,126.83,126.83
8299,4031,164,1,250.1,250.1
8300,4032,570,3,310.29,930.87
8301,4032,571,2,235.2,470.4
8302,4032,572,1,218.69,218.69
8303,4033,540,2,195.02,390.04
8304,4034,453,1,227.24,227.24
8305,4034,451,1,98.3,98.3
8306,4035,457,1,281.05,281.05
8307,4036,376,1,144.5,144.5
8308,4037,129,1,318.78,318.78
8309,4038,663,2,217.11,434.22
8310,4038,665,2,151.0,302.0
8311,4039,204,2,77.57,155.14
8312,4040,292,1,136.06,136.06
8313,4041,697,1,89.58,89.58
8314,4042,116,2,107.07,214.14
8315,4043,533,2,135.37,270.74
8316,4043,531,1,250.29,250.29
8317,4044,543,2,88.75,177.5
8318,4044,545,1,166.55,166.55
8319,4044,542,1,196.8,196.8
8320,4045,837,3,294.06,882.18
8321,4045,836,1,46.52,46.52
8322,4046,10,1,199.96,199.96
8323,4046,12,2,155.01,310.02
8324,4047,265,1,259.7,259.7
8325,4047,269,3,181.62,544.86
8326,4048,909,3,263.28,789.84
8327,4048,908,3,178.43,535.29
8328,4048,910,1,164.86,164.86
8329,4049,884,2,73.48,146.96
8330,4050,797,1,90.2,90.2
8331,4050,796,1,81.74,81.74
8332,4050,799,1,121.08,121.08
8333,4051,620,1,170.43,170.43
8334,4052,494,2,269.46,538.92
8335,4053,615,1,130.07,130.07
8336,4054,578,1,204.17,204.17
8337,4055,461,1,198.8,198.8
8338,4055,462,2,172.94,345.88
8339,4056,419,1,83.65,83.65
8340,4056,421,1,135.34,135.34
8341,4056,420,1,52.12,52.12
8342,4057,154,1,140.21,140.21
8343,4057,156,1,375.8,375.8
8344,4057,155,1,224.21,224.21
8345,4058,845,1,303.39,303.39
8346,4058,846,1,339.82,339.82
8347,4058,847,1,247.63,247.63
8348,4059,331,2,35.68,71.36
8349,4060,128,1,43.37,43.37
8350,4060,130,1,191.13,191.13
8351,4060,127,1,317.07,317.07
8352,4061,224,1,176.29,176.29
8353,4061,223,1,189.77,189.77
8354,4062,385,1,109.34,109.34
8355,4063,892,3,310.16,930.48
8356,4063,891,1,192.28,192.28
8357,4064,577,1,158.0,158.0
8358,4064,579,1,131.18,131.18
8359,4064,578,1,204.17,204.17
8360,4065,798,1,68.78,68.78
8361,4066,301,1,238.78,238.78
8362,4066,300,2,165.37,330.74
8363,4067,703,1,90.15,90.15
8364,4068,573,1,152.85,152.85
8365,4068,576,1,99.65,99.65
8366,4068,575,1,128.61,128.61
8367,4069,67,2,128.63,257.26
8368,4069,68,1,116.41,116.41
8369,4070,433,1,164.14,164.14
8370,4071,363,2,60.73,121.46
8371,4072,904,1,95.22,95.22
8372,4072,903,3,65.19,195.57
8373,4073,624,1,177.03,177.03
8374,4073,623,3,244.43,733.29
8375,4074,847,1,247.63,247.63
8376,4074,846,1,339.82,339.82
8377,4074,845,2,303.39,606.78
8378,4075,877,1,60.41,60.41
8379,4075,875,2,341.41,682.82
8380,4075,879,1,202.67,202.67
8381,4076,467,1,62.21,62.21
8382,4077,389,2,115.29,230.58
8383,4078,151,2,139.57,279.14
8384,4078,153,2,234.19,468.38
8385,4078,148,1,180.17,180.17
8386,4079,761,3,52.47,157.41
8387,4079,764,1,62.58,62.58
8388,4080,908,2,178.43,356.86
8389,4080,910,2,164.86,329.72
8390,4081,446,1,366.18,366.18
8391,4081,447,3,68.66,205.98
8392,4081,445,2,55.52,111.04
8393,4081,448,1,113.63,113.63
8394,4082,840,1,98.19,98.19
8395,4083,58,2,126.59,253.18
8396,4084,38,1,212.74,212.74
8397,4085,148,1,180.17,180.17
8398,4085,151,3,139.57,418.71
8399,4086,828,1,343.91,343.91
8400,4087,684,1,62.02,62.02
8401,4087,682,1,111.39,111.39
8402,4088,210,1,56.05,56.05
8403,4088,209,1,188.85,188.85
8404,4089,160,1,51.25,51.25
8405,4090,43,1,110.66,110.66
8406,4090,45,1,233.46,233.46
8407,4090,42,2,59.16,118.32
8408,4091,877,2,60.41,120.82
8409,4091,875,1,341.41,341.41
8410,4091,879,1,202.67,202.67
8411,4092,586,1,102.63,102.63
8412,4092,589,1,99.63,99.63
8413,4093,19,1,226.81,226.81
8414,4093,17,2,156.37,312.74
8415,4093,22,1,117.19,117.19
8416,4094,221,1,236.95,236.95
8417,4094,220,1,248.16,248.16
8418,4094,222,2,277.91,555.82
8419,4095,586,1,102.63,102.63
8420,4096,49,1,114.57,114.57
8421,4097,817,2,191.49,382.98
8422,4097,814,2,276.74,553.48
8423,4098,723,2,212.91,425.82
8424,4099,387,1,116.82,116.82
8425,4100,891,2,192.28,384.56
8426,4100,892,1,310.16,310.16
8427,4101,197,1,170.54,170.54
8428,4101,198,3,273.27,819.81
8429,4102,408,2,299.49,598.98
8430,4102,409,1,245.84,245.84
8431,4103,89,1,390.22,390.22
8432,4103,88,1,153.47,153.47
8433,4104,782,1,260.31,260.31
8434,4104,781,2,161.67,323.34
8435,4105,25,1,68.47,68.47
8436,4106,603,1,312.66,312.66
8437,4107,857,1,167.57,167.57
8438,4108,679,1,93.55,93.55
8439,4109,737,3,223.47,670.41
8440,4110,273,1,205.02,205.02
8441,4110,270,3,95.07,285.21
8442,4110,271,2,256.17,512.34
8443,4111,641,1,273.99,273.99
8444,4112,360,2,352.28,704.56
8445,4113,507,3,168.67,506.01
8446,4113,506,1,175.23,175.23
8447,4114,49,1,114.57,114.57
8448,4115,200,2,300.13,600.26
8449,4116,801,1,86.0,86.0
8450,4116,802,3,50.3,150.9
8451,4116,803,1,120.22,120.22
8452,4117,188,2,64.04,128.08
8453,4117,191,1,69.35,69.35
8454,4117,190,1,58.28,58.28
8455,4118,417,1,61.18,61.18
8456,4118,414,2,114.05,228.1
8457,4119,63,1,155.08,155.08
8458,4120,522,1,212.36,212.36
8459,4121,524,3,187.28,561.84
8460,4121,522,2,212.36,424.72
8461,4121,523,1,212.93,212.93
8462,4122,710,1,274.05,274.05
8463,4123,408,1,299.49,299.49
8464,4124,411,3,86.96,260.88
8465,4125,454,1,107.6,107.6
8466,4126,314,1,137.39,137.39
8467,4126,316,1,360.72,360.72
8468,4127,884,1,73.48,73.48
8469,4128,404,1,97.37,97.37
8470,4128,402,1,83.91,83.91
8471,4128,403,1,217.91,217.91
8472,4128,405,1,398.51,398.51
8473,4129,404,1,97.37,97.37
8474,4129,403,1,217.91,217.91
8475,4129,402,1,83.91,83.91
8476,4129,405,1,398.51,398.51
8477,4130,416,3,46.45,139.35
8478,4130,414,1,114.05,114.05
8479,4130,415,1,109.88,109.88
8480,4131,89,1,390.22,390.22
8481,4131,90,1,88.08,88.08
8482,4132,379,1,248.51,248.51
8483,4132,378,1,196.19,196.19
8484,4133,200,1,300.13,300.13
8485,4133,199,1,178.77,178.77
8486,4133,197,1,170.54,170.54
8487,4134,849,1,211.18,211.18
8488,4134,850,1,349.22,349.22
8489,4135,535,2,176.96,353.92
8490,4135,536,1,187.9,187.9
8491,4135,537,3,323.04,969.12
8492,4136,500,1,140.7,140.7
8493,4136,498,1,297.63,297.63
8494,4137,788,1,235.44,235.44
8495,4138,276,1,236.14,236.14
8496,4138,274,1,233.46,233.46
8497,4138,277,1,149.98,149.98
8498,4139,726,1,144.41,144.41
8499,4139,725,1,187.51,187.51
8500,4139,730,1,225.87,225.87
8501,4140,834,2,181.47,362.94
8502,4140,831,1,186.31,186.31
8503,4140,832,1,352.61,352.61
8504,4141,559,2,261.72,523.44
8505,4141,560,1,188.98,188.98
8506,4141,557,2,337.17,674.34
8507,4142,855,1,213.85,213.85
8508,4142,851,2,189.87,379.74
8509,4142,852,2,247.36,494.72
8510,4143,894,1,364.88,364.88
8511,4144,309,2,170.6,341.2
8512,4145,833,3,298.32,894.96
8513,4145,831,1,186.31,186.31
8514,4145,834,1,181.47,181.47
8515,4146,24,3,109.15,327.45
8516,4146,26,1,265.72,265.72
8517,4147,537,2,323.04,646.08
8518,4148,49,2,114.57,229.14
8519,4148,48,1,101.54,101.54
8520,4148,47,1,144.62,144.62
8521,4149,108,1,188.74,188.74
8522,4149,111,2,115.48,230.96
8523,4149,110,2,248.8,497.6
8524,4149,112,1,181.77,181.77
8525,4150,902,1,109.42,109.42
8526,4151,90,1,88.08,88.08
8527,4151,91,1,168.16,168.16
8528,4152,715,1,204.46,204.46
8529,4152,718,2,120.94,241.88
8530,4152,717,1,317.43,317.43
8531,4153,158,2,76.29,152.58
8532,4154,586,1,102.63,102.63
8533,4154,587,1,237.66,237.66
8534,4155,423,1,328.13,328.13
8535,4155,426,1,61.58,61.58
8536,4156,383,1,155.38,155.38
8537,4157,312,3,181.75,545.25
8538,4157,311,2,306.46,612.92
8539,4157,313,2,105.57,211.14
8540,4158,105,2,153.67,307.34
8541,4158,106,2,252.4,504.8
8542,4158,103,3,119.78,359.34
8543,4159,105,1,153.67,153.67
8544,4159,106,3,252.4,757.2
8545,4159,107,2,173.01,346.02
8546,4160,611,3,56.78,170.34
8547,4161,534,3,167.74,503.22
8548,4162,398,2,173.84,347.68
8549,4163,145,1,47.6,47.6
8550,4163,146,1,75.58,75.58
8551,4163,144,1,377.17,377.17
8552,4164,410,1,106.4,106.4
8553,4164,411,1,86.96,86.96
8554,4164,412,2,130.07,260.14
8555,4164,413,2,85.59,171.18
8556,4165,267,1,138.54,138.54
8557,4166,102,1,220.12,220.12
8558,4167,324,1,60.21,60.21
8559,4168,817,2,191.49,382.98
8560,4168,814,1,276.74,276.74
8561,4168,816,1,259.46,259.46
8562,4169,657,2,199.03,398.06
8563,4170,300,3,165.37,496.11
8564,4170,299,3,158.61,475.83
8565,4170,301,1,238.78,238.78
8566,4171,385,1,109.34,109.34
8567,4171,386,1,216.8,216.8
8568,4172,456,1,249.62,249.62
8569,4172,457,1,281.05,281.05
8570,4172,454,2,107.6,215.2
8571,4173,314,1,137.39,137.39
8572,4174,185,3,99.42,298.26
8573,4174,184,2,67.67,135.34
8574,4174,186,1,54.5,54.5
8575,4175,241,1,129.43,129.43
8576,4175,239,3,68.07,204.21
8577,4175,238,1,80.67,80.67
8578,4176,577,3,158.0,474.0
8579,4177,814,1,276.74,276.74
8580,4177,817,2,191.49,382.98
8581,4177,816,1,259.46,259.46
8582,4178,662,3,139.57,418.71
8583,4178,659,3,99.34,298.02
8584,4178,658,2,53.35,106.7
8585,4178,661,3,61.54,184.62
8586,4179,262,2,171.89,343.78
8587,4180,352,1,249.87,249.87
8588,4181,494,1,269.46,269.46
8589,4182,130,2,191.13,382.26
8590,4182,129,1,318.78,318.78
8591,4183,637,2,86.47,172.94
8592,4183,635,1,44.6,44.6
8593,4184,525,1,186.93,186.93
8594,4185,106,1,252.4,252.4
8595,4185,104,3,185.44,556.32
8596,4186,489,1,270.74,270.74
8597,4186,487,1,207.13,207.13
8598,4187,546,2,245.36,490.72
8599,4187,545,1,166.55,166.55
8600,4187,543,1,88.75,88.75
8601,4188,537,2,323.04,646.08
8602,4188,538,1,181.71,181.71
8603,4189,547,2,377.7,755.4
8604,4189,542,2,196.8,393.6
8605,4190,410,1,106.4,106.4
8606,4190,413,1,85.59,85.59
8607,4191,10,3,199.96,599.88
8608,4191,11,1,309.63,309.63
8609,4192,375,1,130.14,130.14
8610,4192,376,2,144.5,289.0
8611,4192,371,2,225.13,450.26
8612,4193,35,1,103.52,103.52
8613,4193,34,2,338.78,677.56
8614,4193,33,1,98.63,98.63
8615,4194,814,2,276.74,553.48
8616,4194,815,3,189.92,569.76
8617,4195,113,1,358.19,358.19
8618,4195,116,1,107.07,107.07
8619,4196,817,1,191.49,191.49
8620,4196,814,3,276.74,830.22
8621,4196,816,2,259.46,518.92
8622,4197,859,1,321.47,321.47
8623,4197,857,1,167.57,167.57
8624,4197,858,1,155.28,155.28
8625,4198,267,3,138.54,415.62
8626,4199,875,2,341.41,682.82
8627,4200,873,1,266.32,266.32
8628,4200,872,2,178.81,357.62
8629,4201,209,1,188.85,188.85
8630,4201,211,2,280.44,560.88
8631,4202,536,1,187.9,187.9
8632,4202,535,2,176.96,353.92
8633,4203,634,1,33.76,33.76
8634,4204,846,1,339.82,339.82
8635,4204,847,1,247.63,247.63
8636,4205,685,2,105.81,211.62
8637,4205,684,1,62.02,62.02
8638,4206,255,1,232.87,232.87
8639,4207,685,1,105.81,105.81
8640,4208,866,1,340.16,340.16
8641,4208,867,2,154.73,309.46
8642,4209,52,2,232.43,464.86
8643,4209,51,1,196.02,196.02
8644,4209,53,1,261.15,261.15
8645,4210,144,1,377.17,377.17
8646,4210,143,1,260.26,260.26
8647,4211,242,1,164.56,164.56
8648,4211,243,1,126.9,126.9
8649,4211,245,1,129.97,129.97
8650,4212,418,1,55.83,55.83
8651,4213,16,1,166.18,166.18
8652,4214,463,1,197.55,197.55
8653,4214,461,1,198.8,198.8
8654,4215,272,2,403.57,807.14
8655,4215,270,1,95.07,95.07
8656,4216,241,1,129.43,129.43
8657,4216,238,1,80.67,80.67
8658,4217,842,1,230.27,230.27
8659,4217,844,2,240.49,480.98
8660,4217,841,1,82.37,82.37
8661,4217,843,3,322.46,967.38
8662,4218,62,1,105.14,105.14
8663,4218,64,1,220.68,220.68
8664,4218,65,1,303.87,303.87
8665,4219,93,1,170.77,170.77
8666,4219,94,2,220.66,441.32
8667,4220,710,1,274.05,274.05
8668,4221,889,1,93.72,93.72
8669,4222,534,1,167.74,167.74
8670,4222,532,1,145.13,145.13
8671,4222,531,1,250.29,250.29
8672,4223,630,2,63.47,126.94
8673,4223,631,2,139.57,279.14
8674,4223,629,2,98.28,196.56
8675,4224,731,1,86.37,86.37
8676,4224,733,2,89.75,179.5
8677,4224,736,1,67.36,67.36
8678,4225,730,2,225.87,451.74
8679,4226,259,1,232.16,232.16
8680,4227,845,3,303.39,910.17
8681,4228,762,1,40.83,40.83
8682,4229,482,1,120.13,120.13
8683,4229,485,3,325.28,975.84
8684,4230,326,1,96.24,96.24
8685,4230,325,2,109.58,219.16
8686,4230,324,1,60.21,60.21
8687,4231,756,1,86.53,86.53
8688,4232,85,1,192.36,192.36
8689,4233,742,1,315.79,315.79
8690,4234,469,2,101.71,203.42
8691,4235,435,1,188.13,188.13
8692,4235,438,2,94.19,188.38
8693,4236,258,1,204.63,204.63
8694,4236,259,1,232.16,232.16
8695,4237,257,1,155.76,155.76
8696,4237,259,2,232.16,464.32
8697,4237,258,1,204.63,204.63
8698,4238,745,1,79.47,79.47
8699,4238,744,3,337.01,1011.03
8700,4239,649,1,43.02,43.02
8701,4239,648,1,79.5,79.5
8702,4240,202,2,52.03,104.06
8703,4240,203,1,190.86,190.86
8704,4241,20,1,137.92,137.92
8705,4241,19,1,226.81,226.81
8706,4241,18,1,107.13,107.13
8707,4242,419,1,83.65,83.65
8708,4242,418,2,55.83,111.66
8709,4242,420,2,52.12,104.24
8710,4243,693,3,401.93,1205.79
8711,4243,694,1,181.71,181.71
8712,4243,692,1,267.16,267.16
8713,4244,343,1,126.85,126.85
8714,4245,385,2,109.34,218.68
8715,4245,386,1,216.8,216.8
8716,4246,372,1,189.24,189.24
8717,4246,375,1,130.14,130.14
8718,4246,374,1,219.91,219.91
8719,4247,681,1,61.45,61.45
8720,4248,407,1,170.48,170.48
8721,4249,396,1,184.95,184.95
8722,4250,73,1,237.02,237.02
8723,4251,200,2,300.13,600.26
8724,4251,199,2,178.77,357.54
8725,4251,198,3,273.27,819.81
8726,4252,641,2,273.99,547.98
8727,4252,640,3,115.31,345.93
8728,4253,835,1,230.64,230.64
8729,4253,837,1,294.06,294.06
8730,4253,838,2,294.54,589.08
8731,4253,839,1,97.01,97.01
8732,4253,840,2,98.19,196.38
8733,4254,877,1,60.41,60.41
8734,4255,422,2,61.14,122.28
8735,4256,242,1,164.56,164.56
8736,4256,245,2,129.97,259.94
8737,4256,244,1,169.57,169.57
8738,4256,243,1,126.9,126.9
8739,4257,906,1,124.75,124.75
8740,4257,907,1,45.17,45.17
8741,4257,904,3,95.22,285.66
8742,4258,634,1,33.76,33.76
8743,4258,633,1,126.51,126.51
8744,4258,636,1,60.75,60.75
8745,4259,589,1,99.63,99.63
8746,4259,586,1,102.63,102.63
8747,4260,636,1,60.75,60.75
8748,4261,658,1,53.35,53.35
8749,4261,662,1,139.57,139.57
8750,4262,325,1,109.58,109.58
8751,4262,326,1,96.24,96.24
8752,4263,164,1,250.1,250.1
8753,4263,166,3,68.12,204.36
8754,4263,163,1,325.54,325.54
8755,4264,378,2,196.19,392.38
8756,4264,380,1,315.99,315.99
8757,4264,377,1,308.4,308.4
8758,4264,379,3,248.51,745.53
8759,4265,492,1,111.13,111.13
8760,4265,491,1,232.77,232.77
8761,4266,255,2,232.87,465.74
8762,4266,256,1,268.54,268.54
8763,4266,253,1,189.92,189.92
8764,4267,144,1,377.17,377.17
8765,4267,147,2,79.12,158.24
8766,4267,146,1,75.58,75.58
8767,4268,183,2,74.44,148.88
8768,4269,305,1,65.28,65.28
8769,4269,306,1,143.78,143.78
8770,4269,302,1,34.42,34.42
8771,4270,643,1,176.66,176.66
8772,4271,909,1,263.28,263.28
8773,4271,910,1,164.86,164.86
8774,4272,394,2,273.63,547.26
8775,4272,397,2,204.16,408.32
8776,4272,393,1,189.05,189.05
8777,4273,63,1,155.08,155.08
8778,4273,64,1,220.68,220.68
8779,4274,774,1,100.58,100.58
8780,4274,770,3,332.82,998.46
8781,4275,835,1,230.64,230.64
8782,4275,839,1,97.01,97.01
8783,4275,838,1,294.54,294.54
8784,4276,458,1,73.31,73.31
8785,4276,460,1,50.7,50.7
8786,4276,459,3,224.56,673.68
8787,4277,284,1,109.38,109.38
8788,4277,286,1,68.75,68.75
8789,4278,598,3,76.19,228.57
8790,4278,596,1,80.69,80.69
8791,4279,736,2,67.36,134.72
8792,4279,734,2,31.37,62.74
8793,4280,881,1,77.18,77.18
8794,4281,741,2,168.2,336.4
8795,4281,742,1,315.79,315.79
8796,4282,681,1,61.45,61.45
8797,4283,573,3,152.85,458.55
8798,4284,801,2,86.0,172.0
8799,4285,75,1,110.03,110.03
8800,4285,74,2,166.68,333.36
8801,4286,672,1,168.7,168.7
8802,4286,675,1,163.27,163.27
8803,4286,671,1,209.8,209.8
8804,4287,679,1,93.55,93.55
8805,4287,677,2,230.81,461.62
8806,4287,678,1,273.79,273.79
8807,4288,676,2,362.47,724.94
8808,4288,677,2,230.81,461.62
8809,4289,586,2,102.63,205.26
8810,4290,38,1,212.74,212.74
8811,4291,909,1,263.28,263.28
8812,4291,908,2,178.43,356.86
8813,4291,910,1,164.86,164.86
8814,4292,663,2,217.11,434.22
8815,4293,804,2,299.88,599.76
8816,4294,434,2,148.14,296.28
8817,4294,435,1,188.13,188.13
8818,4295,878,1,327.54,327.54
8819,4296,790,1,54.04,54.04
8820,4296,789,1,304.32,304.32
8821,4297,365,2,141.15,282.3
8822,4297,363,1,60.73,60.73
8823,4297,364,1,63.3,63.3
8824,4298,728,1,160.97,160.97
8825,4298,726,2,144.41,288.82
8826,4298,725,2,187.51,375.02
8827,4298,727,1,226.74,226.74
8828,4299,560,1,188.98,188.98
8829,4299,558,1,103.39,103.39
8830,4300,356,1,69.56,69.56
8831,4300,353,3,56.31,168.93
8832,4301,294,1,166.44,166.44
8833,4302,193,1,208.03,208.03
8834,4302,195,3,55.4,166.2
8835,4302,194,1,91.51,91.51
8836,4303,542,3,196.8,590.4
8837,4304,154,1,140.21,140.21
8838,4304,155,1,224.21,224.21
8839,4305,758,1,71.74,71.74
8840,4305,759,3,280.6,841.8
8841,4305,760,2,53.0,106.0
8842,4306,122,1,122.5,122.5
8843,4306,124,3,55.5,166.5
8844,4306,121,1,68.06,68.06
8845,4307,907,1,45.17,45.17
8846,4308,383,1,155.38,155.38
8847,4308,386,1,216.8,216.8
8848,4309,814,1,276.74,276.74
8849,4309,815,2,189.92,379.84
8850,4310,388,1,68.71,68.71
8851,4310,390,2,32.94,65.88
8852,4310,389,1,115.29,115.29
8853,4311,887,3,227.71,683.13
8854,4312,555,1,141.18,141.18
8855,4312,553,1,95.28,95.28
8856,4312,552,1,51.22,51.22
8857,4313,88,2,153.47,306.94
8858,4313,87,1,226.62,226.62
8859,4314,489,1,270.74,270.74
8860,4315,672,2,168.7,337.4
8861,4316,853,1,163.27,163.27
8862,4317,214,1,69.93,69.93
8863,4318,384,1,265.69,265.69
8864,4318,385,3,109.34,328.02
8865,4319,642,2,181.8,363.6
8866,4319,645,1,224.43,224.43
8867,4319,643,1,176.66,176.66
8868,4320,757,2,204.57,409.14
8869,4320,758,2,71.74,143.48
8870,4321,140,2,141.31,282.62
8871,4321,142,1,147.56,147.56
8872,4322,296,1,148.22,148.22
8873,4323,455,1,266.08,266.08
8874,4324,768,1,333.14,333.14
8875,4324,769,3,264.24,792.72
8876,4324,765,2,180.0,360.0
8877,4325,18,1,107.13,107.13
8878,4325,17,1,156.37,156.37
8879,4325,22,1,117.19,117.19
8880,4326,392,1,69.99,69.99
8881,4327,454,2,107.6,215.2
8882,4327,457,1,281.05,281.05
8883,4328,115,1,209.52,209.52
8884,4328,114,2,290.96,581.92
8885,4328,116,3,107.07,321.21
8886,4329,864,2,212.39,424.78
8887,4330,90,1,88.08,88.08
8888,4330,89,2,390.22,780.44
8889,4330,86,2,273.21,546.42
8890,4331,714,1,54.27,54.27
8891,4331,710,3,274.05,822.15
8892,4332,647,1,95.79,95.79
8893,4332,644,2,152.27,304.54
8894,4333,726,1,144.41,144.41
8895,4333,729,1,144.59,144.59
8896,4333,727,1,226.74,226.74
8897,4334,496,1,117.13,117.13
8898,4334,495,1,167.83,167.83
8899,4335,742,1,315.79,315.79
8900,4336,440,1,216.38,216.38
8901,4336,442,2,200.79,401.58
8902,4337,288,1,135.19,135.19
8903,4337,291,3,165.84,497.52
8904,4337,293,1,202.09,202.09
8905,4338,472,1,122.69,122.69
8906,4338,471,1,57.92,57.92
8907,4339,565,1,97.34,97.34
8908,4339,569,1,176.13,176.13
8909,4340,113,1,358.19,358.19
8910,4340,116,1,107.07,107.07
8911,4341,786,2,207.94,415.88
8912,4342,159,1,133.67,133.67
8913,4342,157,1,47.16,47.16
8914,4342,160,2,51.25,102.5
8915,4343,743,2,347.36,694.72
8916,4343,741,3,168.2,504.6
8917,4343,742,1,315.79,315.79
8918,4344,386,2,216.8,433.6
8919,4344,385,1,109.34,109.34
8920,4345,385,2,109.34,218.68
8921,4346,124,1,55.5,55.5
8922,4346,121,1,68.06,68.06
8923,4347,91,2,168.16,336.32
8924,4347,89,1,390.22,390.22
8925,4348,249,1,105.51,105.51
8926,4348,248,2,73.43,146.86
8927,4349,4,1,249.43,249.43
8928,4349,2,1,91.89,91.89
8929,4350,384,2,265.69,531.38
8930,4350,383,1,155.38,155.38
8931,4351,7,1,296.55,296.55
8932,4351,11,1,309.63,309.63
8933,4351,9,3,242.99,728.97
8934,4352,205,3,284.38,853.14
8935,4352,207,1,85.74,85.74
8936,4353,164,2,250.1,500.2
8937,4353,167,1,54.36,54.36
8938,4354,738,1,107.18,107.18
8939,4354,740,1,164.2,164.2
8940,4355,202,1,52.03,52.03
8941,4355,201,1,271.07,271.07
8942,4355,203,1,190.86,190.86
8943,4356,192,1,351.86,351.86
8944,4356,193,2,208.03,416.06
8945,4357,398,1,173.84,173.84
8946,4357,400,1,351.35,351.35
8947,4358,334,1,193.44,193.44
8948,4358,332,1,63.15,63.15
8949,4358,336,2,321.97,643.94
8950,4358,333,1,310.46,310.46
8951,4359,617,1,69.96,69.96
8952,4359,615,1,130.07,130.07
8953,4360,264,3,102.41,307.23
8954,4361,579,2,131.18,262.36
8955,4361,577,1,158.0,158.0
8956,4362,550,2,118.88,237.76
8957,4362,549,3,31.93,95.79
8958,4363,270,3,95.07,285.21
8959,4363,271,1,256.17,256.17
8960,4363,272,1,403.57,403.57
8961,4364,841,1,82.37,82.37
8962,4364,843,1,322.46,322.46
8963,4365,559,2,261.72,523.44
8964,4365,560,1,188.98,188.98
8965,4366,255,2,232.87,465.74
8966,4366,254,1,177.19,177.19
8967,4367,826,1,364.49,364.49
8968,4368,387,1,116.82,116.82
8969,4368,392,1,69.99,69.99
8970,4369,49,1,114.57,114.57
8971,4370,317,2,227.15,454.3
8972,4370,314,1,137.39,137.39
8973,4371,469,1,101.71,101.71
8974,4372,850,1,349.22,349.22
8975,4373,135,1,206.86,206.86
8976,4373,132,1,72.12,72.12
8977,4373,134,1,348.91,348.91
8978,4374,781,1,161.67,161.67
8979,4374,779,1,108.26,108.26
8980,4374,782,1,260.31,260.31
8981,4374,780,1,172.06,172.06
8982,4375,173,2,84.42,168.84
8983,4375,174,2,66.64,133.28
8984,4375,172,1,130.06,130.06
8985,4376,375,1,130.14,130.14
8986,4376,372,1,189.24,189.24
8987,4376,371,1,225.13,225.13
8988,4377,428,3,184.06,552.18
8989,4377,430,1,97.23,97.23
8990,4378,797,1,90.2,90.2
8991,4378,799,1,121.08,121.08
8992,4379,702,1,224.2,224.2
8993,4380,214,2,69.93,139.86
8994,4381,577,1,158.0,158.0
8995,4382,551,2,74.52,149.04
8996,4382,548,1,34.99,34.99
8997,4382,550,2,118.88,237.76
8998,4383,828,1,343.91,343.91
8999,4383,827,1,281.31,281.31
9000,4384,120,1,150.59,150.59
9001,4385,92,1,153.31,153.31
9002,4386,49,1,114.57,114.57
9003,4386,48,1,101.54,101.54
9004,4387,806,1,180.25,180.25
9005,4387,805,1,316.03,316.03
9006,4388,503,1,295.3,295.3
9007,4388,506,1,175.23,175.23
9008,4388,507,1,168.67,168.67
9009,4389,740,1,164.2,164.2
9010,4390,821,2,97.99,195.98
9011,4390,823,2,235.27,470.54
9012,4391,528,1,194.87,194.87
9013,4391,527,1,200.5,200.5
9014,4392,806,2,180.25,360.5
9015,4392,805,1,316.03,316.03
9016,4392,804,2,299.88,599.76
9017,4393,452,1,270.1,270.1
9018,4393,453,3,227.24,681.72
9019,4393,451,1,98.3,98.3
9020,4394,501,2,144.71,289.42
9021,4394,498,3,297.63,892.89
9022,4395,379,2,248.51,497.02
9023,4395,381,1,168.17,168.17
9024,4395,380,1,315.99,315.99
9025,4395,382,3,396.46,1189.38
9026,4396,271,2,256.17,512.34
9027,4396,272,1,403.57,403.57
9028,4396,273,1,205.02,205.02
9029,4396,270,1,95.07,95.07
9030,4397,717,1,317.43,317.43
9031,4398,479,1,143.06,143.06
9032,4398,477,3,91.39,274.17
9033,4398,478,1,126.9,126.9
9034,4399,327,1,87.29,87.29
9035,4399,329,2,74.89,149.78
9036,4400,482,1,120.13,120.13
9037,4400,483,1,269.0,269.0
9038,4400,486,3,229.05,687.15
9039,4400,484,1,49.34,49.34
9040,4401,15,2,144.51,289.02
9041,4401,14,3,116.65,349.95
9042,4401,13,1,244.95,244.95
9043,4402,342,1,103.45,103.45
9044,4402,339,1,244.24,244.24
9045,4402,341,2,309.67,619.34
9046,4403,576,2,99.65,199.3
9047,4404,125,1,83.41,83.41
9048,4404,123,1,67.15,67.15
9049,4404,122,1,122.5,122.5
9050,4405,812,1,113.43,113.43
9051,4406,747,1,67.37,67.37
9052,4407,605,1,189.7,189.7
9053,4407,607,2,160.8,321.6
9054,4408,62,1,105.14,105.14
9055,4408,63,2,155.08,310.16
9056,4408,65,1,303.87,303.87
9057,4409,419,1,83.65,83.65
9058,4409,421,2,135.34,270.68
9059,4410,872,2,178.81,357.62
9060,4410,871,1,91.78,91.78
9061,4410,873,2,266.32,532.64
9062,4411,309,2,170.6,341.2
9063,4411,313,1,105.57,105.57
9064,4412,544,2,173.9,347.8
9065,4412,546,1,245.36,245.36
9066,4412,543,2,88.75,177.5
9067,4413,196,1,177.07,177.07
9068,4414,724,1,239.45,239.45
9069,4414,719,2,186.89,373.78
9070,4415,802,1,50.3,50.3
9071,4416,702,1,224.2,224.2
9072,4416,701,2,196.96,393.92
9073,4417,331,1,35.68,35.68
9074,4417,328,1,107.11,107.11
9075,4417,327,1,87.29,87.29
9076,4418,882,1,60.01,60.01
9077,4418,881,3,77.18,231.54
9078,4418,880,1,120.99,120.99
9079,4419,164,1,250.1,250.1
9080,4420,171,1,142.09,142.09
9081,4420,168,2,183.31,366.62
9082,4421,386,2,216.8,433.6
9083,4422,178,1,102.39,102.39
9084,4422,175,1,58.41,58.41
9085,4422,177,1,79.8,79.8
9086,4423,462,1,172.94,172.94
9087,4423,465,3,343.7,1031.1
9088,4424,751,1,336.7,336.7
9089,4425,200,3,300.13,900.39
9090,4426,535,1,176.96,176.96
9091,4426,537,1,323.04,323.04
9092,4427,872,1,178.81,178.81
9093,4427,874,1,332.73,332.73
9094,4427,873,2,266.32,532.64
9095,4428,308,2,211.24,422.48
9096,4428,311,3,306.46,919.38
9097,4428,312,3,181.75,545.25
9098,4429,715,2,204.46,408.92
9099,4430,513,1,89.69,89.69
9100,4430,510,2,263.86,527.72
9101,4431,126,2,62.89,125.78
9102,4431,127,1,317.07,317.07
9103,4432,693,2,401.93,803.86
9104,4432,691,1,219.3,219.3
9105,4432,695,2,203.59,407.18
9106,4433,414,1,114.05,114.05
9107,4433,416,2,46.45,92.9
9108,4434,65,1,303.87,303.87
9109,4434,61,2,235.67,471.34
9110,4434,63,1,155.08,155.08
9111,4435,13,2,244.95,489.9
9112,4436,508,1,143.75,143.75
9113,4436,505,2,170.89,341.78
9114,4437,657,1,199.03,199.03
9115,4437,655,1,87.64,87.64
9116,4437,656,3,199.09,597.27
9117,4438,178,3,102.39,307.17
9118,4439,851,1,189.87,189.87
9119,4439,853,1,163.27,163.27
9120,4439,856,1,395.69,395.69
9121,4440,735,1,125.79,125.79
9122,4440,736,1,67.36,67.36
9123,4440,733,2,89.75,179.5
9124,4441,48,1,101.54,101.54
9125,4441,49,1,114.57,114.57
9126,4442,396,1,184.95,184.95
9127,4442,393,1,189.05,189.05
9128,4442,397,2,204.16,408.32
9129,4443,870,1,278.04,278.04
9130,4443,866,3,340.16,1020.48
9131,4443,867,2,154.73,309.46
9132,4444,327,1,87.29,87.29
9133,4444,330,1,26.42,26.42
9134,4444,328,1,107.11,107.11
9135,4445,606,2,171.84,343.68
9136,4446,222,1,277.91,277.91
9137,4447,138,1,210.03,210.03
9138,4448,377,3,308.4,925.2
9139,4448,380,1,315.99,315.99
9140,4449,111,1,115.48,115.48
9141,4450,557,1,337.17,337.17
9142,4451,627,2,96.1,192.2
9143,4452,401,2,207.04,414.08
9144,4453,117,1,157.68,157.68
9145,4453,119,2,237.15,474.3
9146,4454,483,1,269.0,269.0
9147,4455,52,1,232.43,232.43
9148,4455,53,2,261.15,522.3
9149,4455,50,1,163.27,163.27
9150,4456,702,1,224.2,224.2
9151,4456,701,1,196.96,196.96
9152,4457,168,1,183.31,183.31
9153,4458,239,1,68.07,68.07
9154,4459,501,2,144.71,289.42
9155,4459,502,1,215.68,215.68
9156,4459,499,1,179.88,179.88
9157,4460,135,1,206.86,206.86
9158,4461,33,1,98.63,98.63
9159,4462,214,1,69.93,69.93
9160,4462,212,3,41.3,123.9
9161,4463,305,1,65.28,65.28
9162,4464,689,3,143.97,431.91
9163,4465,756,1,86.53,86.53
9164,4466,33,1,98.63,98.63
9165,4467,742,1,315.79,315.79
9166,4467,743,1,347.36,347.36
9167,4467,741,2,168.2,336.4
9168,4468,192,3,351.86,1055.58
9169,4469,377,1,308.4,308.4
9170,4470,531,2,250.29,500.58
9171,4471,563,1,67.16,67.16
9172,4471,561,1,126.11,126.11
9173,4471,562,1,45.02,45.02
9174,4472,631,1,139.57,139.57
9175,4472,629,2,98.28,196.56
9176,4473,780,1,172.06,172.06
9177,4474,554,1,107.4,107.4
9178,4474,553,1,95.28,95.28
9179,4475,48,1,101.54,101.54
9180,4475,49,3,114.57,343.71
9181,4476,14,1,116.65,116.65
9182,4476,13,1,244.95,244.95
9183,4477,12,1,155.01,155.01
9184,4477,8,1,134.56,134.56
9185,4478,847,1,247.63,247.63
9186,4479,642,2,181.8,363.6
9187,4479,647,1,95.79,95.79
9188,4480,571,1,235.2,235.2
9189,4481,421,1,135.34,135.34
9190,4481,419,2,83.65,167.3
9191,4482,402,2,83.91,167.82
9192,4483,892,2,310.16,620.32
9193,4483,890,2,222.09,444.18
9194,4484,881,1,77.18,77.18
9195,4485,829,1,171.53,171.53
9196,4485,830,1,220.1,220.1
9197,4485,827,1,281.31,281.31
9198,4486,332,1,63.15,63.15
9199,4486,336,1,321.97,321.97
9200,4487,199,2,178.77,357.54
9201,4487,200,2,300.13,600.26
9202,4487,197,1,170.54,170.54
9203,4488,137,1,196.34,196.34
9204,4488,139,2,132.01,264.02
9205,4488,138,2,210.03,420.06
9206,4489,576,3,99.65,298.95
9207,4489,575,1,128.61,128.61
9208,4489,574,1,145.51,145.51
9209,4489,573,1,152.85,152.85
9210,4490,393,1,189.05,189.05
9211,4490,394,1,273.63,273.63
9212,4491,847,2,247.63,495.26
9213,4491,846,1,339.82,339.82
9214,4492,774,1,100.58,100.58
9215,4493,714,1,54.27,54.27
9216,4493,712,2,89.24,178.48
9217,4493,713,2,68.16,136.32
9218,4493,711,1,314.05,314.05
9219,4494,831,1,186.31,186.31
9220,4494,833,3,298.32,894.96
9221,4494,832,2,352.61,705.22
9222,4495,316,2,360.72,721.44
9223,4495,314,2,137.39,274.78
9224,4495,317,1,227.15,227.15
9225,4496,812,2,113.43,226.86
9226,4496,810,1,55.11,55.11
9227,4497,329,2,74.89,149.78
9228,4497,331,1,35.68,35.68
9229,4498,96,1,135.43,135.43
9230,4498,95,3,182.29,546.87
9231,4498,92,1,153.31,153.31
9232,4498,94,2,220.66,441.32
9233,4499,478,1,126.9,126.9
9234,4499,477,2,91.39,182.78
9235,4499,479,2,143.06,286.12
9236,4499,480,1,266.4,266.4
9237,4500,38,1,212.74,212.74
9238,4500,39,3,296.39,889.17
9239,4500,40,2,216.36,432.72
9240,4501,126,1,62.89,62.89
9241,4501,127,1,317.07,317.07
9242,4501,130,1,191.13,191.13
9243,4502,307,1,38.96,38.96
9244,4502,302,1,34.42,34.42
9245,4503,418,1,55.83,55.83
9246,4504,285,1,123.11,123.11
9247,4504,284,2,109.38,218.76
9248,4505,99,1,328.98,328.98
9249,4506,221,1,236.95,236.95
9250,4507,172,3,130.06,390.18
9251,4507,173,1,84.42,84.42
9252,4508,552,1,51.22,51.22
9253,4508,555,1,141.18,141.18
9254,4509,540,2,195.02,390.04
9255,4509,539,3,291.38,874.14
9256,4509,541,1,171.0,171.0
9257,4510,92,1,153.31,153.31
9258,4510,96,1,135.43,135.43
9259,4510,94,1,220.66,220.66
9260,4510,95,1,182.29,182.29
9261,4511,317,1,227.15,227.15
9262,4511,315,1,57.91,57.91
9263,4512,590,1,106.61,106.61
9264,4512,593,1,156.78,156.78
9265,4512,592,1,184.37,184.37
9266,4513,874,1,332.73,332.73
9267,4513,871,2,91.78,183.56
9268,4514,716,3,138.42,415.26
9269,4514,715,1,204.46,204.46
9270,4515,115,1,209.52,209.52
9271,4516,60,1,146.6,146.6
9272,4517,618,1,71.97,71.97
9273,4517,616,1,56.77,56.77
9274,4517,619,2,126.63,253.26
9275,4518,185,1,99.42,99.42
9276,4519,782,1,260.31,260.31
9277,4520,270,3,95.07,285.21
9278,4520,273,2,205.02,410.04
9279,4521,459,2,224.56,449.12
9280,4522,470,1,30.5,30.5
9281,4522,468,1,46.38,46.38
9282,4522,467,2,62.21,124.42
9283,4523,640,1,115.31,115.31
9284,4523,638,1,182.04,182.04
9285,4523,639,2,217.34,434.68
9286,4524,81,2,221.79,443.58
9287,4525,863,1,215.82,215.82
9288,4525,860,1,174.47,174.47
9289,4525,861,1,191.56,191.56
9290,4525,865,1,133.67,133.67
9291,4526,815,1,189.92,189.92
9292,4526,816,1,259.46,259.46
9293,4527,37,1,214.37,214.37
9294,4527,34,1,338.78,338.78
9295,4528,140,2,141.31,282.62
9296,4528,142,2,147.56,295.12
9297,4529,532,3,145.13,435.39
9298,4530,736,1,67.36,67.36
9299,4530,731,1,86.37,86.37
9300,4530,733,2,89.75,179.5
9301,4531,531,1,250.29,250.29
9302,4531,534,2,167.74,335.48
9303,4532,40,1,216.36,216.36
9304,4532,41,1,194.45,194.45
9305,4532,39,1,296.39,296.39
9306,4533,587,1,237.66,237.66
9307,4533,586,2,102.63,205.26
9308,4533,588,1,358.82,358.82
9309,4534,620,2,170.43,340.86
9310,4534,621,1,154.33,154.33
9311,4534,622,1,214.66,214.66
9312,4535,396,1,184.95,184.95
9313,4536,385,2,109.34,218.68
9314,4537,902,1,109.42,109.42
9315,4538,186,1,54.5,54.5
9316,4538,185,1,99.42,99.42
9317,4539,619,1,126.63,126.63
9318,4540,884,2,73.48,146.96
9319,4540,882,2,60.01,120.02
9320,4540,880,2,120.99,241.98
9321,4541,200,1,300.13,300.13
9322,4542,620,2,170.43,340.86
9323,4542,622,1,214.66,214.66
9324,4542,621,1,154.33,154.33
9325,4543,270,3,95.07,285.21
9326,4543,272,2,403.57,807.14
9327,4544,350,1,92.36,92.36
9328,4544,352,3,249.87,749.61
9329,4544,351,2,147.39,294.78
9330,4545,612,1,83.64,83.64
9331,4545,609,1,108.01,108.01
9332,4546,410,2,106.4,212.8
9333,4546,413,1,85.59,85.59
9334,4546,412,1,130.07,130.07
9335,4546,411,2,86.96,173.92
9336,4547,301,1,238.78,238.78
9337,4547,299,2,158.61,317.22
9338,4548,803,3,120.22,360.66
9339,4548,801,1,86.0,86.0
9340,4549,179,2,54.23,108.46
9341,4549,176,3,108.59,325.77
9342,4550,96,2,135.43,270.86
9343,4550,93,1,170.77,170.77
9344,4550,95,1,182.29,182.29
9345,4551,353,1,56.31,56.31
9346,4551,356,1,69.56,69.56
9347,4551,354,1,123.31,123.31
9348,4552,174,3,66.64,199.92
9349,4553,317,1,227.15,227.15
9350,4553,315,3,57.91,173.73
9351,4554,816,1,259.46,259.46
9352,4554,815,1,189.92,189.92
9353,4554,817,2,191.49,382.98
9354,4555,388,2,68.71,137.42
9355,4555,391,2,34.96,69.92
9356,4555,389,1,115.29,115.29
9357,4556,874,1,332.73,332.73
9358,4556,872,1,178.81,178.81
9359,4556,871,1,91.78,91.78
9360,4557,801,3,86.0,258.0
9361,4557,803,2,120.22,240.44
9362,4557,802,1,50.3,50.3
9363,4558,756,1,86.53,86.53
9364,4558,754,1,140.32,140.32
9365,4558,751,1,336.7,336.7
9366,4559,667,2,96.69,193.38
9367,4559,666,1,98.37,98.37
9368,4559,668,3,229.57,688.71
9369,4560,223,2,189.77,379.54
9370,4560,226,1,315.2,315.2
9371,4561,120,1,150.59,150.59
9372,4562,120,3,150.59,451.77
9373,4562,119,1,237.15,237.15
9374,4563,308,2,211.24,422.48
9375,4563,310,1,145.13,145.13
9376,4564,293,1,202.09,202.09
9377,4565,448,2,113.63,227.26
9378,4566,834,2,181.47,362.94
9379,4566,833,1,298.32,298.32
9380,4566,831,1,186.31,186.31
9381,4567,631,1,139.57,139.57
9382,4567,630,2,63.47,126.94
9383,4568,703,1,90.15,90.15
9384,4568,702,2,224.2,448.4
9385,4568,701,1,196.96,196.96
9386,4569,344,1,116.64,116.64
9387,4569,343,1,126.85,126.85
9388,4570,383,1,155.38,155.38
9389,4570,384,2,265.69,531.38
9390,4571,503,2,295.3,590.6
9391,4571,507,1,168.67,168.67
9392,4571,508,2,143.75,287.5
9393,4572,85,1,192.36,192.36
9394,4572,82,2,80.93,161.86
9395,4572,81,2,221.79,443.58
9396,4573,803,3,120.22,360.66
9397,4574,786,1,207.94,207.94
9398,4575,491,1,232.77,232.77
9399,4575,492,1,111.13,111.13
9400,4576,489,1,270.74,270.74
9401,4577,423,1,328.13,328.13
9402,4577,424,3,225.14,675.42
9403,4577,425,1,109.48,109.48
9404,4578,378,3,196.19,588.57
9405,4578,379,2,248.51,497.02
9406,4579,859,1,321.47,321.47
9407,4579,858,2,155.28,310.56
9408,4579,857,1,167.57,167.57
9409,4580,706,2,57.35,114.7
9410,4580,705,1,41.73,41.73
9411,4581,192,2,351.86,703.72
9412,4581,195,1,55.4,55.4
9413,4581,194,2,91.51,183.02
9414,4582,300,1,165.37,165.37
9415,4582,299,1,158.61,158.61
9416,4582,301,1,238.78,238.78
9417,4583,527,2,200.5,401.0
9418,4583,530,1,284.08,284.08
9419,4583,525,1,186.93,186.93
9420,4584,733,3,89.75,269.25
9421,4584,736,2,67.36,134.72
9422,4585,282,2,207.19,414.38
9423,4586,394,1,273.63,273.63
9424,4586,393,1,189.05,189.05
9425,4587,855,1,213.85,213.85
9426,4587,854,1,165.14,165.14
9427,4587,856,2,395.69,791.38
9428,4588,647,1,95.79,95.79
9429,4588,645,2,224.43,448.86
9430,4589,28,2,243.84,487.68
9431,4589,27,1,51.5,51.5
9432,4589,30,1,90.63,90.63
9433,4590,731,1,86.37,86.37
9434,4590,734,2,31.37,62.74
9435,4590,732,2,49.73,99.46
9436,4591,732,1,49.73,49.73
9437,4591,736,1,67.36,67.36
9438,4591,735,1,125.79,125.79
9439,4592,865,2,133.67,267.34
9440,4593,293,3,202.09,606.27
9441,4593,290,2,135.83,271.66
9442,4593,292,1,136.06,136.06
9443,4593,289,1,97.17,97.17
9444,4594,712,1,89.24,89.24
9445,4594,710,2,274.05,548.1
9446,4595,877,1,60.41,60.41
9447,4595,876,1,146.15,146.15
9448,4595,879,1,202.67,202.67
9449,4596,270,2,95.07,190.14
9450,4596,273,1,205.02,205.02
9451,4597,495,3,167.83,503.49
9452,4598,645,3,224.43,673.29
9453,4598,647,1,95.79,95.79
9454,4599,451,2,98.3,196.6
9455,4599,453,2,227.24,454.48
9456,4600,713,1,68.16,68.16
9457,4601,272,1,403.57,403.57
9458,4601,271,3,256.17,768.51
9459,4602,109,1,188.55,188.55
9460,4603,792,3,211.9,635.7
9461,4603,791,2,260.78,521.56
9462,4603,794,2,373.23,746.46
9463,4604,150,2,270.56,541.12
9464,4604,149,2,180.91,361.82
9465,4604,153,3,234.19,702.57
9466,4605,36,2,47.3,94.6
9467,4606,593,1,156.78,156.78
9468,4607,773,2,196.81,393.62
9469,4607,772,1,177.07,177.07
9470,4607,774,1,100.58,100.58
9471,4608,802,2,50.3,100.6
9472,4608,801,1,86.0,86.0
9473,4609,694,2,181.71,363.42
9474,4610,793,1,344.67,344.67
9475,4611,245,1,129.97,129.97
9476,4612,7,2,296.55,593.1
9477,4612,12,2,155.01,310.02
9478,4613,797,2,90.2,180.4
9479,4613,800,3,56.19,168.57
9480,4613,796,3,81.74,245.22
9481,4614,513,1,89.69,89.69
9482,4614,510,2,263.86,527.72
9483,4615,231,1,125.93,125.93
9484,4615,227,2,63.21,126.42
9485,4616,637,1,86.47,86.47
9486,4616,633,2,126.51,253.02
9487,4617,349,1,44.05,44.05
9488,4617,348,1,70.44,70.44
9489,4618,796,1,81.74,81.74
9490,4619,418,2,55.83,111.66
9491,4620,743,3,347.36,1042.08
9492,4620,742,2,315.79,631.58
9493,4620,741,2,168.2,336.4
9494,4621,806,1,180.25,180.25
9495,4621,805,2,316.03,632.06
9496,4621,804,1,299.88,299.88
9497,4621,807,2,291.56,583.12
9498,4622,710,1,274.05,274.05
9499,4622,709,2,218.31,436.62
9500,4622,713,2,68.16,136.32
9501,4622,714,1,54.27,54.27
9502,4623,886,2,181.12,362.24
9503,4623,889,2,93.72,187.44
9504,4623,887,1,227.71,227.71
9505,4624,885,3,156.5,469.5
9506,4624,889,1,93.72,93.72
9507,4625,419,1,83.65,83.65
9508,4626,789,1,304.32,304.32
9509,4626,788,2,235.44,470.88
9510,4627,104,1,185.44,185.44
9511,4627,103,3,119.78,359.34
9512,4628,652,1,247.12,247.12
9513,4628,653,2,161.33,322.66
9514,4628,651,3,150.24,450.72
9515,4628,654,1,114.97,114.97
9516,4629,643,1,176.66,176.66
9517,4630,807,1,291.56,291.56
9518,4630,805,1,316.03,316.03
9519,4630,804,2,299.88,599.76
9520,4631,201,2,271.07,542.14
9521,4631,204,3,77.57,232.71
9522,4632,769,1,264.24,264.24
9523,4632,766,1,92.27,92.27
9524,4632,767,1,170.04,170.04
9525,4633,789,1,304.32,304.32
9526,4634,66,1,37.94,37.94
9527,4634,67,1,128.63,128.63
9528,4635,178,1,102.39,102.39
9529,4635,177,1,79.8,79.8
9530,4635,176,1,108.59,108.59
9531,4636,410,1,106.4,106.4
9532,4636,412,1,130.07,130.07
9533,4637,342,1,103.45,103.45
9534,4637,340,1,201.26,201.26
9535,4637,337,1,141.59,141.59
9536,4637,339,1,244.24,244.24
9537,4638,570,3,310.29,930.87
9538,4638,571,1,235.2,235.2
9539,4639,720,1,119.97,119.97
9540,4639,721,1,219.08,219.08
9541,4640,879,1,202.67,202.67
9542,4640,875,3,341.41,1024.23
9543,4640,876,1,146.15,146.15
9544,4641,810,2,55.11,110.22
9545,4641,811,1,69.46,69.46
9546,4641,813,2,43.28,86.56
9547,4641,812,1,113.43,113.43
9548,4642,815,1,189.92,189.92
9549,4642,817,1,191.49,191.49
9550,4643,385,1,109.34,109.34
9551,4643,384,1,265.69,265.69
9552,4643,383,1,155.38,155.38
9553,4644,424,2,225.14,450.28
9554,4645,208,1,41.46,41.46
9555,4645,206,3,216.9,650.7
9556,4645,205,1,284.38,284.38
9557,4646,55,1,70.87,70.87
9558,4647,624,3,177.03,531.09
9559,4647,623,1,244.43,244.43
9560,4648,18,1,107.13,107.13
9561,4649,205,1,284.38,284.38
9562,4649,206,1,216.9,216.9
9563,4649,208,2,41.46,82.92
9564,4650,769,1,264.24,264.24
9565,4650,766,1,92.27,92.27
9566,4650,768,2,333.14,666.28
9567,4650,765,1,180.0,180.0
9568,4650,767,1,170.04,170.04
9569,4651,687,1,214.33,214.33
9570,4651,689,1,143.97,143.97
9571,4652,845,1,303.39,303.39
9572,4652,847,1,247.63,247.63
9573,4652,846,1,339.82,339.82
9574,4653,512,1,286.08,286.08
9575,4654,892,1,310.16,310.16
9576,4654,890,2,222.09,444.18
9577,4654,891,1,192.28,192.28
9578,4655,233,2,93.56,187.12
9579,4656,152,1,148.72,148.72
9580,4656,151,1,139.57,139.57
9581,4656,150,2,270.56,541.12
9582,4657,320,3,197.48,592.44
9583,4657,319,2,184.37,368.74
9584,4657,321,1,276.16,276.16
9585,4658,782,1,260.31,260.31
9586,4659,232,3,72.5,217.5
9587,4659,229,1,33.24,33.24
9588,4659,228,1,115.05,115.05
9589,4660,201,2,271.07,542.14
9590,4660,203,1,190.86,190.86
9591,4660,204,1,77.57,77.57
9592,4661,192,1,351.86,351.86
9593,4661,194,1,91.51,91.51
9594,4662,67,1,128.63,128.63
9595,4663,209,1,188.85,188.85
9596,4663,211,1,280.44,280.44
9597,4663,210,1,56.05,56.05
9598,4664,393,1,189.05,189.05
9599,4664,395,2,186.81,373.62
9600,4665,406,2,184.85,369.7
9601,4665,408,1,299.49,299.49
9602,4666,319,3,184.37,553.11
9603,4667,592,1,184.37,184.37
9604,4667,590,3,106.61,319.83
9605,4667,591,1,272.73,272.73
9606,4668,353,2,56.31,112.62
9607,4668,355,3,119.82,359.46
9608,4668,356,1,69.56,69.56
9609,4668,354,1,123.31,123.31
9610,4669,728,3,160.97,482.91
9611,4669,727,2,226.74,453.48
9612,4669,725,1,187.51,187.51
9613,4669,729,1,144.59,144.59
9614,4670,200,1,300.13,300.13
9615,4670,197,2,170.54,341.08
9616,4671,668,1,229.57,229.57
9617,4672,848,1,171.11,171.11
9618,4673,137,2,196.34,392.68
9619,4673,139,1,132.01,132.01
9620,4674,140,3,141.31,423.93
9621,4675,519,2,164.48,328.96
9622,4675,515,1,186.71,186.71
9623,4676,104,1,185.44,185.44
9624,4676,103,1,119.78,119.78
9625,4677,33,1,98.63,98.63
9626,4677,37,2,214.37,428.74
9627,4678,639,1,217.34,217.34
9628,4678,641,1,273.99,273.99
9629,4678,640,2,115.31,230.62
9630,4679,281,1,255.07,255.07
9631,4679,280,1,188.04,188.04
9632,4679,282,1,207.19,207.19
9633,4680,280,1,188.04,188.04
9634,4680,281,2,255.07,510.14
9635,4680,282,1,207.19,207.19
9636,4681,382,1,396.46,396.46
9637,4682,792,1,211.9,211.9
9638,4682,793,1,344.67,344.67
9639,4682,791,1,260.78,260.78
9640,4683,126,2,62.89,125.78
9641,4683,129,2,318.78,637.56
9642,4683,128,2,43.37,86.74
9643,4684,84,1,375.41,375.41
9644,4684,83,1,163.05,163.05
9645,4685,196,1,177.07,177.07
9646,4685,200,2,300.13,600.26
9647,4686,818,2,68.59,137.18
9648,4687,342,1,103.45,103.45
9649,4687,340,3,201.26,603.78
9650,4687,339,1,244.24,244.24
9651,4688,665,3,151.0,453.0
9652,4688,663,2,217.11,434.22
9653,4688,664,2,140.73,281.46
9654,4689,762,1,40.83,40.83
9655,4689,763,1,26.12,26.12
9656,4690,139,2,132.01,264.02
9657,4690,137,1,196.34,196.34
9658,4691,261,2,253.21,506.42
9659,4691,264,1,102.41,102.41
9660,4692,237,1,244.18,244.18
9661,4692,233,1,93.56,93.56
9662,4692,235,1,49.74,49.74
9663,4693,359,1,127.52,127.52
9664,4694,500,1,140.7,140.7
9665,4694,502,1,215.68,215.68
9666,4694,498,1,297.63,297.63
9667,4695,363,1,60.73,60.73
9668,4696,699,1,264.85,264.85
9669,4697,678,1,273.79,273.79
9670,4697,679,2,93.55,187.1
9671,4698,697,1,89.58,89.58
9672,4699,168,3,183.31,549.93
9673,4700,208,2,41.46,82.92
9674,4700,207,1,85.74,85.74
9675,4701,560,1,188.98,188.98
9676,4701,557,1,337.17,337.17
9677,4702,185,1,99.42,99.42
9678,4702,186,1,54.5,54.5
9679,4702,184,1,67.67,67.67
9680,4703,276,1,236.14,236.14
9681,4703,274,1,233.46,233.46
9682,4704,352,1,249.87,249.87
9683,4705,292,2,136.06,272.12
9684,4705,291,1,165.84,165.84
9685,4705,290,1,135.83,135.83
9686,4706,280,1,188.04,188.04
9687,4706,282,2,207.19,414.38
9688,4707,625,1,85.74,85.74
9689,4707,623,2,244.43,488.86
9690,4708,215,2,96.38,192.76
9691,4709,316,1,360.72,360.72
9692,4709,317,1,227.15,227.15
9693,4710,392,1,69.99,69.99
9694,4710,388,1,68.71,68.71
9695,4711,344,3,116.64,349.92
9696,4712,573,3,152.85,458.55
9697,4713,167,3,54.36,163.08
9698,4713,166,2,68.12,136.24
9699,4713,165,2,188.08,376.16
9700,4714,673,1,136.23,136.23
9701,4714,672,1,168.7,168.7
9702,4714,675,1,163.27,163.27
9703,4714,674,2,222.61,445.22
9704,4715,431,3,260.09,780.27
9705,4715,432,3,160.15,480.45
9706,4715,429,1,180.39,180.39
9707,4716,479,3,143.06,429.18
9708,4717,161,1,80.29,80.29
9709,4718,838,1,294.54,294.54
9710,4718,835,1,230.64,230.64
9711,4719,828,1,343.91,343.91
9712,4719,826,1,364.49,364.49
9713,4719,827,1,281.31,281.31
9714,4720,245,2,129.97,259.94
9715,4720,243,1,126.9,126.9
9716,4720,246,2,253.18,506.36
9717,4721,37,2,214.37,428.74
9718,4722,71,1,234.56,234.56
9719,4722,70,1,108.83,108.83
9720,4722,69,1,174.47,174.47
9721,4722,73,2,237.02,474.04
9722,4723,767,2,170.04,340.08
9723,4723,769,1,264.24,264.24
9724,4723,768,1,333.14,333.14
9725,4723,766,1,92.27,92.27
9726,4724,336,3,321.97,965.91
9727,4724,332,1,63.15,63.15
9728,4725,878,1,327.54,327.54
9729,4725,876,3,146.15,438.45
9730,4725,877,1,60.41,60.41
9731,4726,183,1,74.44,74.44
9732,4726,180,1,316.01,316.01
9733,4727,197,2,170.54,341.08
9734,4728,861,2,191.56,383.12
9735,4728,863,2,215.82,431.64
9736,4729,463,1,197.55,197.55
9737,4729,464,2,90.71,181.42
9738,4730,350,1,92.36,92.36
9739,4730,352,2,249.87,499.74
9740,4731,299,1,158.61,158.61
9741,4731,300,3,165.37,496.11
9742,4732,238,1,80.67,80.67
9743,4732,240,2,60.27,120.54
9744,4733,453,2,227.24,454.48
9745,4733,452,1,270.1,270.1
9746,4733,451,1,98.3,98.3
9747,4734,549,1,31.93,31.93
9748,4735,571,1,235.2,235.2
9749,4735,570,1,310.29,310.29
9750,4736,223,2,189.77,379.54
9751,4737,701,3,196.96,590.88
9752,4737,703,1,90.15,90.15
9753,4738,164,2,250.1,500.2
9754,4738,162,1,126.83,126.83
9755,4738,165,3,188.08,564.24
9756,4739,725,1,187.51,187.51
9757,4739,729,2,144.59,289.18
9758,4740,19,2,226.81,453.62
9759,4740,20,1,137.92,137.92
9760,4741,68,1,116.41,116.41
9761,4742,744,2,337.01,674.02
9762,4742,745,1,79.47,79.47
9763,4743,414,2,114.05,228.1
9764,4743,417,3,61.18,183.54
9765,4744,5,1,55.38,55.38
9766,4744,4,1,249.43,249.43
9767,4744,2,1,91.89,91.89
9768,4745,846,1,339.82,339.82
9769,4746,859,1,321.47,321.47
9770,4746,857,1,167.57,167.57
9771,4747,293,1,202.09,202.09
9772,4748,571,1,235.2,235.2
9773,4749,19,1,226.81,226.81
9774,4750,774,2,100.58,201.16
9775,4751,849,1,211.18,211.18
9776,4752,162,1,126.83,126.83
9777,4753,51,1,196.02,196.02
9778,4754,620,2,170.43,340.86
9779,4755,156,1,375.8,375.8
9780,4755,155,1,224.21,224.21
9781,4755,154,1,140.21,140.21
9782,4756,833,1,298.32,298.32
9783,4756,834,1,181.47,181.47
9784,4757,218,1,70.08,70.08
9785,4758,387,1,116.82,116.82
9786,4759,317,2,227.15,454.3
9787,4760,412,1,130.07,130.07
9788,4761,451,1,98.3,98.3
9789,4761,452,1,270.1,270.1
9790,4761,453,2,227.24,454.48
9791,4762,908,1,178.43,178.43
9792,4762,909,1,263.28,263.28
9793,4763,462,2,172.94,345.88
9794,4763,465,1,343.7,343.7
9795,4763,464,1,90.71,90.71
9796,4764,213,1,59.87,59.87
9797,4764,214,1,69.93,69.93
9798,4765,352,2,249.87,499.74
9799,4765,350,1,92.36,92.36
9800,4765,351,1,147.39,147.39
9801,4766,788,1,235.44,235.44
9802,4766,789,1,304.32,304.32
9803,4766,787,2,74.13,148.26
9804,4767,312,1,181.75,181.75
9805,4768,877,2,60.41,120.82
9806,4769,548,2,34.99,69.98
9807,4769,550,2,118.88,237.76
9808,4769,549,1,31.93,31.93
9809,4770,596,1,80.69,80.69
9810,4770,594,1,104.28,104.28
9811,4771,472,1,122.69,122.69
9812,4771,467,2,62.21,124.42
9813,4772,487,1,207.13,207.13
9814,4772,489,1,270.74,270.74
9815,4772,488,1,187.64,187.64
9816,4773,872,1,178.81,178.81
9817,4774,628,1,163.08,163.08
9818,4774,627,1,96.1,96.1
9819,4774,626,3,179.18,537.54
9820,4775,318,1,316.44,316.44
9821,4776,263,1,218.69,218.69
9822,4776,260,1,312.34,312.34
9823,4777,229,2,33.24,66.48
9824,4777,228,1,115.05,115.05
9825,4778,872,3,178.81,536.43
9826,4779,876,1,146.15,146.15
9827,4780,286,1,68.75,68.75
9828,4780,287,1,33.06,33.06
9829,4781,864,1,212.39,212.39
9830,4782,775,1,290.38,290.38
9831,4782,776,3,159.23,477.69
9832,4782,778,3,222.02,666.06
9833,4783,160,1,51.25,51.25
9834,4783,159,1,133.67,133.67
9835,4783,158,1,76.29,76.29
9836,4783,161,2,80.29,160.58
9837,4784,77,1,268.12,268.12
9838,4784,74,2,166.68,333.36
9839,4784,75,2,110.03,220.06
9840,4785,535,1,176.96,176.96
9841,4785,538,1,181.71,181.71
9842,4786,680,2,47.29,94.58
9843,4787,275,2,185.4,370.8
9844,4787,278,1,216.2,216.2
9845,4787,277,2,149.98,299.96
9846,4787,274,2,233.46,466.92
9847,4788,769,1,264.24,264.24
9848,4789,116,1,107.07,107.07
9849,4789,115,1,209.52,209.52
9850,4789,114,1,290.96,290.96
9851,4789,113,2,358.19,716.38
9852,4790,475,1,107.29,107.29
9853,4790,473,1,41.78,41.78
9854,4791,728,2,160.97,321.94
9855,4791,726,1,144.41,144.41
9856,4792,696,2,271.89,543.78
9857,4792,700,2,84.6,169.2
9858,4793,744,1,337.01,337.01
9859,4794,283,1,48.75,48.75
9860,4794,285,1,123.11,123.11
9861,4794,286,1,68.75,68.75
9862,4795,21,1,130.12,130.12
9863,4795,19,1,226.81,226.81
9864,4795,18,2,107.13,214.26
9865,4795,22,1,117.19,117.19
9866,4796,708,1,77.17,77.17
9867,4796,704,3,96.6,289.8
9868,4796,706,1,57.35,57.35
9869,4797,419,1,83.65,83.65
9870,4797,418,1,55.83,55.83
9871,4797,420,2,52.12,104.24
9872,4798,313,1,105.57,105.57
9873,4798,312,1,181.75,181.75
9874,4799,787,1,74.13,74.13
9875,4799,790,2,54.04,108.08
9876,4799,788,1,235.44,235.44
9877,4800,895,1,198.26,198.26
9878,4801,351,2,147.39,294.78
9879,4801,352,1,249.87,249.87
9880,4801,350,1,92.36,92.36
9881,4802,844,2,240.49,480.98
9882,4802,841,1,82.37,82.37
9883,4803,105,1,153.67,153.67
9884,4803,107,1,173.01,173.01
9885,4804,816,1,259.46,259.46
9886,4805,882,1,60.01,60.01
9887,4806,295,1,131.67,131.67
9888,4806,297,3,211.98,635.94
9889,4807,548,1,34.99,34.99
9890,4807,551,3,74.52,223.56
9891,4807,550,1,118.88,118.88
9892,4808,213,1,59.87,59.87
9893,4809,119,2,237.15,474.3
9894,4810,677,1,230.81,230.81
9895,4811,649,1,43.02,43.02
9896,4812,52,1,232.43,232.43
9897,4812,50,2,163.27,326.54
9898,4813,656,2,199.09,398.18
9899,4814,706,2,57.35,114.7
9900,4814,704,1,96.6,96.6
9901,4815,356,1,69.56,69.56
9902,4816,829,2,171.53,343.06
9903,4817,327,2,87.29,174.58
9904,4817,329,1,74.89,74.89
9905,4818,898,1,73.29,73.29
9906,4819,776,1,159.23,159.23
9907,4819,777,1,179.75,179.75
9908,4819,775,2,290.38,580.76
9909,4820,701,2,196.96,393.92
9910,4820,703,1,90.15,90.15
9911,4821,419,2,83.65,167.3
9912,4822,839,1,97.01,97.01
9913,4822,840,2,98.19,196.38
9914,4822,838,1,294.54,294.54
9915,4823,731,1,86.37,86.37
9916,4824,337,2,141.59,283.18
9917,4824,338,1,226.73,226.73
9918,4825,241,1,129.43,129.43
9919,4826,185,1,99.42,99.42
9920,4826,184,1,67.67,67.67
9921,4827,673,2,136.23,272.46
9922,4827,671,1,209.8,209.8
9923,4827,675,1,163.27,163.27
9924,4828,912,1,52.34,52.34
9925,4828,915,1,45.26,45.26
9926,4828,914,1,123.48,123.48
9927,4829,588,2,358.82,717.64
9928,4829,589,2,99.63,199.26
9929,4830,802,3,50.3,150.9
9930,4830,803,3,120.22,360.66
9931,4831,478,3,126.9,380.7
9932,4831,480,2,266.4,532.8
9933,4831,479,2,143.06,286.12
9934,4832,724,1,239.45,239.45
9935,4832,721,1,219.08,219.08
9936,4832,723,2,212.91,425.82
9937,4833,350,1,92.36,92.36
9938,4833,352,3,249.87,749.61
9939,4833,351,1,147.39,147.39
9940,4834,687,1,214.33,214.33
9941,4834,689,1,143.97,143.97
9942,4834,688,1,230.37,230.37
9943,4835,12,2,155.01,310.02
9944,4836,156,1,375.8,375.8
9945,4837,865,3,133.67,401.01
9946,4837,860,2,174.47,348.94
9947,4838,760,1,53.0,53.0
9948,4838,759,2,280.6,561.2
9949,4838,757,2,204.57,409.14
9950,4839,376,1,144.5,144.5
9951,4840,439,1,121.62,121.62
9952,4841,66,1,37.94,37.94
9953,4842,155,1,224.21,224.21
9954,4842,154,1,140.21,140.21
9955,4843,569,1,176.13,176.13
9956,4843,567,1,130.79,130.79
9957,4844,650,1,66.55,66.55
9958,4844,649,1,43.02,43.02
9959,4844,648,3,79.5,238.5
9960,4845,377,2,308.4,616.8
9961,4846,607,1,160.8,160.8
9962,4846,606,1,171.84,171.84
9963,4847,225,2,211.65,423.3
9964,4847,223,1,189.77,189.77
9965,4848,882,3,60.01,180.03
9966,4848,881,1,77.18,77.18
9967,4848,880,3,120.99,362.97
9968,4849,209,1,188.85,188.85
9969,4849,211,2,280.44,560.88
9970,4849,210,3,56.05,168.15
9971,4850,278,1,216.2,216.2
9972,4850,274,1,233.46,233.46
9973,4850,277,2,149.98,299.96
9974,4851,570,1,310.29,310.29
9975,4852,168,2,183.31,366.62
9976,4852,170,1,256.96,256.96
9977,4853,559,2,261.72,523.44
9978,4853,558,2,103.39,206.78
9979,4854,89,1,390.22,390.22
9980,4855,352,1,249.87,249.87
9981,4855,350,2,92.36,184.72
9982,4856,712,1,89.24,89.24
9983,4856,714,3,54.27,162.81
9984,4856,713,1,68.16,68.16
9985,4857,688,1,230.37,230.37
9986,4858,152,2,148.72,297.44
9987,4858,151,1,139.57,139.57
9988,4859,42,3,59.16,177.48
9989,4859,45,1,233.46,233.46
9990,4859,44,1,240.69,240.69
9991,4860,744,1,337.01,337.01
9992,4860,746,1,163.45,163.45
9993,4861,908,1,178.43,178.43
9994,4861,909,1,263.28,263.28
9995,4862,686,2,206.53,413.06
9996,4862,688,1,230.37,230.37
9997,4863,886,3,181.12,543.36
9998,4863,888,1,407.48,407.48
9999,4863,887,1,227.71,227.71
10000,4864,491,2,232.77,465.54
10001,4865,838,1,294.54,294.54
10002,4865,837,2,294.06,588.12
10003,4866,775,3,290.38,871.14
10004,4867,537,2,323.04,646.08
10005,4867,536,2,187.9,375.8
10006,4867,538,1,181.71,181.71
10007,4868,385,1,109.34,109.34
10008,4869,494,1,269.46,269.46
10009,4869,496,2,117.13,234.26
10010,4870,259,1,232.16,232.16
10011,4870,257,1,155.76,155.76
10012,4870,258,1,204.63,204.63
10013,4871,103,1,119.78,119.78
10014,4871,105,1,153.67,153.67
10015,4871,107,1,173.01,173.01
10016,4872,570,1,310.29,310.29
10017,4872,572,2,218.69,437.38
10018,4872,571,2,235.2,470.4
10019,4873,869,1,136.34,136.34
10020,4873,870,1,278.04,278.04
10021,4873,868,1,204.17,204.17
10022,4874,600,2,166.52,333.04
10023,4875,845,1,303.39,303.39
10024,4875,846,1,339.82,339.82
10025,4876,699,1,264.85,264.85
10026,4877,577,2,158.0,316.0
10027,4877,579,1,131.18,131.18
10028,4877,578,2,204.17,408.34
10029,4878,89,3,390.22,1170.66
10030,4878,91,1,168.16,168.16
10031,4878,90,2,88.08,176.16
10032,4879,365,1,141.15,141.15
10033,4879,364,1,63.3,63.3
10034,4880,909,1,263.28,263.28
10035,4880,908,1,178.43,178.43
10036,4881,37,1,214.37,214.37
10037,4881,36,1,47.3,47.3
10038,4882,290,2,135.83,271.66
10039,4882,291,1,165.84,165.84
10040,4883,290,1,135.83,135.83
10041,4883,288,3,135.19,405.57
10042,4884,149,2,180.91,361.82
10043,4884,151,2,139.57,279.14
10044,4884,152,1,148.72,148.72
10045,4885,560,1,188.98,188.98
10046,4885,557,2,337.17,674.34
10047,4886,620,1,170.43,170.43
10048,4886,622,1,214.66,214.66
10049,4886,621,3,154.33,462.99
10050,4887,273,2,205.02,410.04
10051,4887,272,1,403.57,403.57
10052,4888,331,1,35.68,35.68
10053,4888,328,1,107.11,107.11
10054,4889,318,1,316.44,316.44
10055,4889,316,1,360.72,360.72
10056,4889,314,1,137.39,137.39
10057,4890,853,1,163.27,163.27
10058,4891,374,1,219.91,219.91
10059,4891,376,1,144.5,144.5
10060,4891,371,1,225.13,225.13
10061,4892,601,1,172.82,172.82
10062,4892,602,1,222.26,222.26
10063,4893,816,1,259.46,259.46
10064,4894,701,1,196.96,196.96
10065,4894,702,1,224.2,224.2
10066,4894,703,1,90.15,90.15
10067,4895,500,1,140.7,140.7
10068,4895,498,1,297.63,297.63
10069,4895,502,2,215.68,431.36
10070,4895,501,1,144.71,144.71
10071,4896,488,1,187.64,187.64
10072,4896,487,3,207.13,621.39
10073,4897,206,1,216.9,216.9
10074,4897,208,1,41.46,41.46
10075,4897,207,1,85.74,85.74
10076,4897,205,1,284.38,284.38
10077,4898,573,1,152.85,152.85
10078,4898,575,1,128.61,128.61
10079,4898,576,3,99.65,298.95
10080,4899,622,3,214.66,643.98
10081,4899,620,2,170.43,340.86
10082,4900,652,1,247.12,247.12
10083,4900,653,1,161.33,161.33
10084,4901,710,1,274.05,274.05
10085,4901,713,2,68.16,136.32
10086,4901,711,1,314.05,314.05
10087,4901,709,1,218.31,218.31
10088,4902,330,1,26.42,26.42
10089,4902,331,1,35.68,35.68
10090,4903,177,1,79.8,79.8
10091,4903,176,1,108.59,108.59
10092,4903,179,1,54.23,54.23
10093,4904,166,3,68.12,204.36
10094,4904,163,3,325.54,976.62
10095,4905,635,3,44.6,133.8
10096,4906,477,2,91.39,182.78
10097,4906,478,1,126.9,126.9
10098,4907,489,1,270.74,270.74
10099,4907,487,1,207.13,207.13
10100,4907,488,1,187.64,187.64
10101,4908,46,2,300.84,601.68
10102,4908,45,1,233.46,233.46
10103,4909,727,2,226.74,453.48
10104,4910,571,1,235.2,235.2
10105,4910,570,1,310.29,310.29
10106,4910,572,1,218.69,218.69
10107,4911,759,2,280.6,561.2
10108,4911,758,1,71.74,71.74
10109,4911,760,1,53.0,53.0
10110,4911,757,1,204.57,204.57
10111,4912,488,1,187.64,187.64
10112,4912,487,1,207.13,207.13
10113,4912,489,1,270.74,270.74
10114,4913,712,1,89.24,89.24
10115,4913,709,1,218.31,218.31
10116,4914,850,2,349.22,698.44
10117,4914,849,1,211.18,211.18
10118,4915,145,3,47.6,142.8
10119,4916,701,1,196.96,196.96
10120,4916,703,1,90.15,90.15
10121,4917,366,2,183.84,367.68
10122,4917,368,1,205.81,205.81
10123,4917,370,1,110.33,110.33
10124,4918,203,2,190.86,381.72
10125,4918,204,3,77.57,232.71
10126,4919,853,1,163.27,163.27
10127,4919,851,3,189.87,569.61
10128,4919,852,1,247.36,247.36
10129,4919,854,2,165.14,330.28
10130,4920,461,2,198.8,397.6
10131,4920,464,1,90.71,90.71
10132,4920,463,1,197.55,197.55
10133,4921,636,1,60.75,60.75
10134,4921,635,3,44.6,133.8
10135,4922,66,2,37.94,75.88
10136,4922,68,1,116.41,116.41
10137,4923,523,2,212.93,425.86
10138,4923,522,2,212.36,424.72
10139,4923,521,1,125.9,125.9
10140,4924,526,1,138.16,138.16
10141,4925,534,1,167.74,167.74
10142,4925,532,1,145.13,145.13
10143,4925,533,1,135.37,135.37
10144,4925,531,3,250.29,750.87
10145,4926,143,2,260.26,520.52
10146,4926,144,1,377.17,377.17
10147,4927,531,1,250.29,250.29
10148,4927,533,1,135.37,135.37
10149,4928,566,1,153.55,153.55
10150,4929,603,1,312.66,312.66
10151,4929,607,2,160.8,321.6
10152,4929,604,2,111.75,223.5
10153,4930,19,2,226.81,453.62
10154,4930,18,1,107.13,107.13
10155,4931,118,1,190.77,190.77
10156,4931,120,1,150.59,150.59
10157,4931,119,1,237.15,237.15
10158,4932,123,1,67.15,67.15
10159,4932,124,3,55.5,166.5
10160,4932,125,1,83.41,83.41
10161,4933,538,1,181.71,181.71
10162,4933,535,1,176.96,176.96
10163,4933,537,1,323.04,323.04
10164,4934,834,1,181.47,181.47
10165,4935,849,1,211.18,211.18
10166,4935,848,2,171.11,342.22
10167,4935,850,2,349.22,698.44
10168,4936,364,1,63.3,63.3
10169,4936,363,2,60.73,121.46
10170,4936,365,1,141.15,141.15
10171,4937,386,1,216.8,216.8
10172,4937,384,3,265.69,797.07
10173,4938,110,1,248.8,248.8
10174,4938,109,1,188.55,188.55
10175,4939,132,2,72.12,144.24
10176,4940,363,2,60.73,121.46
10177,4940,364,1,63.3,63.3
10178,4941,802,2,50.3,100.6
10179,4941,803,3,120.22,360.66
10180,4942,196,1,177.07,177.07
10181,4942,197,1,170.54,170.54
10182,4942,199,2,178.77,357.54
10183,4943,666,1,98.37,98.37
10184,4944,872,1,178.81,178.81
10185,4944,874,2,332.73,665.46
10186,4945,273,1,205.02,205.02
10187,4945,270,1,95.07,95.07
10188,4946,892,1,310.16,310.16
10189,4946,890,1,222.09,222.09
10190,4947,830,2,220.1,440.2
10191,4947,826,1,364.49,364.49
10192,4947,827,2,281.31,562.62
10193,4948,478,2,126.9,253.8
10194,4948,479,1,143.06,143.06
10195,4949,867,1,154.73,154.73
10196,4949,869,3,136.34,409.02
10197,4949,870,3,278.04,834.12
10198,4949,868,1,204.17,204.17
10199,4949,866,1,340.16,340.16
10200,4950,301,1,238.78,238.78
10201,4951,312,2,181.75,363.5
10202,4952,138,2,210.03,420.06
10203,4952,139,2,132.01,264.02
10204,4952,137,3,196.34,589.02
10205,4953,405,1,398.51,398.51
10206,4953,403,1,217.91,217.91
10207,4954,842,1,230.27,230.27
10208,4955,204,2,77.57,155.14
10209,4956,442,1,200.79,200.79
10210,4956,443,1,161.44,161.44
10211,4957,870,1,278.04,278.04
10212,4958,325,3,109.58,328.74
10213,4959,754,2,140.32,280.64
10214,4959,753,1,330.03,330.03
10215,4960,452,3,270.1,810.3
10216,4960,451,1,98.3,98.3
10217,4961,871,1,91.78,91.78
10218,4962,423,1,328.13,328.13
10219,4962,425,2,109.48,218.96
10220,4962,426,1,61.58,61.58
10221,4963,234,1,270.62,270.62
10222,4963,236,1,93.3,93.3
10223,4964,605,2,189.7,379.4
10224,4965,234,3,270.62,811.86
10225,4966,128,2,43.37,86.74
10226,4966,129,1,318.78,318.78
10227,4967,175,2,58.41,116.82
10228,4967,177,1,79.8,79.8
10229,4968,825,1,168.79,168.79
10230,4968,821,2,97.99,195.98
10231,4969,394,1,273.63,273.63
10232,4969,397,1,204.16,204.16
10233,4969,396,2,184.95,369.9
10234,4969,393,1,189.05,189.05
10235,4969,395,3,186.81,560.43
10236,4970,293,1,202.09,202.09
10237,4970,291,1,165.84,165.84
10238,4971,765,1,180.0,180.0
10239,4971,767,1,170.04,170.04
10240,4972,211,1,280.44,280.44
10241,4972,210,3,56.05,168.15
10242,4973,199,3,178.77,536.31
10243,4973,198,2,273.27,546.54
10244,4974,768,2,333.14,666.28
10245,4975,357,1,231.23,231.23
10246,4975,362,1,157.55,157.55
10247,4976,909,1,263.28,263.28
10248,4976,908,1,178.43,178.43
10249,4977,171,1,142.09,142.09
10250,4977,169,2,364.75,729.5
10251,4977,170,1,256.96,256.96
10252,4977,168,1,183.31,183.31
10253,4978,588,1,358.82,358.82
10254,4978,587,1,237.66,237.66
10255,4978,586,1,102.63,102.63
10256,4979,474,2,63.06,126.12
10257,4980,385,2,109.34,218.68
10258,4980,384,1,265.69,265.69
10259,4980,383,1,155.38,155.38
10260,4980,386,1,216.8,216.8
10261,4981,629,1,98.28,98.28
10262,4982,781,1,161.67,161.67
10263,4982,782,1,260.31,260.31
10264,4982,780,1,172.06,172.06
10265,4983,154,2,140.21,280.42
10266,4983,156,1,375.8,375.8
10267,4983,155,3,224.21,672.63
10268,4984,865,1,133.67,133.67
10269,4985,124,1,55.5,55.5
10270,4986,330,1,26.42,26.42
10271,4986,328,1,107.11,107.11
10272,4986,329,1,74.89,74.89
10273,4987,155,1,224.21,224.21
10274,4987,154,1,140.21,140.21
10275,4988,123,1,67.15,67.15
10276,4989,345,1,154.26,154.26
10277,4990,648,1,79.5,79.5
10278,4991,352,1,249.87,249.87
10279,4992,536,2,187.9,375.8
10280,4992,535,2,176.96,353.92
10281,4992,538,1,181.71,181.71
10282,4993,604,1,111.75,111.75
10283,4993,605,1,189.7,189.7
10284,4993,603,1,312.66,312.66
10285,4994,587,2,237.66,475.32
10286,4994,589,1,99.63,99.63
10287,4994,586,1,102.63,102.63
10288,4995,451,1,98.3,98.3
10289,4996,787,1,74.13,74.13
10290,4996,790,1,54.04,54.04
10291,4997,392,1,69.99,69.99
10292,4997,389,1,115.29,115.29
10293,4998,288,2,135.19,270.38
10294,4998,292,2,136.06,272.12
10295,4999,810,1,55.11,55.11
10296,4999,812,2,113.43,226.86
10297,5000,560,1,188.98,188.98
