payment_id,order_id,payment_method,payment_status,payment_date,amount
1,1,COD,Success,2025-07-27 11:28:48,1631.0
2,2,Credit Card,Success,2025-06-20 15:32:08,373.12
3,3,Wallet,Success,2025-01-16 08:33:41,186.74
4,4,COD,Success,2025-06-09 11:00:17,424.42
5,5,Debit Card,Success,2025-12-22 12:17:55,849.6
6,6,Wallet,Success,2025-05-17 19:54:19,1077.84
7,7,Credit Card,Refunded,2025-07-06 18:14:47,57.91
8,8,COD,Success,2025-05-02 13:07:45,340.15
9,9,Debit Card,Success,2025-08-19 21:39:44,238.91
10,10,Credit Card,Success,2025-10-06 16:32:28,287.11
11,11,Wallet,Success,2025-09-15 11:53:13,292.1
12,12,Credit Card,Success,2025-01-13 07:36:15,200.95
13,13,Wallet,Success,2025-04-17 14:05:32,310.76
14,14,UPI,Failed,2025-11-04 14:01:18,368.56
15,15,UPI,Success,2025-02-18 13:33:37,260.31
16,16,UPI,Success,2025-05-21 13:34:46,1265.45
17,17,Wallet,Success,2025-07-12 12:37:12,964.84
18,18,Debit Card,Success,2025-11-29 18:25:37,379.42
19,19,Wallet,Success,2025-06-29 14:10:12,1271.99
20,20,UPI,Success,2025-12-07 18:41:55,601.76
21,21,Wallet,Success,2025-11-18 21:43:39,594.97
22,22,Credit Card,Success,2025-04-09 13:36:33,568.7
23,23,COD,Success,2025-11-25 13:28:21,224.21
24,24,UPI,Success,2025-06-25 16:25:37,875.59
25,25,UPI,Success,2025-11-10 20:05:52,558.39
26,26,Wallet,Success,2025-04-16 20:47:55,224.56
27,27,Credit Card,Success,2025-07-12 23:04:06,779.75
28,28,Wallet,Success,2025-06-02 20:10:19,210.26
29,29,Debit Card,Failed,2025-11-16 12:05:55,882.65
30,30,UPI,Success,2025-04-15 18:43:56,890.71
31,31,UPI,Success,2025-11-12 14:06:16,197.78
32,32,UPI,Success,2025-11-12 20:08:58,1022.77
33,33,COD,Success,2025-07-14 19:30:19,93.55
34,34,UPI,Success,2025-09-03 11:46:45,942.28
35,35,COD,Success,2025-05-31 21:11:19,117.83
36,36,Wallet,Success,2025-05-01 20:37:59,1211.38
37,37,COD,Success,2025-08-04 12:20:57,452.74
38,38,COD,Success,2025-05-08 19:55:09,221.23
39,39,UPI,Success,2025-05-09 22:04:02,335.82
40,40,UPI,Success,2025-12-15 20:29:59,1919.84
41,41,COD,Success,2025-09-27 21:56:26,1538.44
42,42,UPI,Success,2025-02-22 11:34:49,144.51
43,43,UPI,Success,2025-02-04 19:58:29,466.35
44,44,COD,Success,2025-04-10 17:14:35,504.97
45,45,UPI,Success,2025-10-18 10:59:17,339.82
46,46,Credit Card,Success,2025-12-16 20:11:01,291.9
47,47,UPI,Success,2025-03-17 11:13:22,382.62
48,48,UPI,Success,2025-06-03 12:58:09,737.52
49,49,Debit Card,Success,2025-03-02 12:14:45,292.61
50,50,UPI,Success,2025-10-04 15:36:36,424.77
51,51,COD,Success,2025-07-02 09:51:22,359.31
52,52,Wallet,Success,2025-03-12 14:22:42,657.4
53,53,Wallet,Success,2025-08-11 12:41:29,363.06
54,54,COD,Success,2025-10-28 22:01:32,259.63
55,55,COD,Success,2025-06-15 10:23:09,100.6
56,56,Wallet,Success,2025-11-06 22:03:16,724.53
57,57,Credit Card,Success,2025-05-21 13:20:55,144.59
58,58,COD,Success,2025-08-31 21:13:18,256.24
59,59,Wallet,Success,2025-08-19 13:43:46,59.87
60,60,Credit Card,Success,2025-10-01 12:06:55,481.25
61,61,COD,Success,2025-03-24 11:33:29,1131.27
62,62,UPI,Success,2025-04-02 20:09:02,703.06
63,63,UPI,Success,2025-07-02 13:21:50,423.57
64,64,Wallet,Success,2025-01-16 21:24:48,287.98
65,65,COD,Success,2025-08-23 12:07:28,144.87
66,66,Debit Card,Success,2025-03-10 18:30:15,1361.08
67,67,UPI,Success,2025-12-07 20:00:42,1433.48
68,68,Wallet,Success,2025-02-28 22:29:07,94.96
69,69,UPI,Success,2025-10-07 21:49:32,122.82
70,70,UPI,Success,2025-09-11 10:45:31,458.46
71,71,Wallet,Success,2025-12-15 21:03:09,188.54
72,72,UPI,Success,2025-11-12 19:32:38,205.81
73,73,Wallet,Success,2025-03-09 11:27:55,1240.49
74,74,UPI,Success,2025-03-05 12:26:27,864.74
75,75,UPI,Refunded,2025-09-08 14:58:39,466.28
76,76,COD,Success,2025-05-26 11:10:51,169.74
77,77,Wallet,Success,2025-05-01 15:31:10,190.05
78,78,UPI,Success,2025-05-25 20:11:27,1259.92
79,79,UPI,Success,2025-11-05 17:34:57,525.45
80,80,Credit Card,Success,2025-11-01 23:29:20,576.08
81,81,UPI,Success,2025-03-22 20:08:27,109.38
82,82,UPI,Success,2025-04-21 22:00:38,591.44
83,83,Wallet,Success,2025-05-21 11:01:28,606.32
84,84,Credit Card,Success,2025-08-31 00:47:30,729.37
85,85,COD,Success,2025-10-30 23:21:05,463.04
86,86,Debit Card,Success,2025-10-25 20:13:34,457.74
87,87,Wallet,Success,2025-05-04 16:51:02,187.61
88,88,UPI,Refunded,2025-11-22 16:16:18,251.47
89,89,COD,Success,2025-12-16 07:17:57,441.32
90,90,Wallet,Success,2025-01-14 23:28:32,227.88
91,91,UPI,Success,2025-03-31 16:32:42,117.83
92,92,Wallet,Success,2025-03-04 13:36:52,317.43
93,93,Wallet,Success,2025-05-06 11:50:25,69.56
94,94,COD,Refunded,2025-03-04 12:17:34,1456.25
95,95,Credit Card,Success,2025-06-04 19:47:23,1074.47
96,96,UPI,Success,2025-03-08 19:25:53,1151.04
97,97,UPI,Success,2025-04-06 20:42:44,1230.71
98,98,UPI,Refunded,2025-01-12 19:14:11,192.28
99,99,Wallet,Success,2025-08-27 20:13:15,1001.92
100,100,Wallet,Success,2025-05-28 09:17:52,566.76
101,101,Wallet,Success,2025-11-27 19:17:54,578.93
102,102,Debit Card,Success,2025-04-17 23:58:08,316.01
103,103,UPI,Success,2025-11-02 22:22:35,757.57
104,104,UPI,Success,2025-03-29 22:44:36,63.54
105,105,Wallet,Failed,2025-06-27 18:23:01,761.25
106,106,UPI,Success,2025-03-11 22:34:01,96.79
107,107,Wallet,Success,2025-04-19 22:39:19,445.13
108,108,COD,Success,2025-07-02 10:29:22,221.66
109,109,UPI,Success,2025-05-26 09:57:07,42.37
110,110,UPI,Success,2025-11-16 13:49:11,423.34
111,111,COD,Success,2025-10-17 12:45:49,525.81
112,112,UPI,Success,2025-08-31 13:39:52,52.47
113,113,COD,Success,2025-06-11 21:57:05,1087.99
114,114,Debit Card,Success,2025-07-27 20:30:48,136.24
115,115,Wallet,Success,2025-02-20 20:18:58,322.43
116,116,Wallet,Success,2025-07-10 00:03:50,222.26
117,117,Debit Card,Success,2025-06-21 08:56:10,672.78
118,118,Credit Card,Success,2025-08-08 12:13:00,397.36
119,119,UPI,Success,2025-10-12 20:22:51,413.76
120,120,Credit Card,Success,2025-08-21 09:27:34,637.67
121,121,Credit Card,Success,2025-04-23 12:23:38,108.59
122,122,UPI,Success,2025-10-24 08:46:10,624.61
123,123,Wallet,Failed,2025-09-13 11:42:56,444.7
124,124,Wallet,Success,2025-08-03 17:16:50,592.84
125,125,Wallet,Refunded,2025-07-29 12:04:37,95.79
126,126,UPI,Success,2025-12-08 19:26:36,444.96
127,127,COD,Failed,2025-04-03 18:10:40,248.44
128,128,Wallet,Success,2025-06-03 16:39:45,546.63
129,129,Debit Card,Success,2025-01-20 20:04:04,265.18
130,130,Debit Card,Success,2025-02-28 14:50:38,503.9
131,131,UPI,Success,2025-11-18 15:49:48,221.32
132,132,COD,Success,2025-01-20 17:26:48,427.6
133,133,Debit Card,Success,2025-12-06 11:33:09,662.13
134,134,COD,Success,2025-07-20 21:06:29,398.9
135,135,UPI,Success,2025-12-22 13:06:28,180.05
136,136,Wallet,Success,2025-11-27 16:50:18,583.35
137,137,UPI,Success,2025-12-31 09:01:07,808.1
138,138,COD,Success,2025-02-24 19:53:26,49.52
139,139,COD,Failed,2025-06-08 19:28:33,837.47
140,140,UPI,Success,2025-10-15 18:13:10,179.59
141,141,UPI,Success,2025-09-17 20:09:41,585.94
142,142,COD,Success,2025-11-20 19:22:03,214.62
143,143,COD,Success,2025-01-21 11:33:52,545.01
144,144,Credit Card,Success,2025-11-21 17:31:03,613.89
145,145,Wallet,Success,2025-05-30 13:25:16,687.95
146,146,Credit Card,Success,2025-11-27 18:16:26,375.8
147,147,Wallet,Success,2025-01-13 11:24:08,192.29
148,148,Debit Card,Success,2025-04-18 10:52:33,566.12
149,149,Debit Card,Success,2025-12-25 19:25:27,314.33
150,150,COD,Success,2025-06-17 21:57:00,473.37
151,151,Debit Card,Success,2025-09-08 14:29:53,315.63
152,152,Wallet,Success,2025-10-26 00:59:41,83.78
153,153,Wallet,Success,2025-03-12 22:06:17,919.09
154,154,Wallet,Success,2025-10-11 18:50:04,392.73
155,155,Debit Card,Success,2025-01-21 06:22:59,279.28
156,156,UPI,Success,2025-05-22 21:49:40,447.18
157,157,UPI,Success,2025-06-13 10:32:03,714.62
158,158,UPI,Success,2025-11-22 21:57:12,764.08
159,159,UPI,Success,2025-12-16 18:23:18,201.92
160,160,UPI,Success,2025-07-19 15:16:17,1099.88
161,161,UPI,Success,2025-03-21 10:57:38,466.66
162,162,UPI,Success,2025-04-27 10:45:54,720.2
163,163,UPI,Success,2025-05-08 10:08:20,141.9
164,164,UPI,Success,2025-07-25 20:29:47,73.43
165,165,Wallet,Success,2025-10-15 07:29:24,1391.33
166,166,COD,Success,2025-06-25 14:13:40,295.51
167,167,UPI,Success,2025-02-28 07:09:30,109.0
168,168,Credit Card,Success,2025-04-13 13:07:46,775.9
169,169,Debit Card,Success,2025-08-01 09:30:53,694.57
170,170,UPI,Success,2025-11-14 12:07:19,735.96
171,171,UPI,Success,2025-09-12 20:24:09,184.65
172,172,Wallet,Success,2025-04-21 12:40:34,327.98
173,173,Wallet,Failed,2025-11-05 08:32:17,324.36
174,174,Debit Card,Success,2025-12-05 19:01:05,149.67
175,175,COD,Success,2025-01-12 16:36:10,347.36
176,176,UPI,Failed,2025-07-02 16:00:50,699.13
177,177,Debit Card,Success,2025-08-31 15:40:28,633.91
178,178,Credit Card,Success,2025-12-07 08:09:16,1251.84
179,179,COD,Success,2025-12-27 17:09:28,891.53
180,180,UPI,Success,2025-01-14 14:42:00,587.42
181,181,COD,Success,2025-04-24 17:42:06,97.01
182,182,COD,Success,2025-08-25 11:42:56,565.84
183,183,Credit Card,Success,2025-08-14 23:48:13,1156.73
184,184,COD,Success,2025-12-24 12:31:52,67.9
185,185,UPI,Refunded,2025-10-07 07:57:34,372.62
186,186,Credit Card,Success,2025-12-03 20:49:51,197.55
187,187,Wallet,Success,2025-10-09 12:02:08,277.87
188,188,UPI,Success,2025-01-30 23:25:01,187.81
189,189,Debit Card,Success,2025-11-28 09:36:32,113.43
190,190,Wallet,Success,2025-05-31 23:42:51,123.18
191,191,UPI,Success,2025-10-20 20:26:10,916.43
192,192,UPI,Success,2025-07-03 08:32:26,522.34
193,193,COD,Success,2025-08-31 13:20:22,128.17
194,194,UPI,Success,2025-01-08 15:58:37,643.98
195,195,COD,Success,2025-01-07 14:57:36,1001.31
196,196,UPI,Success,2025-10-11 22:46:07,1029.37
197,197,UPI,Success,2025-07-09 13:47:42,290.26
198,198,UPI,Success,2025-12-16 19:36:50,299.88
199,199,Wallet,Success,2025-10-03 19:49:39,219.76
200,200,COD,Success,2025-09-19 16:51:22,179.66
201,201,COD,Success,2025-10-02 12:23:44,728.41
202,202,UPI,Success,2025-08-19 10:07:56,188.38
203,203,Credit Card,Success,2025-10-24 23:30:22,204.46
204,204,Debit Card,Success,2025-11-03 20:40:55,358.31
205,205,UPI,Success,2025-03-22 11:39:15,555.16
206,206,UPI,Success,2025-12-07 19:00:31,627.07
207,207,Wallet,Success,2025-02-27 12:34:22,532.25
208,208,UPI,Success,2025-01-02 20:29:57,298.26
209,209,UPI,Success,2025-08-15 08:21:58,1452.58
210,210,Debit Card,Success,2025-08-16 20:27:27,91.39
211,211,Credit Card,Success,2025-10-12 21:56:53,214.8
212,212,Debit Card,Failed,2025-06-06 22:49:32,562.58
213,213,Wallet,Success,2025-10-11 20:13:53,877.38
214,214,Debit Card,Success,2025-12-11 17:30:04,324.76
215,215,UPI,Success,2025-07-07 21:43:50,839.99
216,216,Debit Card,Success,2025-02-02 13:02:51,821.27
217,217,Wallet,Success,2025-06-19 19:52:47,1015.89
218,218,COD,Success,2025-05-28 21:54:54,685.98
219,219,Debit Card,Success,2025-06-28 14:12:26,186.81
220,220,Credit Card,Success,2025-10-18 15:00:25,729.5
221,221,COD,Success,2025-10-01 20:22:12,196.03
222,222,UPI,Success,2025-09-29 13:12:43,884.95
223,223,COD,Success,2025-09-15 17:08:04,129.53
224,224,Wallet,Success,2025-07-23 11:49:58,296.75
225,225,Wallet,Success,2025-08-25 22:29:32,1045.53
226,226,COD,Success,2025-06-07 14:40:03,1049.95
227,227,Debit Card,Success,2025-11-25 08:18:01,233.5
228,228,UPI,Success,2025-07-21 22:29:20,1076.71
229,229,UPI,Success,2025-05-27 17:39:00,556.2
230,230,Credit Card,Success,2025-07-18 07:36:11,716.34
231,231,Credit Card,Success,2025-05-15 20:38:00,1179.76
232,232,UPI,Success,2025-02-07 11:58:47,212.58
233,233,Wallet,Success,2025-04-23 12:04:43,245.04
234,234,COD,Success,2025-02-15 13:59:58,508.2
235,235,COD,Success,2025-08-05 11:22:26,1284.98
236,236,Wallet,Success,2025-04-26 00:04:23,319.18
237,237,Debit Card,Success,2025-10-31 17:20:57,194.45
238,238,Debit Card,Success,2025-08-26 11:08:14,927.64
239,239,UPI,Success,2025-09-28 20:17:15,1177.34
240,240,Wallet,Success,2025-12-06 08:41:19,1687.64
241,241,UPI,Refunded,2025-07-17 11:28:02,212.26
242,242,Wallet,Success,2025-08-22 00:11:58,949.45
243,243,UPI,Success,2025-02-08 12:06:16,527.64
244,244,UPI,Success,2025-07-27 21:18:28,769.95
245,245,Debit Card,Success,2025-05-11 19:57:16,93.04
246,246,Wallet,Success,2025-03-08 13:10:31,322.66
247,247,UPI,Success,2025-09-20 21:10:25,459.02
248,248,UPI,Success,2025-09-13 21:48:00,257.65
249,249,COD,Success,2025-08-28 21:14:17,271.66
250,250,Wallet,Success,2025-05-19 13:18:40,303.98
251,251,UPI,Success,2025-07-02 20:45:59,153.47
252,252,UPI,Success,2025-05-17 13:38:40,43.37
253,253,Wallet,Success,2025-04-20 14:03:06,45.02
254,254,COD,Success,2025-02-17 12:17:52,743.73
255,255,Wallet,Success,2025-12-21 13:16:38,134.56
256,256,Debit Card,Failed,2025-11-27 21:42:02,746.71
257,257,UPI,Success,2025-09-05 19:30:09,557.62
258,258,Wallet,Success,2025-06-09 13:14:41,193.15
259,259,Credit Card,Success,2025-12-04 21:47:18,588.98
260,260,Credit Card,Success,2025-09-17 22:44:56,337.48
261,261,Debit Card,Failed,2025-03-05 13:42:18,89.69
262,262,Wallet,Success,2025-12-08 14:56:57,1110.62
263,263,COD,Success,2025-10-14 11:37:12,854.42
264,264,COD,Success,2025-01-29 13:53:57,187.28
265,265,Debit Card,Success,2025-10-24 11:37:36,178.78
266,266,Debit Card,Success,2025-02-07 22:22:13,957.34
267,267,Credit Card,Success,2025-10-08 13:05:19,322.86
268,268,UPI,Success,2025-08-09 13:36:26,465.72
269,269,COD,Success,2025-01-15 22:47:08,181.47
270,270,Wallet,Success,2025-06-18 11:16:14,140.81
271,271,COD,Success,2025-07-05 00:30:24,399.79
272,272,UPI,Success,2025-05-12 07:03:14,300.5
273,273,Credit Card,Success,2025-11-29 10:03:20,766.41
274,274,Debit Card,Success,2025-09-15 18:06:25,506.36
275,275,UPI,Success,2025-02-15 18:09:00,181.75
276,276,Debit Card,Success,2025-12-25 11:27:31,584.98
277,277,Wallet,Success,2025-10-20 10:14:10,411.13
278,278,UPI,Success,2025-05-06 08:22:22,493.58
279,279,Wallet,Success,2025-11-13 21:09:26,332.81
280,280,UPI,Failed,2025-06-17 13:26:58,86.0
281,281,Credit Card,Success,2025-07-28 21:45:32,120.05
282,282,UPI,Success,2025-12-07 19:26:58,505.86
283,283,Wallet,Success,2025-06-04 20:35:42,1179.15
284,284,UPI,Success,2025-10-10 00:31:45,407.13
285,285,Wallet,Success,2025-08-22 21:19:03,1017.35
286,286,COD,Success,2025-03-09 10:43:25,574.83
287,287,UPI,Success,2025-07-31 19:27:25,553.48
288,288,UPI,Success,2025-11-01 11:04:03,442.7
289,289,UPI,Success,2025-03-17 15:01:30,525.81
290,290,COD,Success,2025-08-01 08:23:04,136.34
291,291,Wallet,Success,2025-12-22 11:56:01,190.12
292,292,UPI,Success,2025-07-04 10:16:33,1277.6
293,293,Wallet,Success,2025-06-06 20:18:47,128.63
294,294,COD,Success,2025-12-16 15:20:10,277.89
295,295,UPI,Success,2025-08-03 21:57:53,154.35
296,296,Wallet,Success,2025-12-07 13:11:56,443.27
297,297,COD,Success,2025-11-16 07:44:12,645.84
298,298,Credit Card,Success,2025-02-18 20:19:37,488.48
299,299,Wallet,Success,2025-02-23 10:13:25,212.74
300,300,UPI,Success,2025-08-15 16:15:20,1444.59
301,301,Credit Card,Success,2025-08-12 11:18:20,464.41
302,302,Wallet,Failed,2025-07-28 18:26:26,553.91
303,303,UPI,Success,2025-05-19 13:45:06,965.01
304,304,Wallet,Success,2025-10-09 21:04:35,717.36
305,305,COD,Success,2025-04-16 18:16:59,52.34
306,306,Credit Card,Success,2025-10-10 22:06:11,424.66
307,307,UPI,Success,2025-12-06 19:52:05,1209.85
308,308,UPI,Success,2025-12-01 12:43:06,271.07
309,309,UPI,Success,2025-05-07 19:43:26,458.1
310,310,Wallet,Success,2025-03-12 14:49:02,998.0
311,311,UPI,Success,2025-07-30 18:25:00,193.57
312,312,Wallet,Success,2025-06-04 13:06:09,706.63
313,313,UPI,Success,2025-04-28 11:02:25,120.51
314,314,UPI,Success,2025-05-17 16:05:05,40.83
315,315,COD,Success,2025-07-10 17:41:37,239.64
316,316,COD,Success,2025-06-26 20:13:37,333.14
317,317,Credit Card,Refunded,2025-08-13 19:44:34,286.46
318,318,UPI,Success,2025-04-19 18:07:27,196.02
319,319,Debit Card,Success,2025-10-14 20:36:42,198.8
320,320,UPI,Success,2025-03-16 00:11:02,248.68
321,321,UPI,Success,2025-02-19 17:26:45,532.89
322,322,UPI,Success,2025-11-24 18:13:33,439.25
323,323,UPI,Success,2025-03-13 09:23:59,948.63
324,324,COD,Success,2025-07-02 12:08:51,1123.89
325,325,Credit Card,Success,2025-04-10 16:33:48,324.09
326,326,UPI,Success,2025-10-06 11:18:53,391.93
327,327,COD,Success,2025-07-03 19:28:50,462.26
328,328,Debit Card,Refunded,2025-10-10 22:33:25,483.83
329,329,UPI,Success,2025-09-30 20:32:14,273.56
330,330,COD,Success,2025-11-11 18:40:54,117.13
331,331,UPI,Success,2025-12-18 08:35:12,915.43
332,332,UPI,Failed,2025-06-03 21:35:28,1058.41
333,333,UPI,Refunded,2025-04-18 16:15:05,339.38
334,334,UPI,Success,2025-11-26 21:54:56,116.41
335,335,UPI,Success,2025-02-15 20:53:33,472.9
336,336,UPI,Success,2025-05-08 10:24:46,508.78
337,337,Credit Card,Success,2025-06-03 19:44:51,318.22
338,338,UPI,Success,2025-12-04 18:17:02,648.33
339,339,COD,Success,2025-06-28 15:18:33,191.99
340,340,Debit Card,Success,2025-08-04 13:41:51,575.79
341,341,Credit Card,Success,2025-07-29 08:41:11,365.11
342,342,Wallet,Success,2025-11-20 11:06:47,288.69
343,343,UPI,Success,2025-11-11 14:33:21,823.04
344,344,Credit Card,Success,2025-10-14 20:23:12,968.74
345,345,Credit Card,Success,2025-08-16 14:17:32,329.73
346,346,UPI,Success,2025-05-15 19:28:49,555.31
347,347,COD,Success,2025-02-21 11:34:42,477.51
348,348,Wallet,Success,2025-03-19 23:11:39,729.6
349,349,Credit Card,Success,2025-05-13 15:50:09,732.03
350,350,Debit Card,Success,2025-04-09 14:20:44,513.3
351,351,Wallet,Success,2025-04-15 20:41:26,449.68
352,352,COD,Success,2025-06-23 20:57:07,40.09
353,353,Wallet,Success,2025-04-25 13:16:30,518.52
354,354,UPI,Success,2025-10-01 12:51:46,642.73
355,355,Debit Card,Success,2025-12-21 18:06:18,130.07
356,356,COD,Success,2025-12-26 19:23:51,342.85
357,357,Wallet,Success,2025-08-13 17:57:50,209.01
358,358,Credit Card,Refunded,2025-04-12 23:53:14,842.66
359,359,Credit Card,Success,2025-01-05 08:07:58,376.74
360,360,Debit Card,Success,2025-06-29 16:49:23,671.15
361,361,UPI,Success,2025-12-11 22:23:55,140.27
362,362,Wallet,Success,2025-01-26 21:50:58,114.57
363,363,Debit Card,Success,2025-12-06 18:01:32,300.84
364,364,Credit Card,Success,2025-05-23 13:02:19,516.63
365,365,UPI,Success,2025-03-13 21:38:49,154.35
366,366,UPI,Success,2025-09-06 20:17:48,179.9
367,367,COD,Success,2025-04-05 19:06:02,240.91
368,368,COD,Success,2025-05-16 13:32:08,186.13
369,369,COD,Success,2025-05-16 19:23:54,1456.71
370,370,Credit Card,Success,2025-04-08 15:20:32,811.33
371,371,Wallet,Success,2025-04-08 19:42:46,238.09
372,372,COD,Success,2025-09-23 14:52:34,929.66
373,373,UPI,Failed,2025-03-06 12:34:24,771.66
374,374,Debit Card,Success,2025-08-12 19:01:02,909.35
375,375,Wallet,Success,2025-10-07 09:04:03,210.1
376,376,UPI,Success,2025-07-27 21:28:52,475.38
377,377,UPI,Success,2025-11-09 13:13:23,692.49
378,378,Credit Card,Success,2025-02-11 20:15:43,288.05
379,379,UPI,Success,2025-03-17 20:58:27,1093.39
380,380,Wallet,Success,2025-08-27 12:04:33,666.73
381,381,UPI,Success,2025-09-25 15:08:56,436.9
382,382,Debit Card,Success,2025-05-09 15:31:19,182.04
383,383,UPI,Success,2025-08-25 21:57:05,182.97
384,384,UPI,Success,2025-08-22 13:28:56,143.99
385,385,Wallet,Success,2025-06-02 13:17:29,1331.17
386,386,Credit Card,Success,2025-07-14 19:54:53,815.45
387,387,Credit Card,Success,2025-07-25 21:24:02,236.54
388,388,COD,Success,2025-05-16 15:39:57,1322.51
389,389,UPI,Success,2025-09-17 13:35:47,283.54
390,390,Wallet,Success,2025-05-24 20:24:49,341.23
391,391,Wallet,Success,2025-08-25 22:11:28,243.17
392,392,UPI,Success,2025-01-26 17:55:04,447.96
393,393,UPI,Success,2025-08-17 21:46:12,429.1
394,394,UPI,Success,2025-12-10 20:06:46,663.84
395,395,UPI,Success,2025-11-06 15:17:49,52.12
396,396,UPI,Success,2025-11-01 15:54:08,223.51
397,397,Debit Card,Success,2025-12-01 11:31:39,159.95
398,398,Wallet,Success,2025-07-10 12:10:23,124.75
399,399,Wallet,Success,2025-04-10 23:03:12,1429.07
400,400,UPI,Success,2025-12-17 22:24:05,243.49
401,401,UPI,Success,2025-08-27 00:14:14,638.0
402,402,COD,Success,2025-06-05 14:39:12,257.81
403,403,Credit Card,Success,2025-08-20 19:24:24,474.47
404,404,Wallet,Success,2025-07-31 11:49:24,300.48
405,405,COD,Success,2025-10-21 18:17:22,244.04
406,406,UPI,Success,2025-06-22 12:21:39,428.1
407,407,Debit Card,Success,2025-03-09 20:16:34,347.8
408,408,UPI,Success,2025-09-30 09:12:59,312.34
409,409,Credit Card,Success,2025-06-25 13:35:55,478.24
410,410,COD,Refunded,2025-11-14 10:31:56,320.55
411,411,Credit Card,Success,2025-04-08 19:04:07,717.24
412,412,Credit Card,Success,2025-07-11 21:09:20,356.58
413,413,Credit Card,Failed,2025-01-22 15:43:17,632.06
414,414,Credit Card,Success,2025-04-27 14:25:13,316.88
415,415,UPI,Success,2025-03-30 19:40:36,721.75
416,416,UPI,Success,2025-01-13 17:52:17,646.9
417,417,COD,Success,2025-10-19 11:54:35,494.21
418,418,Credit Card,Success,2025-09-02 19:23:07,283.3
419,419,Wallet,Success,2025-07-16 19:14:29,922.4
420,420,Wallet,Success,2025-12-29 19:09:56,232.11
421,421,UPI,Success,2025-12-09 10:57:16,281.08
422,422,Wallet,Success,2025-08-26 19:07:25,26.42
423,423,Credit Card,Success,2025-05-23 20:37:36,163.27
424,424,Wallet,Success,2025-06-06 17:28:47,271.38
425,425,UPI,Success,2025-03-26 21:05:06,484.02
426,426,UPI,Success,2025-08-18 16:16:57,317.43
427,427,Wallet,Success,2025-03-21 19:32:16,792.24
428,428,Wallet,Success,2025-08-05 20:05:47,248.67
429,429,UPI,Success,2025-03-27 20:02:10,570.99
430,430,COD,Success,2025-10-31 12:32:41,294.34
431,431,Wallet,Success,2025-10-22 12:24:38,177.27
432,432,Wallet,Success,2025-07-18 20:09:45,155.53
433,433,UPI,Success,2025-03-02 08:35:03,189.77
434,434,Wallet,Failed,2025-01-20 11:18:13,278.04
435,435,COD,Success,2025-10-02 15:49:02,597.27
436,436,Debit Card,Success,2025-01-16 19:30:40,214.15
437,437,UPI,Success,2025-02-02 12:28:58,97.37
438,438,UPI,Success,2025-03-17 14:45:08,250.22
439,439,Debit Card,Success,2025-02-22 19:49:40,400.38
440,440,UPI,Success,2025-09-20 17:54:25,460.36
441,441,Wallet,Success,2025-06-23 11:35:45,218.31
442,442,UPI,Success,2025-03-09 17:34:56,143.45
443,443,UPI,Success,2025-11-19 11:42:59,256.75
444,444,UPI,Success,2025-09-17 12:16:33,1519.08
445,445,UPI,Success,2025-12-24 12:30:11,294.24
446,446,COD,Success,2025-09-13 16:04:00,429.18
447,447,Debit Card,Success,2025-09-28 12:51:05,579.93
448,448,Wallet,Success,2025-10-26 11:53:19,403.29
449,449,Credit Card,Success,2025-07-24 16:16:28,182.54
450,450,Debit Card,Success,2025-11-03 11:05:57,104.39
451,451,Wallet,Success,2025-05-30 21:14:49,262.65
452,452,Wallet,Success,2025-12-10 12:58:26,40.39
453,453,COD,Failed,2025-05-14 21:21:57,490.35
454,454,Credit Card,Success,2025-11-11 10:27:12,1051.96
455,455,COD,Success,2025-08-30 12:14:58,818.76
456,456,UPI,Success,2025-02-07 23:05:01,74.89
457,457,Wallet,Success,2025-08-24 11:29:17,646.02
458,458,Wallet,Success,2025-12-21 13:09:34,293.2
459,459,UPI,Refunded,2025-10-03 13:36:51,239.75
460,460,Credit Card,Success,2025-02-18 21:41:19,1037.23
461,461,Wallet,Success,2025-06-09 21:38:22,654.4
462,462,UPI,Success,2025-07-24 18:10:22,162.86
463,463,COD,Success,2025-03-09 08:18:21,542.68
464,464,UPI,Success,2025-03-02 19:50:23,301.39
465,465,Debit Card,Success,2025-03-03 18:04:31,108.08
466,466,UPI,Success,2025-08-13 19:29:21,340.45
467,467,Wallet,Success,2025-08-04 10:52:23,874.68
468,468,UPI,Success,2025-04-21 16:08:31,435.95
469,469,COD,Success,2025-04-21 08:23:13,221.99
470,470,Credit Card,Success,2025-10-22 20:40:09,219.21
471,471,UPI,Success,2025-01-23 12:37:01,375.8
472,472,UPI,Success,2025-11-04 13:40:45,290.59
473,473,Debit Card,Success,2025-12-25 13:51:39,266.82
474,474,Credit Card,Success,2025-07-07 13:22:14,1361.08
475,475,Wallet,Success,2025-05-06 12:31:32,59.49
476,476,UPI,Success,2025-11-26 18:06:35,500.01
477,477,COD,Success,2025-08-29 19:51:41,82.37
478,478,UPI,Success,2025-04-29 11:33:15,221.54
479,479,UPI,Success,2025-07-24 20:45:39,199.09
480,480,UPI,Success,2025-10-22 12:25:50,37.94
481,481,COD,Success,2025-11-06 16:32:03,317.7
482,482,Credit Card,Success,2025-08-01 07:32:38,578.18
483,483,UPI,Success,2025-12-25 22:15:33,160.97
484,484,Credit Card,Success,2025-03-11 12:58:23,401.54
485,485,COD,Success,2025-10-22 21:45:20,588.61
486,486,Wallet,Success,2025-11-01 19:42:36,158.61
487,487,Wallet,Success,2025-06-10 21:32:22,126.85
488,488,UPI,Success,2025-12-20 20:26:25,340.86
489,489,Wallet,Success,2025-12-24 10:58:24,1228.65
490,490,Wallet,Success,2025-04-15 16:25:09,1376.0
491,491,Credit Card,Success,2025-10-02 13:52:07,242.92
492,492,UPI,Success,2025-10-06 17:10:24,116.65
493,493,UPI,Success,2025-06-15 20:57:04,521.06
494,494,Debit Card,Success,2025-07-02 13:36:49,689.6
495,495,UPI,Success,2025-12-20 21:50:02,202.34
496,496,COD,Success,2025-05-13 08:20:22,199.06
497,497,UPI,Refunded,2025-11-07 18:19:11,817.6
498,498,Debit Card,Success,2025-07-13 12:56:37,346.95
499,499,Wallet,Success,2025-06-22 23:57:14,996.08
500,500,COD,Success,2025-12-07 15:46:10,663.15
501,501,Debit Card,Success,2025-03-08 12:05:11,43.28
502,502,UPI,Success,2025-10-28 20:42:12,196.96
503,503,Credit Card,Success,2025-05-14 09:33:29,522.34
504,504,COD,Success,2025-04-23 15:48:44,84.42
505,505,UPI,Success,2025-09-16 21:57:33,548.95
506,506,UPI,Success,2025-02-09 17:50:55,728.98
507,507,Debit Card,Success,2025-09-16 17:37:19,223.84
508,508,Wallet,Success,2025-01-15 20:02:10,669.98
509,509,Debit Card,Refunded,2025-03-02 14:44:19,814.82
510,510,UPI,Success,2025-06-04 19:50:49,361.35
511,511,Credit Card,Success,2025-05-04 20:15:08,276.74
512,512,Credit Card,Failed,2025-09-22 19:58:27,180.39
513,513,Credit Card,Success,2025-09-05 19:53:03,173.73
514,514,Wallet,Success,2025-11-24 21:58:02,89.24
515,515,Wallet,Success,2025-10-22 07:42:11,944.96
516,516,Debit Card,Success,2025-09-22 18:51:33,172.94
517,517,Wallet,Success,2025-12-28 19:04:53,293.34
518,518,Credit Card,Success,2025-05-11 11:10:56,222.3
519,519,UPI,Success,2025-03-24 09:03:28,79.12
520,520,Debit Card,Success,2025-07-14 11:29:16,628.04
521,521,Debit Card,Success,2025-01-16 19:57:17,158.61
522,522,UPI,Success,2025-07-21 12:46:47,164.56
523,523,Debit Card,Success,2025-08-05 11:10:18,131.18
524,524,UPI,Success,2025-11-28 08:46:29,249.54
525,525,Wallet,Success,2025-11-26 21:53:52,176.66
526,526,Wallet,Success,2025-06-15 22:06:04,26.12
527,527,UPI,Success,2025-10-02 17:21:07,65.19
528,528,Credit Card,Success,2025-07-03 19:29:49,926.96
529,529,Credit Card,Success,2025-01-27 09:11:00,532.25
530,530,Credit Card,Success,2025-10-13 08:32:46,139.57
531,531,COD,Success,2025-04-12 21:54:52,605.12
532,532,Credit Card,Success,2025-01-10 21:54:13,31.93
533,533,UPI,Success,2025-02-17 23:29:15,506.42
534,534,UPI,Success,2025-06-17 07:51:47,407.04
535,535,Credit Card,Success,2025-07-30 12:19:22,387.54
536,536,UPI,Success,2025-05-07 20:57:04,326.66
537,537,Credit Card,Success,2025-07-09 17:07:15,888.51
538,538,Wallet,Success,2025-07-21 19:49:59,292.37
539,539,Debit Card,Success,2025-09-10 11:35:02,696.24
540,540,Wallet,Failed,2025-02-21 19:20:08,373.77
541,541,UPI,Success,2025-12-11 09:12:49,329.07
542,542,Debit Card,Success,2025-01-03 12:28:46,1272.84
543,543,UPI,Success,2025-08-15 11:27:53,67.16
544,544,COD,Success,2025-10-29 21:57:54,204.46
545,545,UPI,Success,2025-08-24 18:14:04,61.0
546,546,Wallet,Success,2025-10-18 12:55:46,300.09
547,547,UPI,Refunded,2025-10-16 20:51:45,100.08
548,548,COD,Success,2025-10-11 19:30:29,1283.44
549,549,UPI,Success,2025-05-30 10:16:30,142.74
550,550,UPI,Success,2025-04-16 13:49:20,47.16
551,551,Credit Card,Success,2025-03-11 21:03:37,884.3
552,552,UPI,Success,2025-12-23 20:44:15,607.59
553,553,Debit Card,Success,2025-10-18 20:28:14,234.14
554,554,COD,Success,2025-06-22 23:06:21,208.28
555,555,UPI,Success,2025-11-03 23:02:57,1464.36
556,556,UPI,Success,2025-07-26 20:52:35,279.89
557,557,Wallet,Success,2025-11-16 21:21:25,500.46
558,558,UPI,Refunded,2025-07-28 11:10:00,789.37
559,559,UPI,Success,2025-07-03 18:04:08,152.53
560,560,Credit Card,Success,2025-06-10 12:04:39,252.5
561,561,COD,Success,2025-08-19 12:05:27,842.33
562,562,UPI,Success,2025-08-21 19:30:03,900.48
563,563,UPI,Success,2025-03-01 09:19:33,662.99
564,564,UPI,Success,2025-10-06 11:09:50,192.36
565,565,Credit Card,Success,2025-09-22 14:19:35,347.1
566,566,UPI,Success,2025-04-23 06:09:00,597.77
567,567,Debit Card,Success,2025-03-31 12:45:10,146.62
568,568,UPI,Success,2025-07-16 20:20:44,435.85
569,569,Wallet,Success,2025-02-12 19:45:06,427.82
570,570,UPI,Success,2025-11-30 20:03:52,167.09
571,571,Credit Card,Success,2025-07-22 23:04:55,686.14
572,572,Debit Card,Success,2025-07-02 18:50:07,207.34
573,573,COD,Success,2025-12-13 19:14:49,693.22
574,574,UPI,Success,2025-05-29 19:03:49,365.91
575,575,UPI,Success,2025-08-06 13:09:03,184.17
576,576,Debit Card,Success,2025-01-29 19:50:09,193.19
577,577,UPI,Failed,2025-03-11 11:31:21,184.37
578,578,UPI,Success,2025-03-19 12:06:06,582.8
579,579,Wallet,Failed,2025-08-12 18:33:51,87.58
580,580,UPI,Success,2025-12-16 13:05:50,69.35
581,581,UPI,Success,2025-03-25 13:36:42,158.81
582,582,UPI,Success,2025-08-29 12:57:20,779.4
583,583,UPI,Success,2025-02-26 20:13:54,1651.41
584,584,COD,Success,2025-12-14 21:32:54,479.39
585,585,Debit Card,Success,2025-06-20 22:34:37,340.81
586,586,UPI,Success,2025-06-13 14:02:41,729.5
587,587,Wallet,Success,2025-12-05 20:09:10,270.08
588,588,UPI,Success,2025-10-06 11:26:11,103.39
589,589,COD,Success,2025-04-16 00:53:23,360.66
590,590,Wallet,Success,2025-08-13 21:25:37,1053.43
591,591,UPI,Success,2025-12-01 19:01:10,463.67
592,592,COD,Success,2025-06-26 12:23:35,502.44
593,593,UPI,Success,2025-06-27 09:19:41,421.16
594,594,UPI,Success,2025-02-27 17:08:01,104.24
595,595,UPI,Success,2025-07-11 12:55:38,630.81
596,596,UPI,Success,2025-08-28 12:34:42,139.69
597,597,Credit Card,Success,2025-08-25 15:31:14,231.99
598,598,Wallet,Success,2025-01-04 21:30:10,335.73
599,599,UPI,Success,2025-06-13 19:40:23,84.42
600,600,Wallet,Success,2025-04-21 13:54:32,383.5
601,601,UPI,Success,2025-07-26 13:34:53,234.86
602,602,UPI,Success,2025-04-04 20:39:20,326.44
603,603,Debit Card,Success,2025-02-12 08:00:03,275.3
604,604,Debit Card,Success,2025-04-15 12:03:50,374.31
605,605,Credit Card,Success,2025-11-21 21:07:00,536.16
606,606,Debit Card,Success,2025-10-31 23:03:43,259.05
607,607,Credit Card,Success,2025-07-13 12:39:37,259.46
608,608,UPI,Success,2025-06-13 20:19:28,256.17
609,609,COD,Success,2025-05-01 17:24:53,536.2
610,610,Credit Card,Success,2025-04-03 19:45:45,824.18
611,611,UPI,Success,2025-11-02 08:57:37,1889.4
612,612,UPI,Success,2025-11-10 15:46:27,107.13
613,613,Debit Card,Success,2025-07-28 19:58:52,909.62
614,614,Credit Card,Success,2025-01-13 19:13:18,200.03
615,615,UPI,Refunded,2025-02-13 23:24:04,312.89
616,616,UPI,Failed,2025-12-04 14:32:55,731.51
617,617,UPI,Success,2025-03-05 10:03:14,703.69
618,618,UPI,Success,2025-09-27 07:37:10,179.34
619,619,UPI,Success,2025-11-25 20:37:03,111.23
620,620,UPI,Success,2025-04-07 18:51:54,464.29
621,621,UPI,Success,2025-10-21 13:27:10,798.96
622,622,UPI,Success,2025-08-07 19:49:27,340.68
623,623,UPI,Success,2025-05-14 17:49:34,1226.97
624,624,UPI,Success,2025-05-29 11:52:59,163.45
625,625,Credit Card,Success,2025-11-02 21:17:05,458.53
626,626,Debit Card,Success,2025-10-18 19:41:19,675.72
627,627,UPI,Failed,2025-08-31 23:22:09,305.22
628,628,Wallet,Success,2025-03-13 18:53:53,789.56
629,629,UPI,Failed,2025-03-27 13:37:25,959.09
630,630,Wallet,Success,2025-12-13 13:46:12,424.87
631,631,Credit Card,Success,2025-06-26 12:01:25,412.17
632,632,UPI,Success,2025-09-16 13:19:18,780.44
633,633,Debit Card,Success,2025-12-02 13:05:57,916.81
634,634,UPI,Success,2025-12-25 20:25:07,505.35
635,635,Wallet,Success,2025-04-26 16:15:20,324.76
636,636,Debit Card,Success,2025-07-09 13:05:05,375.03
637,637,Wallet,Success,2025-07-10 21:11:53,663.91
638,638,Wallet,Success,2025-02-02 11:28:20,191.65
639,639,Credit Card,Success,2025-11-13 20:45:03,326.5
640,640,Debit Card,Failed,2025-05-21 08:35:54,749.09
641,641,Wallet,Success,2025-06-27 11:01:29,732.35
642,642,UPI,Success,2025-09-26 09:23:53,1059.14
643,643,UPI,Success,2025-07-05 11:36:56,684.46
644,644,UPI,Success,2025-09-19 19:35:55,131.18
645,645,UPI,Success,2025-05-04 17:49:21,177.36
646,646,Credit Card,Success,2025-08-14 13:14:22,372.18
647,647,Credit Card,Success,2025-09-14 20:07:43,812.6
648,648,UPI,Success,2025-09-26 20:25:34,144.87
649,649,Wallet,Success,2025-01-01 22:49:00,208.89
650,650,UPI,Success,2025-07-13 22:38:13,1207.49
651,651,UPI,Success,2025-10-23 20:35:57,951.62
652,652,Debit Card,Success,2025-04-28 11:54:39,1033.09
653,653,COD,Refunded,2025-08-18 18:44:43,286.46
654,654,UPI,Success,2025-05-22 18:08:45,1626.45
655,655,UPI,Success,2025-11-28 14:51:41,503.12
656,656,Credit Card,Success,2025-12-20 19:29:18,505.21
657,657,UPI,Success,2025-03-03 09:49:54,189.7
658,658,Wallet,Failed,2025-06-24 21:20:18,368.12
659,659,Debit Card,Success,2025-04-22 19:00:47,1010.94
660,660,Wallet,Success,2025-12-27 19:39:16,757.84
661,661,Credit Card,Success,2025-01-27 12:57:52,1366.48
662,662,UPI,Success,2025-05-18 15:47:22,196.19
663,663,COD,Success,2025-11-04 10:57:33,284.4
664,664,Wallet,Success,2025-08-07 12:49:04,119.78
665,665,Credit Card,Success,2025-09-08 20:54:39,168.54
666,666,UPI,Success,2025-06-08 13:02:45,207.74
667,667,UPI,Success,2025-01-14 11:25:32,377.1
668,668,Wallet,Failed,2025-11-04 20:19:52,634.76
669,669,UPI,Success,2025-06-06 12:38:13,412.82
670,670,UPI,Success,2025-09-27 14:53:27,669.45
671,671,Debit Card,Success,2025-01-11 12:24:19,358.82
672,672,Wallet,Success,2025-07-15 20:28:53,856.55
673,673,Debit Card,Refunded,2025-05-21 17:58:57,639.59
674,674,UPI,Success,2025-09-20 07:24:42,443.11
675,675,COD,Success,2025-08-03 19:44:52,915.03
676,676,Wallet,Success,2025-06-15 19:38:00,280.54
677,677,COD,Success,2025-10-28 21:07:35,304.99
678,678,UPI,Success,2025-09-27 12:34:52,743.76
679,679,UPI,Success,2025-10-23 18:44:45,1051.65
680,680,Credit Card,Success,2025-07-17 18:54:52,1018.31
681,681,Credit Card,Success,2025-06-04 21:13:06,336.4
682,682,COD,Success,2025-12-16 19:57:13,631.92
683,683,Debit Card,Success,2025-05-16 07:28:31,580.39
684,684,COD,Success,2025-08-17 13:31:09,221.28
685,685,Wallet,Success,2025-12-13 22:45:35,640.57
686,686,UPI,Refunded,2025-11-03 17:18:05,762.47
687,687,Wallet,Success,2025-08-07 12:48:01,398.86
688,688,Wallet,Success,2025-03-10 13:26:55,230.87
689,689,Credit Card,Success,2025-11-16 13:29:23,522.43
690,690,Wallet,Success,2025-05-14 12:35:55,394.79
691,691,UPI,Success,2025-02-12 21:34:12,69.96
692,692,COD,Success,2025-09-21 11:38:30,465.74
693,693,COD,Success,2025-10-03 13:57:29,90.15
694,694,UPI,Success,2025-04-02 17:50:09,337.01
695,695,UPI,Success,2025-06-09 09:44:56,426.0
696,696,COD,Success,2025-07-22 12:10:20,260.14
697,697,UPI,Refunded,2025-08-27 17:04:01,729.35
698,698,Credit Card,Success,2025-12-29 12:45:26,636.78
699,699,Debit Card,Failed,2025-11-21 07:46:27,1041.48
700,700,Credit Card,Success,2025-03-05 17:45:06,674.18
701,701,Debit Card,Success,2025-09-12 20:52:38,364.86
702,702,Credit Card,Success,2025-10-29 21:52:25,330.03
703,703,Wallet,Success,2025-06-19 21:38:30,169.1
704,704,UPI,Success,2025-07-24 22:06:16,239.24
705,705,Debit Card,Success,2025-04-23 17:46:29,52.84
706,706,UPI,Refunded,2025-11-28 21:40:40,262.57
707,707,Debit Card,Refunded,2025-12-07 21:18:35,839.55
708,708,Debit Card,Success,2025-10-19 12:35:07,230.08
709,709,Wallet,Refunded,2025-09-17 10:04:46,764.42
710,710,Debit Card,Failed,2025-12-19 18:27:14,86.96
711,711,Credit Card,Success,2025-10-02 20:04:28,936.05
712,712,UPI,Success,2025-06-15 11:06:13,178.24
713,713,UPI,Success,2025-03-23 19:20:40,399.91
714,714,Debit Card,Success,2025-12-01 15:32:33,156.17
715,715,UPI,Success,2025-02-22 17:49:55,426.93
716,716,UPI,Success,2025-09-08 20:44:14,1161.24
717,717,UPI,Success,2025-10-11 08:11:35,608.67
718,718,UPI,Success,2025-11-11 15:56:58,142.8
719,719,COD,Success,2025-05-30 20:20:11,425.8
720,720,UPI,Success,2025-08-21 21:24:03,299.44
721,721,Debit Card,Success,2025-06-25 19:59:58,231.46
722,722,Credit Card,Success,2025-10-05 16:29:30,326.9
723,723,Wallet,Success,2025-07-17 20:38:49,437.67
724,724,Wallet,Success,2025-12-22 12:47:50,847.03
725,725,UPI,Success,2025-12-22 15:33:35,602.32
726,726,COD,Success,2025-03-16 13:32:59,1054.9
727,727,Wallet,Success,2025-03-27 11:41:47,227.89
728,728,Credit Card,Success,2025-06-28 17:37:56,54.34
729,729,Credit Card,Success,2025-02-09 13:46:54,289.24
730,730,Debit Card,Success,2025-07-04 12:17:21,120.22
731,731,UPI,Success,2025-08-08 23:44:39,230.58
732,732,COD,Success,2025-02-24 18:04:13,332.3
733,733,Debit Card,Success,2025-05-18 22:56:42,1053.2
734,734,UPI,Success,2025-12-09 12:08:33,1942.27
735,735,UPI,Success,2025-11-17 11:57:20,269.76
736,736,Debit Card,Success,2025-05-24 21:26:28,104.28
737,737,UPI,Failed,2025-08-19 16:50:59,1023.34
738,738,UPI,Success,2025-09-12 12:55:38,555.63
739,739,Debit Card,Success,2025-01-06 00:08:23,189.7
740,740,Credit Card,Success,2025-11-06 00:37:05,88.52
741,741,UPI,Success,2025-10-25 11:55:58,1090.98
742,742,COD,Success,2025-04-29 19:12:27,659.7
743,743,UPI,Success,2025-10-14 09:54:14,268.54
744,744,Credit Card,Success,2025-09-27 13:15:50,454.55
745,745,UPI,Success,2025-11-25 11:51:37,235.52
746,746,Credit Card,Success,2025-06-05 21:44:17,188.74
747,747,UPI,Success,2025-12-30 09:31:40,243.49
748,748,Credit Card,Success,2025-10-04 20:26:42,479.11
749,749,Credit Card,Success,2025-12-13 19:07:51,258.29
750,750,UPI,Success,2025-10-01 18:35:26,643.53
751,751,UPI,Success,2025-10-24 20:54:27,495.15
752,752,Debit Card,Success,2025-04-17 13:04:54,393.3
753,753,Wallet,Success,2025-01-06 13:48:53,289.0
754,754,Credit Card,Success,2025-10-04 20:29:46,265.69
755,755,Wallet,Success,2025-05-03 10:02:54,414.49
756,756,Wallet,Success,2025-05-10 13:13:02,1217.18
757,757,COD,Success,2025-11-08 21:35:12,461.45
758,758,UPI,Success,2025-03-01 18:05:06,127.45
759,759,UPI,Success,2025-10-13 17:27:56,257.47
760,760,UPI,Success,2025-08-01 22:38:12,302.0
761,761,Wallet,Success,2025-04-15 17:17:48,188.4
762,762,Debit Card,Success,2025-01-22 16:30:40,145.87
763,763,UPI,Success,2025-05-22 15:18:21,266.03
764,764,UPI,Success,2025-01-29 17:32:57,753.39
765,765,UPI,Success,2025-01-26 21:13:39,138.16
766,766,COD,Success,2025-11-11 18:05:19,667.66
767,767,COD,Success,2025-10-27 16:25:45,955.16
768,768,COD,Failed,2025-04-04 17:54:47,450.38
769,769,UPI,Success,2025-12-01 22:58:19,1052.86
770,770,Debit Card,Success,2025-09-01 12:02:17,78.36
771,771,Credit Card,Success,2025-10-25 22:15:08,321.97
772,772,COD,Success,2025-03-06 12:21:19,878.96
773,773,Debit Card,Success,2025-06-05 20:09:27,350.12
774,774,COD,Success,2025-11-09 23:13:24,715.81
775,775,UPI,Success,2025-03-27 20:43:34,243.67
776,776,UPI,Success,2025-06-09 10:59:13,1047.98
777,777,COD,Success,2025-12-19 14:47:15,186.17
778,778,Credit Card,Success,2025-08-10 11:37:54,1197.24
779,779,UPI,Success,2025-10-03 11:37:49,358.07
780,780,Debit Card,Success,2025-10-28 18:43:11,304.46
781,781,Wallet,Success,2025-01-19 20:42:35,633.64
782,782,Credit Card,Success,2025-07-03 22:04:01,544.65
783,783,UPI,Success,2025-12-10 19:33:09,701.72
784,784,UPI,Success,2025-11-01 14:14:40,225.13
785,785,COD,Success,2025-08-02 20:31:18,479.79
786,786,UPI,Success,2025-11-19 19:30:58,98.28
787,787,UPI,Success,2025-07-14 11:26:33,1147.03
788,788,COD,Success,2025-10-01 08:06:12,502.3
789,789,UPI,Refunded,2025-05-15 07:34:42,349.22
790,790,UPI,Success,2025-08-09 14:54:12,763.08
791,791,UPI,Success,2025-01-17 13:55:48,358.1
792,792,COD,Success,2025-05-20 12:32:39,172.35
793,793,Credit Card,Success,2025-10-30 16:09:35,522.79
794,794,UPI,Success,2025-05-08 11:09:30,373.19
795,795,UPI,Success,2025-08-19 23:26:31,189.17
796,796,COD,Success,2025-02-13 10:02:47,604.59
797,797,UPI,Success,2025-05-28 09:33:40,276.74
798,798,Debit Card,Success,2025-09-06 18:08:43,258.59
799,799,UPI,Success,2025-12-22 11:13:21,296.64
800,800,COD,Success,2025-10-28 21:27:47,766.64
801,801,UPI,Success,2025-03-06 20:29:03,276.84
802,802,Credit Card,Success,2025-09-22 10:47:44,1368.12
803,803,UPI,Failed,2025-01-01 20:51:11,497.85
804,804,Debit Card,Success,2025-07-01 12:13:08,222.26
805,805,UPI,Success,2025-05-16 18:25:35,143.97
806,806,Wallet,Success,2025-02-06 20:10:40,61.14
807,807,UPI,Success,2025-12-17 09:19:45,409.71
808,808,COD,Success,2025-07-13 18:10:25,203.04
809,809,COD,Success,2025-04-24 15:48:34,291.02
810,810,Credit Card,Success,2025-01-19 18:07:56,190.19
811,811,Wallet,Success,2025-08-26 22:37:48,307.32
812,812,UPI,Success,2025-02-27 15:21:42,1887.6
813,813,UPI,Success,2025-11-18 17:08:29,416.26
814,814,Debit Card,Success,2025-11-08 10:35:39,290.38
815,815,Wallet,Success,2025-11-28 14:42:49,742.44
816,816,UPI,Success,2025-04-22 08:00:03,925.51
817,817,COD,Success,2025-10-15 20:24:19,386.17
818,818,COD,Success,2025-01-27 21:25:53,926.93
819,819,COD,Success,2025-06-12 08:15:50,923.18
820,820,UPI,Success,2025-11-18 18:54:59,357.12
821,821,UPI,Success,2025-06-25 20:06:57,295.12
822,822,Wallet,Success,2025-08-09 12:22:59,338.0
823,823,COD,Success,2025-08-22 14:42:46,1363.4
824,824,UPI,Success,2025-07-02 09:02:22,912.81
825,825,Credit Card,Success,2025-06-02 17:39:36,1529.1
826,826,Credit Card,Success,2025-05-11 12:27:01,348.49
827,827,Wallet,Success,2025-05-30 11:50:45,139.48
828,828,UPI,Failed,2025-06-23 14:38:20,280.32
829,829,Credit Card,Success,2025-10-29 20:53:18,66.92
830,830,COD,Success,2025-12-24 20:41:03,953.37
831,831,UPI,Success,2025-12-06 19:20:40,458.51
832,832,UPI,Success,2025-07-24 12:39:04,660.22
833,833,UPI,Success,2025-09-15 13:17:31,91.3
834,834,Debit Card,Success,2025-06-03 12:55:00,99.61
835,835,Wallet,Success,2025-05-28 00:03:52,880.42
836,836,COD,Success,2025-06-05 13:35:03,368.74
837,837,COD,Success,2025-03-01 20:00:42,465.95
838,838,UPI,Success,2025-11-30 21:27:44,268.54
839,839,Credit Card,Success,2025-10-27 22:58:55,435.48
840,840,Wallet,Success,2025-11-30 06:09:46,634.86
841,841,UPI,Success,2025-09-29 14:47:08,747.21
842,842,Wallet,Success,2025-09-22 18:23:21,154.73
843,843,UPI,Success,2025-08-27 18:50:30,714.83
844,844,UPI,Success,2025-08-24 22:34:21,172.4
845,845,Wallet,Success,2025-09-09 10:06:37,1144.56
846,846,Wallet,Success,2025-06-24 19:07:26,1466.88
847,847,Wallet,Success,2025-12-02 13:00:48,998.96
848,848,UPI,Success,2025-02-18 21:12:45,502.36
849,849,UPI,Success,2025-10-28 13:01:02,1108.62
850,850,UPI,Success,2025-10-13 11:57:58,336.11
851,851,Debit Card,Success,2025-05-09 11:42:18,283.95
852,852,Credit Card,Success,2025-08-08 14:06:21,745.36
853,853,Debit Card,Success,2025-06-15 18:24:19,566.23
854,854,COD,Success,2025-04-02 13:54:58,692.22
855,855,Credit Card,Success,2025-11-26 07:51:06,294.69
856,856,UPI,Success,2025-07-14 20:40:04,170.43
857,857,UPI,Success,2025-09-03 11:07:30,424.52
858,858,COD,Success,2025-03-27 21:56:28,483.99
859,859,COD,Success,2025-10-24 10:48:20,643.93
860,860,Credit Card,Success,2025-08-29 17:02:52,61.58
861,861,Wallet,Success,2025-11-07 22:31:29,449.51
862,862,Credit Card,Success,2025-09-10 19:43:33,311.54
863,863,Wallet,Success,2025-04-08 21:29:24,421.16
864,864,UPI,Success,2025-09-25 00:01:36,153.89
865,865,UPI,Success,2025-10-12 08:23:16,544.61
866,866,Debit Card,Success,2025-01-27 08:06:05,616.67
867,867,UPI,Success,2025-09-05 21:17:54,641.13
868,868,Credit Card,Success,2025-12-15 19:23:35,117.66
869,869,UPI,Success,2025-11-30 21:23:56,802.4
870,870,Wallet,Success,2025-01-03 12:19:24,679.64
871,871,Debit Card,Success,2025-12-18 11:08:39,178.0
872,872,UPI,Success,2025-03-16 19:06:06,120.51
873,873,Wallet,Success,2025-05-09 19:57:29,440.89
874,874,UPI,Success,2025-01-21 10:42:00,294.54
875,875,UPI,Success,2025-10-08 19:44:05,715.66
876,876,UPI,Refunded,2025-12-10 23:17:14,393.28
877,877,COD,Success,2025-04-03 14:26:26,906.83
878,878,Wallet,Success,2025-10-25 13:45:53,321.14
879,879,Wallet,Success,2025-05-23 12:14:58,793.88
880,880,Wallet,Success,2025-08-11 07:54:06,522.89
881,881,Wallet,Success,2025-05-26 14:51:43,797.59
882,882,UPI,Success,2025-12-05 12:36:43,69.96
883,883,Debit Card,Success,2025-10-10 09:06:27,1115.65
884,884,Debit Card,Refunded,2025-11-23 14:26:15,256.52
885,885,COD,Success,2025-04-18 21:49:39,174.0
886,886,Wallet,Success,2025-02-11 11:51:55,738.33
887,887,Wallet,Success,2025-04-09 10:41:18,490.01
888,888,COD,Success,2025-02-14 19:23:08,315.79
889,889,UPI,Success,2025-10-17 22:22:13,657.96
890,890,Wallet,Success,2025-09-21 20:38:36,170.08
891,891,UPI,Success,2025-12-04 21:25:50,601.54
892,892,UPI,Success,2025-03-26 21:13:37,899.28
893,893,UPI,Success,2025-07-14 11:57:58,242.89
894,894,Credit Card,Success,2025-12-20 13:46:56,1001.55
895,895,COD,Success,2025-12-20 10:25:01,343.76
896,896,COD,Success,2025-06-01 12:47:21,539.78
897,897,UPI,Success,2025-07-03 20:53:32,492.53
898,898,UPI,Success,2025-01-12 12:59:50,1317.03
899,899,Wallet,Success,2025-08-01 12:51:11,386.65
900,900,Wallet,Success,2025-09-10 12:43:43,430.18
901,901,UPI,Success,2025-10-14 11:15:55,67.16
902,902,UPI,Success,2025-10-30 16:19:51,593.28
903,903,UPI,Success,2025-09-05 06:06:26,118.98
904,904,Credit Card,Success,2025-08-31 13:35:00,453.72
905,905,Wallet,Success,2025-02-08 20:45:17,734.27
906,906,COD,Success,2025-01-31 13:27:45,542.33
907,907,Wallet,Success,2025-12-15 16:37:04,443.11
908,908,COD,Success,2025-12-21 17:10:35,432.77
909,909,Wallet,Success,2025-05-21 12:58:49,1349.14
910,910,UPI,Success,2025-11-22 10:01:30,124.58
911,911,UPI,Success,2025-06-24 20:53:06,323.43
912,912,UPI,Success,2025-06-16 19:49:03,203.74
913,913,UPI,Success,2025-11-19 13:49:06,769.72
914,914,COD,Success,2025-06-23 13:38:56,1109.61
915,915,Debit Card,Success,2025-04-17 20:14:10,758.44
916,916,Credit Card,Success,2025-05-13 12:43:22,306.82
917,917,UPI,Success,2025-05-11 18:23:34,121.82
918,918,Wallet,Success,2025-02-04 23:37:57,832.36
919,919,UPI,Success,2025-10-11 19:44:11,187.51
920,920,Wallet,Success,2025-05-03 21:31:14,220.54
921,921,COD,Success,2025-07-25 11:18:46,218.23
922,922,COD,Success,2025-09-23 10:25:15,1263.19
923,923,UPI,Success,2025-12-26 12:37:25,183.42
924,924,Wallet,Success,2025-10-17 21:48:44,1215.35
925,925,COD,Failed,2025-11-03 17:24:57,616.69
926,926,Debit Card,Success,2025-06-20 13:23:15,232.75
927,927,Credit Card,Success,2025-03-10 20:58:34,657.3
928,928,Wallet,Success,2025-03-26 15:21:28,440.11
929,929,UPI,Success,2025-11-12 13:55:37,446.93
930,930,UPI,Success,2025-01-21 12:03:57,79.57
931,931,UPI,Success,2025-07-10 11:09:28,325.91
932,932,Credit Card,Success,2025-09-04 18:03:03,800.69
933,933,Wallet,Success,2025-05-21 17:26:59,163.57
934,934,COD,Success,2025-12-24 00:56:43,861.9
935,935,Debit Card,Failed,2025-04-18 12:25:49,310.29
936,936,UPI,Success,2025-02-21 16:34:55,302.0
937,937,UPI,Success,2025-04-24 18:54:17,479.09
938,938,Wallet,Success,2025-12-31 15:08:09,534.96
939,939,Wallet,Success,2025-11-29 13:06:00,420.65
940,940,UPI,Success,2025-01-01 16:26:23,371.86
941,941,Debit Card,Success,2025-08-28 12:24:10,148.7
942,942,UPI,Success,2025-05-31 06:19:46,499.58
943,943,UPI,Success,2025-04-15 21:24:01,316.01
944,944,Wallet,Success,2025-08-21 12:17:57,690.59
945,945,Credit Card,Success,2025-07-17 19:56:23,225.13
946,946,UPI,Success,2025-10-04 20:03:01,360.1
947,947,UPI,Success,2025-10-30 09:08:06,316.44
948,948,COD,Success,2025-10-31 08:46:50,288.87
949,949,UPI,Success,2025-06-18 23:26:58,367.34
950,950,UPI,Success,2025-07-26 13:22:41,653.19
951,951,UPI,Success,2025-06-29 20:05:05,303.64
952,952,Credit Card,Success,2025-05-13 12:48:09,207.19
953,953,UPI,Success,2025-08-27 22:27:06,317.8
954,954,COD,Refunded,2025-09-25 09:55:54,999.38
955,955,Wallet,Success,2025-02-21 13:51:42,612.46
956,956,COD,Success,2025-09-11 16:15:27,1342.16
957,957,UPI,Success,2025-10-30 22:29:50,85.12
958,958,Debit Card,Success,2025-07-03 11:10:51,509.54
959,959,UPI,Success,2025-02-25 20:47:05,512.77
960,960,UPI,Success,2025-05-10 20:19:04,814.38
961,961,UPI,Success,2025-06-30 20:06:36,1208.16
962,962,COD,Success,2025-09-16 19:49:55,682.07
963,963,COD,Success,2025-11-18 12:26:28,574.06
964,964,UPI,Success,2025-06-18 21:41:36,572.64
965,965,UPI,Success,2025-01-05 12:55:09,181.42
966,966,UPI,Success,2025-02-02 20:16:50,298.9
967,967,UPI,Success,2025-11-14 18:15:08,928.5
968,968,COD,Success,2025-05-28 12:27:42,732.36
969,969,COD,Success,2025-12-24 20:20:40,336.49
970,970,UPI,Failed,2025-03-13 14:12:09,393.66
971,971,Wallet,Success,2025-12-17 13:39:10,233.65
972,972,UPI,Success,2025-03-07 11:12:24,237.55
973,973,Wallet,Failed,2025-12-14 20:18:10,196.96
974,974,Credit Card,Refunded,2025-01-16 14:33:03,382.87
975,975,UPI,Success,2025-12-03 14:14:19,170.52
976,976,UPI,Success,2025-08-17 09:40:33,113.79
977,977,COD,Success,2025-09-26 18:11:30,777.37
978,978,Debit Card,Success,2025-12-08 09:03:05,408.92
979,979,UPI,Success,2025-09-26 09:27:00,526.91
980,980,Wallet,Success,2025-04-20 11:17:28,207.41
981,981,COD,Success,2025-05-11 14:14:15,493.55
982,982,COD,Success,2025-08-01 11:35:06,693.27
983,983,Credit Card,Success,2025-07-25 07:29:05,193.36
984,984,UPI,Success,2025-06-29 11:35:50,587.42
985,985,UPI,Success,2025-10-24 21:45:26,176.0
986,986,UPI,Success,2025-09-08 14:35:06,74.44
987,987,UPI,Success,2025-04-23 07:15:05,43.02
988,988,Credit Card,Success,2025-02-08 11:59:44,953.25
989,989,Wallet,Success,2025-04-28 21:05:39,310.16
990,990,UPI,Success,2025-07-15 18:32:39,304.81
991,991,Debit Card,Success,2025-03-30 13:05:39,1042.64
992,992,Credit Card,Success,2025-08-28 10:16:40,131.18
993,993,UPI,Success,2025-09-18 13:24:49,659.88
994,994,Credit Card,Success,2025-10-30 20:42:41,538.41
995,995,Wallet,Success,2025-08-31 14:52:47,907.96
996,996,Debit Card,Refunded,2025-10-01 14:49:09,207.26
997,997,Credit Card,Success,2025-05-13 21:07:26,569.82
998,998,UPI,Success,2025-07-28 13:52:59,1191.73
999,999,COD,Success,2025-07-28 16:09:27,590.13
1000,1000,Wallet,Success,2025-09-08 20:11:06,319.43
1001,1001,Debit Card,Success,2025-11-18 14:49:48,792.92
1002,1002,Credit Card,Success,2025-01-12 09:34:22,485.82
1003,1003,Wallet,Success,2025-12-04 13:42:13,341.15
1004,1004,UPI,Success,2025-02-18 17:58:47,278.95
1005,1005,Credit Card,Success,2025-06-21 20:23:45,1234.62
1006,1006,UPI,Success,2025-01-06 12:18:42,376.09
1007,1007,UPI,Success,2025-03-02 17:27:52,333.64
1008,1008,COD,Success,2025-05-17 17:31:07,280.44
1009,1009,COD,Success,2025-07-04 18:26:36,614.02
1010,1010,UPI,Success,2025-05-16 22:08:47,181.8
1011,1011,UPI,Failed,2025-01-14 10:18:19,265.18
1012,1012,UPI,Success,2025-07-16 10:50:36,286.73
1013,1013,UPI,Failed,2025-08-16 18:42:19,562.24
1014,1014,UPI,Success,2025-10-12 14:03:05,120.02
1015,1015,UPI,Success,2025-06-22 18:20:30,550.4
1016,1016,UPI,Success,2025-09-02 12:13:00,662.72
1017,1017,UPI,Success,2025-07-08 16:07:57,770.8
1018,1018,COD,Success,2025-06-28 20:23:13,406.59
1019,1019,Wallet,Success,2025-05-16 14:51:31,890.84
1020,1020,Wallet,Success,2025-03-05 21:38:48,309.74
1021,1021,UPI,Success,2025-07-14 12:21:31,71.87
1022,1022,Debit Card,Success,2025-04-15 20:34:59,872.64
1023,1023,Debit Card,Success,2025-02-15 21:31:27,263.86
1024,1024,Debit Card,Success,2025-12-04 23:52:10,202.28
1025,1025,Credit Card,Success,2025-03-24 12:48:09,965.74
1026,1026,Credit Card,Success,2025-09-24 20:37:43,335.35
1027,1027,Debit Card,Success,2025-08-11 15:39:06,323.43
1028,1028,COD,Success,2025-02-17 15:02:02,1024.12
1029,1029,Debit Card,Success,2025-07-26 19:20:11,478.71
1030,1030,Wallet,Success,2025-03-13 21:01:12,606.57
1031,1031,UPI,Success,2025-12-28 22:59:29,473.9
1032,1032,Debit Card,Success,2025-08-24 13:18:38,615.54
1033,1033,Credit Card,Success,2025-08-01 11:10:22,185.49
1034,1034,UPI,Success,2025-10-20 13:13:00,317.87
1035,1035,Wallet,Success,2025-04-06 19:47:26,32.94
1036,1036,UPI,Success,2025-09-29 21:30:35,376.65
1037,1037,UPI,Success,2025-12-27 13:34:43,836.8
1038,1038,UPI,Success,2025-11-01 21:36:23,344.04
1039,1039,UPI,Success,2025-05-08 11:10:08,320.31
1040,1040,COD,Success,2025-08-18 21:05:18,121.58
1041,1041,COD,Success,2025-02-08 22:35:12,959.88
1042,1042,Credit Card,Success,2025-02-11 12:15:39,664.68
1043,1043,UPI,Success,2025-10-21 10:55:21,143.78
1044,1044,UPI,Success,2025-03-04 15:30:36,127.2
1045,1045,COD,Success,2025-04-28 20:30:53,1011.47
1046,1046,COD,Success,2025-08-19 16:53:20,399.64
1047,1047,Credit Card,Success,2025-12-18 19:39:59,788.59
1048,1048,COD,Success,2025-08-31 20:56:16,298.32
1049,1049,COD,Success,2025-08-29 21:36:39,289.57
1050,1050,UPI,Refunded,2025-03-02 23:57:49,401.42
1051,1051,Credit Card,Refunded,2025-03-11 19:13:15,179.61
1052,1052,UPI,Success,2025-03-21 19:07:33,107.07
1053,1053,Wallet,Success,2025-07-25 14:10:09,671.53
1054,1054,Wallet,Success,2025-12-06 20:45:07,376.92
1055,1055,Debit Card,Success,2025-12-31 15:08:15,276.16
1056,1056,UPI,Success,2025-03-05 13:29:25,520.33
1057,1057,UPI,Success,2025-12-04 11:54:59,294.89
1058,1058,Debit Card,Success,2025-08-05 08:16:30,690.62
1059,1059,Debit Card,Success,2025-03-07 18:01:00,989.36
1060,1060,UPI,Success,2025-08-23 11:58:41,544.74
1061,1061,Credit Card,Success,2025-01-18 13:52:52,891.27
1062,1062,UPI,Success,2025-10-03 11:55:30,143.45
1063,1063,Wallet,Success,2025-08-30 11:18:21,220.03
1064,1064,Debit Card,Success,2025-07-23 21:20:18,672.9
1065,1065,UPI,Success,2025-06-15 13:21:54,678.86
1066,1066,Credit Card,Success,2025-07-16 21:15:48,326.24
1067,1067,Credit Card,Success,2025-05-03 10:18:50,164.2
1068,1068,Wallet,Success,2025-05-19 11:26:55,1068.27
1069,1069,Debit Card,Success,2025-08-31 12:00:14,853.7
1070,1070,UPI,Success,2025-09-20 19:11:59,296.91
1071,1071,UPI,Success,2025-12-19 12:34:00,411.45
1072,1072,UPI,Success,2025-08-02 22:22:18,538.38
1073,1073,Credit Card,Success,2025-05-01 11:33:22,403.47
1074,1074,Debit Card,Success,2025-03-31 17:49:25,805.78
1075,1075,Wallet,Success,2025-07-22 12:08:10,507.2
1076,1076,UPI,Success,2025-11-03 22:58:44,578.99
1077,1077,Debit Card,Success,2025-06-29 17:10:33,620.08
1078,1078,UPI,Success,2025-10-20 12:27:22,116.65
1079,1079,Wallet,Success,2025-06-20 11:42:56,350.04
1080,1080,UPI,Success,2025-07-24 20:12:48,781.25
1081,1081,COD,Success,2025-08-17 11:41:49,124.29
1082,1082,UPI,Success,2025-12-19 22:23:26,318.78
1083,1083,UPI,Success,2025-03-14 12:40:07,136.24
1084,1084,UPI,Success,2025-09-22 14:57:09,1406.28
1085,1085,Wallet,Success,2025-02-06 12:12:19,595.66
1086,1086,COD,Success,2025-09-30 16:28:56,86.37
1087,1087,UPI,Success,2025-03-08 16:29:22,98.63
1088,1088,UPI,Success,2025-04-05 12:20:39,203.62
1089,1089,COD,Success,2025-07-27 00:23:29,741.13
1090,1090,COD,Success,2025-12-21 10:55:18,894.96
1091,1091,Credit Card,Success,2025-10-04 15:26:24,53.35
1092,1092,Credit Card,Success,2025-07-10 16:08:31,290.9
1093,1093,Wallet,Success,2025-08-22 12:08:04,174.47
1094,1094,Wallet,Success,2025-10-19 20:53:00,46.45
1095,1095,UPI,Success,2025-08-03 22:09:11,286.83
1096,1096,Wallet,Success,2025-11-29 19:41:41,696.59
1097,1097,UPI,Success,2025-09-15 17:09:56,612.46
1098,1098,UPI,Success,2025-07-26 19:52:45,472.28
1099,1099,COD,Success,2025-08-09 22:22:49,845.32
1100,1100,Debit Card,Success,2025-03-20 19:25:06,484.69
1101,1101,COD,Success,2025-11-05 20:11:06,875.3
1102,1102,Wallet,Success,2025-10-21 12:52:03,233.3
1103,1103,Credit Card,Success,2025-12-19 20:48:20,681.31
1104,1104,Debit Card,Success,2025-11-27 11:04:12,546.69
1105,1105,Wallet,Success,2025-07-25 18:39:57,357.05
1106,1106,UPI,Success,2025-03-05 10:54:46,234.5
1107,1107,UPI,Success,2025-11-25 13:45:31,66.64
1108,1108,UPI,Success,2025-01-29 22:32:30,812.6
1109,1109,COD,Success,2025-08-19 13:44:00,704.99
1110,1110,UPI,Success,2025-02-05 14:48:16,227.15
1111,1111,Wallet,Success,2025-10-15 21:49:31,843.91
1112,1112,UPI,Success,2025-06-20 19:03:07,232.77
1113,1113,UPI,Refunded,2025-04-22 13:48:05,329.09
1114,1114,Credit Card,Success,2025-07-03 19:39:52,274.05
1115,1115,Wallet,Success,2025-11-16 20:54:25,456.26
1116,1116,Credit Card,Success,2025-03-09 11:54:24,170.6
1117,1117,COD,Success,2025-12-15 12:11:05,179.49
1118,1118,UPI,Success,2025-11-22 18:20:53,884.99
1119,1119,Debit Card,Success,2025-12-04 23:15:37,433.8
1120,1120,Debit Card,Success,2025-08-14 08:02:29,856.78
1121,1121,Credit Card,Success,2025-09-01 10:05:00,793.25
1122,1122,Wallet,Success,2025-02-13 16:21:20,450.41
1123,1123,COD,Success,2025-08-30 11:30:07,240.04
1124,1124,Wallet,Refunded,2025-02-13 12:47:22,543.78
1125,1125,Wallet,Success,2025-11-14 11:04:53,771.36
1126,1126,Debit Card,Success,2025-09-10 13:40:08,1502.69
1127,1127,Debit Card,Success,2025-08-17 16:28:58,555.83
1128,1128,Credit Card,Success,2025-12-06 21:04:25,296.47
1129,1129,Debit Card,Success,2025-03-27 14:00:01,658.24
1130,1130,COD,Success,2025-10-22 21:45:48,190.12
1131,1131,Wallet,Success,2025-09-20 13:20:37,671.55
1132,1132,UPI,Success,2025-04-17 20:29:28,262.14
1133,1133,UPI,Success,2025-02-28 12:23:44,538.25
1134,1134,Credit Card,Success,2025-05-20 21:23:08,273.27
1135,1135,UPI,Success,2025-06-02 21:27:43,100.13
1136,1136,UPI,Success,2025-05-23 09:33:14,98.16
1137,1137,Credit Card,Success,2025-04-14 21:54:26,1449.28
1138,1138,Debit Card,Success,2025-04-06 10:07:53,110.33
1139,1139,Debit Card,Success,2025-12-06 21:05:06,288.51
1140,1140,UPI,Success,2025-08-21 08:35:49,329.94
1141,1141,Wallet,Success,2025-06-08 14:30:27,666.28
1142,1142,Debit Card,Success,2025-06-14 16:19:36,636.9
1143,1143,Debit Card,Success,2025-05-04 13:03:37,300.82
1144,1144,UPI,Success,2025-03-12 13:16:42,109.48
1145,1145,Credit Card,Refunded,2025-10-18 12:43:25,525.19
1146,1146,UPI,Success,2025-03-10 13:34:06,372.18
1147,1147,UPI,Success,2025-07-14 16:40:49,421.16
1148,1148,COD,Success,2025-05-09 14:30:55,448.78
1149,1149,Wallet,Success,2025-11-21 13:09:14,431.56
1150,1150,UPI,Success,2025-09-11 18:49:51,337.95
1151,1151,UPI,Success,2025-11-23 17:45:15,147.0
1152,1152,Credit Card,Success,2025-06-17 07:51:23,230.81
1153,1153,Wallet,Success,2025-10-05 08:21:40,117.73
1154,1154,Credit Card,Success,2025-10-27 22:17:37,606.57
1155,1155,Credit Card,Success,2025-03-16 15:48:42,205.81
1156,1156,Wallet,Success,2025-08-25 14:49:23,462.53
1157,1157,Wallet,Success,2025-04-24 12:10:51,683.15
1158,1158,Wallet,Success,2025-05-01 23:23:38,735.41
1159,1159,Wallet,Success,2025-12-01 18:51:59,712.41
1160,1160,UPI,Success,2025-07-23 12:13:51,799.78
1161,1161,Credit Card,Success,2025-07-10 07:57:06,1114.26
1162,1162,Wallet,Success,2025-08-25 07:50:07,133.62
1163,1163,UPI,Success,2025-03-03 12:58:18,1533.25
1164,1164,UPI,Success,2025-06-20 14:58:31,863.97
1165,1165,Credit Card,Success,2025-04-12 19:31:10,286.73
1166,1166,Debit Card,Success,2025-03-04 18:35:59,1010.34
1167,1167,Credit Card,Success,2025-08-10 19:33:38,538.68
1168,1168,UPI,Success,2025-08-25 13:04:42,188.08
1169,1169,UPI,Success,2025-11-21 11:16:57,509.01
1170,1170,Wallet,Success,2025-09-07 18:56:22,941.91
1171,1171,UPI,Success,2025-08-09 13:10:19,322.26
1172,1172,Debit Card,Success,2025-11-06 21:17:18,647.73
1173,1173,UPI,Success,2025-05-07 07:50:30,95.22
1174,1174,UPI,Success,2025-02-16 11:45:05,633.22
1175,1175,UPI,Success,2025-08-12 18:11:27,499.83
1176,1176,UPI,Success,2025-11-22 13:40:17,462.92
1177,1177,Credit Card,Failed,2025-09-19 10:31:46,665.51
1178,1178,COD,Failed,2025-01-17 08:16:40,728.72
1179,1179,Credit Card,Success,2025-04-02 11:27:58,58.41
1180,1180,Credit Card,Success,2025-12-02 21:33:55,430.41
1181,1181,UPI,Success,2025-11-15 13:33:17,768.09
1182,1182,UPI,Success,2025-04-17 21:20:24,332.13
1183,1183,Debit Card,Success,2025-10-22 08:17:25,431.05
1184,1184,Credit Card,Success,2025-02-13 21:08:11,194.45
1185,1185,Credit Card,Success,2025-07-04 09:56:00,859.07
1186,1186,COD,Success,2025-02-09 14:15:33,2046.25
1187,1187,UPI,Success,2025-11-21 17:51:25,1535.99
1188,1188,COD,Success,2025-06-23 12:43:26,602.31
1189,1189,UPI,Success,2025-01-03 19:10:25,495.19
1190,1190,Debit Card,Success,2025-05-01 19:08:30,434.87
1191,1191,UPI,Success,2025-07-25 11:27:15,158.18
1192,1192,COD,Success,2025-10-11 19:11:17,113.05
1193,1193,UPI,Success,2025-03-22 13:59:48,294.79
1194,1194,COD,Success,2025-04-04 11:54:37,1059.12
1195,1195,COD,Success,2025-05-31 12:40:14,392.99
1196,1196,UPI,Success,2025-09-21 18:22:18,588.6
1197,1197,Wallet,Success,2025-08-26 20:31:45,244.66
1198,1198,Credit Card,Success,2025-02-16 12:08:11,785.51
1199,1199,COD,Success,2025-11-01 13:50:21,508.15
1200,1200,UPI,Success,2025-08-13 13:03:25,211.24
1201,1201,Debit Card,Success,2025-10-13 17:37:15,221.59
1202,1202,UPI,Success,2025-12-02 21:24:39,160.26
1203,1203,Credit Card,Success,2025-08-06 19:28:57,642.94
1204,1204,UPI,Success,2025-04-28 12:04:08,300.91
1205,1205,Credit Card,Success,2025-05-28 00:33:01,814.41
1206,1206,UPI,Refunded,2025-11-13 11:16:04,991.73
1207,1207,UPI,Success,2025-06-09 12:53:31,360.39
1208,1208,Debit Card,Success,2025-01-20 19:18:43,1016.53
1209,1209,COD,Success,2025-05-29 14:17:19,70.86
1210,1210,Credit Card,Success,2025-06-17 11:54:46,202.26
1211,1211,Credit Card,Success,2025-06-25 19:47:31,777.58
1212,1212,UPI,Success,2025-03-08 20:50:16,358.42
1213,1213,COD,Success,2025-06-28 21:59:25,398.8
1214,1214,Debit Card,Success,2025-02-14 19:16:06,657.4
1215,1215,UPI,Success,2025-07-31 22:09:58,493.55
1216,1216,UPI,Success,2025-04-14 20:02:44,33.42
1217,1217,UPI,Success,2025-02-12 13:31:17,927.27
1218,1218,Debit Card,Success,2025-03-05 12:49:18,374.62
1219,1219,COD,Success,2025-07-18 12:00:16,908.29
1220,1220,Wallet,Success,2025-06-26 12:34:26,754.08
1221,1221,UPI,Success,2025-06-14 12:16:15,241.01
1222,1222,COD,Success,2025-01-05 16:32:31,279.25
1223,1223,Credit Card,Success,2025-01-23 21:40:39,425.16
1224,1224,UPI,Success,2025-04-24 06:51:57,608.06
1225,1225,UPI,Success,2025-06-09 20:35:19,1284.42
1226,1226,Debit Card,Success,2025-12-13 09:10:36,219.91
1227,1227,UPI,Refunded,2025-06-10 19:22:14,1334.26
1228,1228,Credit Card,Success,2025-06-08 22:59:23,896.98
1229,1229,Debit Card,Success,2025-01-30 11:39:23,256.17
1230,1230,Wallet,Success,2025-09-05 13:15:21,601.28
1231,1231,Credit Card,Success,2025-09-26 19:13:27,133.26
1232,1232,UPI,Success,2025-05-04 21:51:56,752.53
1233,1233,COD,Success,2025-04-28 20:27:35,1288.79
1234,1234,UPI,Success,2025-12-30 09:46:34,675.99
1235,1235,Debit Card,Success,2025-03-23 22:06:03,322.86
1236,1236,Debit Card,Success,2025-05-22 19:55:21,722.25
1237,1237,Wallet,Success,2025-02-01 20:37:28,196.71
1238,1238,UPI,Success,2025-05-22 14:24:32,1144.05
1239,1239,UPI,Success,2025-10-18 12:53:53,322.97
1240,1240,Debit Card,Success,2025-11-07 19:48:05,771.43
1241,1241,UPI,Success,2025-10-16 22:43:24,337.32
1242,1242,COD,Success,2025-09-10 07:29:57,235.2
1243,1243,UPI,Success,2025-04-13 20:25:32,148.6
1244,1244,Wallet,Success,2025-04-28 18:06:50,996.76
1245,1245,Credit Card,Success,2025-04-14 12:54:12,332.82
1246,1246,Credit Card,Success,2025-09-15 17:37:22,1160.39
1247,1247,COD,Success,2025-09-22 12:54:04,239.68
1248,1248,Debit Card,Success,2025-11-19 19:15:14,403.57
1249,1249,Credit Card,Success,2025-10-22 15:46:17,380.7
1250,1250,Wallet,Success,2025-07-20 18:53:17,121.69
1251,1251,Wallet,Success,2025-12-14 23:16:35,295.26
1252,1252,UPI,Success,2025-12-30 17:57:37,658.36
1253,1253,Wallet,Success,2025-06-28 17:15:58,323.1
1254,1254,UPI,Success,2025-10-10 10:06:40,137.22
1255,1255,COD,Success,2025-07-13 15:56:50,377.17
1256,1256,Credit Card,Success,2025-02-18 12:15:47,122.96
1257,1257,UPI,Success,2025-01-25 20:06:44,272.58
1258,1258,COD,Success,2025-12-05 20:04:18,738.65
1259,1259,Debit Card,Success,2025-08-23 12:53:22,235.2
1260,1260,UPI,Success,2025-07-31 12:49:55,464.86
1261,1261,COD,Success,2025-09-26 20:12:41,860.06
1262,1262,Wallet,Success,2025-08-29 20:24:19,108.16
1263,1263,UPI,Refunded,2025-12-26 10:07:50,175.52
1264,1264,COD,Success,2025-10-04 11:19:21,165.93
1265,1265,Debit Card,Success,2025-11-10 12:20:49,736.08
1266,1266,COD,Success,2025-05-29 13:07:01,228.31
1267,1267,COD,Success,2025-08-13 16:27:33,986.56
1268,1268,Wallet,Success,2025-09-21 12:32:41,453.46
1269,1269,UPI,Success,2025-05-11 19:44:58,1015.0
1270,1270,Debit Card,Success,2025-06-19 18:32:19,54.04
1271,1271,UPI,Success,2025-08-13 19:37:26,367.78
1272,1272,UPI,Success,2025-08-02 18:11:18,130.12
1273,1273,COD,Success,2025-12-16 11:59:40,358.9
1274,1274,Debit Card,Success,2025-12-05 08:00:51,1107.23
1275,1275,Credit Card,Success,2025-07-02 19:18:54,763.23
1276,1276,COD,Success,2025-07-21 20:03:26,887.89
1277,1277,COD,Refunded,2025-04-29 12:52:37,842.93
1278,1278,UPI,Success,2025-04-29 19:33:07,614.28
1279,1279,COD,Success,2025-07-30 12:51:57,195.13
1280,1280,UPI,Success,2025-06-11 17:17:49,547.53
1281,1281,UPI,Success,2025-01-16 19:18:30,205.41
1282,1282,Debit Card,Success,2025-10-01 19:48:09,691.81
1283,1283,Debit Card,Success,2025-12-22 19:26:59,179.9
1284,1284,UPI,Success,2025-08-03 12:25:22,580.4
1285,1285,COD,Success,2025-05-18 18:43:18,897.25
1286,1286,Wallet,Success,2025-05-02 19:34:37,232.3
1287,1287,UPI,Success,2025-10-12 14:11:46,346.93
1288,1288,UPI,Success,2025-05-22 20:41:06,381.41
1289,1289,UPI,Success,2025-08-06 18:59:56,180.42
1290,1290,Wallet,Success,2025-10-05 20:57:15,613.36
1291,1291,Wallet,Refunded,2025-09-23 18:20:15,170.04
1292,1292,Credit Card,Success,2025-02-01 11:08:55,611.66
1293,1293,COD,Success,2025-06-06 00:05:07,451.59
1294,1294,Wallet,Success,2025-05-05 16:27:56,242.12
1295,1295,Credit Card,Success,2025-02-28 21:23:29,216.8
1296,1296,UPI,Success,2025-05-05 21:39:00,1055.12
1297,1297,COD,Success,2025-07-25 20:05:22,660.9
1298,1298,UPI,Success,2025-01-01 10:57:22,521.57
1299,1299,UPI,Success,2025-06-23 11:42:43,188.34
1300,1300,UPI,Success,2025-05-20 10:34:11,164.98
1301,1301,UPI,Success,2025-11-14 13:48:33,1195.72
1302,1302,UPI,Success,2025-04-11 12:49:38,912.06
1303,1303,Wallet,Success,2025-10-11 12:29:32,375.03
1304,1304,UPI,Success,2025-02-26 10:29:39,264.24
1305,1305,Debit Card,Success,2025-02-17 20:37:14,363.24
1306,1306,Wallet,Success,2025-12-09 18:28:54,397.75
1307,1307,UPI,Success,2025-11-18 12:59:14,280.94
1308,1308,UPI,Success,2025-07-23 19:07:08,193.04
1309,1309,COD,Success,2025-02-24 16:50:34,553.42
1310,1310,UPI,Failed,2025-01-30 16:31:40,885.97
1311,1311,Debit Card,Success,2025-08-06 12:55:07,1017.07
1312,1312,COD,Success,2025-09-18 12:43:31,650.62
1313,1313,UPI,Success,2025-12-06 17:37:38,836.38
1314,1314,UPI,Success,2025-07-05 19:53:37,121.96
1315,1315,UPI,Success,2025-07-19 12:49:45,188.04
1316,1316,COD,Refunded,2025-03-08 20:38:13,671.79
1317,1317,Wallet,Success,2025-07-31 21:37:35,248.51
1318,1318,Credit Card,Success,2025-09-23 14:00:07,206.23
1319,1319,UPI,Success,2025-11-10 11:10:17,652.02
1320,1320,Wallet,Success,2025-11-10 19:08:28,562.92
1321,1321,Debit Card,Success,2025-09-12 19:56:53,686.21
1322,1322,Debit Card,Success,2025-04-22 22:48:53,624.42
1323,1323,UPI,Success,2025-09-04 18:32:03,197.7
1324,1324,COD,Success,2025-07-21 20:39:39,398.51
1325,1325,Credit Card,Refunded,2025-03-10 10:36:28,1060.22
1326,1326,UPI,Refunded,2025-09-27 14:16:38,196.17
1327,1327,UPI,Success,2025-10-05 21:25:25,855.52
1328,1328,Credit Card,Success,2025-10-15 08:18:43,834.44
1329,1329,Debit Card,Success,2025-09-26 16:30:50,288.31
1330,1330,Credit Card,Success,2025-09-09 11:58:37,139.57
1331,1331,UPI,Success,2025-12-23 12:53:03,1036.73
1332,1332,Wallet,Success,2025-10-18 13:07:45,197.55
1333,1333,COD,Success,2025-01-08 00:37:32,620.62
1334,1334,Wallet,Success,2025-06-02 11:48:02,205.77
1335,1335,UPI,Success,2025-08-10 13:53:59,113.63
1336,1336,UPI,Success,2025-12-29 18:35:15,393.21
1337,1337,UPI,Success,2025-07-19 13:23:08,268.1
1338,1338,COD,Success,2025-06-18 13:36:23,72.12
1339,1339,UPI,Success,2025-05-23 19:02:33,660.39
1340,1340,UPI,Success,2025-12-15 11:24:33,998.0
1341,1341,Wallet,Success,2025-03-16 20:19:11,855.41
1342,1342,COD,Success,2025-12-08 21:08:50,995.33
1343,1343,UPI,Success,2025-08-29 12:14:22,449.61
1344,1344,Credit Card,Success,2025-05-07 20:55:01,532.49
1345,1345,COD,Success,2025-09-27 11:41:41,300.84
1346,1346,UPI,Success,2025-05-18 12:54:52,272.68
1347,1347,Credit Card,Success,2025-03-15 21:47:18,217.33
1348,1348,Credit Card,Success,2025-08-21 21:30:22,1408.02
1349,1349,UPI,Success,2025-10-07 12:27:22,156.62
1350,1350,COD,Success,2025-09-09 12:02:21,311.77
1351,1351,Debit Card,Success,2025-08-30 11:01:13,165.11
1352,1352,UPI,Success,2025-09-02 17:22:53,104.3
1353,1353,Credit Card,Success,2025-06-02 22:40:10,444.7
1354,1354,Credit Card,Success,2025-12-20 22:13:37,773.2
1355,1355,COD,Success,2025-08-22 13:11:58,1276.65
1356,1356,UPI,Success,2025-04-30 12:12:07,620.07
1357,1357,COD,Success,2025-05-29 10:54:39,832.68
1358,1358,UPI,Refunded,2025-07-08 22:19:53,139.35
1359,1359,Credit Card,Success,2025-04-26 13:39:29,276.09
1360,1360,UPI,Success,2025-11-25 19:46:09,538.25
1361,1361,UPI,Success,2025-10-04 22:43:50,224.38
1362,1362,Wallet,Success,2025-06-29 15:30:57,273.21
1363,1363,Wallet,Success,2025-08-22 09:11:11,1369.41
1364,1364,COD,Success,2025-05-30 16:56:25,838.13
1365,1365,Debit Card,Success,2025-06-10 13:34:08,304.99
1366,1366,UPI,Refunded,2025-04-06 12:29:05,801.29
1367,1367,UPI,Success,2025-03-05 14:25:43,492.74
1368,1368,Debit Card,Success,2025-11-24 15:06:32,259.91
1369,1369,UPI,Success,2025-11-26 21:41:35,456.29
1370,1370,UPI,Success,2025-06-05 12:07:30,191.49
1371,1371,UPI,Success,2025-11-28 06:22:49,593.71
1372,1372,COD,Success,2025-11-17 07:24:42,158.29
1373,1373,UPI,Success,2025-10-15 13:56:01,180.39
1374,1374,COD,Success,2025-07-25 19:02:54,397.12
1375,1375,UPI,Success,2025-06-04 19:23:42,188.04
1376,1376,COD,Success,2025-08-19 11:39:49,557.44
1377,1377,COD,Success,2025-07-23 10:22:32,238.78
1378,1378,Debit Card,Success,2025-07-06 17:21:22,287.32
1379,1379,UPI,Success,2025-03-30 22:56:55,242.6
1380,1380,COD,Success,2025-12-31 19:26:10,55.11
1381,1381,Wallet,Success,2025-11-19 20:56:17,702.7
1382,1382,UPI,Success,2025-05-19 20:08:25,440.04
1383,1383,Credit Card,Success,2025-12-19 13:08:03,441.95
1384,1384,Debit Card,Success,2025-01-07 11:59:15,73.1
1385,1385,Wallet,Success,2025-05-07 11:54:35,266.4
1386,1386,Wallet,Success,2025-12-31 22:31:56,918.23
1387,1387,Wallet,Success,2025-12-27 11:03:33,221.63
1388,1388,Credit Card,Success,2025-01-22 17:34:14,210.94
1389,1389,Wallet,Success,2025-03-03 11:45:38,164.86
1390,1390,UPI,Success,2025-05-14 21:10:04,521.34
1391,1391,UPI,Success,2025-06-09 17:01:55,214.48
1392,1392,COD,Success,2025-09-29 07:31:44,432.22
1393,1393,COD,Success,2025-09-29 13:24:44,151.39
1394,1394,Wallet,Success,2025-11-03 15:15:25,764.15
1395,1395,UPI,Success,2025-07-21 12:56:06,450.7
1396,1396,Wallet,Refunded,2025-05-12 10:22:19,789.46
1397,1397,Wallet,Success,2025-08-25 19:33:12,32.07
1398,1398,UPI,Refunded,2025-08-20 20:25:08,428.14
1399,1399,COD,Success,2025-10-29 20:13:24,355.88
1400,1400,Wallet,Success,2025-12-18 18:19:21,311.57
1401,1401,UPI,Success,2025-07-16 19:59:29,567.01
1402,1402,UPI,Success,2025-08-03 21:56:08,852.42
1403,1403,UPI,Success,2025-07-31 20:04:47,164.79
1404,1404,Credit Card,Success,2025-07-12 23:26:30,793.63
1405,1405,UPI,Success,2025-03-07 21:04:34,242.12
1406,1406,Credit Card,Success,2025-12-18 09:08:24,148.83
1407,1407,UPI,Success,2025-08-16 21:44:25,273.27
1408,1408,Debit Card,Success,2025-04-09 00:15:23,586.3
1409,1409,Wallet,Success,2025-02-16 18:01:43,285.21
1410,1410,COD,Success,2025-06-12 21:35:25,280.64
1411,1411,Debit Card,Success,2025-12-05 20:34:16,1332.81
1412,1412,Wallet,Success,2025-05-14 08:35:06,1384.03
1413,1413,UPI,Success,2025-11-27 09:30:15,471.7
1414,1414,UPI,Failed,2025-06-14 20:29:58,341.41
1415,1415,UPI,Success,2025-06-15 21:06:29,254.67
1416,1416,UPI,Refunded,2025-02-09 20:37:53,827.45
1417,1417,Credit Card,Success,2025-05-18 06:28:36,359.24
1418,1418,Wallet,Success,2025-04-16 18:06:34,196.13
1419,1419,UPI,Success,2025-12-12 07:17:29,1967.23
1420,1420,Credit Card,Success,2025-09-17 10:09:01,424.41
1421,1421,UPI,Success,2025-04-07 11:15:07,491.68
1422,1422,COD,Success,2025-02-27 19:28:13,149.98
1423,1423,UPI,Success,2025-11-25 21:05:17,129.43
1424,1424,UPI,Success,2025-05-29 22:22:59,554.0
1425,1425,Wallet,Success,2025-12-13 11:37:21,782.14
1426,1426,COD,Success,2025-08-06 08:17:06,625.18
1427,1427,Debit Card,Success,2025-03-05 22:12:10,265.18
1428,1428,UPI,Success,2025-05-23 14:40:43,857.83
1429,1429,Wallet,Success,2025-04-30 12:58:13,330.89
1430,1430,Wallet,Success,2025-06-24 15:46:35,1047.59
1431,1431,COD,Success,2025-12-15 08:59:13,637.62
1432,1432,UPI,Success,2025-12-05 20:09:45,184.46
1433,1433,Credit Card,Success,2025-03-12 21:52:37,231.94
1434,1434,COD,Success,2025-05-11 21:08:14,1363.4
1435,1435,Credit Card,Success,2025-12-29 18:16:00,212.39
1436,1436,Credit Card,Success,2025-07-24 12:07:17,702.57
1437,1437,Credit Card,Success,2025-06-14 21:28:49,249.62
1438,1438,Debit Card,Success,2025-05-12 09:53:02,95.07
1439,1439,Wallet,Success,2025-05-29 07:30:49,255.11
1440,1440,Credit Card,Success,2025-10-10 18:10:41,587.45
1441,1441,UPI,Success,2025-12-08 20:53:21,824.22
1442,1442,COD,Success,2025-07-01 22:32:33,682.3
1443,1443,Credit Card,Success,2025-08-30 11:08:30,264.07
1444,1444,COD,Success,2025-04-27 16:45:58,239.6
1445,1445,Credit Card,Success,2025-02-17 21:43:24,382.21
1446,1446,Credit Card,Success,2025-12-25 18:00:24,932.47
1447,1447,Credit Card,Success,2025-09-30 21:39:09,191.86
1448,1448,Credit Card,Success,2025-04-08 11:18:45,753.49
1449,1449,COD,Success,2025-03-01 18:57:27,940.84
1450,1450,Debit Card,Success,2025-03-11 23:19:31,326.54
1451,1451,Wallet,Success,2025-11-19 15:53:21,605.24
1452,1452,Wallet,Success,2025-04-07 11:23:29,458.38
1453,1453,Credit Card,Success,2025-03-22 23:31:13,156.8
1454,1454,Credit Card,Success,2025-05-27 19:11:05,1174.48
1455,1455,UPI,Success,2025-10-16 18:22:05,119.98
1456,1456,Debit Card,Success,2025-11-16 10:33:40,731.51
1457,1457,UPI,Success,2025-07-18 18:09:08,1317.92
1458,1458,COD,Success,2025-05-15 21:50:21,1003.25
1459,1459,Credit Card,Success,2025-04-22 22:54:32,433.63
1460,1460,Credit Card,Success,2025-10-09 20:56:35,1041.13
1461,1461,UPI,Success,2025-06-30 11:13:18,211.02
1462,1462,COD,Success,2025-10-29 19:46:35,609.54
1463,1463,Credit Card,Success,2025-11-12 08:02:33,552.26
1464,1464,UPI,Success,2025-12-27 14:17:34,328.89
1465,1465,COD,Success,2025-05-16 12:03:00,508.84
1466,1466,COD,Success,2025-12-07 12:47:31,722.9
1467,1467,COD,Success,2025-07-17 11:31:17,652.36
1468,1468,UPI,Success,2025-09-09 11:50:25,155.08
1469,1469,COD,Success,2025-05-22 09:10:48,461.47
1470,1470,Debit Card,Success,2025-11-04 20:57:12,296.44
1471,1471,Credit Card,Failed,2025-01-05 11:58:54,79.5
1472,1472,Debit Card,Success,2025-09-25 21:23:31,724.53
1473,1473,COD,Success,2025-01-22 11:16:42,673.39
1474,1474,Credit Card,Success,2025-07-27 21:00:11,788.02
1475,1475,UPI,Success,2025-06-14 10:40:51,1266.48
1476,1476,UPI,Success,2025-05-13 11:38:48,864.18
1477,1477,Credit Card,Success,2025-08-10 09:31:21,655.94
1478,1478,Debit Card,Success,2025-02-17 20:00:06,81.7
1479,1479,UPI,Success,2025-11-15 17:40:47,222.27
1480,1480,Credit Card,Failed,2025-01-15 11:18:45,672.86
1481,1481,Debit Card,Success,2025-01-20 20:33:22,858.81
1482,1482,Wallet,Success,2025-12-28 11:03:52,968.91
1483,1483,Debit Card,Success,2025-04-07 20:16:28,335.35
1484,1484,Credit Card,Success,2025-10-02 18:17:41,275.41
1485,1485,Wallet,Success,2025-07-23 20:24:45,1426.97
1486,1486,UPI,Success,2025-11-09 18:53:09,355.62
1487,1487,UPI,Success,2025-01-25 21:41:20,626.85
1488,1488,UPI,Success,2025-06-26 11:28:01,51.62
1489,1489,UPI,Success,2025-09-19 19:16:07,734.55
1490,1490,Credit Card,Success,2025-09-10 18:25:48,606.55
1491,1491,Wallet,Success,2025-11-10 07:25:29,203.46
1492,1492,UPI,Success,2025-02-14 19:59:47,441.31
1493,1493,UPI,Success,2025-06-19 22:42:56,466.66
1494,1494,Wallet,Success,2025-09-14 12:19:25,683.26
1495,1495,Debit Card,Success,2025-05-06 21:54:19,350.47
1496,1496,Debit Card,Success,2025-04-10 08:18:03,128.5
1497,1497,COD,Success,2025-06-07 19:05:08,430.69
1498,1498,UPI,Success,2025-09-16 08:04:55,172.55
1499,1499,Credit Card,Success,2025-03-22 12:59:43,945.6
1500,1500,UPI,Refunded,2025-05-13 21:23:17,139.57
1501,1501,UPI,Success,2025-10-04 21:45:28,114.16
1502,1502,Debit Card,Success,2025-12-22 11:04:12,284.56
1503,1503,UPI,Success,2025-09-28 07:05:02,450.51
1504,1504,UPI,Failed,2025-09-04 18:39:40,395.83
1505,1505,Wallet,Success,2025-11-29 15:27:53,166.85
1506,1506,Wallet,Success,2025-11-11 16:42:08,455.85
1507,1507,Credit Card,Success,2025-03-24 23:56:04,246.82
1508,1508,Credit Card,Success,2025-12-22 20:55:05,171.1
1509,1509,Debit Card,Success,2025-01-27 21:22:31,159.79
1510,1510,UPI,Success,2025-07-19 20:12:44,852.42
1511,1511,UPI,Success,2025-01-20 10:00:57,1040.06
1512,1512,Wallet,Success,2025-04-12 10:45:01,286.08
1513,1513,UPI,Success,2025-04-20 00:13:02,335.6
1514,1514,UPI,Success,2025-12-11 08:59:08,705.76
1515,1515,Wallet,Success,2025-10-03 13:11:00,462.99
1516,1516,Debit Card,Success,2025-06-05 20:49:00,183.31
1517,1517,UPI,Success,2025-04-27 20:19:45,1582.16
1518,1518,Debit Card,Success,2025-12-31 21:58:32,715.68
1519,1519,UPI,Success,2025-01-12 18:11:28,171.69
1520,1520,Credit Card,Success,2025-01-26 12:33:42,327.65
1521,1521,Wallet,Refunded,2025-03-01 10:43:16,640.45
1522,1522,Wallet,Success,2025-05-03 12:31:32,248.8
1523,1523,Debit Card,Success,2025-09-01 23:37:24,355.35
1524,1524,COD,Success,2025-08-26 22:10:12,177.07
1525,1525,UPI,Success,2025-07-27 21:32:48,412.45
1526,1526,UPI,Success,2025-09-29 12:21:09,681.72
1527,1527,Wallet,Success,2025-06-03 12:10:48,859.56
1528,1528,Credit Card,Success,2025-03-26 21:33:57,238.73
1529,1529,Wallet,Success,2025-09-24 21:58:15,198.64
1530,1530,UPI,Success,2025-10-24 21:59:44,326.9
1531,1531,UPI,Success,2025-04-09 18:29:12,801.25
1532,1532,UPI,Success,2025-02-15 20:48:20,201.5
1533,1533,UPI,Success,2025-12-01 12:10:24,287.32
1534,1534,UPI,Failed,2025-08-19 19:20:39,309.83
1535,1535,Debit Card,Success,2025-04-09 19:17:38,141.58
1536,1536,UPI,Success,2025-06-20 19:59:58,786.14
1537,1537,Wallet,Success,2025-07-05 21:42:15,277.28
1538,1538,COD,Success,2025-12-23 10:46:42,263.95
1539,1539,COD,Success,2025-04-24 11:49:08,48.44
1540,1540,UPI,Success,2025-07-07 13:44:23,255.02
1541,1541,UPI,Success,2025-11-01 23:58:34,169.46
1542,1542,Wallet,Success,2025-09-22 19:20:32,324.76
1543,1543,UPI,Success,2025-04-06 06:33:36,282.39
1544,1544,Wallet,Success,2025-02-03 13:56:25,337.74
1545,1545,Credit Card,Success,2025-01-29 12:42:21,190.56
1546,1546,UPI,Success,2025-11-30 19:43:52,449.68
1547,1547,Wallet,Success,2025-10-31 12:22:01,912.96
1548,1548,COD,Success,2025-08-07 19:50:05,664.2
1549,1549,UPI,Success,2025-05-23 22:56:35,286.46
1550,1550,COD,Success,2025-09-03 19:38:43,666.79
1551,1551,COD,Success,2025-12-18 18:17:55,207.6
1552,1552,Credit Card,Success,2025-07-26 11:28:59,528.87
1553,1553,Wallet,Success,2025-07-09 11:38:03,337.76
1554,1554,Wallet,Success,2025-07-08 11:03:04,199.58
1555,1555,Wallet,Success,2025-10-13 20:34:19,569.91
1556,1556,Debit Card,Success,2025-11-20 16:49:47,146.15
1557,1557,COD,Success,2025-08-27 22:28:16,499.23
1558,1558,Wallet,Success,2025-07-09 20:14:18,186.6
1559,1559,Credit Card,Success,2025-11-08 19:32:46,178.43
1560,1560,UPI,Success,2025-12-26 12:08:29,970.96
1561,1561,Wallet,Success,2025-05-28 10:07:09,460.62
1562,1562,Debit Card,Success,2025-04-18 08:52:56,58.41
1563,1563,Credit Card,Success,2025-07-16 20:58:20,1365.53
1564,1564,Debit Card,Success,2025-01-07 13:08:50,841.93
1565,1565,UPI,Success,2025-08-24 12:38:03,512.75
1566,1566,Wallet,Success,2025-09-05 12:25:40,167.83
1567,1567,Credit Card,Success,2025-02-07 09:24:48,330.26
1568,1568,UPI,Success,2025-02-03 20:09:36,642.27
1569,1569,Credit Card,Failed,2025-04-19 10:55:26,297.53
1570,1570,Debit Card,Success,2025-11-09 07:05:34,639.76
1571,1571,Debit Card,Failed,2025-02-27 14:32:14,833.31
1572,1572,UPI,Success,2025-04-01 20:05:32,196.32
1573,1573,COD,Success,2025-10-25 21:18:24,178.43
1574,1574,Debit Card,Success,2025-05-04 13:32:39,446.31
1575,1575,UPI,Success,2025-02-08 09:19:38,374.62
1576,1576,UPI,Success,2025-05-03 17:37:47,1141.35
1577,1577,UPI,Success,2025-06-20 15:45:35,602.46
1578,1578,COD,Success,2025-02-24 21:30:25,528.98
1579,1579,COD,Success,2025-01-17 22:38:31,309.33
1580,1580,COD,Failed,2025-11-22 20:21:09,693.75
1581,1581,COD,Success,2025-07-16 11:22:02,180.05
1582,1582,UPI,Success,2025-08-28 22:34:05,89.16
1583,1583,Debit Card,Success,2025-12-18 07:23:49,387.92
1584,1584,UPI,Success,2025-09-09 20:09:41,348.64
1585,1585,Debit Card,Success,2025-09-15 21:54:47,289.98
1586,1586,Wallet,Success,2025-11-13 21:59:16,585.22
1587,1587,COD,Success,2025-08-18 14:28:40,250.16
1588,1588,UPI,Success,2025-03-29 14:44:50,204.46
1589,1589,UPI,Refunded,2025-10-05 12:54:49,216.52
1590,1590,UPI,Failed,2025-11-06 20:33:51,375.03
1591,1591,Wallet,Success,2025-07-08 09:41:19,224.2
1592,1592,UPI,Success,2025-09-06 22:41:38,593.71
1593,1593,UPI,Success,2025-12-21 12:06:01,289.72
1594,1594,UPI,Success,2025-01-22 19:58:17,42.45
1595,1595,Wallet,Success,2025-08-26 16:27:54,364.5
1596,1596,UPI,Failed,2025-04-06 14:39:35,485.36
1597,1597,Wallet,Success,2025-04-09 09:28:10,500.58
1598,1598,Credit Card,Success,2025-10-03 21:32:17,876.61
1599,1599,UPI,Success,2025-08-31 19:12:56,931.98
1600,1600,UPI,Success,2025-05-03 12:16:18,387.58
1601,1601,UPI,Success,2025-02-26 17:32:13,308.68
1602,1602,UPI,Success,2025-11-25 19:06:05,181.71
1603,1603,UPI,Success,2025-12-24 21:47:42,296.2
1604,1604,Wallet,Success,2025-05-06 12:20:52,517.47
1605,1605,COD,Success,2025-08-02 17:31:59,573.72
1606,1606,Wallet,Success,2025-02-19 14:58:29,399.6
1607,1607,UPI,Success,2025-03-11 14:24:25,754.94
1608,1608,UPI,Success,2025-03-23 23:22:11,247.57
1609,1609,UPI,Success,2025-08-20 22:44:41,914.79
1610,1610,Credit Card,Success,2025-12-29 19:53:56,140.03
1611,1611,UPI,Success,2025-09-16 13:32:15,157.08
1612,1612,UPI,Refunded,2025-01-03 13:40:15,134.45
1613,1613,COD,Success,2025-02-06 20:29:29,94.38
1614,1614,UPI,Success,2025-07-28 18:17:00,286.08
1615,1615,COD,Success,2025-09-11 11:17:48,456.29
1616,1616,Wallet,Success,2025-09-10 11:46:43,88.75
1617,1617,Wallet,Success,2025-05-26 08:13:10,98.19
1618,1618,COD,Success,2025-01-11 13:01:13,791.95
1619,1619,UPI,Success,2025-09-18 13:38:04,550.49
1620,1620,Debit Card,Success,2025-04-09 23:17:18,739.9
1621,1621,Wallet,Success,2025-11-04 19:33:13,92.7
1622,1622,COD,Success,2025-10-13 10:39:55,1430.07
1623,1623,Credit Card,Success,2025-09-07 13:05:20,263.34
1624,1624,Wallet,Success,2025-12-07 07:50:45,51.52
1625,1625,Debit Card,Success,2025-10-29 13:17:31,478.95
1626,1626,Wallet,Success,2025-10-08 23:52:35,498.64
1627,1627,COD,Success,2025-07-26 13:56:18,847.01
1628,1628,Credit Card,Success,2025-06-26 12:19:03,301.32
1629,1629,Wallet,Success,2025-11-18 23:19:35,490.35
1630,1630,Wallet,Success,2025-04-03 13:48:35,579.41
1631,1631,COD,Success,2025-01-14 12:14:26,186.81
1632,1632,COD,Success,2025-02-25 14:46:23,538.58
1633,1633,Debit Card,Success,2025-07-01 21:59:33,364.73
1634,1634,Wallet,Success,2025-06-03 22:33:19,296.01
1635,1635,UPI,Success,2025-07-16 11:49:31,656.26
1636,1636,COD,Success,2025-01-28 12:07:16,65.55
1637,1637,Wallet,Success,2025-05-11 23:06:43,187.64
1638,1638,Debit Card,Success,2025-08-11 09:54:59,1050.68
1639,1639,Wallet,Success,2025-10-18 20:24:17,311.63
1640,1640,UPI,Success,2025-09-15 06:33:53,440.24
1641,1641,UPI,Success,2025-11-12 19:51:09,300.24
1642,1642,Debit Card,Success,2025-12-11 08:37:26,425.63
1643,1643,UPI,Success,2025-05-19 18:54:03,833.46
1644,1644,UPI,Success,2025-06-26 17:06:56,173.92
1645,1645,Debit Card,Success,2025-08-16 14:55:49,856.55
1646,1646,COD,Success,2025-08-03 19:44:48,234.3
1647,1647,COD,Success,2025-12-07 07:49:13,338.78
1648,1648,UPI,Success,2025-05-09 23:29:49,363.16
1649,1649,COD,Success,2025-07-23 21:46:57,354.14
1650,1650,Wallet,Success,2025-04-13 19:48:50,180.91
1651,1651,UPI,Success,2025-05-20 00:44:50,275.44
1652,1652,UPI,Success,2025-10-09 07:47:09,447.18
1653,1653,UPI,Success,2025-02-01 14:39:40,62.02
1654,1654,UPI,Success,2025-11-14 19:25:55,163.48
1655,1655,COD,Success,2025-09-27 07:34:43,780.29
1656,1656,UPI,Refunded,2025-06-11 11:56:17,529.5
1657,1657,Wallet,Success,2025-08-02 22:18:01,163.05
1658,1658,COD,Success,2025-03-14 11:07:57,382.29
1659,1659,Wallet,Success,2025-10-11 23:13:11,698.53
1660,1660,UPI,Success,2025-11-16 00:51:41,1250.94
1661,1661,Wallet,Success,2025-02-07 14:28:16,259.31
1662,1662,Wallet,Success,2025-06-25 12:17:09,208.42
1663,1663,UPI,Success,2025-04-25 22:53:20,163.27
1664,1664,Credit Card,Success,2025-11-06 22:13:30,264.02
1665,1665,Wallet,Success,2025-09-21 22:16:38,270.62
1666,1666,UPI,Failed,2025-06-14 13:54:05,170.77
1667,1667,COD,Success,2025-04-13 20:59:26,937.05
1668,1668,Wallet,Success,2025-09-09 12:35:27,251.7
1669,1669,UPI,Success,2025-10-13 13:22:13,122.5
1670,1670,UPI,Success,2025-02-23 14:41:37,451.38
1671,1671,UPI,Success,2025-07-31 11:36:13,697.03
1672,1672,UPI,Success,2025-05-14 19:06:51,529.63
1673,1673,UPI,Success,2025-09-15 12:06:05,1218.38
1674,1674,UPI,Success,2025-07-03 10:51:23,189.07
1675,1675,Credit Card,Success,2025-06-10 12:55:46,459.25
1676,1676,Debit Card,Success,2025-10-30 19:30:05,105.14
1677,1677,UPI,Success,2025-02-19 18:02:39,56.05
1678,1678,Wallet,Success,2025-10-09 12:01:50,844.87
1679,1679,UPI,Success,2025-08-22 11:37:23,1125.92
1680,1680,Debit Card,Success,2025-06-28 22:29:52,585.96
1681,1681,Wallet,Success,2025-10-03 12:39:52,248.43
1682,1682,Credit Card,Failed,2025-09-21 11:38:52,365.54
1683,1683,Debit Card,Success,2025-10-28 09:55:28,262.37
1684,1684,UPI,Success,2025-02-06 22:30:17,232.23
1685,1685,Wallet,Success,2025-08-04 17:42:53,495.88
1686,1686,Debit Card,Success,2025-05-27 22:40:14,791.38
1687,1687,UPI,Success,2025-10-08 13:47:05,384.2
1688,1688,Wallet,Success,2025-03-01 19:50:58,545.33
1689,1689,Wallet,Success,2025-04-04 11:21:31,810.48
1690,1690,Credit Card,Success,2025-03-10 19:40:47,1050.97
1691,1691,Wallet,Success,2025-07-04 13:01:01,947.37
1692,1692,Credit Card,Success,2025-09-18 11:04:05,442.54
1693,1693,UPI,Success,2025-11-29 13:20:24,488.86
1694,1694,UPI,Success,2025-12-09 21:03:20,644.32
1695,1695,Credit Card,Success,2025-12-22 14:45:52,443.11
1696,1696,Credit Card,Success,2025-10-21 15:53:12,143.78
1697,1697,Debit Card,Success,2025-12-07 20:30:06,292.32
1698,1698,COD,Success,2025-07-14 19:04:11,349.87
1699,1699,UPI,Success,2025-04-27 15:17:41,678.95
1700,1700,UPI,Success,2025-05-19 20:42:17,1095.92
1701,1701,COD,Success,2025-02-08 22:38:01,791.69
1702,1702,UPI,Success,2025-04-02 20:34:58,597.44
1703,1703,COD,Success,2025-07-07 12:35:56,502.44
1704,1704,UPI,Success,2025-07-04 08:39:16,282.36
1705,1705,UPI,Failed,2025-05-18 16:53:46,230.0
1706,1706,Wallet,Success,2025-11-10 20:33:34,458.38
1707,1707,UPI,Success,2025-07-27 13:56:18,211.65
1708,1708,UPI,Success,2025-12-11 12:29:25,277.82
1709,1709,UPI,Success,2025-08-08 15:31:36,1114.41
1710,1710,Wallet,Success,2025-11-14 12:23:53,315.1
1711,1711,Credit Card,Success,2025-12-26 06:02:01,564.23
1712,1712,UPI,Success,2025-03-01 22:10:02,298.39
1713,1713,UPI,Success,2025-02-05 00:01:59,781.48
1714,1714,UPI,Success,2025-06-06 11:38:35,778.17
1715,1715,UPI,Success,2025-03-26 23:47:47,1342.83
1716,1716,UPI,Success,2025-03-29 12:21:59,188.55
1717,1717,COD,Success,2025-11-26 07:42:27,192.35
1718,1718,UPI,Success,2025-10-26 20:18:58,328.83
1719,1719,Wallet,Success,2025-10-15 06:58:07,244.43
1720,1720,Wallet,Success,2025-05-08 22:23:03,368.99
1721,1721,Credit Card,Success,2025-08-11 09:49:03,164.83
1722,1722,Wallet,Success,2025-10-18 12:17:53,839.31
1723,1723,Credit Card,Success,2025-01-31 15:35:18,213.88
1724,1724,Credit Card,Success,2025-04-06 23:59:10,917.61
1725,1725,COD,Success,2025-09-26 19:53:36,651.47
1726,1726,Wallet,Success,2025-01-28 22:58:28,174.47
1727,1727,Credit Card,Success,2025-06-07 09:39:25,574.22
1728,1728,UPI,Success,2025-04-26 14:42:23,161.3
1729,1729,UPI,Success,2025-04-28 13:41:17,740.39
1730,1730,Debit Card,Success,2025-04-06 13:34:32,516.26
1731,1731,Wallet,Success,2025-11-09 19:37:26,909.42
1732,1732,COD,Success,2025-09-16 11:11:14,1100.56
1733,1733,COD,Refunded,2025-07-02 18:39:38,509.0
1734,1734,UPI,Success,2025-08-12 17:09:17,364.54
1735,1735,Wallet,Success,2025-11-12 16:44:10,387.92
1736,1736,COD,Success,2025-01-29 11:27:56,266.51
1737,1737,UPI,Success,2025-01-30 21:28:23,651.33
1738,1738,Credit Card,Success,2025-07-20 11:37:09,527.17
1739,1739,Wallet,Refunded,2025-11-29 12:21:30,282.98
1740,1740,UPI,Success,2025-06-01 20:21:37,235.25
1741,1741,Credit Card,Success,2025-01-22 13:02:51,47.29
1742,1742,COD,Success,2025-09-07 17:11:09,277.89
1743,1743,UPI,Success,2025-10-29 12:51:06,203.2
1744,1744,UPI,Success,2025-09-11 17:36:13,378.97
1745,1745,UPI,Success,2025-09-12 16:02:33,456.06
1746,1746,UPI,Success,2025-08-26 15:39:40,477.22
1747,1747,Wallet,Success,2025-02-08 22:48:55,256.52
1748,1748,UPI,Success,2025-02-16 18:19:09,754.84
1749,1749,UPI,Success,2025-11-04 09:58:27,230.1
1750,1750,Debit Card,Success,2025-10-23 11:22:00,238.78
1751,1751,COD,Success,2025-11-01 22:33:59,99.42
1752,1752,UPI,Success,2025-11-08 08:54:07,399.6
1753,1753,UPI,Success,2025-06-18 19:07:56,129.53
1754,1754,UPI,Success,2025-07-27 16:07:37,61.14
1755,1755,UPI,Success,2025-10-31 20:33:28,788.98
1756,1756,UPI,Success,2025-06-27 20:58:18,63.06
1757,1757,Credit Card,Success,2025-06-07 21:16:53,256.52
1758,1758,UPI,Success,2025-09-05 18:12:05,220.8
1759,1759,UPI,Success,2025-08-11 11:09:41,580.15
1760,1760,UPI,Success,2025-10-30 19:10:59,375.51
1761,1761,Credit Card,Refunded,2025-09-20 19:01:36,546.9
1762,1762,UPI,Success,2025-03-10 12:10:35,315.74
1763,1763,UPI,Success,2025-08-09 11:27:28,284.96
1764,1764,Credit Card,Success,2025-06-27 19:33:53,577.03
1765,1765,Credit Card,Success,2025-01-06 22:29:04,508.15
1766,1766,UPI,Success,2025-08-19 21:17:16,396.52
1767,1767,Credit Card,Success,2025-04-01 08:13:53,373.62
1768,1768,UPI,Success,2025-12-21 15:22:04,107.29
1769,1769,Wallet,Success,2025-02-03 11:48:06,210.51
1770,1770,Credit Card,Success,2025-12-02 19:26:10,261.58
1771,1771,Credit Card,Success,2025-08-05 07:02:39,421.16
1772,1772,Credit Card,Success,2025-11-14 12:55:02,403.81
1773,1773,Debit Card,Success,2025-02-03 10:19:25,279.28
1774,1774,COD,Success,2025-06-02 12:23:44,343.29
1775,1775,Wallet,Success,2025-10-18 12:25:38,1354.32
1776,1776,COD,Success,2025-04-11 07:49:02,107.95
1777,1777,Debit Card,Success,2025-12-09 19:22:47,490.51
1778,1778,Debit Card,Success,2025-06-13 18:27:25,414.22
1779,1779,UPI,Success,2025-02-06 18:59:54,388.78
1780,1780,COD,Success,2025-05-17 21:27:26,1033.42
1781,1781,UPI,Success,2025-01-04 19:54:20,130.12
1782,1782,Credit Card,Success,2025-03-03 12:33:12,255.07
1783,1783,UPI,Success,2025-07-12 12:50:32,142.94
1784,1784,Debit Card,Success,2025-11-13 13:01:24,540.47
1785,1785,COD,Success,2025-07-31 22:14:25,308.1
1786,1786,Wallet,Success,2025-12-25 12:03:39,601.46
1787,1787,Wallet,Success,2025-04-12 09:39:43,621.27
1788,1788,Debit Card,Failed,2025-07-09 12:04:49,292.22
1789,1789,UPI,Success,2025-11-21 15:49:39,385.09
1790,1790,Wallet,Success,2025-04-24 14:15:16,585.36
1791,1791,UPI,Success,2025-02-21 19:52:11,385.09
1792,1792,Credit Card,Success,2025-01-05 12:13:30,286.25
1793,1793,COD,Success,2025-12-11 14:45:20,507.2
1794,1794,Wallet,Success,2025-06-20 20:59:06,401.19
1795,1795,UPI,Success,2025-07-08 23:47:28,237.66
1796,1796,UPI,Success,2025-05-16 19:58:25,967.38
1797,1797,COD,Success,2025-04-29 11:29:27,848.08
1798,1798,UPI,Success,2025-07-02 11:25:13,574.32
1799,1799,Wallet,Success,2025-03-21 09:29:13,1273.9
1800,1800,UPI,Success,2025-07-25 11:23:20,161.3
1801,1801,Credit Card,Success,2025-06-21 10:29:15,302.21
1802,1802,Credit Card,Success,2025-04-27 06:39:38,711.85
1803,1803,COD,Success,2025-01-25 22:59:24,670.92
1804,1804,COD,Success,2025-04-25 19:36:20,721.59
1805,1805,Credit Card,Success,2025-01-21 10:46:03,360.5
1806,1806,UPI,Success,2025-07-25 11:24:38,198.26
1807,1807,Debit Card,Success,2025-09-18 20:31:21,546.54
1808,1808,UPI,Success,2025-09-07 20:30:09,241.76
1809,1809,Wallet,Success,2025-08-27 16:29:05,452.22
1810,1810,UPI,Success,2025-04-30 16:19:55,325.28
1811,1811,Debit Card,Success,2025-12-05 18:58:05,558.08
1812,1812,UPI,Refunded,2025-02-23 09:34:18,150.78
1813,1813,UPI,Success,2025-07-07 13:21:03,371.89
1814,1814,UPI,Success,2025-11-22 11:13:42,323.39
1815,1815,Debit Card,Success,2025-02-01 19:53:50,93.72
1816,1816,Credit Card,Success,2025-01-01 19:23:33,743.4
1817,1817,Credit Card,Success,2025-02-06 21:46:39,462.68
1818,1818,Wallet,Success,2025-03-05 13:56:23,515.7
1819,1819,Debit Card,Success,2025-07-07 20:53:29,786.52
1820,1820,Wallet,Success,2025-09-06 23:16:16,726.54
1821,1821,Credit Card,Success,2025-04-16 19:12:24,843.56
1822,1822,Debit Card,Success,2025-11-09 17:32:23,850.14
1823,1823,COD,Success,2025-12-10 09:53:31,126.11
1824,1824,UPI,Success,2025-04-12 14:50:32,687.12
1825,1825,UPI,Success,2025-01-05 17:44:18,848.75
1826,1826,UPI,Success,2025-12-15 11:33:53,224.4
1827,1827,COD,Success,2025-06-19 22:26:16,347.09
1828,1828,Credit Card,Success,2025-07-13 08:18:21,452.39
1829,1829,UPI,Success,2025-08-02 12:13:56,204.87
1830,1830,COD,Success,2025-05-24 20:53:16,673.22
1831,1831,COD,Success,2025-08-02 18:35:25,160.25
1832,1832,UPI,Success,2025-03-07 07:15:17,160.74
1833,1833,UPI,Success,2025-07-04 12:56:28,460.54
1834,1834,Wallet,Success,2025-11-13 11:03:54,357.84
1835,1835,Debit Card,Success,2025-10-31 21:50:53,1093.62
1836,1836,UPI,Success,2025-06-02 21:44:24,191.6
1837,1837,Debit Card,Success,2025-06-24 22:20:13,123.48
1838,1838,COD,Success,2025-05-21 17:09:55,569.05
1839,1839,Debit Card,Success,2025-10-16 19:55:12,557.03
1840,1840,UPI,Success,2025-08-15 07:41:14,819.04
1841,1841,UPI,Success,2025-04-14 23:44:32,1172.74
1842,1842,Debit Card,Success,2025-08-07 10:02:41,576.68
1843,1843,COD,Success,2025-08-12 14:38:26,826.76
1844,1844,UPI,Success,2025-06-23 11:39:02,228.42
1845,1845,Wallet,Success,2025-12-16 15:45:14,126.4
1846,1846,UPI,Success,2025-09-16 19:01:09,235.2
1847,1847,UPI,Refunded,2025-11-27 21:44:43,255.07
1848,1848,Wallet,Success,2025-12-15 18:16:16,296.39
1849,1849,Debit Card,Success,2025-11-29 08:55:11,98.78
1850,1850,UPI,Success,2025-11-12 13:50:39,282.51
1851,1851,Credit Card,Success,2025-06-08 11:14:55,90.15
1852,1852,COD,Success,2025-10-22 10:24:22,918.21
1853,1853,UPI,Success,2025-04-10 12:04:30,198.6
1854,1854,UPI,Success,2025-03-04 18:17:23,936.06
1855,1855,Wallet,Success,2025-06-09 17:12:01,875.91
1856,1856,Wallet,Success,2025-01-26 20:29:23,160.23
1857,1857,UPI,Success,2025-05-24 09:53:09,333.68
1858,1858,Wallet,Success,2025-02-02 12:25:29,310.56
1859,1859,UPI,Success,2025-01-15 18:13:29,579.93
1860,1860,Debit Card,Success,2025-04-17 17:37:15,415.54
1861,1861,Wallet,Success,2025-05-29 22:20:28,136.89
1862,1862,COD,Success,2025-10-20 21:38:21,151.34
1863,1863,UPI,Success,2025-10-06 11:13:32,1710.89
1864,1864,UPI,Success,2025-06-28 21:38:34,414.08
1865,1865,UPI,Success,2025-01-30 08:13:39,244.24
1866,1866,Wallet,Success,2025-11-24 07:17:30,335.91
1867,1867,UPI,Success,2025-09-24 18:26:58,809.47
1868,1868,UPI,Success,2025-08-31 20:49:39,1877.35
1869,1869,Wallet,Success,2025-04-01 19:14:23,581.42
1870,1870,Wallet,Success,2025-10-07 14:07:57,348.39
1871,1871,COD,Success,2025-04-17 12:48:35,132.01
1872,1872,Credit Card,Success,2025-06-16 07:48:48,441.08
1873,1873,UPI,Success,2025-06-28 21:12:12,352.76
1874,1874,COD,Success,2025-10-25 21:04:12,294.06
1875,1875,Wallet,Success,2025-07-13 15:14:45,66.85
1876,1876,Wallet,Success,2025-10-11 07:32:53,1411.94
1877,1877,Credit Card,Success,2025-05-16 23:56:56,1000.0
1878,1878,Credit Card,Success,2025-06-11 10:33:38,576.75
1879,1879,Wallet,Success,2025-12-16 20:21:48,579.93
1880,1880,UPI,Success,2025-05-08 10:19:42,766.81
1881,1881,Credit Card,Success,2025-11-22 18:43:26,136.23
1882,1882,Credit Card,Success,2025-06-04 06:56:53,392.06
1883,1883,COD,Success,2025-03-03 08:05:14,812.7
1884,1884,Credit Card,Success,2025-02-21 20:15:34,474.04
1885,1885,UPI,Success,2025-08-19 17:09:35,869.6
1886,1886,UPI,Success,2025-08-18 19:21:23,107.68
1887,1887,Wallet,Success,2025-12-22 18:48:05,601.46
1888,1888,Credit Card,Success,2025-05-22 18:59:56,1324.57
1889,1889,UPI,Success,2025-09-17 11:09:53,294.56
1890,1890,Wallet,Success,2025-10-30 06:38:43,202.37
1891,1891,COD,Success,2025-05-12 11:17:27,129.8
1892,1892,UPI,Refunded,2025-02-11 21:53:11,1052.92
1893,1893,Debit Card,Success,2025-08-25 00:28:13,594.94
1894,1894,COD,Success,2025-12-23 21:57:33,446.0
1895,1895,Credit Card,Success,2025-09-27 16:24:05,328.98
1896,1896,Credit Card,Success,2025-09-08 20:08:57,585.06
1897,1897,Wallet,Success,2025-06-14 13:08:08,795.89
1898,1898,COD,Success,2025-07-14 21:35:23,181.62
1899,1899,UPI,Success,2025-08-12 18:12:54,46.52
1900,1900,UPI,Success,2025-06-25 22:35:09,716.85
1901,1901,Debit Card,Success,2025-12-12 11:36:50,491.78
1902,1902,Credit Card,Success,2025-04-18 22:14:47,472.09
1903,1903,Debit Card,Success,2025-09-28 12:59:16,1209.56
1904,1904,UPI,Success,2025-05-27 20:55:23,432.0
1905,1905,Debit Card,Success,2025-11-17 12:27:44,1064.22
1906,1906,UPI,Success,2025-07-09 19:09:36,216.32
1907,1907,Wallet,Success,2025-07-07 18:03:27,572.22
1908,1908,UPI,Success,2025-11-30 17:59:34,565.15
1909,1909,UPI,Success,2025-05-22 22:48:25,422.05
1910,1910,Wallet,Success,2025-05-19 20:19:29,114.8
1911,1911,UPI,Success,2025-01-25 10:26:44,251.81
1912,1912,Wallet,Success,2025-06-27 11:51:57,411.13
1913,1913,UPI,Success,2025-12-04 15:10:12,281.11
1914,1914,Debit Card,Success,2025-08-12 14:27:12,706.18
1915,1915,COD,Success,2025-03-29 13:35:54,289.49
1916,1916,UPI,Success,2025-09-22 15:41:32,145.51
1917,1917,Credit Card,Success,2025-05-24 12:42:14,206.26
1918,1918,UPI,Success,2025-08-11 12:33:33,358.36
1919,1919,Credit Card,Success,2025-06-17 16:43:25,77.17
1920,1920,COD,Success,2025-10-25 17:13:49,349.92
1921,1921,Debit Card,Success,2025-10-16 18:29:25,102.68
1922,1922,Debit Card,Success,2025-12-11 13:41:34,324.76
1923,1923,Wallet,Success,2025-09-04 19:46:08,578.55
1924,1924,UPI,Refunded,2025-04-08 20:15:18,233.46
1925,1925,UPI,Success,2025-09-01 15:31:34,675.86
1926,1926,UPI,Success,2025-08-25 08:00:21,368.56
1927,1927,UPI,Success,2025-11-17 07:32:11,168.04
1928,1928,Credit Card,Success,2025-03-04 20:48:50,234.88
1929,1929,COD,Success,2025-06-06 09:54:41,181.18
1930,1930,UPI,Success,2025-12-26 06:39:28,385.25
1931,1931,UPI,Success,2025-08-08 18:35:55,440.7
1932,1932,Credit Card,Success,2025-03-05 11:05:28,462.5
1933,1933,Wallet,Success,2025-09-08 06:12:37,509.02
1934,1934,UPI,Success,2025-12-01 20:22:17,181.71
1935,1935,UPI,Success,2025-06-05 13:50:19,379.84
1936,1936,Wallet,Success,2025-04-21 22:20:42,1115.68
1937,1937,Debit Card,Success,2025-11-28 11:09:16,552.44
1938,1938,Debit Card,Success,2025-05-06 13:58:43,149.26
1939,1939,Credit Card,Success,2025-09-05 12:26:06,330.79
1940,1940,Debit Card,Success,2025-02-15 21:12:04,751.81
1941,1941,UPI,Success,2025-10-22 07:19:34,193.4
1942,1942,UPI,Success,2025-05-31 06:04:08,311.72
1943,1943,Credit Card,Success,2025-07-15 21:13:43,1128.98
1944,1944,COD,Success,2025-11-17 10:38:12,67.67
1945,1945,Credit Card,Success,2025-08-13 19:54:19,256.59
1946,1946,Wallet,Success,2025-10-16 22:14:56,230.27
1947,1947,Credit Card,Success,2025-10-30 10:19:39,417.14
1948,1948,COD,Success,2025-12-10 20:20:36,183.84
1949,1949,UPI,Success,2025-09-07 09:57:40,796.87
1950,1950,Debit Card,Success,2025-06-26 10:59:08,308.66
1951,1951,COD,Success,2025-07-04 22:47:34,847.49
1952,1952,Debit Card,Success,2025-08-09 20:01:11,443.37
1953,1953,Debit Card,Success,2025-10-19 12:31:57,214.48
1954,1954,UPI,Failed,2025-10-31 20:24:24,878.98
1955,1955,UPI,Success,2025-03-06 16:37:26,172.74
1956,1956,UPI,Success,2025-07-01 09:32:20,734.04
1957,1957,Credit Card,Success,2025-06-22 19:24:54,277.08
1958,1958,COD,Success,2025-05-05 11:47:34,1063.31
1959,1959,Wallet,Success,2025-01-23 18:04:48,925.06
1960,1960,UPI,Failed,2025-05-13 11:20:48,464.35
1961,1961,Debit Card,Success,2025-01-26 00:17:00,673.37
1962,1962,Credit Card,Success,2025-10-14 22:51:11,541.38
1963,1963,Credit Card,Success,2025-06-13 10:34:27,628.0
1964,1964,Wallet,Success,2025-08-24 17:33:33,742.82
1965,1965,Credit Card,Success,2025-09-23 12:39:05,394.83
1966,1966,UPI,Success,2025-05-28 12:26:43,37.16
1967,1967,COD,Success,2025-12-25 12:30:47,756.0
1968,1968,COD,Success,2025-07-21 11:08:26,673.86
1969,1969,COD,Success,2025-09-09 11:51:53,357.67
1970,1970,UPI,Success,2025-08-05 18:11:38,205.91
1971,1971,UPI,Success,2025-09-24 23:47:52,138.21
1972,1972,Wallet,Success,2025-06-30 20:55:39,363.18
1973,1973,Credit Card,Success,2025-12-20 14:40:30,455.42
1974,1974,Debit Card,Success,2025-11-05 13:42:54,274.17
1975,1975,UPI,Success,2025-03-10 19:58:06,797.24
1976,1976,Wallet,Success,2025-08-15 13:50:31,190.56
1977,1977,Debit Card,Success,2025-12-15 11:40:05,589.62
1978,1978,UPI,Success,2025-09-23 18:57:03,414.08
1979,1979,Debit Card,Success,2025-12-12 19:20:24,174.47
1980,1980,Credit Card,Success,2025-08-19 11:11:42,984.23
1981,1981,COD,Success,2025-11-07 19:44:58,645.06
1982,1982,Debit Card,Success,2025-08-04 09:36:23,1113.14
1983,1983,COD,Success,2025-05-22 15:46:53,987.69
1984,1984,UPI,Success,2025-12-02 20:02:46,220.82
1985,1985,UPI,Success,2025-08-23 23:26:51,122.17
1986,1986,COD,Success,2025-08-01 19:46:54,337.4
1987,1987,UPI,Success,2025-09-09 13:21:02,762.33
1988,1988,UPI,Success,2025-03-25 13:22:34,352.58
1989,1989,UPI,Success,2025-11-01 11:22:00,499.62
1990,1990,Wallet,Success,2025-10-03 10:57:46,250.85
1991,1991,UPI,Success,2025-04-11 14:11:32,220.66
1992,1992,UPI,Success,2025-10-13 22:48:48,665.51
1993,1993,UPI,Success,2025-09-22 21:20:05,698.56
1994,1994,Wallet,Success,2025-02-09 13:22:33,349.22
1995,1995,COD,Success,2025-07-03 18:44:48,371.71
1996,1996,UPI,Success,2025-12-18 15:11:59,619.58
1997,1997,UPI,Success,2025-05-07 14:38:10,1033.53
1998,1998,COD,Success,2025-12-22 20:40:02,79.12
1999,1999,UPI,Success,2025-10-09 20:01:49,173.9
2000,2000,UPI,Success,2025-11-26 11:11:16,732.85
2001,2001,COD,Success,2025-01-31 20:21:16,855.79
2002,2002,Wallet,Success,2025-02-06 20:39:52,178.43
2003,2003,UPI,Success,2025-05-01 21:15:35,112.38
2004,2004,Wallet,Success,2025-11-04 11:15:53,479.73
2005,2005,COD,Success,2025-05-26 21:59:49,485.82
2006,2006,UPI,Success,2025-11-10 18:55:25,433.37
2007,2007,UPI,Success,2025-07-16 17:55:17,496.25
2008,2008,Credit Card,Success,2025-11-10 08:06:26,440.99
2009,2009,UPI,Success,2025-05-10 14:34:57,320.22
2010,2010,Wallet,Success,2025-06-28 21:03:17,559.89
2011,2011,UPI,Success,2025-08-23 12:36:03,69.46
2012,2012,UPI,Success,2025-07-13 21:51:37,791.4
2013,2013,UPI,Success,2025-05-29 11:15:00,139.02
2014,2014,UPI,Success,2025-05-08 18:17:27,69.93
2015,2015,UPI,Success,2025-06-16 14:45:07,178.77
2016,2016,Wallet,Success,2025-10-11 07:29:31,496.11
2017,2017,UPI,Success,2025-02-17 12:26:03,675.5
2018,2018,COD,Failed,2025-11-14 18:58:48,580.76
2019,2019,UPI,Success,2025-06-01 14:53:12,242.62
2020,2020,COD,Success,2025-04-23 21:08:51,279.22
2021,2021,Credit Card,Success,2025-07-15 22:38:11,83.91
2022,2022,COD,Success,2025-04-13 19:11:23,304.04
2023,2023,UPI,Success,2025-06-07 22:38:14,239.61
2024,2024,UPI,Success,2025-10-30 19:57:50,182.21
2025,2025,UPI,Success,2025-09-19 20:48:39,215.82
2026,2026,COD,Success,2025-07-03 12:10:57,475.46
2027,2027,Credit Card,Success,2025-05-09 21:07:10,246.53
2028,2028,UPI,Success,2025-08-31 11:17:56,232.09
2029,2029,Credit Card,Success,2025-07-11 19:33:18,288.82
2030,2030,Credit Card,Success,2025-09-22 17:50:16,217.66
2031,2031,UPI,Success,2025-11-06 14:10:06,330.75
2032,2032,UPI,Success,2025-04-01 18:57:54,382.97
2033,2033,COD,Success,2025-12-21 12:39:46,847.34
2034,2034,Wallet,Success,2025-07-09 11:32:17,143.47
2035,2035,Credit Card,Success,2025-02-28 19:25:22,138.95
2036,2036,COD,Success,2025-07-21 14:19:22,856.55
2037,2037,Wallet,Success,2025-09-16 11:45:05,336.49
2038,2038,UPI,Success,2025-04-14 11:32:30,405.34
2039,2039,Wallet,Success,2025-07-20 12:41:33,688.6
2040,2040,Wallet,Success,2025-08-14 13:30:52,74.89
2041,2041,UPI,Success,2025-05-27 13:49:48,534.1
2042,2042,UPI,Failed,2025-03-13 18:38:23,34.7
2043,2043,COD,Success,2025-05-13 12:35:57,364.72
2044,2044,UPI,Success,2025-11-26 17:59:05,891.32
2045,2045,UPI,Success,2025-11-09 11:30:19,508.62
2046,2046,COD,Success,2025-08-29 19:56:02,65.96
2047,2047,UPI,Success,2025-09-18 22:07:17,181.42
2048,2048,UPI,Success,2025-10-03 13:56:24,172.06
2049,2049,Wallet,Success,2025-04-18 11:08:36,638.7
2050,2050,UPI,Success,2025-12-31 13:45:04,438.5
2051,2051,Debit Card,Success,2025-04-15 23:01:00,387.67
2052,2052,Credit Card,Refunded,2025-08-07 12:39:48,36.86
2053,2053,UPI,Success,2025-04-06 21:44:41,1049.4
2054,2054,UPI,Success,2025-12-27 19:50:55,335.82
2055,2055,UPI,Success,2025-12-19 19:59:33,795.65
2056,2056,COD,Failed,2025-12-25 16:35:27,502.48
2057,2057,Credit Card,Success,2025-10-09 11:44:25,140.32
2058,2058,UPI,Success,2025-10-15 18:34:34,808.81
2059,2059,UPI,Success,2025-08-28 21:25:38,162.35
2060,2060,UPI,Success,2025-05-20 20:12:54,391.8
2061,2061,UPI,Success,2025-02-14 12:25:38,1077.46
2062,2062,UPI,Success,2025-10-11 11:12:52,280.84
2063,2063,Credit Card,Success,2025-12-31 18:20:01,189.05
2064,2064,UPI,Success,2025-04-11 09:20:58,290.54
2065,2065,UPI,Success,2025-01-09 10:37:30,718.82
2066,2066,Debit Card,Success,2025-07-19 18:28:24,435.65
2067,2067,UPI,Success,2025-10-07 10:37:32,822.59
2068,2068,UPI,Success,2025-12-20 13:29:55,568.2
2069,2069,Wallet,Success,2025-11-11 18:11:26,309.37
2070,2070,UPI,Success,2025-01-13 10:40:24,1545.29
2071,2071,Debit Card,Success,2025-11-13 08:06:04,270.68
2072,2072,Wallet,Success,2025-07-20 18:18:33,40.56
2073,2073,Credit Card,Success,2025-03-21 13:51:18,701.69
2074,2074,COD,Success,2025-03-06 14:03:26,313.18
2075,2075,COD,Success,2025-11-28 21:21:45,1108.41
2076,2076,UPI,Success,2025-02-28 19:50:59,340.29
2077,2077,UPI,Failed,2025-11-04 10:45:51,391.48
2078,2078,Wallet,Success,2025-08-11 20:58:18,911.14
2079,2079,UPI,Success,2025-04-05 17:35:51,58.16
2080,2080,UPI,Success,2025-03-14 10:36:13,375.43
2081,2081,UPI,Success,2025-08-28 20:40:01,858.67
2082,2082,UPI,Success,2025-10-12 11:08:20,201.77
2083,2083,Debit Card,Success,2025-07-15 14:39:47,342.68
2084,2084,COD,Success,2025-02-23 13:31:16,72.5
2085,2085,Credit Card,Success,2025-05-18 12:04:36,146.58
2086,2086,UPI,Success,2025-02-06 09:38:51,263.28
2087,2087,COD,Success,2025-09-27 09:15:09,1128.34
2088,2088,UPI,Success,2025-02-04 07:44:34,395.98
2089,2089,COD,Success,2025-01-27 15:07:13,293.74
2090,2090,UPI,Success,2025-08-23 12:29:21,295.11
2091,2091,UPI,Success,2025-07-08 13:44:36,115.01
2092,2092,Wallet,Success,2025-03-14 14:21:28,464.32
2093,2093,UPI,Success,2025-10-04 11:36:50,891.32
2094,2094,Credit Card,Success,2025-11-16 09:35:50,483.35
2095,2095,Wallet,Success,2025-10-21 17:55:45,888.48
2096,2096,Credit Card,Success,2025-10-04 13:51:35,905.23
2097,2097,Credit Card,Success,2025-12-15 21:53:46,758.68
2098,2098,UPI,Success,2025-08-16 07:12:12,184.72
2099,2099,Wallet,Success,2025-10-02 19:24:46,888.54
2100,2100,UPI,Success,2025-11-09 11:17:09,172.06
2101,2101,UPI,Success,2025-12-02 20:02:54,237.52
2102,2102,Debit Card,Success,2025-01-29 12:37:24,387.74
2103,2103,UPI,Success,2025-11-21 20:46:11,554.42
2104,2104,Debit Card,Success,2025-02-05 23:05:32,357.01
2105,2105,Credit Card,Success,2025-06-02 08:59:57,254.97
2106,2106,UPI,Success,2025-10-18 20:32:15,476.51
2107,2107,UPI,Success,2025-08-05 23:55:54,830.79
2108,2108,UPI,Success,2025-09-16 11:19:52,1125.67
2109,2109,COD,Success,2025-03-12 17:20:09,753.48
2110,2110,Debit Card,Success,2025-05-04 23:28:33,299.34
2111,2111,Wallet,Success,2025-04-02 15:07:15,461.28
2112,2112,Credit Card,Success,2025-12-24 19:18:00,326.44
2113,2113,UPI,Success,2025-10-31 21:45:26,726.45
2114,2114,UPI,Success,2025-11-18 14:32:02,220.27
2115,2115,COD,Success,2025-08-28 11:01:42,1076.46
2116,2116,UPI,Success,2025-04-11 10:33:31,1686.01
2117,2117,COD,Success,2025-08-18 20:28:26,149.98
2118,2118,Credit Card,Success,2025-08-01 18:13:12,419.68
2119,2119,Debit Card,Success,2025-04-08 08:59:34,611.44
2120,2120,COD,Success,2025-05-29 19:46:50,1389.55
2121,2121,UPI,Refunded,2025-05-21 10:55:25,1107.81
2122,2122,UPI,Success,2025-08-26 11:05:31,678.68
2123,2123,Wallet,Success,2025-09-18 12:27:20,143.06
2124,2124,Debit Card,Success,2025-05-12 14:51:34,144.19
2125,2125,Credit Card,Success,2025-12-15 11:54:48,312.98
2126,2126,Credit Card,Success,2025-11-30 11:34:50,196.78
2127,2127,Wallet,Success,2025-05-23 10:30:44,153.99
2128,2128,UPI,Success,2025-03-11 11:47:01,1309.23
2129,2129,UPI,Success,2025-10-08 15:09:08,329.72
2130,2130,COD,Success,2025-12-29 11:45:26,301.45
2131,2131,UPI,Success,2025-10-03 11:06:44,750.41
2132,2132,COD,Success,2025-08-07 21:07:34,640.72
2133,2133,Wallet,Success,2025-09-29 19:56:10,97.99
2134,2134,Wallet,Success,2025-09-16 10:16:55,1818.58
2135,2135,UPI,Success,2025-11-22 13:17:19,189.4
2136,2136,Wallet,Failed,2025-04-01 20:38:45,330.17
2137,2137,COD,Success,2025-05-13 19:24:43,109.75
2138,2138,UPI,Success,2025-06-29 09:47:51,685.89
2139,2139,Credit Card,Refunded,2025-10-30 22:11:18,690.74
2140,2140,UPI,Refunded,2025-05-19 10:43:59,792.43
2141,2141,COD,Failed,2025-01-09 19:51:38,374.73
2142,2142,Debit Card,Success,2025-05-24 14:46:12,856.41
2143,2143,UPI,Success,2025-10-17 09:44:25,276.74
2144,2144,Debit Card,Failed,2025-08-11 20:27:46,511.68
2145,2145,Debit Card,Success,2025-06-10 14:18:26,138.33
2146,2146,Debit Card,Success,2025-12-04 12:17:47,150.56
2147,2147,Wallet,Success,2025-10-21 12:36:20,186.31
2148,2148,UPI,Success,2025-01-24 16:28:29,1380.53
2149,2149,UPI,Success,2025-05-22 09:16:40,61.18
2150,2150,UPI,Failed,2025-06-09 14:37:45,495.43
2151,2151,Wallet,Success,2025-04-27 08:42:57,724.85
2152,2152,COD,Success,2025-03-17 12:44:16,123.08
2153,2153,COD,Success,2025-11-22 19:51:38,428.52
2154,2154,Wallet,Success,2025-04-25 22:07:59,1050.77
2155,2155,Wallet,Success,2025-08-20 19:59:26,222.02
2156,2156,Wallet,Success,2025-09-02 15:49:07,1093.16
2157,2157,COD,Refunded,2025-05-25 21:24:31,261.97
2158,2158,Debit Card,Success,2025-08-12 09:40:39,748.29
2159,2159,Wallet,Success,2025-09-18 21:09:21,1077.12
2160,2160,Credit Card,Success,2025-02-12 19:36:50,547.33
2161,2161,UPI,Success,2025-12-27 20:01:49,663.04
2162,2162,Wallet,Success,2025-07-14 17:59:33,239.05
2163,2163,COD,Success,2025-06-20 17:14:08,170.22
2164,2164,UPI,Success,2025-07-17 21:59:55,156.94
2165,2165,UPI,Success,2025-08-02 13:24:01,360.86
2166,2166,Debit Card,Success,2025-02-02 09:39:24,495.89
2167,2167,Debit Card,Success,2025-05-16 12:22:24,963.44
2168,2168,Debit Card,Success,2025-04-17 11:47:54,388.21
2169,2169,COD,Success,2025-10-25 19:57:06,263.86
2170,2170,COD,Success,2025-03-07 18:34:44,585.22
2171,2171,Credit Card,Success,2025-01-02 14:58:25,1745.82
2172,2172,UPI,Success,2025-03-14 22:19:30,230.27
2173,2173,UPI,Success,2025-08-24 20:01:17,285.41
2174,2174,UPI,Success,2025-10-02 10:42:05,265.43
2175,2175,COD,Success,2025-05-08 12:03:34,133.62
2176,2176,UPI,Success,2025-08-27 19:19:55,47.64
2177,2177,Debit Card,Success,2025-04-17 12:06:16,1394.63
2178,2178,Debit Card,Success,2025-06-14 07:25:05,763.93
2179,2179,UPI,Success,2025-09-23 18:07:01,970.22
2180,2180,Debit Card,Success,2025-06-15 16:39:15,788.25
2181,2181,UPI,Success,2025-04-19 19:49:57,170.77
2182,2182,UPI,Success,2025-08-06 17:54:32,530.46
2183,2183,UPI,Refunded,2025-04-11 14:38:12,396.15
2184,2184,Debit Card,Success,2025-10-15 13:20:16,742.05
2185,2185,Credit Card,Success,2025-08-22 18:34:05,74.17
2186,2186,COD,Success,2025-02-24 12:20:28,220.54
2187,2187,UPI,Success,2025-04-05 19:40:23,626.46
2188,2188,Wallet,Success,2025-06-04 18:43:23,67.37
2189,2189,Debit Card,Success,2025-10-05 12:20:08,1034.75
2190,2190,UPI,Success,2025-12-01 13:12:12,133.15
2191,2191,Debit Card,Success,2025-05-07 11:14:04,333.03
2192,2192,UPI,Success,2025-02-03 18:24:40,524.6
2193,2193,COD,Success,2025-05-21 13:13:01,273.21
2194,2194,UPI,Success,2025-07-17 06:29:35,323.43
2195,2195,UPI,Success,2025-09-12 09:27:43,975.07
2196,2196,UPI,Success,2025-10-17 12:57:57,827.44
2197,2197,UPI,Success,2025-02-11 14:48:17,269.76
2198,2198,Credit Card,Success,2025-08-01 17:29:54,765.21
2199,2199,UPI,Success,2025-07-30 15:31:15,942.26
2200,2200,UPI,Success,2025-01-15 22:24:35,525.34
2201,2201,UPI,Success,2025-01-25 21:41:15,538.0
2202,2202,Credit Card,Success,2025-10-13 09:24:41,902.48
2203,2203,UPI,Success,2025-11-22 13:14:19,1057.47
2204,2204,Wallet,Success,2025-05-14 20:58:27,963.8
2205,2205,COD,Refunded,2025-02-18 21:50:03,795.2
2206,2206,Credit Card,Success,2025-05-13 21:46:15,364.02
2207,2207,Wallet,Success,2025-04-17 11:51:33,71.21
2208,2208,COD,Success,2025-03-10 09:24:47,463.66
2209,2209,UPI,Success,2025-03-19 11:32:30,655.02
2210,2210,UPI,Success,2025-06-13 08:13:14,241.46
2211,2211,COD,Success,2025-06-30 08:24:29,100.58
2212,2212,UPI,Success,2025-05-12 08:34:42,1273.76
2213,2213,UPI,Success,2025-08-08 21:07:16,266.94
2214,2214,Debit Card,Success,2025-03-27 20:25:31,340.81
2215,2215,UPI,Success,2025-04-20 13:50:39,334.23
2216,2216,Debit Card,Success,2025-09-12 17:24:02,309.68
2217,2217,UPI,Success,2025-11-14 12:18:56,46.52
2218,2218,UPI,Success,2025-05-19 21:32:29,972.02
2219,2219,Debit Card,Success,2025-03-30 20:04:23,98.56
2220,2220,COD,Success,2025-05-14 10:31:52,1200.37
2221,2221,Credit Card,Success,2025-11-23 12:43:59,52.47
2222,2222,UPI,Success,2025-07-21 19:55:36,948.87
2223,2223,UPI,Failed,2025-07-17 12:44:24,480.17
2224,2224,Credit Card,Success,2025-12-21 12:06:58,736.28
2225,2225,UPI,Success,2025-07-26 11:20:22,108.08
2226,2226,UPI,Success,2025-11-08 11:54:59,171.58
2227,2227,UPI,Success,2025-10-25 14:08:01,381.83
2228,2228,Wallet,Refunded,2025-06-27 12:39:54,453.53
2229,2229,Debit Card,Success,2025-07-31 06:24:12,368.12
2230,2230,UPI,Success,2025-07-18 18:24:38,473.46
2231,2231,COD,Success,2025-02-22 21:16:19,125.62
2232,2232,Credit Card,Failed,2025-10-10 18:45:38,107.13
2233,2233,Wallet,Success,2025-09-02 09:20:09,185.89
2234,2234,Wallet,Success,2025-02-23 15:13:11,1874.5
2235,2235,Wallet,Success,2025-03-24 18:52:51,684.85
2236,2236,COD,Success,2025-04-27 19:28:01,779.42
2237,2237,Wallet,Success,2025-07-30 19:51:50,328.78
2238,2238,Debit Card,Success,2025-06-09 21:35:27,184.37
2239,2239,Credit Card,Success,2025-03-26 21:58:12,900.9
2240,2240,Credit Card,Success,2025-09-01 14:42:53,276.43
2241,2241,UPI,Success,2025-01-23 11:18:17,115.04
2242,2242,Wallet,Success,2025-07-24 14:47:58,804.38
2243,2243,UPI,Success,2025-12-08 22:56:38,187.46
2244,2244,COD,Success,2025-07-19 16:40:51,394.32
2245,2245,Wallet,Success,2025-06-09 20:41:46,346.12
2246,2246,UPI,Refunded,2025-01-09 19:31:06,333.73
2247,2247,Wallet,Failed,2025-04-14 18:12:00,514.39
2248,2248,Debit Card,Success,2025-03-27 10:02:26,386.18
2249,2249,Credit Card,Failed,2025-03-06 16:25:47,166.47
2250,2250,Credit Card,Success,2025-09-21 19:36:17,217.74
2251,2251,UPI,Success,2025-11-13 20:55:53,789.62
2252,2252,Credit Card,Success,2025-01-26 13:55:03,253.66
2253,2253,UPI,Success,2025-10-25 14:53:30,223.25
2254,2254,Debit Card,Success,2025-11-11 20:36:48,645.36
2255,2255,Wallet,Success,2025-11-07 13:02:34,232.44
2256,2256,UPI,Success,2025-01-12 10:19:59,262.77
2257,2257,UPI,Failed,2025-09-18 23:33:07,281.46
2258,2258,UPI,Success,2025-10-22 11:57:19,287.5
2259,2259,UPI,Success,2025-12-24 11:47:46,260.35
2260,2260,Credit Card,Success,2025-07-06 20:34:44,74.52
2261,2261,COD,Success,2025-10-03 13:40:16,513.14
2262,2262,UPI,Success,2025-07-21 07:29:06,1108.78
2263,2263,Credit Card,Success,2025-08-14 12:24:42,551.86
2264,2264,Wallet,Success,2025-12-18 20:31:41,421.96
2265,2265,Wallet,Refunded,2025-10-23 14:49:24,364.75
2266,2266,COD,Success,2025-06-04 21:22:36,1451.5
2267,2267,COD,Failed,2025-03-26 10:23:35,225.32
2268,2268,COD,Success,2025-09-04 17:09:08,257.71
2269,2269,Credit Card,Success,2025-12-12 11:29:00,448.48
2270,2270,Wallet,Success,2025-10-13 21:44:36,270.59
2271,2271,COD,Success,2025-03-26 14:57:51,193.41
2272,2272,Credit Card,Success,2025-10-12 13:05:41,428.52
2273,2273,Credit Card,Success,2025-06-10 12:13:31,550.8
2274,2274,UPI,Success,2025-12-04 14:16:30,291.73
2275,2275,UPI,Success,2025-12-16 22:29:12,1102.04
2276,2276,COD,Success,2025-08-26 21:19:22,352.21
2277,2277,UPI,Success,2025-11-13 11:16:12,1151.07
2278,2278,UPI,Refunded,2025-06-11 06:47:30,86.47
2279,2279,Credit Card,Success,2025-03-18 18:40:32,168.2
2280,2280,UPI,Success,2025-01-07 19:10:20,205.34
2281,2281,UPI,Success,2025-02-10 13:16:10,135.1
2282,2282,Wallet,Refunded,2025-04-30 22:00:01,916.55
2283,2283,UPI,Success,2025-08-31 19:13:11,121.69
2284,2284,Debit Card,Success,2025-10-31 22:33:21,422.48
2285,2285,COD,Success,2025-10-03 20:38:35,82.37
2286,2286,Wallet,Success,2025-02-12 19:18:47,315.28
2287,2287,UPI,Success,2025-10-04 21:37:12,266.25
2288,2288,UPI,Success,2025-11-25 20:32:15,1119.11
2289,2289,Credit Card,Success,2025-10-02 13:25:51,319.43
2290,2290,Debit Card,Success,2025-03-21 20:02:58,162.53
2291,2291,Credit Card,Success,2025-10-11 21:20:37,556.28
2292,2292,UPI,Success,2025-05-12 19:14:10,406.16
2293,2293,Wallet,Success,2025-03-10 10:54:00,930.37
2294,2294,UPI,Success,2025-09-29 10:55:37,532.91
2295,2295,UPI,Success,2025-08-22 20:58:07,341.51
2296,2296,UPI,Success,2025-06-02 13:29:03,290.98
2297,2297,Debit Card,Success,2025-03-08 16:12:55,910.32
2298,2298,COD,Success,2025-10-23 12:18:41,326.37
2299,2299,UPI,Success,2025-03-12 19:22:28,511.44
2300,2300,Credit Card,Success,2025-07-01 09:16:58,271.6
2301,2301,Wallet,Success,2025-06-14 12:42:45,485.78
2302,2302,Debit Card,Success,2025-10-31 22:50:40,390.4
2303,2303,UPI,Success,2025-01-12 13:17:00,153.49
2304,2304,UPI,Success,2025-03-07 08:16:55,239.75
2305,2305,Wallet,Success,2025-06-12 16:04:12,916.95
2306,2306,Credit Card,Success,2025-10-26 08:39:16,465.54
2307,2307,Wallet,Success,2025-12-10 11:03:00,98.16
2308,2308,UPI,Success,2025-02-14 11:57:45,696.02
2309,2309,UPI,Success,2025-01-12 19:06:13,151.99
2310,2310,UPI,Success,2025-12-05 11:00:28,883.52
2311,2311,Wallet,Success,2025-11-15 23:22:36,136.59
2312,2312,UPI,Success,2025-12-30 13:17:21,204.17
2313,2313,Credit Card,Success,2025-12-01 17:28:13,150.99
2314,2314,Credit Card,Success,2025-12-21 19:48:26,438.14
2315,2315,UPI,Success,2025-10-22 19:35:42,442.73
2316,2316,Debit Card,Success,2025-06-20 12:35:28,322.61
2317,2317,COD,Success,2025-11-30 23:27:27,844.44
2318,2318,COD,Success,2025-06-29 19:44:04,562.92
2319,2319,UPI,Success,2025-11-07 12:02:09,709.59
2320,2320,COD,Success,2025-02-15 21:47:20,368.44
2321,2321,COD,Success,2025-09-05 19:47:57,452.74
2322,2322,COD,Success,2025-01-14 11:16:43,558.21
2323,2323,COD,Success,2025-05-13 21:36:25,382.26
2324,2324,UPI,Success,2025-04-28 12:51:40,509.04
2325,2325,Credit Card,Failed,2025-03-18 19:50:28,147.69
2326,2326,UPI,Success,2025-07-03 20:12:32,683.96
2327,2327,UPI,Success,2025-10-19 21:42:09,1033.53
2328,2328,UPI,Success,2025-10-22 13:58:48,818.54
2329,2329,Wallet,Success,2025-12-13 19:27:28,764.91
2330,2330,COD,Success,2025-05-14 13:20:45,915.7
2331,2331,Wallet,Success,2025-08-18 23:53:46,1082.71
2332,2332,Debit Card,Success,2025-04-18 19:26:31,1094.25
2333,2333,UPI,Success,2025-08-04 19:19:13,688.3
2334,2334,Wallet,Refunded,2025-09-16 19:01:51,271.07
2335,2335,COD,Success,2025-02-09 08:02:36,716.77
2336,2336,Wallet,Success,2025-06-08 12:03:25,348.36
2337,2337,UPI,Success,2025-11-29 07:46:14,467.76
2338,2338,Wallet,Success,2025-12-02 18:44:50,924.35
2339,2339,UPI,Success,2025-07-26 19:09:58,946.24
2340,2340,Wallet,Refunded,2025-10-15 17:52:08,211.98
2341,2341,UPI,Success,2025-03-18 12:40:15,432.99
2342,2342,COD,Success,2025-10-01 08:17:07,1588.33
2343,2343,UPI,Refunded,2025-05-17 17:41:00,433.75
2344,2344,Debit Card,Success,2025-09-27 12:58:32,743.73
2345,2345,Credit Card,Success,2025-02-27 13:02:29,234.03
2346,2346,Credit Card,Success,2025-06-14 21:36:09,1204.13
2347,2347,Debit Card,Success,2025-04-17 10:33:33,393.45
2348,2348,Debit Card,Success,2025-04-21 19:10:19,492.36
2349,2349,Wallet,Success,2025-11-05 10:38:06,263.34
2350,2350,Debit Card,Success,2025-12-06 09:16:04,369.9
2351,2351,Credit Card,Success,2025-12-19 19:42:49,818.89
2352,2352,COD,Success,2025-09-19 09:20:35,814.55
2353,2353,Debit Card,Success,2025-11-19 18:23:50,544.8
2354,2354,Credit Card,Success,2025-09-04 11:47:36,448.64
2355,2355,UPI,Success,2025-01-04 22:32:27,199.33
2356,2356,UPI,Success,2025-12-10 11:19:13,746.97
2357,2357,UPI,Success,2025-07-09 08:40:51,196.8
2358,2358,Credit Card,Failed,2025-12-26 13:15:59,247.63
2359,2359,Credit Card,Success,2025-11-25 12:43:44,122.97
2360,2360,Wallet,Success,2025-09-03 17:04:37,657.96
2361,2361,COD,Success,2025-08-03 07:33:43,1329.1
2362,2362,UPI,Success,2025-12-18 12:17:14,180.42
2363,2363,COD,Success,2025-10-05 11:06:24,333.34
2364,2364,UPI,Success,2025-05-16 13:29:27,101.54
2365,2365,Wallet,Success,2025-10-24 18:20:19,462.68
2366,2366,Debit Card,Success,2025-08-09 18:35:21,789.84
2367,2367,COD,Success,2025-05-03 21:08:26,949.25
2368,2368,UPI,Success,2025-10-06 20:49:54,120.05
2369,2369,Debit Card,Success,2025-05-16 19:30:10,87.5
2370,2370,UPI,Success,2025-02-26 20:05:28,465.54
2371,2371,UPI,Success,2025-10-07 09:41:08,445.05
2372,2372,COD,Success,2025-11-18 06:44:53,990.38
2373,2373,Credit Card,Success,2025-04-03 18:02:57,339.93
2374,2374,Wallet,Success,2025-04-12 19:30:57,166.52
2375,2375,UPI,Success,2025-04-29 12:24:48,452.03
2376,2376,Credit Card,Success,2025-01-06 18:12:46,1052.34
2377,2377,UPI,Success,2025-04-22 16:12:26,289.18
2378,2378,Wallet,Success,2025-02-19 09:22:08,270.68
2379,2379,Credit Card,Failed,2025-06-25 10:43:14,69.96
2380,2380,UPI,Success,2025-07-14 11:08:14,282.92
2381,2381,Wallet,Refunded,2025-05-07 07:24:11,272.27
2382,2382,Wallet,Success,2025-05-17 08:03:29,617.54
2383,2383,Wallet,Success,2025-07-29 11:27:52,232.59
2384,2384,UPI,Success,2025-08-21 23:03:09,624.53
2385,2385,UPI,Success,2025-04-03 12:19:12,266.51
2386,2386,Debit Card,Success,2025-05-28 13:19:43,51.18
2387,2387,UPI,Success,2025-10-04 11:18:26,1087.12
2388,2388,Wallet,Success,2025-08-10 11:42:25,550.52
2389,2389,Credit Card,Success,2025-07-06 18:58:37,162.64
2390,2390,Debit Card,Success,2025-08-09 18:24:08,160.89
2391,2391,UPI,Success,2025-12-10 07:30:25,813.8
2392,2392,UPI,Success,2025-07-25 07:03:43,1032.97
2393,2393,Credit Card,Success,2025-08-21 21:11:17,786.3
2394,2394,COD,Success,2025-09-27 11:35:38,1031.85
2395,2395,UPI,Success,2025-10-19 17:21:47,423.84
2396,2396,Debit Card,Success,2025-02-28 22:07:42,510.94
2397,2397,Debit Card,Failed,2025-10-02 10:40:07,31.89
2398,2398,UPI,Success,2025-04-27 21:14:16,133.26
2399,2399,UPI,Success,2025-11-22 12:55:56,570.17
2400,2400,COD,Failed,2025-07-22 09:49:35,1015.61
2401,2401,Wallet,Success,2025-01-14 12:45:17,920.78
2402,2402,UPI,Success,2025-08-29 08:41:25,492.11
2403,2403,Debit Card,Success,2025-06-07 11:45:54,288.19
2404,2404,UPI,Success,2025-07-02 12:02:07,732.67
2405,2405,UPI,Success,2025-01-14 19:49:46,595.94
2406,2406,Credit Card,Success,2025-10-24 12:38:46,562.56
2407,2407,UPI,Success,2025-04-25 12:23:41,510.14
2408,2408,COD,Success,2025-11-13 12:23:05,592.65
2409,2409,Wallet,Success,2025-09-10 11:25:14,485.32
2410,2410,Wallet,Success,2025-05-02 20:29:54,245.44
2411,2411,UPI,Success,2025-03-27 08:24:30,731.03
2412,2412,UPI,Success,2025-05-24 11:15:35,806.02
2413,2413,UPI,Success,2025-07-17 21:30:53,670.42
2414,2414,Wallet,Success,2025-10-24 10:48:30,602.31
2415,2415,COD,Success,2025-01-18 10:57:13,273.27
2416,2416,Credit Card,Success,2025-07-14 19:28:28,318.95
2417,2417,UPI,Success,2025-09-06 20:05:57,182.21
2418,2418,Debit Card,Success,2025-02-23 12:41:26,283.72
2419,2419,UPI,Success,2025-07-19 12:47:34,437.38
2420,2420,UPI,Success,2025-11-15 20:19:59,448.83
2421,2421,COD,Success,2025-04-06 20:02:29,51.5
2422,2422,UPI,Success,2025-09-10 10:03:48,328.3
2423,2423,Wallet,Success,2025-06-16 20:29:44,145.57
2424,2424,Credit Card,Success,2025-12-24 06:41:23,98.37
2425,2425,Debit Card,Success,2025-06-21 19:29:46,336.7
2426,2426,Wallet,Success,2025-04-25 14:45:02,765.21
2427,2427,Wallet,Failed,2025-11-24 12:35:28,409.93
2428,2428,Credit Card,Failed,2025-05-25 17:16:11,283.44
2429,2429,Wallet,Success,2025-04-01 15:46:03,1440.35
2430,2430,Wallet,Success,2025-05-02 20:10:19,623.28
2431,2431,UPI,Success,2025-05-19 11:01:28,590.52
2432,2432,Debit Card,Success,2025-11-13 19:04:23,565.02
2433,2433,UPI,Success,2025-05-15 21:39:32,516.79
2434,2434,Wallet,Success,2025-01-14 12:00:00,1048.72
2435,2435,UPI,Success,2025-11-05 15:10:08,444.24
2436,2436,UPI,Success,2025-12-08 19:55:26,109.42
2437,2437,UPI,Success,2025-12-04 08:23:21,295.92
2438,2438,UPI,Success,2025-09-24 16:19:53,397.75
2439,2439,UPI,Success,2025-02-26 20:56:06,216.2
2440,2440,UPI,Refunded,2025-12-06 11:44:12,1164.7
2441,2441,Wallet,Success,2025-11-23 22:01:08,123.57
2442,2442,UPI,Success,2025-06-23 08:26:51,721.33
2443,2443,Debit Card,Success,2025-01-30 10:09:47,495.42
2444,2444,UPI,Refunded,2025-09-04 10:06:36,1158.11
2445,2445,Credit Card,Success,2025-07-29 11:31:12,196.8
2446,2446,Credit Card,Success,2025-06-18 13:45:59,853.04
2447,2447,Wallet,Success,2025-08-30 11:51:52,574.14
2448,2448,Wallet,Success,2025-11-16 12:18:28,486.46
2449,2449,COD,Success,2025-04-26 07:19:33,519.4
2450,2450,COD,Success,2025-08-20 22:03:50,439.1
2451,2451,COD,Success,2025-10-25 14:04:05,767.5
2452,2452,Wallet,Success,2025-11-13 20:05:37,132.12
2453,2453,Wallet,Failed,2025-07-16 14:39:25,210.03
2454,2454,COD,Success,2025-07-14 22:34:29,1016.77
2455,2455,UPI,Success,2025-09-08 23:25:09,1076.27
2456,2456,UPI,Success,2025-05-11 12:59:48,166.27
2457,2457,Wallet,Success,2025-08-29 16:49:23,30.38
2458,2458,Credit Card,Failed,2025-08-21 19:56:16,1588.64
2459,2459,UPI,Success,2025-06-26 13:38:05,282.98
2460,2460,COD,Success,2025-07-28 13:08:46,602.42
2461,2461,UPI,Success,2025-01-11 07:14:10,128.83
2462,2462,UPI,Success,2025-10-18 21:02:09,515.41
2463,2463,Wallet,Success,2025-07-21 13:36:40,827.12
2464,2464,UPI,Success,2025-10-03 21:15:32,574.27
2465,2465,COD,Success,2025-01-06 10:52:58,238.99
2466,2466,Debit Card,Success,2025-07-19 19:13:56,491.14
2467,2467,Wallet,Success,2025-05-18 07:36:38,232.65
2468,2468,Wallet,Success,2025-07-07 20:42:50,403.56
2469,2469,Credit Card,Failed,2025-06-03 11:38:25,213.95
2470,2470,Credit Card,Success,2025-06-07 21:07:35,371.15
2471,2471,UPI,Success,2025-06-25 00:53:55,174.59
2472,2472,Credit Card,Success,2025-07-16 09:48:41,749.42
2473,2473,Credit Card,Success,2025-06-05 18:14:56,569.71
2474,2474,COD,Success,2025-03-15 17:40:37,444.04
2475,2475,Debit Card,Success,2025-01-12 00:24:29,502.44
2476,2476,UPI,Success,2025-04-07 12:05:06,649.34
2477,2477,UPI,Success,2025-05-14 07:19:59,812.22
2478,2478,Wallet,Success,2025-08-20 17:58:36,417.65
2479,2479,UPI,Success,2025-07-25 22:36:15,143.42
2480,2480,Credit Card,Success,2025-12-06 20:20:18,154.73
2481,2481,UPI,Success,2025-12-14 13:41:55,74.03
2482,2482,UPI,Success,2025-02-03 06:28:19,362.06
2483,2483,COD,Success,2025-09-07 19:16:03,657.4
2484,2484,Debit Card,Success,2025-07-29 13:46:44,130.07
2485,2485,Wallet,Failed,2025-09-04 20:45:56,242.16
2486,2486,Credit Card,Success,2025-11-16 12:31:06,977.5
2487,2487,Wallet,Success,2025-10-30 11:56:06,523.67
2488,2488,Credit Card,Failed,2025-04-12 08:00:08,712.28
2489,2489,UPI,Success,2025-10-07 08:39:39,1460.16
2490,2490,UPI,Success,2025-09-12 14:23:41,989.71
2491,2491,UPI,Success,2025-09-12 17:59:39,765.4
2492,2492,Credit Card,Success,2025-12-08 19:53:38,1047.41
2493,2493,Credit Card,Success,2025-09-17 18:41:50,485.14
2494,2494,UPI,Refunded,2025-03-03 18:36:19,274.12
2495,2495,Wallet,Success,2025-06-05 13:04:23,1015.81
2496,2496,UPI,Success,2025-09-18 10:03:13,135.37
2497,2497,Credit Card,Success,2025-03-20 10:52:48,666.73
2498,2498,Wallet,Success,2025-07-08 19:52:04,1377.57
2499,2499,Wallet,Success,2025-06-04 18:31:31,184.97
2500,2500,Debit Card,Refunded,2025-06-26 16:54:27,787.11
2501,2501,Debit Card,Success,2025-07-23 10:31:49,263.86
2502,2502,UPI,Success,2025-10-20 13:35:35,179.62
2503,2503,Wallet,Success,2025-05-08 21:19:50,647.73
2504,2504,Wallet,Success,2025-04-19 12:53:11,1216.02
2505,2505,Debit Card,Success,2025-08-08 17:22:15,47.6
2506,2506,UPI,Refunded,2025-10-07 21:17:33,465.26
2507,2507,UPI,Success,2025-07-25 18:32:08,256.0
2508,2508,COD,Success,2025-10-20 07:55:28,333.41
2509,2509,COD,Success,2025-09-10 22:22:45,1432.25
2510,2510,UPI,Failed,2025-06-12 11:29:55,318.78
2511,2511,COD,Success,2025-11-04 09:49:31,462.99
2512,2512,Wallet,Success,2025-08-08 18:11:36,489.31
2513,2513,Wallet,Success,2025-11-15 18:48:46,479.39
2514,2514,COD,Success,2025-12-30 11:02:52,474.32
2515,2515,Credit Card,Success,2025-07-06 08:54:50,753.36
2516,2516,COD,Success,2025-09-14 08:29:18,577.51
2517,2517,UPI,Success,2025-04-20 14:17:36,743.4
2518,2518,UPI,Success,2025-01-16 11:54:25,49.73
2519,2519,Credit Card,Success,2025-09-13 12:13:34,515.41
2520,2520,UPI,Success,2025-12-04 23:28:27,621.38
2521,2521,UPI,Success,2025-10-18 19:49:55,379.84
2522,2522,Credit Card,Success,2025-05-24 21:09:06,291.03
2523,2523,Wallet,Success,2025-05-12 18:38:57,309.84
2524,2524,UPI,Success,2025-11-03 12:26:45,164.56
2525,2525,UPI,Success,2025-04-11 20:30:25,215.77
2526,2526,Debit Card,Failed,2025-10-22 13:26:57,41.78
2527,2527,Wallet,Success,2025-07-12 12:47:45,559.06
2528,2528,UPI,Success,2025-04-29 11:22:51,589.38
2529,2529,COD,Success,2025-11-27 12:52:11,384.67
2530,2530,UPI,Success,2025-12-20 12:21:56,348.56
2531,2531,Debit Card,Success,2025-09-23 19:31:31,568.76
2532,2532,Wallet,Success,2025-09-13 22:49:40,742.89
2533,2533,UPI,Success,2025-08-30 19:47:48,343.68
2534,2534,Debit Card,Success,2025-01-31 21:24:25,899.4
2535,2535,UPI,Success,2025-11-10 11:51:08,891.54
2536,2536,Wallet,Success,2025-05-28 19:44:09,905.9
2537,2537,COD,Success,2025-05-30 08:41:04,347.53
2538,2538,COD,Success,2025-04-05 10:24:34,950.08
2539,2539,UPI,Success,2025-03-11 14:28:32,116.12
2540,2540,Credit Card,Success,2025-09-17 11:48:43,264.2
2541,2541,Debit Card,Failed,2025-12-22 14:34:07,1095.83
2542,2542,UPI,Success,2025-09-07 20:06:21,120.94
2543,2543,UPI,Success,2025-12-17 11:54:36,398.26
2544,2544,Debit Card,Success,2025-02-25 21:43:33,381.76
2545,2545,Credit Card,Success,2025-03-09 19:00:50,62.58
2546,2546,UPI,Success,2025-08-01 11:55:55,141.15
2547,2547,Credit Card,Success,2025-12-25 12:42:08,85.74
2548,2548,UPI,Success,2025-01-20 11:41:24,648.75
2549,2549,UPI,Success,2025-05-19 11:06:29,120.72
2550,2550,Wallet,Success,2025-11-27 12:14:57,628.7
2551,2551,Credit Card,Success,2025-10-19 07:53:17,211.25
2552,2552,Debit Card,Success,2025-03-16 09:21:44,790.84
2553,2553,Wallet,Success,2025-10-16 11:39:37,277.08
2554,2554,UPI,Success,2025-12-28 13:49:34,601.46
2555,2555,Credit Card,Success,2025-07-17 12:33:50,664.6
2556,2556,UPI,Success,2025-07-29 20:17:04,421.2
2557,2557,UPI,Success,2025-05-09 12:23:31,330.17
2558,2558,UPI,Success,2025-10-25 12:05:58,368.11
2559,2559,UPI,Success,2025-01-19 12:30:03,135.83
2560,2560,Wallet,Success,2025-11-21 12:25:40,199.04
2561,2561,Credit Card,Success,2025-07-08 20:46:36,424.51
2562,2562,UPI,Success,2025-06-20 11:56:46,461.19
2563,2563,Wallet,Refunded,2025-08-20 15:08:56,486.4
2564,2564,Wallet,Success,2025-08-20 18:51:52,253.01
2565,2565,UPI,Success,2025-12-23 10:09:47,231.09
2566,2566,COD,Success,2025-02-27 00:46:34,207.57
2567,2567,Credit Card,Success,2025-04-07 12:27:55,564.34
2568,2568,Debit Card,Success,2025-07-12 10:13:49,390.42
2569,2569,Wallet,Success,2025-06-11 22:04:56,1166.07
2570,2570,UPI,Success,2025-01-12 19:18:16,635.5
2571,2571,Debit Card,Success,2025-09-30 10:37:28,103.45
2572,2572,UPI,Success,2025-02-10 12:29:59,243.29
2573,2573,Wallet,Success,2025-07-02 13:39:09,297.87
2574,2574,Debit Card,Success,2025-12-30 21:33:48,987.09
2575,2575,UPI,Success,2025-06-24 16:22:29,1114.58
2576,2576,UPI,Success,2025-07-13 08:19:22,645.36
2577,2577,COD,Success,2025-09-22 19:26:27,1196.32
2578,2578,UPI,Success,2025-09-16 21:16:22,1331.98
2579,2579,COD,Success,2025-09-07 19:30:08,264.49
2580,2580,Debit Card,Success,2025-12-05 09:03:38,568.56
2581,2581,UPI,Success,2025-11-16 20:42:05,706.55
2582,2582,Wallet,Success,2025-12-01 10:24:16,373.42
2583,2583,UPI,Success,2025-10-16 14:38:43,425.41
2584,2584,UPI,Success,2025-07-11 20:39:10,579.93
2585,2585,Wallet,Success,2025-09-03 22:52:22,271.89
2586,2586,UPI,Success,2025-09-30 17:49:55,241.55
2587,2587,Wallet,Success,2025-07-11 22:26:48,131.02
2588,2588,Wallet,Success,2025-11-06 08:22:56,728.97
2589,2589,UPI,Success,2025-02-24 12:32:23,1137.33
2590,2590,COD,Success,2025-12-09 12:36:02,431.01
2591,2591,UPI,Success,2025-03-02 20:30:03,1530.38
2592,2592,UPI,Success,2025-05-22 20:49:14,193.15
2593,2593,Debit Card,Success,2025-05-29 10:48:22,1101.04
2594,2594,Credit Card,Success,2025-03-31 12:11:26,383.12
2595,2595,Wallet,Success,2025-11-19 14:59:38,271.19
2596,2596,UPI,Success,2025-06-18 21:34:07,468.5
2597,2597,COD,Success,2025-07-17 21:01:49,1512.01
2598,2598,Wallet,Success,2025-03-10 10:07:42,595.64
2599,2599,Debit Card,Failed,2025-10-16 09:05:05,801.69
2600,2600,UPI,Success,2025-03-18 20:56:30,512.36
2601,2601,COD,Success,2025-06-18 20:52:23,408.7
2602,2602,UPI,Success,2025-02-15 00:34:20,1163.52
2603,2603,Credit Card,Failed,2025-01-11 12:01:22,877.68
2604,2604,Debit Card,Success,2025-03-15 20:31:07,35.43
2605,2605,Wallet,Success,2025-11-26 12:40:26,204.17
2606,2606,Wallet,Success,2025-01-29 17:26:19,380.68
2607,2607,Debit Card,Success,2025-11-19 15:37:30,414.25
2608,2608,Wallet,Success,2025-07-04 08:18:56,947.51
2609,2609,UPI,Success,2025-01-13 19:15:48,622.6
2610,2610,UPI,Success,2025-02-18 22:22:51,27.45
2611,2611,UPI,Success,2025-10-31 20:14:15,576.67
2612,2612,UPI,Success,2025-08-25 11:20:05,347.36
2613,2613,Wallet,Success,2025-05-21 13:17:24,171.5
2614,2614,Wallet,Success,2025-06-24 09:48:13,107.6
2615,2615,UPI,Success,2025-10-05 21:46:45,811.29
2616,2616,COD,Success,2025-05-21 19:33:51,209.06
2617,2617,UPI,Success,2025-07-13 07:22:43,1208.72
2618,2618,UPI,Success,2025-12-29 17:28:05,773.04
2619,2619,UPI,Success,2025-12-14 10:54:20,364.57
2620,2620,Debit Card,Success,2025-07-03 11:47:57,292.42
2621,2621,COD,Refunded,2025-11-08 19:56:52,403.9
2622,2622,Wallet,Success,2025-10-29 20:56:51,767.29
2623,2623,COD,Success,2025-05-01 19:42:57,814.83
2624,2624,COD,Success,2025-03-05 19:42:50,588.63
2625,2625,UPI,Success,2025-04-16 18:42:09,291.18
2626,2626,Credit Card,Success,2025-09-17 10:09:36,153.0
2627,2627,UPI,Success,2025-09-16 00:26:08,591.83
2628,2628,COD,Success,2025-05-20 12:44:03,495.24
2629,2629,UPI,Success,2025-02-16 14:59:37,643.68
2630,2630,Wallet,Success,2025-07-27 20:59:58,293.82
2631,2631,COD,Success,2025-01-30 19:27:18,959.03
2632,2632,Credit Card,Success,2025-03-07 12:31:25,378.5
2633,2633,UPI,Success,2025-07-05 18:51:40,192.81
2634,2634,Wallet,Success,2025-11-03 18:27:39,1689.3
2635,2635,COD,Success,2025-04-21 12:08:01,881.13
2636,2636,UPI,Success,2025-11-15 19:23:00,315.56
2637,2637,Credit Card,Success,2025-12-12 13:33:23,795.5
2638,2638,Credit Card,Success,2025-05-28 13:53:18,263.43
2639,2639,Debit Card,Success,2025-02-08 19:19:22,177.4
2640,2640,Wallet,Refunded,2025-05-15 11:44:44,818.49
2641,2641,Debit Card,Success,2025-08-27 12:25:09,1175.06
2642,2642,Credit Card,Success,2025-09-20 19:46:46,1483.54
2643,2643,Credit Card,Success,2025-10-04 21:25:55,706.76
2644,2644,Wallet,Success,2025-06-12 22:09:43,614.38
2645,2645,Debit Card,Success,2025-04-06 21:59:31,812.94
2646,2646,UPI,Success,2025-09-19 22:34:16,51.56
2647,2647,Wallet,Success,2025-06-21 19:27:50,193.57
2648,2648,UPI,Success,2025-09-24 16:29:06,180.3
2649,2649,UPI,Failed,2025-06-05 19:03:07,503.5
2650,2650,Wallet,Success,2025-12-16 19:29:54,355.76
2651,2651,UPI,Success,2025-07-09 20:09:03,61.74
2652,2652,UPI,Success,2025-05-02 14:56:52,846.46
2653,2653,UPI,Success,2025-01-20 10:19:37,701.79
2654,2654,UPI,Success,2025-02-20 20:38:52,512.43
2655,2655,Wallet,Success,2025-10-04 21:27:42,763.72
2656,2656,COD,Success,2025-06-18 15:15:32,155.01
2657,2657,UPI,Success,2025-12-22 12:36:39,611.28
2658,2658,Debit Card,Success,2025-02-28 19:50:39,168.22
2659,2659,Debit Card,Success,2025-05-18 07:56:16,86.53
2660,2660,Credit Card,Success,2025-03-06 19:54:05,170.52
2661,2661,UPI,Success,2025-05-19 09:42:20,1228.43
2662,2662,COD,Success,2025-04-04 19:14:26,358.07
2663,2663,UPI,Refunded,2025-07-01 20:29:21,284.76
2664,2664,Debit Card,Success,2025-01-19 19:26:18,151.89
2665,2665,UPI,Success,2025-07-06 12:51:02,258.36
2666,2666,Wallet,Success,2025-08-14 18:19:59,365.91
2667,2667,UPI,Success,2025-12-27 19:30:49,171.13
2668,2668,COD,Success,2025-04-05 12:44:04,423.3
2669,2669,UPI,Success,2025-06-14 13:33:42,789.84
2670,2670,COD,Success,2025-09-01 20:32:24,130.52
2671,2671,UPI,Success,2025-04-24 08:02:03,49.73
2672,2672,UPI,Success,2025-07-19 23:09:40,145.13
2673,2673,UPI,Success,2025-07-08 21:17:46,629.82
2674,2674,Debit Card,Success,2025-08-30 13:31:51,457.03
2675,2675,Credit Card,Success,2025-11-04 16:16:35,319.38
2676,2676,Wallet,Failed,2025-10-23 22:35:46,804.93
2677,2677,Wallet,Refunded,2025-12-06 21:12:42,180.0
2678,2678,UPI,Success,2025-07-12 22:15:29,1187.07
2679,2679,Credit Card,Success,2025-08-09 11:44:44,32.66
2680,2680,Wallet,Success,2025-12-15 20:02:36,516.45
2681,2681,UPI,Success,2025-07-22 22:01:22,272.93
2682,2682,Debit Card,Failed,2025-08-09 17:53:04,384.16
2683,2683,Credit Card,Success,2025-11-27 16:25:42,249.81
2684,2684,COD,Refunded,2025-06-18 18:10:16,309.34
2685,2685,UPI,Success,2025-02-02 20:34:38,785.24
2686,2686,UPI,Success,2025-06-17 16:21:53,241.09
2687,2687,Credit Card,Success,2025-12-30 13:40:24,645.8
2688,2688,COD,Success,2025-11-03 19:35:20,390.04
2689,2689,Credit Card,Success,2025-07-22 20:44:16,53.81
2690,2690,UPI,Success,2025-07-30 20:08:47,231.97
2691,2691,Credit Card,Success,2025-08-18 19:27:59,612.52
2692,2692,Wallet,Success,2025-04-10 13:43:18,533.42
2693,2693,UPI,Success,2025-08-19 20:52:29,415.26
2694,2694,Credit Card,Success,2025-10-27 15:02:12,216.52
2695,2695,Credit Card,Success,2025-09-10 13:35:22,335.66
2696,2696,UPI,Success,2025-04-08 11:47:18,99.42
2697,2697,Credit Card,Success,2025-05-20 08:40:44,874.39
2698,2698,Credit Card,Success,2025-11-21 15:45:58,378.06
2699,2699,UPI,Success,2025-05-03 22:24:59,153.7
2700,2700,UPI,Success,2025-12-14 18:28:57,83.65
2701,2701,Debit Card,Success,2025-10-30 11:37:15,430.75
2702,2702,Credit Card,Success,2025-04-03 07:27:59,63.06
2703,2703,Wallet,Success,2025-10-23 21:19:14,160.97
2704,2704,UPI,Success,2025-02-01 18:34:04,595.64
2705,2705,UPI,Success,2025-04-14 20:33:52,359.84
2706,2706,COD,Success,2025-01-16 13:55:46,146.54
2707,2707,COD,Success,2025-06-21 17:30:05,41.3
2708,2708,UPI,Failed,2025-11-30 18:16:25,745.46
2709,2709,UPI,Success,2025-09-30 18:27:06,188.08
2710,2710,UPI,Success,2025-04-04 12:43:14,391.18
2711,2711,Credit Card,Success,2025-12-09 14:05:55,300.69
2712,2712,Debit Card,Success,2025-10-13 19:25:23,255.04
2713,2713,Credit Card,Success,2025-12-27 08:07:55,1082.11
2714,2714,COD,Success,2025-09-22 12:48:12,86.21
2715,2715,UPI,Success,2025-12-04 20:03:10,109.58
2716,2716,Wallet,Failed,2025-10-20 09:40:27,843.7
2717,2717,UPI,Success,2025-12-09 06:08:24,431.04
2718,2718,COD,Success,2025-07-29 13:48:44,1095.76
2719,2719,Credit Card,Success,2025-08-14 08:42:58,655.05
2720,2720,Credit Card,Success,2025-12-23 13:23:47,683.82
2721,2721,COD,Success,2025-11-05 14:30:22,325.84
2722,2722,UPI,Success,2025-12-28 20:33:52,871.42
2723,2723,Wallet,Success,2025-04-16 09:28:49,869.85
2724,2724,UPI,Success,2025-11-02 20:40:29,308.36
2725,2725,COD,Success,2025-10-20 23:46:39,399.6
2726,2726,UPI,Success,2025-09-26 21:03:25,929.66
2727,2727,Credit Card,Refunded,2025-06-17 20:25:36,88.34
2728,2728,Credit Card,Success,2025-01-14 19:14:40,193.08
2729,2729,Debit Card,Refunded,2025-10-26 22:23:06,921.95
2730,2730,UPI,Success,2025-10-21 21:57:55,1173.95
2731,2731,UPI,Success,2025-12-11 21:58:31,291.73
2732,2732,UPI,Success,2025-01-31 09:08:19,923.57
2733,2733,Credit Card,Success,2025-02-09 23:29:53,498.86
2734,2734,UPI,Success,2025-10-27 19:51:57,930.81
2735,2735,COD,Success,2025-05-05 13:02:30,775.1
2736,2736,UPI,Success,2025-09-05 00:34:11,143.06
2737,2737,Credit Card,Success,2025-12-20 18:22:01,421.88
2738,2738,Credit Card,Success,2025-12-18 19:54:16,726.73
2739,2739,UPI,Success,2025-01-04 19:22:00,98.89
2740,2740,COD,Success,2025-01-15 21:38:17,179.12
2741,2741,UPI,Success,2025-03-24 19:11:54,680.32
2742,2742,Credit Card,Success,2025-03-07 06:07:19,607.09
2743,2743,UPI,Success,2025-05-16 11:48:26,1073.17
2744,2744,UPI,Success,2025-02-10 18:27:33,54.27
2745,2745,UPI,Success,2025-03-24 08:30:39,265.18
2746,2746,UPI,Success,2025-11-04 07:24:39,603.42
2747,2747,Debit Card,Success,2025-10-04 12:44:25,181.72
2748,2748,Debit Card,Success,2025-12-06 15:13:22,553.48
2749,2749,UPI,Success,2025-12-06 23:17:38,748.48
2750,2750,Wallet,Success,2025-10-14 22:46:43,80.93
2751,2751,UPI,Success,2025-11-15 18:00:10,1054.07
2752,2752,Credit Card,Success,2025-08-08 12:32:03,285.06
2753,2753,UPI,Success,2025-03-06 21:36:44,392.41
2754,2754,Debit Card,Success,2025-12-11 15:47:53,339.82
2755,2755,UPI,Success,2025-08-19 10:12:35,628.13
2756,2756,UPI,Success,2025-08-02 17:50:12,798.0
2757,2757,UPI,Success,2025-05-10 22:56:53,244.9
2758,2758,Credit Card,Success,2025-09-27 12:35:37,712.28
2759,2759,Credit Card,Success,2025-07-03 11:54:06,62.34
2760,2760,Wallet,Success,2025-02-25 20:37:21,222.3
2761,2761,Debit Card,Success,2025-03-14 06:22:53,1586.84
2762,2762,Wallet,Success,2025-02-10 16:59:00,137.22
2763,2763,Debit Card,Success,2025-12-27 20:45:57,1102.41
2764,2764,COD,Success,2025-06-23 20:08:32,111.75
2765,2765,Credit Card,Success,2025-08-22 10:29:05,109.91
2766,2766,UPI,Success,2025-11-20 17:26:00,479.29
2767,2767,COD,Success,2025-08-29 15:29:22,144.04
2768,2768,COD,Success,2025-03-10 21:34:48,205.26
2769,2769,UPI,Success,2025-10-24 19:04:35,428.21
2770,2770,Credit Card,Success,2025-06-30 20:16:28,438.41
2771,2771,Wallet,Success,2025-04-01 20:31:43,56.31
2772,2772,UPI,Success,2025-10-11 12:32:41,283.59
2773,2773,COD,Success,2025-01-22 08:29:38,99.7
2774,2774,Wallet,Success,2025-03-30 12:24:54,154.34
2775,2775,Debit Card,Success,2025-07-16 08:14:53,727.03
2776,2776,UPI,Refunded,2025-10-21 13:53:46,521.89
2777,2777,Debit Card,Success,2025-07-29 21:27:01,98.19
2778,2778,UPI,Success,2025-05-06 20:09:16,173.41
2779,2779,UPI,Success,2025-09-01 22:39:35,73.63
2780,2780,Credit Card,Success,2025-04-10 15:58:10,307.62
2781,2781,UPI,Success,2025-04-20 11:05:20,975.4
2782,2782,COD,Success,2025-05-27 11:27:37,107.97
2783,2783,Credit Card,Success,2025-04-17 19:10:06,886.22
2784,2784,UPI,Success,2025-11-03 23:55:28,255.04
2785,2785,Debit Card,Success,2025-11-29 13:24:13,308.4
2786,2786,UPI,Refunded,2025-08-26 15:07:33,563.28
2787,2787,COD,Success,2025-08-18 18:14:19,738.01
2788,2788,Credit Card,Success,2025-08-27 13:25:10,168.82
2789,2789,Wallet,Success,2025-04-29 13:20:15,397.73
2790,2790,Credit Card,Success,2025-06-04 21:52:03,78.85
2791,2791,Wallet,Success,2025-10-27 23:56:15,395.69
2792,2792,UPI,Success,2025-11-16 20:44:10,122.17
2793,2793,Wallet,Failed,2025-06-13 20:32:59,699.03
2794,2794,Debit Card,Success,2025-05-27 20:59:29,373.65
2795,2795,Debit Card,Success,2025-05-22 12:03:04,350.0
2796,2796,Credit Card,Success,2025-05-25 00:35:24,103.69
2797,2797,Debit Card,Success,2025-04-08 09:30:53,526.86
2798,2798,Debit Card,Success,2025-05-20 16:53:45,189.92
2799,2799,Debit Card,Success,2025-09-30 08:16:16,548.74
2800,2800,Credit Card,Success,2025-11-24 19:38:19,325.28
2801,2801,COD,Success,2025-06-21 09:20:29,370.65
2802,2802,COD,Success,2025-03-20 11:10:05,506.1
2803,2803,Credit Card,Success,2025-05-27 21:10:29,846.28
2804,2804,Wallet,Success,2025-09-29 13:47:43,563.16
2805,2805,UPI,Success,2025-12-13 16:17:21,382.35
2806,2806,Credit Card,Success,2025-08-13 13:27:58,348.41
2807,2807,Credit Card,Success,2025-02-21 18:52:07,639.61
2808,2808,UPI,Success,2025-11-17 14:45:44,900.25
2809,2809,UPI,Success,2025-06-04 17:36:12,748.11
2810,2810,UPI,Failed,2025-05-31 20:45:52,148.74
2811,2811,Debit Card,Success,2025-02-09 15:33:08,545.49
2812,2812,Credit Card,Success,2025-03-12 19:18:05,146.94
2813,2813,Credit Card,Success,2025-09-23 11:06:36,199.03
2814,2814,UPI,Success,2025-11-02 13:29:00,387.74
2815,2815,Wallet,Success,2025-06-13 21:07:25,818.77
2816,2816,COD,Success,2025-06-27 13:02:39,375.8
2817,2817,COD,Success,2025-08-10 22:42:56,601.9
2818,2818,Debit Card,Success,2025-10-21 14:36:08,1178.71
2819,2819,COD,Success,2025-11-13 11:36:22,789.46
2820,2820,Debit Card,Success,2025-11-21 16:35:13,71.97
2821,2821,UPI,Success,2025-05-08 11:46:14,156.46
2822,2822,Wallet,Success,2025-03-22 16:09:41,333.77
2823,2823,COD,Success,2025-03-13 14:32:34,809.61
2824,2824,UPI,Success,2025-04-04 19:07:56,564.01
2825,2825,UPI,Success,2025-05-09 12:11:10,122.21
2826,2826,UPI,Success,2025-05-21 21:31:47,339.34
2827,2827,Debit Card,Success,2025-06-22 22:02:45,708.9
2828,2828,Wallet,Success,2025-11-21 19:03:16,111.75
2829,2829,UPI,Success,2025-03-23 12:43:21,476.08
2830,2830,Debit Card,Success,2025-10-25 18:28:14,990.86
2831,2831,Debit Card,Success,2025-05-16 13:39:04,752.77
2832,2832,COD,Success,2025-02-09 14:08:38,310.08
2833,2833,COD,Success,2025-08-03 20:11:51,355.35
2834,2834,UPI,Success,2025-06-04 21:16:22,580.76
2835,2835,Credit Card,Success,2025-08-09 21:17:43,487.11
2836,2836,Credit Card,Success,2025-08-17 11:34:47,677.96
2837,2837,Debit Card,Success,2025-09-17 18:29:27,377.48
2838,2838,Wallet,Success,2025-03-01 13:30:21,81.81
2839,2839,COD,Success,2025-05-31 12:11:02,902.62
2840,2840,UPI,Success,2025-06-26 20:29:00,544.99
2841,2841,UPI,Refunded,2025-11-16 16:30:17,409.93
2842,2842,Credit Card,Refunded,2025-12-27 09:30:08,615.72
2843,2843,COD,Success,2025-08-02 20:01:17,186.42
2844,2844,Wallet,Success,2025-06-22 20:58:08,429.83
2845,2845,COD,Success,2025-02-02 19:36:13,638.52
2846,2846,UPI,Success,2025-05-20 18:05:06,54.32
2847,2847,UPI,Success,2025-02-03 17:09:53,675.74
2848,2848,Debit Card,Success,2025-05-21 20:04:17,1311.86
2849,2849,UPI,Success,2025-10-27 17:59:56,494.85
2850,2850,Credit Card,Success,2025-12-25 07:26:34,453.8
2851,2851,UPI,Success,2025-12-22 10:50:29,1610.7
2852,2852,COD,Refunded,2025-09-08 19:19:28,228.74
2853,2853,UPI,Success,2025-06-08 12:20:20,150.59
2854,2854,COD,Success,2025-05-01 18:18:16,233.64
2855,2855,UPI,Success,2025-09-28 20:40:36,325.52
2856,2856,Wallet,Success,2025-02-24 13:38:28,765.73
2857,2857,UPI,Success,2025-06-16 20:56:01,374.31
2858,2858,Credit Card,Success,2025-07-18 20:17:50,362.27
2859,2859,Wallet,Success,2025-08-15 15:10:15,209.15
2860,2860,Wallet,Failed,2025-04-23 20:59:40,1225.52
2861,2861,Wallet,Success,2025-02-17 16:19:32,1140.96
2862,2862,UPI,Success,2025-08-22 09:38:41,822.47
2863,2863,UPI,Success,2025-10-30 21:55:29,621.74
2864,2864,Wallet,Success,2025-09-28 15:30:43,224.21
2865,2865,Wallet,Success,2025-07-31 14:55:21,41.87
2866,2866,UPI,Success,2025-10-01 20:10:05,863.44
2867,2867,UPI,Success,2025-06-17 19:20:16,67.15
2868,2868,Debit Card,Success,2025-09-22 08:38:33,215.66
2869,2869,COD,Success,2025-01-12 23:13:13,346.77
2870,2870,UPI,Success,2025-06-21 20:39:57,526.56
2871,2871,Credit Card,Refunded,2025-11-10 13:50:46,484.11
2872,2872,Debit Card,Success,2025-01-31 12:32:08,70.52
2873,2873,UPI,Success,2025-07-25 12:20:10,223.84
2874,2874,UPI,Success,2025-10-24 12:55:16,1675.03
2875,2875,Wallet,Success,2025-12-21 20:49:10,701.04
2876,2876,Credit Card,Success,2025-02-06 13:38:50,272.3
2877,2877,Debit Card,Success,2025-04-05 08:01:33,1045.14
2878,2878,Wallet,Success,2025-04-02 08:55:26,549.14
2879,2879,Credit Card,Success,2025-11-22 07:49:05,149.66
2880,2880,UPI,Success,2025-12-21 10:01:51,770.74
2881,2881,UPI,Success,2025-11-16 11:40:22,723.89
2882,2882,UPI,Success,2025-11-08 13:34:48,407.26
2883,2883,Debit Card,Success,2025-09-26 12:33:35,1548.5
2884,2884,UPI,Success,2025-01-05 11:16:43,133.67
2885,2885,Credit Card,Success,2025-08-12 21:19:00,70.44
2886,2886,Wallet,Success,2025-12-24 18:15:55,493.62
2887,2887,Credit Card,Success,2025-04-08 21:17:05,494.5
2888,2888,Wallet,Success,2025-12-04 23:57:58,403.81
2889,2889,COD,Success,2025-05-11 11:24:16,179.06
2890,2890,COD,Success,2025-12-25 12:14:00,645.78
2891,2891,Credit Card,Success,2025-04-30 23:11:53,349.83
2892,2892,Debit Card,Success,2025-06-01 20:14:16,141.93
2893,2893,Credit Card,Success,2025-08-23 08:21:45,165.93
2894,2894,Wallet,Success,2025-02-03 13:49:34,462.46
2895,2895,Credit Card,Refunded,2025-04-08 18:28:07,171.94
2896,2896,COD,Success,2025-02-21 11:07:44,743.07
2897,2897,Wallet,Success,2025-06-06 10:13:35,1056.87
2898,2898,Credit Card,Success,2025-06-12 15:59:53,608.38
2899,2899,Debit Card,Success,2025-09-24 20:12:40,957.8
2900,2900,UPI,Success,2025-05-01 22:46:59,77.28
2901,2901,COD,Success,2025-08-28 18:54:02,369.86
2902,2902,UPI,Success,2025-10-27 11:41:06,463.82
2903,2903,Debit Card,Failed,2025-05-27 10:44:23,508.63
2904,2904,Wallet,Success,2025-10-18 12:12:25,174.59
2905,2905,Debit Card,Success,2025-04-17 19:17:51,379.06
2906,2906,Wallet,Success,2025-03-14 16:47:54,153.66
2907,2907,UPI,Success,2025-07-11 12:21:33,1149.56
2908,2908,Debit Card,Success,2025-11-11 13:41:24,495.19
2909,2909,UPI,Success,2025-08-25 19:44:55,337.48
2910,2910,Credit Card,Success,2025-06-24 15:13:37,262.61
2911,2911,Credit Card,Success,2025-10-31 11:28:54,397.75
2912,2912,Debit Card,Success,2025-10-26 22:45:47,304.48
2913,2913,COD,Success,2025-02-15 11:47:31,290.96
2914,2914,UPI,Success,2025-12-13 13:27:01,542.23
2915,2915,Wallet,Success,2025-12-27 18:15:28,563.16
2916,2916,COD,Success,2025-06-14 21:03:50,274.69
2917,2917,COD,Success,2025-01-29 22:14:54,1049.75
2918,2918,UPI,Success,2025-04-25 13:55:50,795.7
2919,2919,UPI,Success,2025-12-12 19:11:38,122.93
2920,2920,Wallet,Failed,2025-07-01 20:09:50,364.08
2921,2921,Credit Card,Failed,2025-11-04 18:23:30,229.29
2922,2922,UPI,Success,2025-03-16 07:34:43,340.52
2923,2923,COD,Success,2025-01-18 14:32:42,589.42
2924,2924,UPI,Success,2025-01-11 21:21:24,240.61
2925,2925,Debit Card,Success,2025-11-17 08:06:47,288.08
2926,2926,Credit Card,Success,2025-12-17 23:23:14,109.38
2927,2927,Credit Card,Success,2025-04-18 23:49:33,311.59
2928,2928,UPI,Success,2025-12-05 20:19:08,282.06
2929,2929,COD,Success,2025-08-13 15:48:59,515.42
2930,2930,UPI,Success,2025-01-05 19:54:36,575.59
2931,2931,UPI,Success,2025-04-04 11:47:21,388.78
2932,2932,UPI,Success,2025-06-12 17:14:51,415.53
2933,2933,COD,Success,2025-04-15 20:28:54,573.39
2934,2934,Debit Card,Success,2025-08-06 08:19:06,846.0
2935,2935,UPI,Success,2025-09-12 12:48:53,86.0
2936,2936,UPI,Success,2025-10-30 10:28:46,837.51
2937,2937,Debit Card,Success,2025-01-11 20:04:05,352.35
2938,2938,Credit Card,Success,2025-10-27 23:25:26,756.43
2939,2939,UPI,Success,2025-05-09 14:22:46,1145.65
2940,2940,Debit Card,Success,2025-06-29 22:52:48,171.0
2941,2941,UPI,Success,2025-10-09 19:06:42,53.0
2942,2942,Debit Card,Success,2025-10-20 21:47:44,294.78
2943,2943,Credit Card,Success,2025-03-24 19:55:24,302.43
2944,2944,Credit Card,Success,2025-08-11 19:40:08,63.3
2945,2945,UPI,Success,2025-01-19 13:02:30,403.81
2946,2946,UPI,Success,2025-04-27 18:50:35,665.51
2947,2947,UPI,Success,2025-12-19 17:28:20,110.03
2948,2948,Credit Card,Failed,2025-05-26 20:01:39,737.98
2949,2949,UPI,Success,2025-10-18 20:15:31,162.23
2950,2950,UPI,Success,2025-10-18 22:54:56,846.5
2951,2951,UPI,Success,2025-10-27 18:20:39,152.85
2952,2952,Credit Card,Success,2025-08-25 08:15:56,918.24
2953,2953,Wallet,Success,2025-10-12 18:09:33,541.93
2954,2954,Debit Card,Success,2025-09-17 21:25:45,940.26
2955,2955,Wallet,Success,2025-09-07 22:33:14,817.68
2956,2956,Credit Card,Success,2025-07-27 21:48:26,176.98
2957,2957,Credit Card,Success,2025-11-23 13:19:40,804.24
2958,2958,UPI,Success,2025-12-18 08:39:35,163.27
2959,2959,COD,Success,2025-06-04 20:45:13,927.45
2960,2960,COD,Success,2025-04-13 22:15:17,295.11
2961,2961,UPI,Refunded,2025-01-15 11:04:31,94.11
2962,2962,UPI,Success,2025-12-27 21:17:54,190.86
2963,2963,UPI,Success,2025-08-03 11:14:52,854.41
2964,2964,Credit Card,Success,2025-10-06 11:45:20,73.32
2965,2965,UPI,Success,2025-09-04 08:32:18,524.66
2966,2966,Debit Card,Success,2025-07-11 08:18:01,191.13
2967,2967,UPI,Success,2025-04-20 13:58:16,531.43
2968,2968,Wallet,Success,2025-05-31 13:19:11,496.24
2969,2969,Credit Card,Success,2025-12-09 19:10:40,407.19
2970,2970,UPI,Success,2025-05-28 17:23:08,193.15
2971,2971,Wallet,Success,2025-07-28 19:38:07,484.42
2972,2972,Wallet,Success,2025-04-28 16:53:47,253.36
2973,2973,COD,Success,2025-12-23 08:11:53,872.53
2974,2974,Debit Card,Refunded,2025-12-03 11:23:37,607.74
2975,2975,COD,Success,2025-12-12 07:49:15,223.02
2976,2976,Wallet,Success,2025-03-13 17:51:05,1322.85
2977,2977,UPI,Success,2025-06-17 13:10:05,515.8
2978,2978,UPI,Success,2025-06-13 11:14:48,959.08
2979,2979,Credit Card,Success,2025-11-01 19:30:02,865.74
2980,2980,COD,Success,2025-12-22 22:41:55,114.64
2981,2981,Wallet,Success,2025-09-06 11:19:34,399.39
2982,2982,UPI,Success,2025-09-30 20:19:04,607.42
2983,2983,UPI,Success,2025-12-25 18:05:26,780.5
2984,2984,UPI,Success,2025-09-09 17:10:09,592.1
2985,2985,UPI,Success,2025-10-03 12:49:15,561.2
2986,2986,UPI,Success,2025-06-03 20:19:47,646.02
2987,2987,COD,Success,2025-04-27 22:37:15,477.08
2988,2988,Debit Card,Success,2025-03-05 13:10:39,836.32
2989,2989,Debit Card,Success,2025-08-10 15:32:57,187.9
2990,2990,UPI,Success,2025-02-15 12:21:00,250.29
2991,2991,Credit Card,Success,2025-07-17 22:58:48,620.54
2992,2992,Credit Card,Success,2025-04-08 21:29:03,277.46
2993,2993,UPI,Success,2025-07-15 13:32:54,433.35
2994,2994,Debit Card,Failed,2025-10-08 09:37:12,351.04
2995,2995,Credit Card,Success,2025-11-11 20:13:04,412.86
2996,2996,UPI,Success,2025-07-14 20:50:18,386.98
2997,2997,UPI,Success,2025-08-18 07:17:00,401.42
2998,2998,UPI,Refunded,2025-11-12 19:04:24,81.31
2999,2999,Credit Card,Failed,2025-06-26 16:10:16,368.4
3000,3000,Credit Card,Success,2025-08-26 13:53:40,321.01
3001,3001,Debit Card,Success,2025-12-19 19:47:22,410.01
3002,3002,UPI,Success,2025-09-24 10:52:05,1085.37
3003,3003,Debit Card,Success,2025-07-20 15:10:20,273.77
3004,3004,COD,Success,2025-07-23 13:17:33,915.81
3005,3005,UPI,Success,2025-01-31 19:42:10,77.87
3006,3006,Debit Card,Success,2025-01-12 21:10:59,140.21
3007,3007,Wallet,Success,2025-04-25 21:11:46,721.99
3008,3008,UPI,Success,2025-05-22 19:47:56,699.13
3009,3009,UPI,Success,2025-07-29 18:48:02,1098.4
3010,3010,UPI,Success,2025-03-22 20:48:50,195.56
3011,3011,UPI,Failed,2025-07-25 12:50:03,399.39
3012,3012,Debit Card,Success,2025-08-05 07:09:06,683.6
3013,3013,UPI,Success,2025-05-10 22:00:34,79.47
3014,3014,COD,Success,2025-02-27 20:58:06,224.21
3015,3015,UPI,Success,2025-11-24 17:13:52,233.28
3016,3016,UPI,Success,2025-07-23 16:02:48,1313.36
3017,3017,COD,Refunded,2025-07-22 12:24:38,107.04
3018,3018,UPI,Success,2025-04-10 10:29:06,1542.73
3019,3019,COD,Success,2025-08-29 13:12:21,774.33
3020,3020,Debit Card,Success,2025-05-01 15:07:01,810.09
3021,3021,UPI,Success,2025-11-11 20:55:05,154.26
3022,3022,Wallet,Success,2025-10-29 19:24:06,469.99
3023,3023,Debit Card,Refunded,2025-04-20 12:33:12,816.06
3024,3024,Wallet,Success,2025-10-05 17:25:05,353.84
3025,3025,Wallet,Success,2025-07-16 12:28:46,418.71
3026,3026,COD,Success,2025-11-27 13:42:02,401.93
3027,3027,COD,Success,2025-06-04 19:38:17,1132.68
3028,3028,UPI,Refunded,2025-05-02 21:43:37,40.83
3029,3029,UPI,Success,2025-06-04 09:15:36,204.18
3030,3030,UPI,Success,2025-11-25 12:28:41,743.92
3031,3031,UPI,Success,2025-05-26 15:45:08,345.88
3032,3032,Credit Card,Success,2025-04-12 12:09:33,161.44
3033,3033,UPI,Success,2025-07-13 20:58:40,260.31
3034,3034,Credit Card,Success,2025-08-03 13:51:15,97.34
3035,3035,UPI,Success,2025-05-28 13:22:09,161.07
3036,3036,Debit Card,Success,2025-06-09 22:22:46,101.54
3037,3037,UPI,Success,2025-02-10 07:36:20,239.24
3038,3038,Wallet,Success,2025-11-27 10:21:14,232.77
3039,3039,UPI,Success,2025-08-01 14:56:44,419.16
3040,3040,UPI,Success,2025-10-14 15:17:00,177.41
3041,3041,UPI,Refunded,2025-10-26 13:29:00,896.43
3042,3042,UPI,Success,2025-10-07 21:37:26,337.75
3043,3043,Wallet,Success,2025-08-14 11:52:06,155.56
3044,3044,Wallet,Success,2025-03-23 10:51:03,309.2
3045,3045,COD,Success,2025-01-25 18:37:03,266.4
3046,3046,COD,Success,2025-05-27 10:14:52,68.16
3047,3047,Credit Card,Success,2025-04-14 17:21:57,94.19
3048,3048,Wallet,Success,2025-09-07 21:05:25,490.21
3049,3049,COD,Success,2025-12-08 20:00:07,1178.4
3050,3050,Wallet,Success,2025-06-09 18:35:29,798.31
3051,3051,COD,Success,2025-03-14 09:42:38,358.84
3052,3052,COD,Success,2025-02-23 12:30:10,347.68
3053,3053,UPI,Success,2025-12-21 20:01:39,245.46
3054,3054,Wallet,Success,2025-12-05 06:11:54,192.92
3055,3055,COD,Refunded,2025-05-29 19:16:36,608.68
3056,3056,UPI,Success,2025-12-27 11:12:19,388.71
3057,3057,COD,Success,2025-11-22 19:22:13,262.05
3058,3058,UPI,Success,2025-08-16 10:12:36,124.19
3059,3059,Wallet,Success,2025-06-11 08:25:17,894.15
3060,3060,Credit Card,Success,2025-06-22 11:17:44,73.11
3061,3061,UPI,Success,2025-12-20 16:43:05,475.75
3062,3062,Wallet,Success,2025-06-14 19:56:50,471.81
3063,3063,Credit Card,Success,2025-07-28 17:32:50,72.5
3064,3064,UPI,Failed,2025-12-24 20:17:36,359.62
3065,3065,UPI,Success,2025-03-19 22:33:30,427.7
3066,3066,Debit Card,Success,2025-03-30 12:32:07,1594.61
3067,3067,Debit Card,Success,2025-11-24 13:04:55,310.24
3068,3068,Wallet,Refunded,2025-11-27 14:24:37,1069.16
3069,3069,UPI,Success,2025-09-06 13:04:12,51.77
3070,3070,Credit Card,Success,2025-04-16 15:58:00,493.17
3071,3071,Credit Card,Success,2025-10-10 14:46:27,409.93
3072,3072,Debit Card,Success,2025-12-05 09:15:31,528.87
3073,3073,COD,Refunded,2025-10-01 22:57:26,582.87
3074,3074,COD,Success,2025-02-07 12:40:41,378.14
3075,3075,Debit Card,Success,2025-01-21 20:34:52,1818.54
3076,3076,UPI,Success,2025-01-07 19:58:01,637.56
3077,3077,Credit Card,Success,2025-04-19 20:49:35,1035.11
3078,3078,UPI,Success,2025-12-05 06:17:18,359.75
3079,3079,Debit Card,Failed,2025-04-11 18:23:30,480.11
3080,3080,UPI,Success,2025-07-24 08:54:38,170.54
3081,3081,Credit Card,Success,2025-06-03 18:26:51,764.04
3082,3082,UPI,Success,2025-05-05 19:46:29,450.95
3083,3083,Debit Card,Success,2025-06-17 13:53:37,271.12
3084,3084,Debit Card,Success,2025-06-29 06:48:42,624.1
3085,3085,Wallet,Success,2025-11-06 20:01:56,974.26
3086,3086,UPI,Failed,2025-12-11 20:21:21,234.03
3087,3087,UPI,Success,2025-10-06 19:39:31,484.66
3088,3088,Wallet,Success,2025-03-02 12:10:43,286.79
3089,3089,UPI,Success,2025-01-30 19:51:09,396.35
3090,3090,Credit Card,Success,2025-01-18 23:23:22,1092.48
3091,3091,UPI,Success,2025-01-28 22:25:12,244.24
3092,3092,Wallet,Success,2025-06-24 09:50:00,599.7
3093,3093,COD,Success,2025-09-14 11:19:15,156.26
3094,3094,Credit Card,Success,2025-09-02 11:10:53,287.11
3095,3095,COD,Success,2025-11-13 00:39:25,729.96
3096,3096,COD,Success,2025-07-06 10:59:23,817.27
3097,3097,Credit Card,Success,2025-12-16 14:47:10,222.84
3098,3098,COD,Success,2025-09-26 11:07:00,173.01
3099,3099,COD,Failed,2025-03-16 10:06:17,163.05
3100,3100,COD,Success,2025-05-26 12:08:26,1112.56
3101,3101,Debit Card,Success,2025-06-28 15:22:43,140.56
3102,3102,UPI,Success,2025-10-27 19:36:54,231.86
3103,3103,UPI,Success,2025-04-25 19:19:03,528.92
3104,3104,Credit Card,Success,2025-11-12 13:07:13,412.51
3105,3105,UPI,Success,2025-06-14 13:29:44,330.65
3106,3106,Credit Card,Success,2025-08-27 22:17:56,343.78
3107,3107,Credit Card,Success,2025-01-19 08:42:19,1213.63
3108,3108,UPI,Success,2025-08-31 13:14:20,686.04
3109,3109,UPI,Success,2025-12-01 18:38:39,436.9
3110,3110,UPI,Success,2025-10-16 12:35:36,98.63
3111,3111,UPI,Success,2025-05-13 21:35:00,337.72
3112,3112,COD,Refunded,2025-04-27 23:03:49,397.39
3113,3113,COD,Success,2025-12-22 21:22:15,141.6
3114,3114,UPI,Success,2025-04-15 20:48:49,195.31
3115,3115,UPI,Success,2025-03-24 14:26:53,218.69
3116,3116,COD,Refunded,2025-01-12 13:35:33,562.76
3117,3117,Credit Card,Success,2025-08-13 22:34:18,352.35
3118,3118,UPI,Success,2025-05-07 21:17:04,744.7
3119,3119,Debit Card,Success,2025-10-22 15:10:02,288.25
3120,3120,UPI,Success,2025-11-05 14:11:22,144.41
3121,3121,COD,Success,2025-11-10 07:34:39,343.59
3122,3122,Wallet,Success,2025-10-06 20:57:01,139.57
3123,3123,UPI,Success,2025-06-11 21:55:23,77.17
3124,3124,Debit Card,Success,2025-07-12 14:54:44,555.52
3125,3125,Credit Card,Success,2025-07-06 08:36:41,509.29
3126,3126,Credit Card,Success,2025-06-19 13:57:49,1685.91
3127,3127,Credit Card,Success,2025-08-11 13:43:27,677.51
3128,3128,Debit Card,Failed,2025-12-30 08:17:20,808.38
3129,3129,Credit Card,Success,2025-05-01 12:47:59,706.65
3130,3130,Wallet,Success,2025-11-05 09:51:04,412.82
3131,3131,COD,Success,2025-08-25 19:50:12,148.06
3132,3132,UPI,Success,2025-12-27 21:53:35,623.62
3133,3133,COD,Success,2025-12-28 20:39:09,510.12
3134,3134,Credit Card,Success,2025-09-15 20:52:12,1138.68
3135,3135,UPI,Success,2025-12-28 21:08:26,180.25
3136,3136,UPI,Success,2025-02-26 07:43:13,1503.33
3137,3137,UPI,Success,2025-12-17 17:45:58,702.97
3138,3138,UPI,Success,2025-12-30 20:32:09,184.0
3139,3139,COD,Success,2025-11-04 14:53:34,47.09
3140,3140,COD,Success,2025-08-14 09:15:53,395.69
3141,3141,Wallet,Success,2025-09-06 14:40:55,369.61
3142,3142,Wallet,Success,2025-06-16 16:35:36,49.73
3143,3143,Debit Card,Success,2025-08-19 19:42:00,152.76
3144,3144,UPI,Success,2025-12-05 12:11:16,375.8
3145,3145,COD,Refunded,2025-07-30 08:54:13,234.38
3146,3146,Wallet,Success,2025-05-29 11:40:26,379.89
3147,3147,COD,Success,2025-09-29 17:53:40,993.6
3148,3148,Debit Card,Success,2025-02-27 16:21:09,325.91
3149,3149,UPI,Success,2025-10-09 19:37:08,266.51
3150,3150,COD,Success,2025-10-09 20:57:17,208.28
3151,3151,Debit Card,Failed,2025-08-07 08:40:51,590.4
3152,3152,Credit Card,Success,2025-01-21 21:34:51,325.54
3153,3153,COD,Success,2025-07-01 14:04:28,345.13
3154,3154,Wallet,Success,2025-09-12 10:46:13,263.5
3155,3155,COD,Success,2025-05-15 10:41:54,195.0
3156,3156,COD,Success,2025-06-19 19:01:19,494.33
3157,3157,Credit Card,Success,2025-09-30 15:02:16,669.67
3158,3158,Wallet,Success,2025-08-05 13:45:18,392.25
3159,3159,Credit Card,Success,2025-12-26 21:57:45,743.25
3160,3160,UPI,Success,2025-06-22 15:43:40,1047.5
3161,3161,Debit Card,Success,2025-06-21 16:51:35,832.66
3162,3162,Credit Card,Success,2025-06-16 13:04:17,624.41
3163,3163,Debit Card,Success,2025-08-10 12:44:19,293.56
3164,3164,UPI,Success,2025-07-02 13:50:16,1022.27
3165,3165,UPI,Failed,2025-02-14 20:44:06,230.03
3166,3166,COD,Success,2025-12-19 13:34:28,343.03
3167,3167,UPI,Success,2025-08-11 20:58:16,420.86
3168,3168,UPI,Success,2025-02-03 19:46:25,561.2
3169,3169,Credit Card,Success,2025-01-28 18:11:53,396.29
3170,3170,UPI,Success,2025-03-11 19:18:03,404.15
3171,3171,Wallet,Success,2025-02-03 20:54:04,513.34
3172,3172,Wallet,Success,2025-10-16 19:42:56,259.18
3173,3173,UPI,Success,2025-05-30 10:30:59,382.98
3174,3174,UPI,Refunded,2025-09-01 23:38:09,1253.11
3175,3175,COD,Success,2025-09-30 20:10:48,310.29
3176,3176,UPI,Success,2025-09-28 16:44:11,58.52
3177,3177,Credit Card,Success,2025-11-26 00:23:13,134.53
3178,3178,UPI,Success,2025-06-12 22:43:39,165.46
3179,3179,UPI,Failed,2025-04-29 20:08:12,180.54
3180,3180,UPI,Success,2025-07-21 16:15:47,742.91
3181,3181,Wallet,Success,2025-03-23 22:40:49,227.84
3182,3182,UPI,Success,2025-05-19 14:27:58,859.56
3183,3183,UPI,Success,2025-02-21 12:17:31,313.02
3184,3184,UPI,Success,2025-11-19 22:28:14,1133.94
3185,3185,Debit Card,Success,2025-03-17 22:56:59,1116.56
3186,3186,Debit Card,Success,2025-12-20 19:49:42,358.36
3187,3187,Credit Card,Success,2025-10-26 13:03:29,1484.36
3188,3188,UPI,Refunded,2025-09-28 16:55:29,720.49
3189,3189,Debit Card,Success,2025-02-03 11:34:23,877.52
3190,3190,UPI,Success,2025-03-04 17:35:16,702.24
3191,3191,UPI,Failed,2025-05-14 19:57:55,816.15
3192,3192,Debit Card,Success,2025-08-04 10:18:58,682.93
3193,3193,UPI,Success,2025-11-09 18:49:48,294.29
3194,3194,Debit Card,Success,2025-03-10 14:09:19,982.87
3195,3195,UPI,Success,2025-09-07 19:06:41,264.02
3196,3196,Credit Card,Failed,2025-05-24 12:57:54,665.86
3197,3197,UPI,Success,2025-12-24 12:28:07,317.78
3198,3198,UPI,Success,2025-09-07 10:42:33,1178.73
3199,3199,COD,Success,2025-12-08 12:36:37,1585.54
3200,3200,COD,Failed,2025-07-29 08:01:40,634.23
3201,3201,UPI,Success,2025-05-29 14:39:28,1090.79
3202,3202,Credit Card,Success,2025-03-14 21:28:07,165.81
3203,3203,COD,Success,2025-12-11 19:55:21,125.2
3204,3204,Debit Card,Success,2025-08-30 20:59:44,234.56
3205,3205,COD,Success,2025-05-22 20:55:04,434.65
3206,3206,Debit Card,Success,2025-05-30 12:53:19,754.25
3207,3207,Credit Card,Success,2025-02-18 18:26:52,164.86
3208,3208,COD,Success,2025-02-23 20:39:59,167.44
3209,3209,COD,Success,2025-12-06 11:23:50,668.32
3210,3210,Debit Card,Success,2025-09-26 15:18:58,1312.33
3211,3211,COD,Success,2025-01-07 08:40:08,595.67
3212,3212,UPI,Success,2025-11-10 06:51:39,828.4
3213,3213,Wallet,Success,2025-10-23 10:59:28,145.13
3214,3214,COD,Success,2025-05-18 23:07:25,944.67
3215,3215,Credit Card,Success,2025-02-28 18:40:39,737.66
3216,3216,UPI,Success,2025-02-13 10:30:45,207.04
3217,3217,Wallet,Success,2025-06-07 13:44:07,778.92
3218,3218,UPI,Success,2025-10-07 15:28:48,875.12
3219,3219,UPI,Success,2025-12-21 09:21:14,582.2
3220,3220,UPI,Success,2025-06-19 19:46:32,227.25
3221,3221,COD,Success,2025-11-27 19:27:58,550.49
3222,3222,Debit Card,Success,2025-12-07 19:16:16,249.26
3223,3223,UPI,Success,2025-09-19 09:53:11,450.41
3224,3224,Debit Card,Success,2025-07-31 00:35:33,541.02
3225,3225,UPI,Success,2025-01-22 19:10:57,568.78
3226,3226,COD,Success,2025-06-13 20:34:06,580.44
3227,3227,Wallet,Success,2025-04-06 22:06:29,404.79
3228,3228,Wallet,Refunded,2025-10-25 00:54:59,863.36
3229,3229,Wallet,Success,2025-04-13 18:26:14,213.66
3230,3230,COD,Failed,2025-12-04 13:00:14,297.63
3231,3231,Debit Card,Success,2025-09-27 10:55:02,215.36
3232,3232,Wallet,Success,2025-11-29 17:40:20,128.78
3233,3233,Wallet,Success,2025-05-28 12:30:41,321.01
3234,3234,UPI,Success,2025-01-28 13:16:44,431.34
3235,3235,UPI,Success,2025-12-12 13:29:27,188.74
3236,3236,Credit Card,Success,2025-03-19 19:35:28,679.64
3237,3237,Debit Card,Success,2025-03-08 18:08:37,1211.32
3238,3238,Credit Card,Success,2025-11-14 11:06:15,947.88
3239,3239,Debit Card,Success,2025-03-16 19:40:18,430.39
3240,3240,Credit Card,Success,2025-07-18 22:24:11,858.67
3241,3241,Credit Card,Success,2025-04-13 07:30:55,60.21
3242,3242,UPI,Success,2025-10-19 23:29:58,1230.71
3243,3243,UPI,Success,2025-11-28 06:33:13,488.93
3244,3244,Credit Card,Success,2025-10-08 16:44:07,617.54
3245,3245,UPI,Success,2025-06-22 13:13:47,389.07
3246,3246,Wallet,Success,2025-07-01 08:46:01,619.57
3247,3247,UPI,Success,2025-11-29 10:13:39,367.5
3248,3248,UPI,Success,2025-09-10 17:12:35,710.85
3249,3249,UPI,Success,2025-06-04 14:18:34,184.39
3250,3250,Wallet,Success,2025-07-16 14:56:21,699.6
3251,3251,UPI,Success,2025-10-02 18:22:17,341.36
3252,3252,UPI,Success,2025-09-26 21:49:37,565.68
3253,3253,UPI,Success,2025-06-15 13:48:37,90.34
3254,3254,Debit Card,Success,2025-01-01 13:46:59,424.63
3255,3255,UPI,Success,2025-08-11 11:14:43,143.94
3256,3256,UPI,Success,2025-06-09 17:08:27,1236.36
3257,3257,Wallet,Success,2025-08-30 20:14:02,473.41
3258,3258,UPI,Success,2025-12-06 19:37:45,334.98
3259,3259,Credit Card,Success,2025-04-07 22:31:52,348.07
3260,3260,UPI,Success,2025-10-02 14:29:21,1877.6
3261,3261,UPI,Success,2025-06-26 20:59:35,59.16
3262,3262,Wallet,Success,2025-05-30 11:50:28,493.35
3263,3263,UPI,Success,2025-08-06 20:40:56,441.36
3264,3264,UPI,Success,2025-08-04 19:04:32,189.77
3265,3265,Debit Card,Success,2025-09-16 18:33:51,690.88
3266,3266,COD,Success,2025-06-16 00:07:54,287.11
3267,3267,Debit Card,Success,2025-07-10 22:52:53,272.27
3268,3268,UPI,Failed,2025-09-19 00:03:50,211.9
3269,3269,UPI,Success,2025-01-20 20:31:40,587.43
3270,3270,Wallet,Success,2025-07-18 18:02:27,1517.47
3271,3271,UPI,Success,2025-05-26 09:48:08,241.03
3272,3272,UPI,Success,2025-06-05 12:02:39,90.44
3273,3273,UPI,Success,2025-10-30 15:56:27,626.83
3274,3274,COD,Success,2025-07-11 18:43:58,767.92
3275,3275,COD,Success,2025-07-29 14:01:09,702.92
3276,3276,Credit Card,Success,2025-02-19 07:17:52,661.09
3277,3277,Credit Card,Success,2025-01-23 14:22:17,61.6
3278,3278,UPI,Success,2025-05-11 14:36:25,545.49
3279,3279,UPI,Success,2025-07-27 11:07:14,174.47
3280,3280,UPI,Success,2025-10-03 18:36:00,97.99
3281,3281,UPI,Success,2025-09-01 19:18:32,1008.99
3282,3282,UPI,Success,2025-03-16 08:43:21,406.59
3283,3283,UPI,Success,2025-12-07 09:43:43,785.98
3284,3284,UPI,Success,2025-07-03 11:38:47,273.63
3285,3285,UPI,Success,2025-11-25 21:01:09,325.28
3286,3286,Debit Card,Success,2025-09-18 12:17:52,997.05
3287,3287,UPI,Success,2025-02-18 12:12:34,525.12
3288,3288,UPI,Success,2025-03-31 21:31:23,1300.6
3289,3289,UPI,Success,2025-09-22 19:19:34,661.85
3290,3290,COD,Failed,2025-03-27 00:43:34,239.98
3291,3291,Wallet,Success,2025-02-12 09:31:51,1173.13
3292,3292,UPI,Success,2025-03-08 21:25:19,104.09
3293,3293,UPI,Success,2025-05-16 19:04:56,138.42
3294,3294,UPI,Success,2025-11-14 08:41:02,127.96
3295,3295,COD,Success,2025-11-27 16:04:58,530.41
3296,3296,UPI,Success,2025-11-30 13:40:06,384.56
3297,3297,Debit Card,Success,2025-11-21 13:56:30,578.51
3298,3298,UPI,Success,2025-03-01 10:48:35,620.14
3299,3299,Debit Card,Success,2025-09-30 17:46:47,111.49
3300,3300,UPI,Success,2025-04-06 13:34:03,1114.59
3301,3301,UPI,Success,2025-07-10 20:56:12,185.88
3302,3302,Wallet,Success,2025-08-15 15:21:02,592.78
3303,3303,Wallet,Success,2025-08-12 16:09:39,122.5
3304,3304,UPI,Success,2025-08-31 15:33:26,154.0
3305,3305,Wallet,Success,2025-04-28 12:23:15,804.63
3306,3306,COD,Refunded,2025-10-15 13:38:31,287.11
3307,3307,UPI,Success,2025-12-08 14:00:19,1343.88
3308,3308,UPI,Success,2025-01-22 12:46:12,155.38
3309,3309,Wallet,Success,2025-09-27 09:33:52,199.72
3310,3310,UPI,Success,2025-08-15 16:00:31,174.59
3311,3311,COD,Success,2025-03-27 15:56:42,185.89
3312,3312,UPI,Success,2025-03-10 16:18:05,815.95
3313,3313,Debit Card,Success,2025-06-07 12:58:28,252.7
3314,3314,UPI,Success,2025-08-27 07:45:56,524.43
3315,3315,Debit Card,Success,2025-07-19 20:32:43,666.78
3316,3316,COD,Success,2025-12-08 13:08:42,356.99
3317,3317,UPI,Success,2025-08-22 06:30:44,206.37
3318,3318,Debit Card,Success,2025-11-09 18:40:41,215.4
3319,3319,UPI,Success,2025-03-12 12:09:03,1135.56
3320,3320,UPI,Success,2025-11-27 20:10:50,125.3
3321,3321,UPI,Success,2025-06-30 20:59:55,904.35
3322,3322,COD,Success,2025-06-06 07:14:28,481.69
3323,3323,UPI,Success,2025-10-25 21:55:14,238.78
3324,3324,UPI,Success,2025-11-16 11:59:42,291.88
3325,3325,Credit Card,Success,2025-11-24 20:24:26,210.03
3326,3326,UPI,Success,2025-08-25 22:42:35,974.14
3327,3327,Credit Card,Success,2025-02-20 18:54:19,169.57
3328,3328,UPI,Success,2025-08-06 19:22:49,124.01
3329,3329,UPI,Success,2025-12-02 07:07:43,706.46
3330,3330,COD,Success,2025-08-20 11:03:19,555.95
3331,3331,Wallet,Success,2025-03-07 22:19:58,456.36
3332,3332,Debit Card,Success,2025-05-26 08:41:41,100.6
3333,3333,Wallet,Success,2025-07-07 09:18:33,506.37
3334,3334,Debit Card,Success,2025-06-18 12:29:36,275.34
3335,3335,UPI,Success,2025-07-26 12:36:13,130.79
3336,3336,COD,Success,2025-09-13 09:17:22,310.16
3337,3337,UPI,Success,2025-10-13 13:14:05,502.44
3338,3338,COD,Success,2025-07-06 09:19:25,52.24
3339,3339,Credit Card,Success,2025-05-12 13:15:04,110.33
3340,3340,Debit Card,Success,2025-10-11 19:23:10,516.18
3341,3341,Debit Card,Success,2025-04-13 11:24:52,181.42
3342,3342,UPI,Success,2025-03-23 12:57:19,445.8
3343,3343,Wallet,Success,2025-10-04 12:15:14,620.58
3344,3344,COD,Success,2025-08-01 22:35:00,273.3
3345,3345,UPI,Success,2025-11-05 20:11:10,351.35
3346,3346,UPI,Success,2025-02-28 12:56:14,361.45
3347,3347,Credit Card,Success,2025-10-16 08:57:41,1008.69
3348,3348,UPI,Success,2025-04-02 17:41:52,343.65
3349,3349,UPI,Success,2025-04-27 19:17:15,239.94
3350,3350,Credit Card,Success,2025-05-22 13:45:55,62.02
3351,3351,UPI,Refunded,2025-10-20 10:03:56,781.51
3352,3352,UPI,Success,2025-08-18 10:49:15,1086.22
3353,3353,UPI,Success,2025-05-16 21:41:14,360.5
3354,3354,UPI,Success,2025-09-17 11:22:59,655.55
3355,3355,COD,Failed,2025-11-08 22:51:33,196.7
3356,3356,Credit Card,Success,2025-03-14 19:34:52,515.8
3357,3357,Credit Card,Success,2025-07-19 10:18:48,483.21
3358,3358,Credit Card,Success,2025-07-14 12:15:37,33.76
3359,3359,UPI,Success,2025-02-20 21:54:32,438.22
3360,3360,COD,Success,2025-07-13 10:45:03,318.78
3361,3361,UPI,Success,2025-08-16 08:29:20,187.6
3362,3362,UPI,Success,2025-08-04 16:22:44,922.48
3363,3363,Wallet,Success,2025-06-26 15:45:49,447.18
3364,3364,UPI,Success,2025-09-29 12:27:22,270.45
3365,3365,UPI,Success,2025-03-13 11:03:34,827.79
3366,3366,Wallet,Success,2025-08-03 12:30:21,288.01
3367,3367,COD,Success,2025-02-05 19:22:02,64.74
3368,3368,Wallet,Success,2025-05-30 14:02:46,683.18
3369,3369,COD,Success,2025-11-16 07:18:48,1328.37
3370,3370,UPI,Success,2025-12-21 21:39:40,243.49
3371,3371,Credit Card,Success,2025-11-27 13:14:57,871.14
3372,3372,UPI,Success,2025-12-25 23:19:15,117.44
3373,3373,UPI,Success,2025-10-20 11:46:30,347.36
3374,3374,Credit Card,Success,2025-12-12 21:55:47,683.4
3375,3375,COD,Success,2025-12-08 21:15:57,136.34
3376,3376,Debit Card,Success,2025-03-10 13:37:24,138.42
3377,3377,Credit Card,Success,2025-12-29 19:04:46,247.33
3378,3378,Wallet,Success,2025-01-13 21:11:37,798.73
3379,3379,Wallet,Success,2025-08-10 10:38:54,224.4
3380,3380,UPI,Refunded,2025-07-16 12:45:27,251.73
3381,3381,COD,Success,2025-09-20 22:06:37,1221.18
3382,3382,Debit Card,Success,2025-05-20 11:19:52,491.0
3383,3383,UPI,Success,2025-04-09 12:10:59,170.78
3384,3384,UPI,Success,2025-05-08 18:25:09,416.78
3385,3385,UPI,Success,2025-08-22 23:21:24,464.78
3386,3386,COD,Failed,2025-10-28 20:27:36,186.42
3387,3387,Debit Card,Failed,2025-04-12 20:49:03,38.08
3388,3388,Credit Card,Success,2025-04-22 11:20:46,535.4
3389,3389,COD,Refunded,2025-03-31 13:52:44,364.75
3390,3390,UPI,Success,2025-07-27 11:49:02,692.43
3391,3391,Credit Card,Success,2025-01-12 10:31:56,280.16
3392,3392,Credit Card,Success,2025-11-12 21:52:18,890.84
3393,3393,Debit Card,Success,2025-08-06 19:04:35,108.46
3394,3394,UPI,Failed,2025-09-11 17:28:23,278.23
3395,3395,Debit Card,Success,2025-10-20 12:12:43,164.86
3396,3396,UPI,Success,2025-01-15 19:13:49,237.76
3397,3397,Wallet,Success,2025-01-22 21:20:44,972.4
3398,3398,Credit Card,Success,2025-03-22 13:58:02,76.29
3399,3399,UPI,Success,2025-10-13 21:04:55,44.88
3400,3400,Credit Card,Success,2025-11-26 12:45:49,218.57
3401,3401,UPI,Success,2025-07-22 12:47:56,238.89
3402,3402,UPI,Success,2025-07-01 19:05:02,706.46
3403,3403,COD,Success,2025-07-27 09:26:11,875.22
3404,3404,Wallet,Success,2025-06-06 11:49:16,436.79
3405,3405,Wallet,Success,2025-10-31 20:41:33,50.3
3406,3406,UPI,Success,2025-05-23 20:05:23,559.99
3407,3407,UPI,Success,2025-08-10 09:25:54,168.79
3408,3408,Wallet,Success,2025-09-10 21:24:51,287.43
3409,3409,COD,Success,2025-05-29 18:48:42,453.83
3410,3410,UPI,Success,2025-09-12 19:17:25,316.21
3411,3411,Wallet,Success,2025-06-06 18:04:28,366.76
3412,3412,Wallet,Success,2025-09-04 19:39:55,567.74
3413,3413,UPI,Success,2025-06-27 19:58:24,527.83
3414,3414,UPI,Success,2025-05-17 13:09:02,669.94
3415,3415,UPI,Failed,2025-07-29 12:40:36,1168.25
3416,3416,UPI,Success,2025-10-26 20:32:22,191.17
3417,3417,UPI,Success,2025-07-09 21:20:15,136.62
3418,3418,Wallet,Success,2025-02-07 23:10:42,352.27
3419,3419,COD,Success,2025-05-18 12:42:59,66.95
3420,3420,UPI,Success,2025-12-15 13:35:35,173.79
3421,3421,Debit Card,Success,2025-11-14 18:08:50,2393.84
3422,3422,Credit Card,Success,2025-12-08 16:12:08,1117.38
3423,3423,Wallet,Success,2025-11-18 20:51:10,312.62
3424,3424,UPI,Success,2025-10-16 12:25:02,628.21
3425,3425,Debit Card,Success,2025-01-30 20:11:09,172.82
3426,3426,UPI,Success,2025-01-29 18:52:25,163.27
3427,3427,UPI,Success,2025-07-20 12:42:32,836.41
3428,3428,UPI,Success,2025-07-29 10:43:43,877.16
3429,3429,UPI,Success,2025-01-12 19:13:11,101.54
3430,3430,COD,Success,2025-10-02 20:56:28,295.2
3431,3431,Debit Card,Success,2025-08-30 15:38:35,950.62
3432,3432,UPI,Success,2025-04-27 13:31:41,314.05
3433,3433,Credit Card,Refunded,2025-01-13 12:08:57,493.35
3434,3434,COD,Success,2025-11-06 20:07:34,340.52
3435,3435,Wallet,Success,2025-07-18 20:47:09,528.74
3436,3436,UPI,Success,2025-07-04 14:54:23,552.01
3437,3437,Wallet,Success,2025-07-06 21:30:58,144.59
3438,3438,UPI,Success,2025-11-14 19:38:26,276.43
3439,3439,COD,Success,2025-09-13 22:35:20,879.49
3440,3440,UPI,Success,2025-02-28 13:28:49,609.4
3441,3441,UPI,Success,2025-10-07 17:44:40,826.23
3442,3442,UPI,Success,2025-04-14 21:10:47,291.03
3443,3443,Wallet,Success,2025-08-17 17:02:26,263.86
3444,3444,UPI,Success,2025-08-04 18:07:22,281.05
3445,3445,Credit Card,Success,2025-08-19 18:29:09,179.12
3446,3446,Debit Card,Success,2025-01-31 17:37:05,339.14
3447,3447,UPI,Success,2025-03-18 19:05:12,913.71
3448,3448,Credit Card,Success,2025-09-14 09:11:36,1677.67
3449,3449,COD,Success,2025-06-08 21:49:54,283.34
3450,3450,UPI,Success,2025-12-05 13:42:30,534.92
3451,3451,Wallet,Success,2025-12-21 08:51:51,158.0
3452,3452,Debit Card,Success,2025-08-28 23:17:34,659.74
3453,3453,Wallet,Success,2025-12-17 20:47:24,542.14
3454,3454,UPI,Success,2025-06-09 21:45:48,744.02
3455,3455,UPI,Success,2025-09-11 11:44:35,601.9
3456,3456,UPI,Success,2025-09-11 19:43:05,90.04
3457,3457,UPI,Success,2025-08-01 09:13:41,60.01
3458,3458,UPI,Success,2025-06-11 00:18:09,366.54
3459,3459,UPI,Success,2025-05-29 13:55:39,614.35
3460,3460,COD,Success,2025-04-17 19:10:44,169.47
3461,3461,Wallet,Success,2025-03-12 12:40:02,333.67
3462,3462,Credit Card,Success,2025-05-06 13:03:38,394.78
3463,3463,Wallet,Success,2025-02-14 11:41:03,394.52
3464,3464,UPI,Success,2025-11-28 19:25:23,180.28
3465,3465,UPI,Success,2025-01-17 06:23:10,1008.23
3466,3466,COD,Success,2025-12-10 08:48:52,259.46
3467,3467,Wallet,Success,2025-08-16 07:01:54,265.18
3468,3468,UPI,Success,2025-06-15 18:14:16,194.47
3469,3469,UPI,Refunded,2025-02-15 07:43:51,66.64
3470,3470,UPI,Success,2025-01-14 10:53:14,495.95
3471,3471,UPI,Success,2025-12-29 18:16:06,265.68
3472,3472,Credit Card,Success,2025-08-06 08:31:56,212.93
3473,3473,Credit Card,Success,2025-08-05 18:53:36,815.6
3474,3474,Debit Card,Success,2025-01-27 17:02:54,443.62
3475,3475,UPI,Failed,2025-05-03 21:34:31,724.22
3476,3476,COD,Success,2025-06-27 06:44:06,1122.33
3477,3477,Wallet,Success,2025-08-19 11:59:32,357.86
3478,3478,UPI,Success,2025-12-03 23:29:58,407.2
3479,3479,Debit Card,Success,2025-12-18 20:58:39,47.16
3480,3480,COD,Success,2025-08-13 16:08:14,358.24
3481,3481,Credit Card,Success,2025-07-12 11:26:50,358.6
3482,3482,Wallet,Success,2025-09-18 17:36:52,1052.59
3483,3483,COD,Success,2025-11-03 19:47:46,280.32
3484,3484,Wallet,Success,2025-01-04 21:06:52,187.28
3485,3485,UPI,Success,2025-05-05 13:50:38,540.08
3486,3486,COD,Success,2025-05-12 21:39:51,377.4
3487,3487,Wallet,Success,2025-06-16 13:54:03,778.49
3488,3488,Credit Card,Success,2025-02-04 22:24:53,318.2
3489,3489,Credit Card,Success,2025-04-13 11:43:43,271.19
3490,3490,Debit Card,Success,2025-03-30 08:26:53,343.66
3491,3491,COD,Success,2025-07-05 07:00:31,885.97
3492,3492,Credit Card,Success,2025-12-17 15:30:51,912.17
3493,3493,UPI,Success,2025-12-21 11:41:44,1074.47
3494,3494,COD,Success,2025-05-05 22:18:55,367.78
3495,3495,Credit Card,Success,2025-08-23 18:17:50,757.66
3496,3496,UPI,Success,2025-03-12 15:01:14,304.39
3497,3497,UPI,Success,2025-11-03 13:00:14,688.24
3498,3498,COD,Success,2025-07-12 21:32:19,84.42
3499,3499,UPI,Success,2025-04-04 00:10:01,490.21
3500,3500,Wallet,Success,2025-09-14 15:36:23,315.2
3501,3501,Credit Card,Success,2025-03-16 17:15:27,562.13
3502,3502,UPI,Success,2025-09-17 10:00:11,644.15
3503,3503,UPI,Success,2025-09-11 13:11:31,217.11
3504,3504,Wallet,Success,2025-08-24 12:13:34,1243.42
3505,3505,UPI,Success,2025-10-20 13:29:25,497.75
3506,3506,Debit Card,Refunded,2025-09-21 09:07:46,130.07
3507,3507,Wallet,Success,2025-08-14 18:22:48,1201.56
3508,3508,UPI,Success,2025-08-13 20:48:20,757.81
3509,3509,Wallet,Success,2025-12-20 07:57:51,431.14
3510,3510,Wallet,Success,2025-07-30 13:06:18,396.86
3511,3511,Credit Card,Success,2025-12-07 18:54:20,1202.44
3512,3512,UPI,Refunded,2025-05-09 13:56:59,419.44
3513,3513,UPI,Success,2025-05-08 17:58:56,385.66
3514,3514,UPI,Success,2025-01-27 10:43:01,364.53
3515,3515,UPI,Failed,2025-01-01 19:58:51,106.4
3516,3516,UPI,Success,2025-09-22 15:57:22,1116.02
3517,3517,COD,Success,2025-03-01 08:24:31,314.19
3518,3518,Wallet,Success,2025-10-16 14:54:34,171.0
3519,3519,Wallet,Success,2025-07-15 19:19:21,303.99
3520,3520,Wallet,Success,2025-02-14 14:21:11,428.86
3521,3521,UPI,Success,2025-07-14 19:10:20,280.5
3522,3522,UPI,Success,2025-09-28 18:36:24,116.32
3523,3523,COD,Success,2025-08-01 12:04:51,619.9
3524,3524,Wallet,Failed,2025-09-09 11:59:40,151.0
3525,3525,Debit Card,Success,2025-06-13 22:32:36,805.87
3526,3526,COD,Success,2025-04-09 14:49:23,631.15
3527,3527,Credit Card,Success,2025-12-18 21:04:23,439.14
3528,3528,Debit Card,Success,2025-04-10 20:25:20,819.22
3529,3529,Credit Card,Success,2025-12-12 13:11:06,209.52
3530,3530,Wallet,Success,2025-05-17 19:25:42,719.28
3531,3531,Debit Card,Refunded,2025-10-11 07:11:00,912.47
3532,3532,Credit Card,Success,2025-10-11 20:39:15,1093.92
3533,3533,COD,Success,2025-09-09 17:07:38,184.48
3534,3534,UPI,Success,2025-12-18 22:53:52,1050.86
3535,3535,COD,Success,2025-09-22 17:51:24,751.86
3536,3536,Credit Card,Success,2025-08-29 13:00:08,174.9
3537,3537,COD,Success,2025-10-22 21:58:27,493.35
3538,3538,COD,Success,2025-02-24 21:49:49,199.04
3539,3539,UPI,Failed,2025-08-15 19:41:31,168.81
3540,3540,UPI,Success,2025-07-16 11:19:00,553.55
3541,3541,UPI,Success,2025-10-31 09:35:03,189.22
3542,3542,Credit Card,Success,2025-07-21 20:17:24,369.27
3543,3543,UPI,Success,2025-06-12 20:08:01,314.31
3544,3544,Wallet,Success,2025-10-05 09:42:41,466.1
3545,3545,Debit Card,Success,2025-02-13 18:19:26,241.76
3546,3546,COD,Success,2025-12-21 09:13:02,998.1
3547,3547,UPI,Success,2025-09-07 17:01:57,297.52
3548,3548,UPI,Success,2025-03-04 11:44:03,399.28
3549,3549,COD,Failed,2025-09-18 07:42:35,448.27
3550,3550,UPI,Success,2025-03-28 18:11:12,214.66
3551,3551,Debit Card,Refunded,2025-12-30 13:17:09,376.28
3552,3552,Wallet,Success,2025-12-29 21:50:55,259.18
3553,3553,Debit Card,Success,2025-07-07 14:42:53,175.23
3554,3554,Debit Card,Success,2025-08-02 19:07:36,71.8
3555,3555,UPI,Success,2025-09-23 17:51:10,360.75
3556,3556,COD,Success,2025-12-18 11:50:27,259.01
3557,3557,UPI,Success,2025-06-19 00:52:44,533.97
3558,3558,Wallet,Success,2025-03-04 19:41:18,345.04
3559,3559,Credit Card,Success,2025-04-05 15:20:08,256.3
3560,3560,UPI,Success,2025-12-14 21:07:20,188.13
3561,3561,UPI,Success,2025-10-19 21:18:01,1054.93
3562,3562,UPI,Success,2025-05-30 19:25:44,93.06
3563,3563,Wallet,Success,2025-07-12 14:56:56,146.65
3564,3564,COD,Success,2025-01-24 13:03:51,103.28
3565,3565,Debit Card,Success,2025-05-03 18:18:47,989.54
3566,3566,Debit Card,Success,2025-07-16 15:20:31,144.62
3567,3567,UPI,Success,2025-03-19 19:27:05,596.64
3568,3568,UPI,Success,2025-01-01 12:49:45,266.03
3569,3569,Wallet,Failed,2025-10-21 13:05:08,383.32
3570,3570,Credit Card,Success,2025-05-17 20:59:34,136.17
3571,3571,COD,Success,2025-10-03 20:24:17,116.64
3572,3572,UPI,Success,2025-10-15 09:13:21,172.54
3573,3573,COD,Success,2025-12-18 16:26:56,1317.87
3574,3574,Debit Card,Success,2025-08-16 11:18:42,1001.43
3575,3575,COD,Success,2025-11-14 07:55:10,395.42
3576,3576,Debit Card,Success,2025-12-25 23:54:39,709.06
3577,3577,Debit Card,Success,2025-02-07 11:37:35,1098.2
3578,3578,Wallet,Success,2025-10-08 08:25:37,602.71
3579,3579,Debit Card,Refunded,2025-12-26 19:30:12,335.48
3580,3580,Wallet,Success,2025-10-05 21:13:06,364.4
3581,3581,Debit Card,Success,2025-05-09 16:55:40,786.12
3582,3582,COD,Success,2025-03-02 21:46:37,901.18
3583,3583,UPI,Success,2025-08-20 09:52:36,116.12
3584,3584,Wallet,Success,2025-07-14 13:08:39,983.17
3585,3585,UPI,Success,2025-09-10 07:27:09,364.54
3586,3586,Debit Card,Success,2025-05-13 17:35:29,421.84
3587,3587,Wallet,Success,2025-04-11 21:45:20,799.78
3588,3588,Debit Card,Success,2025-07-18 18:28:08,401.0
3589,3589,Credit Card,Success,2025-12-27 21:21:28,266.98
3590,3590,Wallet,Success,2025-03-21 09:37:33,81.74
3591,3591,COD,Success,2025-12-01 11:55:06,160.27
3592,3592,COD,Success,2025-08-19 11:44:45,110.42
3593,3593,Wallet,Success,2025-05-22 19:02:02,259.18
3594,3594,UPI,Success,2025-10-25 11:32:12,585.77
3595,3595,Wallet,Success,2025-11-27 19:13:29,265.18
3596,3596,UPI,Success,2025-05-29 18:43:45,1106.31
3597,3597,COD,Success,2025-07-26 12:26:43,575.24
3598,3598,UPI,Refunded,2025-07-11 20:13:04,924.73
3599,3599,UPI,Success,2025-06-05 12:49:30,161.38
3600,3600,Debit Card,Success,2025-06-13 12:26:36,252.73
3601,3601,UPI,Success,2025-11-23 11:02:54,918.79
3602,3602,COD,Failed,2025-01-08 15:26:05,872.1
3603,3603,UPI,Success,2025-11-17 08:05:14,123.48
3604,3604,UPI,Success,2025-10-26 19:29:30,139.57
3605,3605,Wallet,Success,2025-09-05 11:38:35,209.52
3606,3606,Wallet,Success,2025-06-08 10:02:53,225.87
3607,3607,UPI,Success,2025-02-14 13:48:56,558.97
3608,3608,UPI,Success,2025-03-25 11:58:01,828.18
3609,3609,UPI,Success,2025-04-14 10:48:06,306.58
3610,3610,UPI,Success,2025-10-20 20:38:32,281.11
3611,3611,COD,Success,2025-04-23 20:55:32,222.46
3612,3612,COD,Success,2025-12-10 12:45:39,145.22
3613,3613,Credit Card,Success,2025-06-06 18:06:47,745.75
3614,3614,Wallet,Refunded,2025-09-13 17:55:25,90.2
3615,3615,UPI,Success,2025-10-14 13:24:22,926.22
3616,3616,UPI,Success,2025-01-28 10:49:52,239.47
3617,3617,UPI,Success,2025-11-15 21:05:45,1091.47
3618,3618,Wallet,Success,2025-06-28 21:20:22,306.24
3619,3619,UPI,Success,2025-09-23 20:53:45,324.04
3620,3620,UPI,Success,2025-03-29 19:24:55,1069.31
3621,3621,COD,Success,2025-12-19 16:20:55,591.72
3622,3622,COD,Success,2025-01-02 11:27:42,609.91
3623,3623,Wallet,Refunded,2025-06-09 14:48:02,524.6
3624,3624,COD,Success,2025-04-10 12:20:54,370.51
3625,3625,UPI,Success,2025-02-06 19:32:16,823.92
3626,3626,Wallet,Success,2025-09-04 09:46:30,708.93
3627,3627,Credit Card,Success,2025-08-28 22:56:30,951.05
3628,3628,UPI,Success,2025-12-22 16:44:35,541.8
3629,3629,COD,Success,2025-05-21 11:37:11,1271.45
3630,3630,UPI,Success,2025-03-31 13:14:57,355.62
3631,3631,Debit Card,Success,2025-10-25 08:43:06,462.38
3632,3632,UPI,Success,2025-10-20 13:08:57,200.21
3633,3633,UPI,Success,2025-07-30 12:22:46,192.04
3634,3634,Wallet,Success,2025-12-01 11:49:57,364.45
3635,3635,COD,Success,2025-10-09 13:42:52,227.71
3636,3636,Wallet,Success,2025-06-03 18:04:46,115.29
3637,3637,UPI,Failed,2025-02-16 10:37:27,267.36
3638,3638,UPI,Refunded,2025-08-04 19:55:59,96.85
3639,3639,COD,Success,2025-05-31 13:55:11,1105.36
3640,3640,UPI,Success,2025-11-30 17:19:42,818.02
3641,3641,Credit Card,Success,2025-06-29 12:04:26,455.82
3642,3642,Credit Card,Success,2025-12-29 20:30:14,1103.14
3643,3643,UPI,Refunded,2025-07-04 13:16:37,394.88
3644,3644,Credit Card,Success,2025-07-30 22:56:53,666.21
3645,3645,COD,Success,2025-07-17 09:11:35,448.36
3646,3646,COD,Failed,2025-12-18 20:14:42,469.96
3647,3647,Wallet,Success,2025-08-11 13:37:02,357.9
3648,3648,UPI,Success,2025-05-25 20:49:53,356.04
3649,3649,UPI,Success,2025-10-03 17:15:36,534.28
3650,3650,UPI,Success,2025-04-02 20:17:29,118.51
3651,3651,Wallet,Success,2025-05-01 09:55:43,97.01
3652,3652,Wallet,Success,2025-11-30 11:50:25,224.05
3653,3653,COD,Success,2025-09-17 12:14:12,511.31
3654,3654,Credit Card,Success,2025-12-02 14:42:25,1371.84
3655,3655,Credit Card,Success,2025-11-07 20:30:42,523.23
3656,3656,UPI,Success,2025-04-27 13:54:39,97.17
3657,3657,COD,Success,2025-09-28 20:53:06,149.98
3658,3658,UPI,Success,2025-11-18 22:19:55,50.3
3659,3659,UPI,Success,2025-01-24 11:58:11,314.64
3660,3660,COD,Success,2025-06-08 06:29:55,543.69
3661,3661,Credit Card,Success,2025-11-04 22:22:39,1359.82
3662,3662,UPI,Success,2025-11-26 12:03:01,168.79
3663,3663,COD,Success,2025-01-27 20:31:41,1031.04
3664,3664,COD,Success,2025-06-28 19:32:28,716.2
3665,3665,UPI,Success,2025-01-20 18:53:49,588.6
3666,3666,Debit Card,Success,2025-10-31 12:33:37,416.48
3667,3667,Wallet,Success,2025-02-23 12:28:36,259.41
3668,3668,Wallet,Success,2025-03-05 15:47:39,879.74
3669,3669,Credit Card,Success,2025-10-09 14:47:54,837.51
3670,3670,UPI,Success,2025-06-10 00:54:06,383.27
3671,3671,COD,Success,2025-02-16 12:49:40,824.71
3672,3672,UPI,Success,2025-04-04 18:04:06,1284.46
3673,3673,COD,Success,2025-11-01 20:01:52,1390.53
3674,3674,Debit Card,Success,2025-06-14 23:54:41,334.47
3675,3675,Credit Card,Success,2025-10-26 19:45:48,214.46
3676,3676,UPI,Success,2025-08-19 18:19:29,56.31
3677,3677,UPI,Success,2025-06-24 18:51:06,436.93
3678,3678,UPI,Success,2025-05-23 15:06:31,157.33
3679,3679,Debit Card,Success,2025-05-08 12:57:56,489.26
3680,3680,Credit Card,Success,2025-02-27 11:51:13,255.88
3681,3681,UPI,Success,2025-03-07 17:10:43,68.75
3682,3682,Debit Card,Success,2025-07-21 11:27:09,329.98
3683,3683,Wallet,Success,2025-04-24 21:01:34,562.76
3684,3684,Wallet,Success,2025-12-21 18:00:04,307.83
3685,3685,UPI,Success,2025-06-30 11:22:52,217.34
3686,3686,UPI,Success,2025-12-10 20:01:39,204.82
3687,3687,COD,Refunded,2025-02-27 16:52:32,476.54
3688,3688,COD,Success,2025-06-23 18:22:48,907.92
3689,3689,COD,Success,2025-04-12 11:49:01,815.02
3690,3690,COD,Success,2025-03-17 13:26:04,769.94
3691,3691,Debit Card,Success,2025-03-10 11:00:51,156.26
3692,3692,UPI,Success,2025-12-17 16:05:22,606.57
3693,3693,Credit Card,Success,2025-01-28 08:16:48,60.62
3694,3694,COD,Success,2025-07-09 06:18:43,820.03
3695,3695,UPI,Success,2025-09-02 21:29:54,201.92
3696,3696,UPI,Success,2025-02-25 21:54:27,1211.9
3697,3697,Wallet,Success,2025-09-10 21:36:05,580.76
3698,3698,UPI,Success,2025-03-10 12:49:34,1140.74
3699,3699,UPI,Success,2025-09-30 19:40:32,290.03
3700,3700,Wallet,Success,2025-06-01 19:08:19,1251.55
3701,3701,Credit Card,Success,2025-04-11 10:29:40,111.66
3702,3702,Credit Card,Success,2025-06-26 11:31:24,210.23
3703,3703,UPI,Success,2025-04-23 07:33:36,384.56
3704,3704,Debit Card,Success,2025-01-02 21:30:35,856.81
3705,3705,Wallet,Success,2025-07-18 18:20:52,135.19
3706,3706,Debit Card,Success,2025-07-17 08:40:54,147.96
3707,3707,UPI,Refunded,2025-10-05 19:25:34,92.38
3708,3708,UPI,Success,2025-10-13 12:53:14,387.21
3709,3709,COD,Success,2025-12-24 13:09:54,593.98
3710,3710,Wallet,Success,2025-12-23 17:52:07,407.96
3711,3711,Wallet,Success,2025-04-28 18:54:20,130.11
3712,3712,Credit Card,Success,2025-05-01 16:37:31,458.02
3713,3713,COD,Success,2025-03-06 19:18:17,592.71
3714,3714,UPI,Success,2025-02-08 18:03:37,369.63
3715,3715,UPI,Success,2025-09-21 10:01:04,191.86
3716,3716,COD,Success,2025-07-29 15:32:40,310.56
3717,3717,Debit Card,Success,2025-04-23 09:03:33,70.08
3718,3718,COD,Success,2025-07-08 15:22:56,235.2
3719,3719,Credit Card,Success,2025-07-29 17:11:42,269.58
3720,3720,COD,Success,2025-09-01 07:32:38,729.76
3721,3721,UPI,Failed,2025-06-26 12:42:01,392.82
3722,3722,Debit Card,Success,2025-03-15 16:45:48,232.43
3723,3723,Debit Card,Refunded,2025-12-10 23:13:32,155.81
3724,3724,Debit Card,Success,2025-07-10 19:52:05,956.77
3725,3725,UPI,Success,2025-05-17 12:25:06,1071.24
3726,3726,UPI,Success,2025-05-05 13:43:16,1570.48
3727,3727,Wallet,Refunded,2025-01-14 20:44:39,782.24
3728,3728,Wallet,Success,2025-09-06 20:27:49,322.52
3729,3729,UPI,Success,2025-09-22 13:22:22,823.96
3730,3730,UPI,Success,2025-09-24 13:59:22,369.93
3731,3731,Credit Card,Success,2025-05-17 12:55:04,349.45
3732,3732,Credit Card,Success,2025-06-27 16:51:50,368.74
3733,3733,Credit Card,Success,2025-12-25 10:03:59,761.43
3734,3734,UPI,Success,2025-07-02 16:59:50,343.59
3735,3735,UPI,Success,2025-06-10 12:02:14,42.27
3736,3736,UPI,Success,2025-10-30 06:46:00,287.08
3737,3737,COD,Success,2025-01-26 22:36:14,717.36
3738,3738,Debit Card,Failed,2025-07-30 10:52:33,55.57
3739,3739,Debit Card,Success,2025-06-20 15:29:31,453.04
3740,3740,UPI,Success,2025-09-23 19:28:07,389.74
3741,3741,Wallet,Success,2025-07-20 11:22:22,157.25
3742,3742,UPI,Success,2025-12-26 21:36:11,673.64
3743,3743,UPI,Success,2025-05-23 14:56:12,822.8
3744,3744,Credit Card,Success,2025-02-16 21:31:37,381.41
3745,3745,COD,Success,2025-09-20 21:00:42,350.73
3746,3746,COD,Success,2025-09-26 11:26:06,272.68
3747,3747,Credit Card,Success,2025-11-30 11:49:03,761.86
3748,3748,UPI,Success,2025-02-08 23:57:25,344.56
3749,3749,UPI,Success,2025-02-25 19:59:58,209.52
3750,3750,COD,Success,2025-02-23 19:56:30,647.54
3751,3751,UPI,Success,2025-10-21 13:23:10,52.79
3752,3752,UPI,Success,2025-07-28 11:02:32,1356.65
3753,3753,Credit Card,Success,2025-05-26 19:53:13,530.35
3754,3754,COD,Success,2025-05-24 15:15:35,416.48
3755,3755,Debit Card,Success,2025-09-09 18:31:04,181.71
3756,3756,COD,Success,2025-07-04 20:16:41,237.47
3757,3757,UPI,Success,2025-04-06 08:36:21,800.98
3758,3758,COD,Success,2025-11-12 22:55:56,717.84
3759,3759,COD,Success,2025-04-15 13:53:04,117.05
3760,3760,UPI,Success,2025-07-07 23:03:29,1364.38
3761,3761,Credit Card,Success,2025-06-06 08:25:29,683.13
3762,3762,UPI,Success,2025-11-09 20:14:20,1295.92
3763,3763,Wallet,Success,2025-04-16 14:32:34,505.59
3764,3764,UPI,Success,2025-10-25 18:11:04,486.0
3765,3765,Credit Card,Success,2025-11-29 19:59:13,363.92
3766,3766,UPI,Success,2025-09-23 19:38:49,572.22
3767,3767,Wallet,Success,2025-06-13 22:14:12,68.16
3768,3768,Wallet,Refunded,2025-07-16 21:33:13,1100.49
3769,3769,UPI,Success,2025-10-04 17:01:05,601.17
3770,3770,Wallet,Success,2025-03-29 19:46:37,342.87
3771,3771,UPI,Success,2025-09-15 12:44:16,163.84
3772,3772,UPI,Success,2025-05-18 13:44:36,550.86
3773,3773,Debit Card,Success,2025-12-28 10:33:30,375.8
3774,3774,UPI,Success,2025-08-29 21:43:47,99.32
3775,3775,UPI,Success,2025-02-01 19:39:17,245.36
3776,3776,UPI,Success,2025-11-17 12:12:13,493.03
3777,3777,Wallet,Success,2025-08-16 23:43:48,397.26
3778,3778,Wallet,Success,2025-03-21 20:55:59,196.93
3779,3779,COD,Success,2025-04-02 20:31:20,28.1
3780,3780,UPI,Success,2025-07-21 19:51:15,617.21
3781,3781,UPI,Success,2025-02-16 09:16:43,496.81
3782,3782,COD,Success,2025-06-09 17:05:51,329.34
3783,3783,UPI,Success,2025-06-12 12:37:58,1017.68
3784,3784,Credit Card,Success,2025-03-21 12:42:03,152.38
3785,3785,UPI,Failed,2025-04-07 12:32:06,207.04
3786,3786,UPI,Success,2025-12-22 13:48:08,678.9
3787,3787,UPI,Success,2025-03-03 12:41:05,185.44
3788,3788,Wallet,Success,2025-05-05 13:12:01,428.86
3789,3789,Credit Card,Success,2025-01-23 20:40:32,339.58
3790,3790,UPI,Success,2025-06-25 19:18:37,279.99
3791,3791,Debit Card,Success,2025-08-25 19:40:06,1127.14
3792,3792,UPI,Success,2025-06-15 12:18:46,1031.66
3793,3793,UPI,Success,2025-08-22 16:24:44,632.94
3794,3794,UPI,Success,2025-03-19 12:51:34,109.48
3795,3795,COD,Success,2025-10-14 17:33:11,842.06
3796,3796,Credit Card,Success,2025-10-14 18:45:27,317.07
3797,3797,Credit Card,Success,2025-04-12 09:38:13,123.31
3798,3798,UPI,Success,2025-07-24 07:02:02,264.92
3799,3799,UPI,Success,2025-05-16 12:10:37,237.76
3800,3800,Credit Card,Success,2025-10-08 21:27:17,84.11
3801,3801,UPI,Refunded,2025-10-13 16:18:31,950.75
3802,3802,UPI,Success,2025-09-07 11:43:23,606.78
3803,3803,Debit Card,Success,2025-05-30 13:49:21,97.01
3804,3804,UPI,Success,2025-08-19 11:10:11,68.79
3805,3805,UPI,Refunded,2025-10-08 15:02:48,148.39
3806,3806,Debit Card,Success,2025-10-09 21:01:55,778.94
3807,3807,UPI,Success,2025-10-03 15:14:13,863.7
3808,3808,COD,Success,2025-08-25 18:06:17,354.43
3809,3809,COD,Success,2025-02-14 20:31:04,124.19
3810,3810,UPI,Success,2025-10-16 11:05:46,98.28
3811,3811,Wallet,Success,2025-02-27 11:12:20,77.57
3812,3812,Credit Card,Success,2025-11-24 20:35:32,296.6
3813,3813,Credit Card,Success,2025-09-05 19:40:58,169.56
3814,3814,COD,Success,2025-11-09 13:23:32,774.38
3815,3815,Wallet,Success,2025-07-03 11:46:05,701.82
3816,3816,UPI,Success,2025-07-13 20:16:06,224.65
3817,3817,UPI,Success,2025-07-22 12:15:08,364.18
3818,3818,Wallet,Success,2025-05-10 11:35:49,250.1
3819,3819,UPI,Success,2025-12-14 20:33:55,645.62
3820,3820,Credit Card,Success,2025-09-28 15:17:59,280.53
3821,3821,Wallet,Success,2025-07-30 12:57:11,593.71
3822,3822,Wallet,Success,2025-09-03 11:14:44,186.93
3823,3823,UPI,Success,2025-12-02 00:04:40,225.01
3824,3824,Debit Card,Success,2025-06-01 17:11:12,356.06
3825,3825,Wallet,Success,2025-06-04 13:04:45,328.33
3826,3826,Debit Card,Success,2025-09-23 11:58:06,546.54
3827,3827,UPI,Refunded,2025-11-19 12:57:56,799.78
3828,3828,Wallet,Success,2025-07-22 11:09:45,382.89
3829,3829,Wallet,Success,2025-10-05 19:51:04,547.34
3830,3830,Credit Card,Success,2025-09-08 15:45:59,87.66
3831,3831,Debit Card,Success,2025-05-13 17:41:05,270.68
3832,3832,Wallet,Success,2025-10-30 20:54:19,321.43
3833,3833,UPI,Success,2025-11-29 14:59:08,1370.04
3834,3834,COD,Success,2025-07-10 19:14:41,500.46
3835,3835,Credit Card,Success,2025-01-05 15:44:08,63.36
3836,3836,Wallet,Success,2025-07-17 14:06:38,230.64
3837,3837,COD,Success,2025-12-11 09:52:51,740.75
3838,3838,Credit Card,Success,2025-05-13 15:44:49,198.29
3839,3839,UPI,Success,2025-07-03 12:40:11,233.46
3840,3840,UPI,Success,2025-07-03 23:55:20,283.35
3841,3841,Debit Card,Success,2025-04-24 16:36:54,316.01
3842,3842,UPI,Success,2025-05-09 08:50:22,200.22
3843,3843,UPI,Success,2025-02-06 17:22:52,262.82
3844,3844,UPI,Success,2025-03-06 20:19:35,666.67
3845,3845,Debit Card,Success,2025-12-06 21:30:03,343.01
3846,3846,COD,Success,2025-09-26 21:32:45,201.16
3847,3847,Credit Card,Success,2025-06-21 19:05:08,751.63
3848,3848,Debit Card,Success,2025-07-04 20:30:24,253.91
3849,3849,Wallet,Success,2025-02-14 08:20:23,329.64
3850,3850,UPI,Success,2025-09-22 12:56:09,1239.69
3851,3851,UPI,Success,2025-12-10 10:30:17,682.92
3852,3852,UPI,Refunded,2025-04-24 11:47:50,210.06
3853,3853,UPI,Success,2025-06-30 12:40:38,517.98
3854,3854,UPI,Success,2025-09-21 12:46:05,418.92
3855,3855,UPI,Success,2025-09-06 21:22:46,579.93
3856,3856,Debit Card,Success,2025-10-18 11:46:50,532.05
3857,3857,COD,Success,2025-04-23 13:25:40,328.65
3858,3858,UPI,Success,2025-06-01 09:49:38,1189.38
3859,3859,Wallet,Success,2025-09-09 19:03:03,273.32
3860,3860,UPI,Success,2025-06-14 19:17:59,750.68
3861,3861,COD,Success,2025-12-07 07:22:55,793.12
3862,3862,UPI,Success,2025-07-21 11:05:44,212.16
3863,3863,COD,Success,2025-12-28 13:37:36,373.77
3864,3864,Wallet,Success,2025-05-24 20:29:54,1154.82
3865,3865,Wallet,Success,2025-12-07 14:07:33,86.37
3866,3866,Wallet,Success,2025-10-21 18:03:10,741.62
3867,3867,Credit Card,Success,2025-12-05 08:16:03,1618.26
3868,3868,Wallet,Success,2025-06-26 21:40:48,424.22
3869,3869,Debit Card,Success,2025-09-23 11:57:51,117.31
3870,3870,UPI,Success,2025-08-29 20:10:33,469.49
3871,3871,UPI,Success,2025-06-19 17:38:09,143.06
3872,3872,Credit Card,Failed,2025-07-05 21:31:43,74.96
3873,3873,Credit Card,Success,2025-03-13 08:06:31,216.2
3874,3874,UPI,Success,2025-02-21 09:24:55,213.02
3875,3875,UPI,Success,2025-08-18 15:06:43,206.22
3876,3876,COD,Success,2025-07-19 11:53:04,396.66
3877,3877,UPI,Success,2025-08-14 12:41:10,787.56
3878,3878,COD,Success,2025-04-14 22:45:23,745.29
3879,3879,COD,Success,2025-09-26 12:11:30,676.21
3880,3880,Credit Card,Success,2025-03-04 06:09:51,218.76
3881,3881,Credit Card,Success,2025-06-26 16:38:48,175.02
3882,3882,COD,Success,2025-10-02 17:30:27,349.26
3883,3883,Credit Card,Success,2025-08-27 20:54:51,432.0
3884,3884,Debit Card,Success,2025-12-15 18:57:56,489.62
3885,3885,Credit Card,Success,2025-02-19 19:33:50,101.54
3886,3886,Debit Card,Success,2025-08-10 12:43:18,182.29
3887,3887,UPI,Success,2025-10-19 11:48:42,986.3
3888,3888,Debit Card,Success,2025-09-10 21:57:33,511.22
3889,3889,COD,Success,2025-02-12 12:53:01,290.96
3890,3890,UPI,Success,2025-02-27 12:32:03,321.94
3891,3891,Credit Card,Success,2025-03-13 10:14:17,407.48
3892,3892,Wallet,Success,2025-10-01 14:23:30,395.01
3893,3893,COD,Refunded,2025-09-16 18:09:12,266.78
3894,3894,Wallet,Success,2025-03-10 10:27:39,819.86
3895,3895,Credit Card,Success,2025-09-17 20:34:50,327.54
3896,3896,Wallet,Success,2025-03-03 18:40:13,187.56
3897,3897,UPI,Success,2025-09-01 22:13:08,432.51
3898,3898,Debit Card,Success,2025-09-13 20:39:27,145.14
3899,3899,Debit Card,Success,2025-09-15 19:05:47,614.28
3900,3900,Debit Card,Success,2025-04-07 12:35:14,437.33
3901,3901,UPI,Success,2025-05-30 20:14:52,746.4
3902,3902,UPI,Success,2025-12-21 14:01:06,61.18
3903,3903,Credit Card,Success,2025-05-20 18:56:46,116.1
3904,3904,Credit Card,Success,2025-03-16 13:43:52,584.51
3905,3905,UPI,Success,2025-09-19 13:57:18,706.27
3906,3906,Credit Card,Failed,2025-09-24 13:23:45,1043.08
3907,3907,UPI,Success,2025-07-04 21:20:30,854.58
3908,3908,Wallet,Success,2025-11-13 20:54:17,1642.7
3909,3909,Wallet,Success,2025-01-07 12:35:39,572.2
3910,3910,UPI,Success,2025-12-06 17:14:56,507.71
3911,3911,UPI,Success,2025-05-15 11:56:07,870.29
3912,3912,UPI,Success,2025-08-18 10:45:26,191.99
3913,3913,UPI,Success,2025-08-25 14:35:59,560.88
3914,3914,UPI,Success,2025-01-20 00:15:36,291.73
3915,3915,Wallet,Success,2025-12-24 09:40:55,224.84
3916,3916,UPI,Success,2025-04-06 20:10:23,137.15
3917,3917,Debit Card,Success,2025-11-21 16:20:07,286.59
3918,3918,UPI,Failed,2025-11-26 13:49:09,385.09
3919,3919,Wallet,Success,2025-03-27 09:29:39,149.92
3920,3920,COD,Success,2025-05-20 22:32:01,1170.78
3921,3921,Credit Card,Success,2025-12-27 12:26:54,1326.79
3922,3922,UPI,Success,2025-11-06 17:52:49,337.9
3923,3923,Credit Card,Success,2025-10-23 12:40:50,324.76
3924,3924,Credit Card,Success,2025-09-12 11:41:29,190.04
3925,3925,UPI,Success,2025-06-07 21:22:33,519.82
3926,3926,Debit Card,Failed,2025-12-12 20:27:13,252.41
3927,3927,Wallet,Success,2025-07-08 12:14:46,587.37
3928,3928,UPI,Success,2025-07-05 16:51:54,841.32
3929,3929,UPI,Success,2025-05-07 19:44:37,258.36
3930,3930,UPI,Success,2025-04-06 12:14:24,358.82
3931,3931,Wallet,Success,2025-08-11 11:05:35,1671.59
3932,3932,UPI,Success,2025-07-20 23:53:41,583.65
3933,3933,COD,Success,2025-11-23 19:01:03,1013.68
3934,3934,UPI,Success,2025-02-22 19:06:42,195.3
3935,3935,Credit Card,Success,2025-01-23 09:23:48,342.23
3936,3936,COD,Success,2025-12-02 23:51:06,970.49
3937,3937,UPI,Success,2025-02-25 11:10:32,215.82
3938,3938,UPI,Success,2025-10-25 18:49:58,577.71
3939,3939,UPI,Success,2025-05-20 15:39:40,181.77
3940,3940,UPI,Success,2025-12-28 20:18:55,199.73
3941,3941,Credit Card,Success,2025-04-05 19:10:39,804.93
3942,3942,COD,Success,2025-10-18 19:46:09,567.61
3943,3943,COD,Failed,2025-07-19 14:04:45,1094.06
3944,3944,Credit Card,Success,2025-05-17 17:36:58,309.63
3945,3945,UPI,Success,2025-09-26 12:55:47,217.28
3946,3946,UPI,Success,2025-08-17 00:13:39,391.55
3947,3947,Wallet,Success,2025-05-24 13:52:12,282.39
3948,3948,Debit Card,Success,2025-11-17 21:21:19,573.39
3949,3949,Debit Card,Success,2025-08-08 16:55:07,343.62
3950,3950,UPI,Success,2025-02-18 12:13:31,408.9
3951,3951,Credit Card,Success,2025-05-08 11:01:40,168.94
3952,3952,Debit Card,Success,2025-03-12 10:10:44,315.4
3953,3953,UPI,Success,2025-10-24 08:16:33,180.0
3954,3954,Debit Card,Success,2025-07-25 18:33:27,757.3
3955,3955,COD,Success,2025-12-24 18:26:34,486.4
3956,3956,Debit Card,Success,2025-03-20 12:53:10,602.95
3957,3957,UPI,Success,2025-08-15 20:34:23,225.43
3958,3958,UPI,Success,2025-01-30 11:11:39,279.14
3959,3959,UPI,Success,2025-08-01 13:32:09,205.02
3960,3960,Wallet,Success,2025-08-28 16:23:03,77.18
3961,3961,UPI,Success,2025-02-11 13:58:04,657.85
3962,3962,Credit Card,Success,2025-10-16 13:57:21,65.19
3963,3963,COD,Success,2025-09-03 13:10:34,245.27
3964,3964,Wallet,Success,2025-07-04 11:27:36,228.01
3965,3965,Wallet,Success,2025-09-19 17:35:20,330.09
3966,3966,COD,Refunded,2025-01-08 13:15:12,776.85
3967,3967,COD,Success,2025-07-21 12:26:59,344.51
3968,3968,UPI,Success,2025-12-13 21:43:29,604.43
3969,3969,Credit Card,Success,2025-12-14 19:38:03,297.39
3970,3970,Credit Card,Success,2025-07-17 18:53:40,690.83
3971,3971,Credit Card,Success,2025-11-22 15:35:50,123.11
3972,3972,UPI,Success,2025-04-25 20:55:05,99.32
3973,3973,Credit Card,Refunded,2025-09-10 20:55:55,695.37
3974,3974,UPI,Success,2025-01-29 18:05:59,175.76
3975,3975,Wallet,Success,2025-06-12 18:04:57,127.52
3976,3976,Debit Card,Success,2025-05-18 07:50:30,581.92
3977,3977,COD,Success,2025-07-21 20:23:07,245.5
3978,3978,Debit Card,Success,2025-08-29 23:49:00,799.03
3979,3979,COD,Success,2025-01-27 18:57:55,515.56
3980,3980,UPI,Success,2025-05-21 08:51:01,881.79
3981,3981,UPI,Failed,2025-08-04 10:44:33,356.46
3982,3982,Wallet,Success,2025-05-04 13:53:16,147.56
3983,3983,Wallet,Success,2025-04-21 13:40:40,418.63
3984,3984,COD,Success,2025-05-22 12:19:45,222.96
3985,3985,Debit Card,Success,2025-11-19 17:50:13,213.06
3986,3986,COD,Success,2025-10-20 20:12:23,798.31
3987,3987,COD,Success,2025-05-05 15:00:44,272.55
3988,3988,UPI,Success,2025-12-08 19:36:53,259.7
3989,3989,COD,Success,2025-12-07 20:15:21,551.21
3990,3990,UPI,Failed,2025-01-18 20:52:16,582.89
3991,3991,Credit Card,Success,2025-09-01 14:29:18,612.77
3992,3992,UPI,Success,2025-09-11 18:20:40,1064.2
3993,3993,Debit Card,Success,2025-06-20 19:00:24,428.46
3994,3994,Credit Card,Success,2025-04-12 20:43:05,145.51
3995,3995,Debit Card,Success,2025-12-21 20:41:17,223.5
3996,3996,Debit Card,Success,2025-05-28 12:22:53,596.64
3997,3997,Credit Card,Failed,2025-07-10 17:07:11,855.66
3998,3998,Wallet,Success,2025-04-23 19:50:19,450.7
3999,3999,UPI,Success,2025-02-16 20:55:06,126.9
4000,4000,UPI,Success,2025-10-30 14:48:12,98.37
4001,4001,COD,Success,2025-12-20 20:39:21,102.29
4002,4002,UPI,Success,2025-07-19 17:04:11,642.83
4003,4003,UPI,Success,2025-09-30 19:35:12,369.0
4004,4004,UPI,Success,2025-03-31 15:44:17,385.83
4005,4005,UPI,Success,2025-06-17 12:23:25,498.86
4006,4006,UPI,Success,2025-06-11 12:15:07,819.19
4007,4007,Debit Card,Success,2025-08-09 22:19:51,1274.8
4008,4008,COD,Success,2025-09-09 19:06:59,326.68
4009,4009,Debit Card,Success,2025-11-21 23:55:47,236.87
4010,4010,UPI,Success,2025-12-12 21:21:38,170.52
4011,4011,COD,Success,2025-04-28 18:48:02,104.64
4012,4012,COD,Failed,2025-08-07 12:34:40,415.74
4013,4013,Wallet,Success,2025-06-01 11:42:37,340.5
4014,4014,UPI,Success,2025-08-03 14:18:24,206.97
4015,4015,Debit Card,Success,2025-08-07 20:21:50,435.82
4016,4016,UPI,Success,2025-06-28 17:20:08,545.33
4017,4017,Debit Card,Success,2025-04-25 18:01:25,75.28
4018,4018,COD,Success,2025-08-06 16:48:46,88.08
4019,4019,UPI,Success,2025-04-02 18:50:38,884.49
4020,4020,UPI,Failed,2025-06-22 19:13:49,332.88
4021,4021,Debit Card,Success,2025-03-25 13:39:01,354.06
4022,4022,UPI,Success,2025-01-03 21:48:08,187.51
4023,4023,Wallet,Success,2025-02-15 11:57:50,281.61
4024,4024,Credit Card,Failed,2025-11-14 12:05:25,179.07
4025,4025,Credit Card,Success,2025-06-10 20:03:02,870.67
4026,4026,UPI,Success,2025-07-26 10:04:11,450.91
4027,4027,UPI,Success,2025-11-07 12:41:19,655.89
4028,4028,UPI,Refunded,2025-11-15 13:38:06,908.43
4029,4029,Debit Card,Failed,2025-07-19 09:13:08,118.51
4030,4030,UPI,Success,2025-12-11 10:39:16,1010.84
4031,4031,Debit Card,Success,2025-02-14 19:59:15,376.93
4032,4032,COD,Success,2025-06-25 20:08:30,1619.96
4033,4033,COD,Success,2025-04-30 18:25:22,312.03
4034,4034,Credit Card,Success,2025-12-27 12:20:14,325.54
4035,4035,UPI,Success,2025-09-08 12:06:21,281.05
4036,4036,UPI,Success,2025-05-31 19:03:31,144.5
4037,4037,COD,Refunded,2025-08-14 22:46:00,270.96
4038,4038,UPI,Success,2025-11-10 21:50:20,662.6
4039,4039,UPI,Success,2025-10-19 11:49:00,155.14
4040,4040,UPI,Success,2025-10-01 12:39:07,136.06
4041,4041,COD,Success,2025-01-21 07:06:26,85.1
4042,4042,COD,Success,2025-07-09 20:34:00,182.02
4043,4043,COD,Success,2025-05-02 13:23:48,442.88
4044,4044,UPI,Success,2025-01-16 15:54:43,486.76
4045,4045,UPI,Success,2025-12-08 21:49:07,882.26
4046,4046,UPI,Success,2025-05-18 17:01:47,509.98
4047,4047,UPI,Success,2025-11-13 17:48:12,804.56
4048,4048,UPI,Success,2025-05-25 21:37:50,1489.99
4049,4049,Debit Card,Success,2025-10-19 21:31:50,146.96
4050,4050,Credit Card,Success,2025-07-08 19:48:55,249.07
4051,4051,COD,Success,2025-11-29 21:45:02,153.39
4052,4052,UPI,Success,2025-05-31 20:01:50,538.92
4053,4053,UPI,Success,2025-07-30 10:35:23,130.07
4054,4054,UPI,Success,2025-12-16 19:57:59,204.17
4055,4055,Wallet,Success,2025-11-06 06:17:17,435.74
4056,4056,Wallet,Success,2025-11-27 23:21:37,271.11
4057,4057,UPI,Success,2025-05-23 13:57:06,740.22
4058,4058,UPI,Success,2025-06-01 19:48:15,890.84
4059,4059,UPI,Success,2025-10-08 11:17:14,71.36
4060,4060,UPI,Success,2025-02-09 19:44:58,468.83
4061,4061,COD,Success,2025-07-11 08:10:29,366.06
4062,4062,Credit Card,Success,2025-11-28 19:04:47,109.34
4063,4063,Debit Card,Success,2025-08-02 16:28:28,1010.48
4064,4064,Credit Card,Success,2025-07-05 23:32:35,444.01
4065,4065,UPI,Success,2025-11-18 13:13:53,55.02
4066,4066,UPI,Success,2025-11-01 20:44:50,569.52
4067,4067,Credit Card,Success,2025-03-14 16:08:14,90.15
4068,4068,UPI,Success,2025-11-20 16:49:07,381.11
4069,4069,UPI,Success,2025-04-30 12:37:00,336.3
4070,4070,UPI,Success,2025-11-01 19:06:32,147.73
4071,4071,Wallet,Success,2025-05-18 19:00:46,121.46
4072,4072,Wallet,Success,2025-11-30 09:41:56,290.79
4073,4073,UPI,Success,2025-12-23 13:12:14,910.32
4074,4074,Debit Card,Success,2025-08-10 12:50:53,955.38
4075,4075,Wallet,Success,2025-01-11 13:58:21,945.9
4076,4076,Credit Card,Success,2025-04-27 17:24:39,62.21
4077,4077,UPI,Success,2025-09-18 12:42:36,195.99
4078,4078,COD,Success,2025-03-04 09:22:00,927.69
4079,4079,Debit Card,Success,2025-08-17 21:55:59,219.99
4080,4080,Debit Card,Success,2025-03-27 16:19:19,686.58
4081,4081,UPI,Success,2025-05-18 12:18:53,796.83
4082,4082,Debit Card,Success,2025-05-02 18:16:29,98.19
4083,4083,Credit Card,Success,2025-03-02 19:05:51,253.18
4084,4084,Debit Card,Success,2025-01-28 12:07:28,212.74
4085,4085,UPI,Success,2025-10-19 19:17:57,598.88
4086,4086,Wallet,Success,2025-12-27 11:25:33,275.13
4087,4087,UPI,Success,2025-12-15 13:48:34,138.73
4088,4088,Credit Card,Success,2025-08-25 20:34:28,244.9
4089,4089,Debit Card,Success,2025-07-03 19:02:51,51.25
4090,4090,COD,Success,2025-10-09 20:19:35,462.44
4091,4091,Debit Card,Success,2025-11-23 11:05:14,664.9
4092,4092,UPI,Success,2025-04-19 11:54:07,202.26
4093,4093,Wallet,Success,2025-04-14 12:11:35,656.74
4094,4094,Credit Card,Success,2025-05-16 10:32:20,936.84
4095,4095,UPI,Success,2025-04-23 23:24:16,92.37
4096,4096,UPI,Success,2025-03-13 08:49:10,114.57
4097,4097,Wallet,Success,2025-09-02 12:38:01,936.46
4098,4098,UPI,Success,2025-06-19 16:36:06,425.82
4099,4099,UPI,Success,2025-06-15 09:04:45,110.98
4100,4100,UPI,Refunded,2025-05-15 20:38:21,694.72
4101,4101,Wallet,Success,2025-01-30 08:10:25,841.8
4102,4102,UPI,Success,2025-12-24 19:35:24,844.82
4103,4103,UPI,Success,2025-07-30 12:08:00,543.69
4104,4104,UPI,Success,2025-09-18 23:45:39,466.92
4105,4105,Credit Card,Success,2025-12-08 13:02:56,68.47
4106,4106,UPI,Success,2025-10-21 11:38:59,312.66
4107,4107,UPI,Success,2025-05-30 19:34:10,167.57
4108,4108,COD,Success,2025-11-07 20:55:31,93.55
4109,4109,Debit Card,Success,2025-08-26 07:16:10,569.85
4110,4110,UPI,Success,2025-05-31 15:20:25,1002.57
4111,4111,UPI,Success,2025-07-29 21:32:33,246.59
4112,4112,UPI,Success,2025-07-12 20:28:42,704.56
4113,4113,COD,Success,2025-05-14 12:14:50,681.24
4114,4114,Wallet,Success,2025-01-10 11:18:04,97.38
4115,4115,UPI,Success,2025-04-20 11:23:09,600.26
4116,4116,Wallet,Success,2025-11-18 20:52:48,303.55
4117,4117,Wallet,Success,2025-11-17 14:28:59,255.71
4118,4118,UPI,Success,2025-12-09 12:31:09,289.28
4119,4119,UPI,Success,2025-05-06 08:31:02,155.08
4120,4120,UPI,Success,2025-09-05 00:54:05,201.74
4121,4121,UPI,Success,2025-06-07 11:19:20,1199.49
4122,4122,COD,Success,2025-06-16 22:12:48,274.05
4123,4123,Credit Card,Success,2025-01-15 19:53:24,299.49
4124,4124,COD,Success,2025-10-15 21:32:41,260.88
4125,4125,COD,Success,2025-01-04 21:57:54,107.6
4126,4126,Credit Card,Success,2025-04-27 10:56:20,498.11
4127,4127,UPI,Success,2025-11-21 11:03:17,73.48
4128,4128,UPI,Success,2025-05-06 19:20:53,678.04
4129,4129,UPI,Success,2025-05-18 20:01:43,797.7
4130,4130,UPI,Success,2025-04-03 19:23:04,363.28
4131,4131,Debit Card,Success,2025-07-02 14:20:36,406.55
4132,4132,COD,Success,2025-10-31 21:48:08,400.23
4133,4133,UPI,Success,2025-10-11 19:40:56,552.02
4134,4134,Wallet,Failed,2025-11-28 13:59:31,560.4
4135,4135,Wallet,Success,2025-09-17 20:22:54,1359.85
4136,4136,Debit Card,Success,2025-06-08 20:24:30,438.33
4137,4137,UPI,Success,2025-09-05 07:13:18,223.67
4138,4138,UPI,Success,2025-05-28 18:38:55,495.66
4139,4139,Wallet,Success,2025-08-05 12:06:20,446.23
4140,4140,COD,Success,2025-07-21 12:59:37,901.86
4141,4141,Credit Card,Success,2025-09-09 19:34:57,1386.76
4142,4142,COD,Success,2025-09-26 12:13:50,1088.31
4143,4143,UPI,Success,2025-04-17 21:48:43,364.88
4144,4144,Wallet,Success,2025-06-12 08:04:05,307.08
4145,4145,Wallet,Success,2025-01-27 19:35:00,1073.33
4146,4146,Credit Card,Success,2025-06-12 20:03:38,593.17
4147,4147,UPI,Failed,2025-12-25 16:13:27,646.08
4148,4148,Wallet,Failed,2025-04-03 21:59:14,475.3
4149,4149,UPI,Success,2025-08-06 18:31:16,1044.12
4150,4150,UPI,Success,2025-10-24 22:06:18,109.42
4151,4151,UPI,Success,2025-07-11 21:51:34,256.24
4152,4152,Wallet,Success,2025-01-15 10:51:47,763.77
4153,4153,COD,Success,2025-06-02 17:38:31,152.58
4154,4154,UPI,Success,2025-08-06 11:01:24,323.28
4155,4155,UPI,Success,2025-07-18 20:14:57,389.71
4156,4156,UPI,Success,2025-07-08 18:07:48,155.38
4157,4157,COD,Success,2025-10-18 19:06:12,1369.31
4158,4158,UPI,Refunded,2025-04-20 10:20:42,1054.33
4159,4159,UPI,Success,2025-02-12 18:42:45,1256.89
4160,4160,COD,Success,2025-09-27 10:09:15,170.34
4161,4161,UPI,Failed,2025-03-26 18:39:32,503.22
4162,4162,Debit Card,Success,2025-09-29 12:28:32,330.3
4163,4163,UPI,Success,2025-11-15 13:17:54,500.35
4164,4164,Credit Card,Success,2025-06-15 13:04:07,624.68
4165,4165,COD,Success,2025-10-16 18:19:45,138.54
4166,4166,COD,Success,2025-05-15 21:49:25,220.12
4167,4167,UPI,Success,2025-08-24 20:41:48,60.21
4168,4168,Wallet,Success,2025-05-08 19:07:14,919.18
4169,4169,UPI,Success,2025-07-24 19:48:21,398.06
4170,4170,UPI,Success,2025-04-03 21:28:18,1210.72
4171,4171,Credit Card,Success,2025-09-07 20:20:53,326.14
4172,4172,Wallet,Success,2025-05-18 13:14:36,596.7
4173,4173,UPI,Success,2025-08-22 13:23:47,137.39
4174,4174,COD,Failed,2025-04-13 06:33:41,488.1
4175,4175,Debit Card,Success,2025-12-08 18:25:37,414.31
4176,4176,UPI,Success,2025-02-21 10:57:25,474.0
4177,4177,Debit Card,Success,2025-04-18 11:44:07,919.18
4178,4178,Credit Card,Success,2025-03-02 07:17:44,1008.05
4179,4179,Credit Card,Success,2025-02-11 14:44:58,343.78
4180,4180,Debit Card,Success,2025-06-21 13:05:33,249.87
4181,4181,Wallet,Success,2025-07-21 06:19:48,269.46
4182,4182,Credit Card,Success,2025-01-15 22:48:51,595.88
4183,4183,Debit Card,Success,2025-12-13 19:07:01,217.54
4184,4184,UPI,Success,2025-12-26 18:37:31,186.93
4185,4185,UPI,Success,2025-01-19 10:05:28,687.41
4186,4186,Wallet,Success,2025-09-19 07:35:35,477.87
4187,4187,UPI,Success,2025-07-13 12:58:44,671.42
4188,4188,UPI,Success,2025-05-11 11:32:45,827.79
4189,4189,COD,Success,2025-06-22 23:47:50,1149.0
4190,4190,Debit Card,Success,2025-07-13 10:21:54,182.39
4191,4191,UPI,Success,2025-01-26 08:43:20,818.56
4192,4192,Credit Card,Success,2025-12-25 17:33:07,825.93
4193,4193,Wallet,Success,2025-03-08 08:14:09,879.71
4194,4194,UPI,Success,2025-02-01 12:06:24,1123.24
4195,4195,Wallet,Success,2025-01-16 11:48:25,465.26
4196,4196,Debit Card,Success,2025-10-17 09:25:12,1540.63
4197,4197,COD,Success,2025-09-08 14:54:25,579.89
4198,4198,UPI,Success,2025-07-20 10:53:59,415.62
4199,4199,UPI,Success,2025-01-15 16:38:53,682.82
4200,4200,UPI,Success,2025-04-30 13:44:39,623.94
4201,4201,Credit Card,Success,2025-06-26 12:31:52,674.76
4202,4202,COD,Success,2025-07-06 20:02:25,541.82
4203,4203,Wallet,Success,2025-06-10 11:03:51,33.76
4204,4204,Credit Card,Success,2025-09-25 13:18:24,587.45
4205,4205,UPI,Success,2025-01-19 18:26:55,218.91
4206,4206,COD,Success,2025-07-18 20:46:10,209.58
4207,4207,UPI,Success,2025-07-17 19:58:46,105.81
4208,4208,COD,Success,2025-09-23 11:39:36,649.62
4209,4209,Credit Card,Success,2025-01-09 17:22:32,737.62
4210,4210,Wallet,Success,2025-06-13 13:13:29,637.43
4211,4211,Credit Card,Refunded,2025-11-15 18:02:23,421.43
4212,4212,UPI,Success,2025-12-27 20:55:18,55.83
4213,4213,COD,Success,2025-08-31 13:06:32,141.25
4214,4214,UPI,Success,2025-11-29 16:51:26,396.35
4215,4215,Credit Card,Success,2025-06-05 11:41:16,721.77
4216,4216,Wallet,Success,2025-03-02 12:11:05,210.1
4217,4217,COD,Success,2025-01-10 18:03:45,1761.0
4218,4218,COD,Success,2025-12-13 18:32:29,629.69
4219,4219,UPI,Success,2025-01-15 18:43:41,612.09
4220,4220,Debit Card,Success,2025-09-16 21:54:00,232.94
4221,4221,COD,Success,2025-09-21 19:29:06,93.72
4222,4222,Debit Card,Success,2025-09-27 12:49:22,563.16
4223,4223,Wallet,Success,2025-11-27 11:25:01,602.64
4224,4224,UPI,Success,2025-09-24 16:49:33,333.23
4225,4225,Credit Card,Success,2025-07-10 08:11:11,406.57
4226,4226,Credit Card,Success,2025-08-16 12:04:43,232.16
4227,4227,Wallet,Success,2025-08-09 18:39:07,819.15
4228,4228,Credit Card,Refunded,2025-04-21 20:11:37,34.71
4229,4229,UPI,Success,2025-04-28 16:03:25,1095.97
4230,4230,COD,Success,2025-07-12 11:05:55,375.61
4231,4231,Credit Card,Success,2025-02-24 14:19:22,77.88
4232,4232,Debit Card,Success,2025-03-27 18:15:04,192.36
4233,4233,Debit Card,Success,2025-12-15 22:04:50,315.79
4234,4234,UPI,Success,2025-09-15 18:20:06,203.42
4235,4235,Credit Card,Success,2025-05-26 12:34:03,376.51
4236,4236,Wallet,Success,2025-11-18 08:24:18,436.79
4237,4237,UPI,Success,2025-09-27 00:33:34,824.71
4238,4238,UPI,Success,2025-01-27 19:30:12,1090.5
4239,4239,Wallet,Success,2025-05-31 13:23:10,104.14
4240,4240,Credit Card,Success,2025-08-18 21:57:48,235.94
4241,4241,UPI,Success,2025-09-13 20:53:37,471.86
4242,4242,Credit Card,Success,2025-07-24 15:09:38,284.57
4243,4243,UPI,Success,2025-05-23 13:50:08,1654.66
4244,4244,UPI,Success,2025-06-20 12:05:17,120.51
4245,4245,Wallet,Success,2025-03-10 17:00:43,435.48
4246,4246,Wallet,Success,2025-05-23 13:50:59,458.4
4247,4247,Wallet,Success,2025-05-20 12:23:08,61.45
4248,4248,UPI,Success,2025-11-07 19:03:20,170.48
4249,4249,Wallet,Success,2025-09-18 22:02:12,184.95
4250,4250,Debit Card,Success,2025-12-21 22:10:54,237.02
4251,4251,UPI,Success,2025-12-16 12:22:41,1777.61
4252,4252,Wallet,Success,2025-05-16 13:16:08,893.91
4253,4253,COD,Success,2025-04-25 19:14:23,1407.17
4254,4254,Credit Card,Success,2025-07-21 19:08:26,60.41
4255,4255,UPI,Success,2025-07-23 16:57:53,122.28
4256,4256,UPI,Success,2025-10-19 12:13:12,576.78
4257,4257,Credit Card,Success,2025-03-09 13:35:50,410.02
4258,4258,UPI,Success,2025-05-04 21:36:27,198.92
4259,4259,Credit Card,Success,2025-07-02 12:38:07,202.26
4260,4260,UPI,Success,2025-08-10 15:49:11,57.71
4261,4261,UPI,Success,2025-06-04 12:40:09,192.92
4262,4262,COD,Success,2025-10-13 12:36:33,205.82
4263,4263,UPI,Success,2025-03-09 21:34:38,780.0
4264,4264,Credit Card,Success,2025-05-05 09:53:36,1762.3
4265,4265,Wallet,Success,2025-07-01 11:44:03,343.9
4266,4266,COD,Success,2025-01-23 11:38:23,877.99
4267,4267,UPI,Success,2025-02-09 19:58:35,549.89
4268,4268,Credit Card,Success,2025-09-28 09:49:57,148.88
4269,4269,Debit Card,Success,2025-07-28 20:28:50,243.48
4270,4270,COD,Success,2025-06-29 10:57:44,176.66
4271,4271,Debit Card,Refunded,2025-06-24 13:20:18,342.51
4272,4272,Credit Card,Success,2025-04-03 20:56:30,1144.63
4273,4273,UPI,Success,2025-07-25 12:06:26,375.76
4274,4274,UPI,Success,2025-10-11 21:02:14,1099.04
4275,4275,Debit Card,Success,2025-12-12 20:42:16,622.19
4276,4276,Credit Card,Success,2025-02-18 20:06:03,797.69
4277,4277,Credit Card,Success,2025-05-12 17:57:49,178.13
4278,4278,UPI,Success,2025-11-12 12:28:02,247.41
4279,4279,Credit Card,Success,2025-05-16 07:21:56,197.46
4280,4280,Wallet,Failed,2025-09-21 09:29:08,69.46
4281,4281,Wallet,Success,2025-09-28 19:42:10,652.19
4282,4282,Credit Card,Success,2025-04-26 22:05:14,49.16
4283,4283,Credit Card,Success,2025-04-04 12:58:34,458.55
4284,4284,UPI,Success,2025-04-07 14:30:09,172.0
4285,4285,Debit Card,Success,2025-09-29 16:21:55,443.39
4286,4286,Credit Card,Success,2025-11-22 11:54:53,541.77
4287,4287,Wallet,Success,2025-09-17 19:58:42,828.96
4288,4288,Debit Card,Success,2025-08-12 11:11:55,1186.56
4289,4289,Debit Card,Success,2025-09-21 13:37:40,195.0
4290,4290,COD,Success,2025-07-02 07:30:07,212.74
4291,4291,Wallet,Failed,2025-09-08 21:55:41,785.0
4292,4292,UPI,Success,2025-02-06 16:29:16,434.22
4293,4293,UPI,Success,2025-08-08 19:41:35,539.78
4294,4294,UPI,Success,2025-05-11 12:18:54,411.75
4295,4295,Wallet,Success,2025-05-31 20:54:23,327.54
4296,4296,UPI,Success,2025-08-26 10:58:04,358.36
4297,4297,UPI,Success,2025-12-15 12:56:13,406.33
4298,4298,Credit Card,Success,2025-06-22 14:40:43,946.39
4299,4299,UPI,Success,2025-05-31 13:43:13,292.37
4300,4300,Debit Card,Success,2025-03-30 17:17:18,214.64
4301,4301,Debit Card,Success,2025-03-17 12:01:01,166.44
4302,4302,UPI,Success,2025-03-06 07:57:23,442.45
4303,4303,Credit Card,Success,2025-09-25 12:33:54,590.4
4304,4304,COD,Success,2025-04-17 11:13:07,327.98
4305,4305,Credit Card,Success,2025-05-05 17:01:20,968.56
4306,4306,Credit Card,Success,2025-03-25 19:28:55,357.06
4307,4307,Wallet,Success,2025-03-02 19:54:32,45.17
4308,4308,Debit Card,Success,2025-10-31 15:41:20,372.18
4309,4309,Debit Card,Success,2025-04-13 12:04:44,656.58
4310,4310,UPI,Success,2025-11-27 21:06:09,249.88
4311,4311,Credit Card,Success,2025-05-11 13:58:33,683.13
4312,4312,UPI,Success,2025-03-26 21:51:33,287.68
4313,4313,Credit Card,Success,2025-08-12 19:43:15,506.88
4314,4314,Wallet,Success,2025-07-22 19:43:27,270.74
4315,4315,COD,Success,2025-05-22 14:22:40,337.4
4316,4316,Wallet,Success,2025-06-28 12:34:15,163.27
4317,4317,Debit Card,Success,2025-07-20 11:09:25,66.43
4318,4318,Credit Card,Success,2025-12-20 09:58:24,593.71
4319,4319,UPI,Success,2025-04-04 11:12:46,764.69
4320,4320,Wallet,Success,2025-09-06 13:09:01,469.73
4321,4321,UPI,Refunded,2025-01-23 19:27:50,365.65
4322,4322,UPI,Success,2025-12-10 11:37:47,148.22
4323,4323,COD,Success,2025-12-20 23:04:35,266.08
4324,4324,UPI,Success,2025-11-16 12:32:57,1485.86
4325,4325,Wallet,Success,2025-08-26 14:43:45,380.69
4326,4326,COD,Success,2025-02-01 17:59:27,69.99
4327,4327,UPI,Success,2025-11-14 18:46:06,471.44
4328,4328,Wallet,Success,2025-02-14 10:52:58,1057.02
4329,4329,Debit Card,Success,2025-07-08 21:38:00,424.78
4330,4330,UPI,Success,2025-08-22 22:09:40,1414.94
4331,4331,UPI,Success,2025-08-22 11:24:13,876.42
4332,4332,UPI,Success,2025-09-04 18:14:21,380.31
4333,4333,Debit Card,Success,2025-02-27 12:46:52,464.17
4334,4334,UPI,Success,2025-11-13 20:55:50,284.96
4335,4335,Wallet,Success,2025-02-02 13:37:18,315.79
4336,4336,UPI,Success,2025-11-11 22:27:30,617.96
4337,4337,Wallet,Refunded,2025-11-11 14:01:17,834.8
4338,4338,UPI,Success,2025-09-19 18:19:12,180.61
4339,4339,UPI,Success,2025-05-25 17:54:37,273.47
4340,4340,UPI,Success,2025-02-18 20:00:29,418.73
4341,4341,Credit Card,Success,2025-04-19 10:43:31,415.88
4342,4342,Wallet,Success,2025-09-04 13:34:59,255.0
4343,4343,UPI,Success,2025-09-13 20:00:43,1212.09
4344,4344,Wallet,Success,2025-07-21 09:54:27,542.94
4345,4345,UPI,Success,2025-10-23 21:45:21,218.68
4346,4346,Debit Card,Success,2025-10-23 21:21:40,123.56
4347,4347,UPI,Success,2025-10-04 23:40:20,726.54
4348,4348,UPI,Success,2025-07-24 20:17:29,252.37
4349,4349,COD,Success,2025-12-04 10:31:23,341.32
4350,4350,UPI,Success,2025-03-01 17:55:46,652.42
4351,4351,Wallet,Success,2025-06-08 17:30:29,1335.15
4352,4352,COD,Success,2025-08-02 13:50:54,938.88
4353,4353,Wallet,Refunded,2025-02-23 14:00:17,554.56
4354,4354,Wallet,Success,2025-08-22 20:51:37,271.38
4355,4355,COD,Refunded,2025-02-10 17:04:16,513.96
4356,4356,Wallet,Success,2025-09-09 21:43:18,767.92
4357,4357,Debit Card,Success,2025-06-23 22:29:55,525.19
4358,4358,Credit Card,Failed,2025-12-07 22:11:28,1089.89
4359,4359,UPI,Success,2025-08-18 17:49:10,170.03
4360,4360,UPI,Success,2025-08-13 12:38:07,307.23
4361,4361,COD,Success,2025-03-09 06:33:44,420.36
4362,4362,Wallet,Success,2025-11-05 14:33:46,316.87
4363,4363,UPI,Refunded,2025-05-22 14:52:02,755.96
4364,4364,Debit Card,Success,2025-09-27 19:06:51,384.59
4365,4365,COD,Success,2025-03-30 12:07:25,605.56
4366,4366,UPI,Success,2025-06-18 15:17:47,610.78
4367,4367,UPI,Success,2025-04-19 20:08:20,364.49
4368,4368,UPI,Success,2025-09-01 17:18:31,186.81
4369,4369,COD,Success,2025-12-30 22:48:59,103.11
4370,4370,Debit Card,Success,2025-08-01 10:29:05,591.69
4371,4371,UPI,Success,2025-04-13 12:08:40,101.71
4372,4372,Credit Card,Success,2025-11-05 12:43:33,314.3
4373,4373,Wallet,Refunded,2025-12-27 08:51:57,565.1
4374,4374,UPI,Success,2025-03-29 11:52:16,702.3
4375,4375,UPI,Success,2025-11-03 19:57:06,432.18
4376,4376,UPI,Success,2025-07-03 15:13:58,435.61
4377,4377,Credit Card,Success,2025-07-22 08:21:14,649.41
4378,4378,Debit Card,Success,2025-07-22 17:05:06,211.28
4379,4379,UPI,Refunded,2025-09-18 12:31:50,201.78
4380,4380,COD,Success,2025-12-29 10:39:52,139.86
4381,4381,Credit Card,Success,2025-09-15 12:48:54,158.0
4382,4382,COD,Success,2025-08-24 12:10:17,421.79
4383,4383,Debit Card,Success,2025-08-01 11:24:14,531.44
4384,4384,UPI,Success,2025-08-13 20:52:55,150.59
4385,4385,Debit Card,Success,2025-03-18 00:12:36,153.31
4386,4386,Credit Card,Success,2025-01-17 09:50:07,205.3
4387,4387,UPI,Success,2025-10-15 11:10:14,496.28
4388,4388,Credit Card,Success,2025-06-02 15:31:14,639.2
4389,4389,Credit Card,Success,2025-11-07 19:40:09,164.2
4390,4390,Debit Card,Success,2025-03-11 19:54:09,666.52
4391,4391,Credit Card,Success,2025-08-20 20:23:58,395.37
4392,4392,Wallet,Success,2025-01-12 19:23:17,1276.29
4393,4393,Credit Card,Success,2025-02-08 00:54:39,1050.12
4394,4394,UPI,Success,2025-11-26 11:14:12,1182.31
4395,4395,Debit Card,Success,2025-11-23 20:12:54,1953.5
4396,4396,COD,Success,2025-12-09 21:26:25,1216.0
4397,4397,Debit Card,Success,2025-11-21 13:29:26,317.43
4398,4398,Debit Card,Success,2025-06-13 12:25:11,489.72
4399,4399,Credit Card,Success,2025-01-14 16:59:50,237.07
4400,4400,Debit Card,Success,2025-06-22 14:36:45,1125.62
4401,4401,Wallet,Success,2025-04-20 10:17:38,883.92
4402,4402,COD,Success,2025-03-01 13:41:25,967.03
4403,4403,UPI,Success,2025-10-18 14:59:17,199.3
4404,4404,UPI,Success,2025-04-17 18:03:07,273.06
4405,4405,UPI,Success,2025-05-06 20:02:37,113.43
4406,4406,COD,Success,2025-08-06 21:52:17,67.37
4407,4407,UPI,Success,2025-12-14 11:11:19,409.04
4408,4408,UPI,Success,2025-05-28 11:47:05,719.17
4409,4409,UPI,Success,2025-09-20 09:06:16,354.33
4410,4410,Wallet,Success,2025-06-06 11:03:56,982.04
4411,4411,UPI,Refunded,2025-05-19 17:50:18,446.77
4412,4412,COD,Success,2025-02-02 10:58:42,770.66
4413,4413,Debit Card,Success,2025-02-26 07:23:42,177.07
4414,4414,Wallet,Success,2025-03-17 12:32:21,613.23
4415,4415,Wallet,Success,2025-10-14 19:17:56,50.3
4416,4416,UPI,Success,2025-09-24 20:22:51,618.12
4417,4417,Credit Card,Success,2025-10-21 12:16:52,207.07
4418,4418,UPI,Success,2025-04-05 12:43:55,412.54
4419,4419,Wallet,Success,2025-07-17 20:51:12,250.1
4420,4420,UPI,Success,2025-10-13 13:28:50,508.71
4421,4421,UPI,Success,2025-08-10 17:27:07,433.6
4422,4422,UPI,Success,2025-06-08 23:17:17,228.57
4423,4423,UPI,Refunded,2025-10-03 11:42:37,1023.43
4424,4424,Credit Card,Success,2025-07-14 20:13:44,336.7
4425,4425,UPI,Success,2025-06-02 20:30:04,900.39
4426,4426,Wallet,Success,2025-09-20 20:13:23,500.0
4427,4427,COD,Success,2025-05-02 21:32:07,1044.18
4428,4428,COD,Success,2025-09-16 21:54:23,1604.04
4429,4429,Debit Card,Success,2025-01-27 22:56:42,408.92
4430,4430,UPI,Success,2025-11-15 17:40:17,524.8
4431,4431,Debit Card,Success,2025-12-18 14:18:13,442.85
4432,4432,UPI,Success,2025-09-08 12:59:10,1215.79
4433,4433,UPI,Success,2025-11-14 15:09:58,196.6
4434,4434,UPI,Success,2025-02-04 11:12:09,930.29
4435,4435,Debit Card,Success,2025-01-03 12:30:56,489.9
4436,4436,Credit Card,Refunded,2025-01-15 06:59:00,485.53
4437,4437,Debit Card,Success,2025-09-25 16:44:29,883.94
4438,4438,UPI,Success,2025-07-28 18:59:36,307.17
4439,4439,UPI,Refunded,2025-12-27 12:18:23,748.83
4440,4440,UPI,Success,2025-08-24 10:18:06,372.65
4441,4441,UPI,Success,2025-12-02 09:45:56,216.11
4442,4442,COD,Success,2025-04-26 11:48:21,782.32
4443,4443,Credit Card,Success,2025-08-04 12:27:47,1607.98
4444,4444,COD,Success,2025-07-29 12:25:23,220.82
4445,4445,Credit Card,Success,2025-08-31 12:11:45,343.68
4446,4446,Credit Card,Success,2025-08-11 23:55:03,236.22
4447,4447,UPI,Success,2025-08-12 19:42:00,210.03
4448,4448,COD,Success,2025-12-01 10:12:12,1241.19
4449,4449,COD,Success,2025-05-19 20:21:46,115.48
4450,4450,UPI,Success,2025-03-25 20:02:33,337.17
4451,4451,Debit Card,Success,2025-02-23 19:27:24,172.98
4452,4452,UPI,Success,2025-12-18 12:34:47,414.08
4453,4453,COD,Success,2025-11-08 22:03:19,631.98
4454,4454,UPI,Success,2025-09-26 08:14:09,269.0
4455,4455,COD,Success,2025-11-15 22:04:44,918.0
4456,4456,COD,Success,2025-01-05 21:59:35,421.16
4457,4457,Credit Card,Success,2025-06-11 07:36:09,183.31
4458,4458,Credit Card,Success,2025-12-23 00:30:17,57.86
4459,4459,Wallet,Success,2025-10-21 19:19:20,650.73
4460,4460,Credit Card,Success,2025-10-21 08:40:18,206.86
4461,4461,UPI,Success,2025-08-09 23:14:32,98.63
4462,4462,UPI,Success,2025-11-27 14:00:40,193.83
4463,4463,UPI,Success,2025-04-09 09:58:15,65.28
4464,4464,COD,Success,2025-01-14 11:01:37,367.12
4465,4465,COD,Success,2025-01-27 20:24:35,73.55
4466,4466,UPI,Success,2025-08-26 12:08:20,98.63
4467,4467,Debit Card,Success,2025-12-02 19:34:57,999.55
4468,4468,UPI,Success,2025-07-06 16:59:22,1055.58
4469,4469,Wallet,Success,2025-12-15 21:19:52,308.4
4470,4470,UPI,Success,2025-03-24 19:50:58,500.58
4471,4471,Wallet,Success,2025-07-02 09:51:39,238.29
4472,4472,Wallet,Success,2025-10-04 17:30:27,268.9
4473,4473,UPI,Success,2025-07-17 07:44:44,154.85
4474,4474,Wallet,Success,2025-09-15 14:02:29,192.55
4475,4475,UPI,Success,2025-04-08 12:44:44,445.25
4476,4476,UPI,Success,2025-09-21 14:15:16,361.6
4477,4477,UPI,Success,2025-05-07 21:42:29,289.57
4478,4478,UPI,Success,2025-05-23 17:40:08,247.63
4479,4479,UPI,Success,2025-09-07 11:16:58,436.42
4480,4480,Wallet,Success,2025-10-26 20:48:24,235.2
4481,4481,UPI,Success,2025-10-18 19:07:49,302.64
4482,4482,Wallet,Success,2025-03-06 14:15:16,134.26
4483,4483,UPI,Success,2025-12-07 17:19:05,1064.5
4484,4484,UPI,Success,2025-03-18 21:20:09,73.32
4485,4485,Credit Card,Success,2025-02-21 20:38:48,672.94
4486,4486,Credit Card,Success,2025-04-08 18:23:55,385.12
4487,4487,UPI,Success,2025-05-31 21:20:12,1128.34
4488,4488,Wallet,Success,2025-08-11 09:46:27,880.42
4489,4489,UPI,Success,2025-08-01 10:18:38,580.74
4490,4490,Wallet,Success,2025-09-02 17:09:32,462.68
4491,4491,COD,Success,2025-12-28 11:40:41,835.08
4492,4492,UPI,Success,2025-08-11 16:34:26,100.58
4493,4493,UPI,Success,2025-05-26 11:36:51,683.12
4494,4494,Debit Card,Success,2025-07-14 19:09:38,1786.49
4495,4495,UPI,Success,2025-10-25 17:32:07,1223.37
4496,4496,Credit Card,Success,2025-02-16 13:00:29,281.97
4497,4497,Wallet,Success,2025-08-31 18:25:57,185.46
4498,4498,UPI,Success,2025-08-11 12:50:05,1276.93
4499,4499,COD,Success,2025-01-31 19:29:41,862.2
4500,4500,COD,Success,2025-09-14 13:59:38,1534.63
4501,4501,Wallet,Success,2025-09-03 12:24:31,571.09
4502,4502,UPI,Success,2025-07-06 17:55:43,73.38
4503,4503,UPI,Success,2025-07-16 08:31:00,55.83
4504,4504,UPI,Refunded,2025-01-28 20:00:48,324.78
4505,4505,Wallet,Success,2025-09-22 10:13:27,279.63
4506,4506,UPI,Success,2025-12-01 18:40:28,236.95
4507,4507,UPI,Success,2025-05-17 15:48:51,427.14
4508,4508,UPI,Success,2025-12-21 11:08:23,192.4
4509,4509,Debit Card,Success,2025-09-15 15:08:35,1363.42
4510,4510,Debit Card,Success,2025-02-12 19:25:46,691.69
4511,4511,COD,Success,2025-05-02 13:00:50,285.06
4512,4512,Credit Card,Success,2025-03-29 12:40:18,447.76
4513,4513,COD,Success,2025-04-07 20:46:30,413.03
4514,4514,Credit Card,Success,2025-06-21 19:15:18,619.72
4515,4515,Wallet,Success,2025-11-04 16:46:17,178.09
4516,4516,UPI,Success,2025-03-01 21:47:25,146.6
4517,4517,Wallet,Success,2025-08-25 08:02:05,382.0
4518,4518,COD,Success,2025-10-08 12:06:05,94.45
4519,4519,Credit Card,Success,2025-11-15 11:33:12,247.29
4520,4520,Credit Card,Success,2025-07-21 21:46:48,695.25
4521,4521,UPI,Success,2025-10-05 17:09:22,449.12
4522,4522,UPI,Success,2025-08-29 21:18:57,201.3
4523,4523,Debit Card,Success,2025-12-29 15:31:55,732.03
4524,4524,UPI,Success,2025-10-12 08:22:52,354.86
4525,4525,UPI,Success,2025-03-06 19:16:37,715.52
4526,4526,UPI,Success,2025-12-10 16:59:24,404.44
4527,4527,UPI,Success,2025-04-07 11:44:43,553.15
4528,4528,UPI,Success,2025-10-24 19:45:35,577.74
4529,4529,COD,Success,2025-12-01 12:55:55,435.39
4530,4530,COD,Success,2025-07-02 15:41:30,299.91
4531,4531,UPI,Success,2025-12-14 13:48:58,585.77
4532,4532,UPI,Success,2025-12-22 13:31:42,707.2
4533,4533,Debit Card,Success,2025-07-15 11:40:44,801.74
4534,4534,Wallet,Success,2025-03-25 19:11:13,709.85
4535,4535,UPI,Success,2025-10-13 12:37:16,184.95
4536,4536,COD,Success,2025-06-21 13:20:46,218.68
4537,4537,UPI,Failed,2025-11-16 12:04:30,109.42
4538,4538,Credit Card,Success,2025-08-19 14:37:32,153.92
4539,4539,COD,Success,2025-05-13 18:42:32,126.63
4540,4540,UPI,Success,2025-09-04 23:55:30,508.96
4541,4541,UPI,Refunded,2025-05-15 11:45:48,300.13
4542,4542,UPI,Refunded,2025-09-14 08:57:52,709.85
4543,4543,UPI,Success,2025-08-14 14:49:42,1092.35
4544,4544,Debit Card,Success,2025-10-01 15:41:58,1136.75
4545,4545,UPI,Success,2025-11-29 12:26:12,162.9
4546,4546,UPI,Success,2025-08-18 12:03:10,602.38
4547,4547,Debit Card,Success,2025-01-12 13:22:40,556.0
4548,4548,Wallet,Success,2025-11-03 10:25:28,446.66
4549,4549,UPI,Success,2025-07-06 19:29:35,434.23
4550,4550,Credit Card,Success,2025-12-26 07:45:44,623.92
4551,4551,Debit Card,Success,2025-10-03 21:31:38,249.18
4552,4552,Credit Card,Success,2025-04-29 14:41:42,189.92
4553,4553,Debit Card,Success,2025-10-16 08:25:05,400.88
4554,4554,Wallet,Success,2025-06-06 08:34:36,832.36
4555,4555,UPI,Success,2025-09-07 07:10:11,322.63
4556,4556,Credit Card,Success,2025-05-07 12:40:05,603.32
4557,4557,COD,Success,2025-08-22 19:50:19,548.74
4558,4558,Credit Card,Success,2025-01-04 12:48:47,563.55
4559,4559,COD,Success,2025-12-28 21:21:18,931.44
4560,4560,UPI,Success,2025-03-25 15:00:19,694.74
4561,4561,Credit Card,Success,2025-07-09 10:54:49,150.59
4562,4562,Credit Card,Success,2025-08-01 06:38:03,688.92
4563,4563,Wallet,Success,2025-12-08 10:28:41,539.23
4564,4564,UPI,Success,2025-01-30 20:11:53,202.09
4565,4565,UPI,Success,2025-09-06 10:59:01,227.26
4566,4566,Credit Card,Refunded,2025-08-07 18:27:30,847.57
4567,4567,UPI,Success,2025-04-12 22:28:49,239.86
4568,4568,UPI,Failed,2025-06-25 11:38:31,698.73
4569,4569,Debit Card,Success,2025-11-10 18:38:31,243.49
4570,4570,COD,Success,2025-05-29 12:45:18,686.76
4571,4571,Wallet,Success,2025-11-11 20:02:54,994.43
4572,4572,Wallet,Success,2025-08-29 13:05:15,797.8
4573,4573,COD,Success,2025-07-05 12:38:28,342.63
4574,4574,UPI,Success,2025-10-01 11:31:38,207.94
4575,4575,Debit Card,Success,2025-12-07 14:08:54,343.9
4576,4576,UPI,Refunded,2025-02-28 12:14:06,270.74
4577,4577,COD,Success,2025-09-09 11:04:47,1113.03
4578,4578,COD,Success,2025-10-08 12:49:18,1031.31
4579,4579,Wallet,Success,2025-11-29 18:58:00,719.64
4580,4580,UPI,Success,2025-03-13 11:36:43,156.43
4581,4581,Wallet,Success,2025-07-18 20:13:29,942.14
4582,4582,Wallet,Success,2025-08-22 21:44:41,478.35
4583,4583,Debit Card,Failed,2025-03-02 12:32:59,872.01
4584,4584,Credit Card,Success,2025-10-04 08:25:42,403.97
4585,4585,Wallet,Success,2025-01-31 19:10:02,414.38
4586,4586,Credit Card,Success,2025-10-11 16:05:06,462.68
4587,4587,UPI,Success,2025-12-19 20:30:50,994.81
4588,4588,UPI,Success,2025-01-26 12:35:26,544.65
4589,4589,UPI,Success,2025-01-05 11:45:13,566.83
4590,4590,UPI,Success,2025-03-02 13:53:46,248.57
4591,4591,UPI,Success,2025-09-27 11:48:28,242.88
4592,4592,UPI,Success,2025-07-28 09:42:17,267.34
4593,4593,Debit Card,Success,2025-12-04 12:15:51,1111.16
4594,4594,COD,Success,2025-01-02 20:00:57,637.34
4595,4595,COD,Success,2025-04-09 18:33:56,409.23
4596,4596,Debit Card,Failed,2025-06-22 12:43:52,395.16
4597,4597,UPI,Success,2025-05-04 22:18:05,503.49
4598,4598,Credit Card,Success,2025-05-02 10:59:23,769.08
4599,4599,COD,Success,2025-07-07 13:11:55,651.08
4600,4600,UPI,Success,2025-05-11 13:14:50,68.16
4601,4601,UPI,Success,2025-07-25 11:08:23,1172.08
4602,4602,COD,Success,2025-04-21 09:49:10,188.55
4603,4603,Wallet,Success,2025-04-13 12:39:04,1903.72
4604,4604,Wallet,Refunded,2025-09-27 22:25:45,1605.51
4605,4605,Wallet,Refunded,2025-10-08 20:54:53,94.6
4606,4606,Wallet,Success,2025-11-20 18:12:25,156.78
4607,4607,UPI,Success,2025-08-31 20:15:55,671.27
4608,4608,Debit Card,Success,2025-01-22 19:42:08,186.6
4609,4609,UPI,Success,2025-04-12 20:31:52,363.42
4610,4610,Wallet,Success,2025-06-24 11:26:28,327.44
4611,4611,UPI,Success,2025-10-13 22:49:31,123.47
4612,4612,UPI,Success,2025-11-02 20:00:39,903.12
4613,4613,UPI,Success,2025-07-29 11:56:44,475.35
4614,4614,UPI,Success,2025-06-15 14:00:05,617.41
4615,4615,COD,Success,2025-08-27 20:10:16,214.5
4616,4616,Credit Card,Success,2025-04-09 21:31:30,322.52
4617,4617,Credit Card,Success,2025-06-18 20:20:30,114.49
4618,4618,UPI,Success,2025-01-16 21:06:40,73.57
4619,4619,Credit Card,Success,2025-03-19 19:11:06,106.08
4620,4620,COD,Success,2025-03-23 20:34:45,2010.06
4621,4621,Wallet,Success,2025-12-30 18:55:17,1610.54
4622,4622,UPI,Success,2025-08-08 12:54:12,766.07
4623,4623,Credit Card,Success,2025-12-18 09:24:28,777.39
4624,4624,Wallet,Success,2025-10-03 17:30:49,563.22
4625,4625,Credit Card,Success,2025-04-01 11:49:51,75.28
4626,4626,COD,Success,2025-12-20 13:34:18,775.2
4627,4627,UPI,Success,2025-09-03 10:20:36,544.78
4628,4628,COD,Success,2025-09-07 13:11:01,965.15
4629,4629,Debit Card,Success,2025-10-24 13:37:40,176.66
4630,4630,Wallet,Success,2025-10-06 07:14:19,1086.62
4631,4631,COD,Success,2025-10-20 13:50:34,774.85
4632,4632,UPI,Success,2025-04-06 15:12:34,447.57
4633,4633,Wallet,Success,2025-11-21 10:55:45,289.1
4634,4634,UPI,Success,2025-09-11 19:49:36,166.57
4635,4635,Credit Card,Success,2025-11-07 20:00:09,276.24
4636,4636,COD,Refunded,2025-02-06 13:30:30,236.47
4637,4637,UPI,Success,2025-11-01 19:27:13,690.54
4638,4638,Credit Card,Success,2025-07-21 12:21:02,1166.07
4639,4639,Wallet,Success,2025-02-16 12:28:39,339.05
4640,4640,UPI,Success,2025-06-16 11:29:24,1373.05
4641,4641,UPI,Success,2025-12-07 18:32:37,322.72
4642,4642,UPI,Refunded,2025-03-23 12:28:02,381.41
4643,4643,Wallet,Success,2025-02-02 11:01:16,530.41
4644,4644,COD,Refunded,2025-05-19 08:29:33,405.25
4645,4645,Credit Card,Success,2025-04-14 08:10:40,976.54
4646,4646,Debit Card,Success,2025-03-12 17:59:33,70.87
4647,4647,UPI,Refunded,2025-05-24 14:41:05,775.52
4648,4648,UPI,Success,2025-07-15 20:42:35,107.13
4649,4649,UPI,Success,2025-05-11 13:57:56,467.36
4650,4650,UPI,Success,2025-06-24 08:01:01,1166.91
4651,4651,Credit Card,Success,2025-07-19 11:35:47,358.3
4652,4652,UPI,Success,2025-04-30 07:46:42,757.21
4653,4653,UPI,Success,2025-11-07 21:59:22,228.86
4654,4654,Wallet,Success,2025-06-24 16:45:07,946.62
4655,4655,UPI,Success,2025-12-21 18:36:05,168.41
4656,4656,UPI,Success,2025-07-29 10:15:06,829.41
4657,4657,Wallet,Refunded,2025-10-27 18:12:17,1237.34
4658,4658,COD,Success,2025-05-04 08:08:16,234.28
4659,4659,Credit Card,Success,2025-06-29 13:47:18,292.63
4660,4660,Debit Card,Success,2025-12-23 20:24:31,810.57
4661,4661,Credit Card,Success,2025-11-29 17:54:48,443.37
4662,4662,Credit Card,Success,2025-07-31 22:44:30,128.63
4663,4663,UPI,Success,2025-03-22 12:47:58,446.54
4664,4664,UPI,Success,2025-03-26 20:18:34,534.54
4665,4665,Wallet,Success,2025-11-25 12:19:02,669.19
4666,4666,Wallet,Success,2025-04-02 14:33:15,442.49
4667,4667,COD,Success,2025-11-28 20:17:24,776.93
4668,4668,Wallet,Refunded,2025-05-22 13:42:22,664.95
4669,4669,Wallet,Failed,2025-10-02 20:21:30,1078.22
4670,4670,UPI,Success,2025-11-16 11:58:52,641.21
4671,4671,COD,Success,2025-09-13 11:51:53,229.57
4672,4672,UPI,Failed,2025-11-16 00:42:44,171.11
4673,4673,COD,Success,2025-12-23 12:02:28,524.69
4674,4674,Credit Card,Success,2025-10-28 22:27:52,402.73
4675,4675,UPI,Success,2025-03-08 22:35:52,515.67
4676,4676,Wallet,Success,2025-07-16 20:58:52,305.22
4677,4677,COD,Success,2025-07-10 20:07:42,421.9
4678,4678,Debit Card,Success,2025-03-01 18:18:55,721.95
4679,4679,UPI,Success,2025-11-10 18:05:55,650.3
4680,4680,UPI,Success,2025-10-17 12:08:43,905.37
4681,4681,Credit Card,Success,2025-05-21 14:20:47,396.46
4682,4682,UPI,Success,2025-08-14 12:59:56,735.61
4683,4683,Debit Card,Success,2025-07-16 11:37:17,850.08
4684,4684,UPI,Success,2025-07-14 19:20:04,538.46
4685,4685,Credit Card,Success,2025-05-04 21:22:27,777.33
4686,4686,UPI,Success,2025-11-08 12:08:29,123.46
4687,4687,UPI,Refunded,2025-02-23 09:08:35,761.18
4688,4688,Wallet,Success,2025-11-21 11:20:58,1168.68
4689,4689,UPI,Success,2025-07-02 09:53:24,53.56
4690,4690,Wallet,Success,2025-09-10 22:24:19,460.36
4691,4691,Wallet,Success,2025-07-23 08:37:58,547.95
4692,4692,Wallet,Success,2025-10-24 13:16:09,387.48
4693,4693,UPI,Success,2025-09-08 11:28:15,127.52
4694,4694,UPI,Success,2025-05-14 11:06:49,654.01
4695,4695,Wallet,Success,2025-06-17 21:28:12,60.73
4696,4696,COD,Success,2025-12-24 08:11:41,225.12
4697,4697,Credit Card,Success,2025-06-18 15:53:08,414.8
4698,4698,Credit Card,Success,2025-05-21 19:36:20,89.58
4699,4699,UPI,Success,2025-03-17 22:02:22,549.93
4700,4700,UPI,Success,2025-12-17 18:52:09,168.66
4701,4701,Debit Card,Success,2025-07-26 20:00:21,526.15
4702,4702,Credit Card,Success,2025-08-24 12:42:21,221.59
4703,4703,Wallet,Success,2025-05-05 12:59:31,469.6
4704,4704,Credit Card,Failed,2025-10-30 21:20:50,249.87
4705,4705,Wallet,Success,2025-07-16 17:53:22,545.1
4706,4706,UPI,Success,2025-08-30 19:45:16,481.94
4707,4707,Wallet,Success,2025-01-30 09:15:30,574.6
4708,4708,Wallet,Success,2025-12-12 09:34:57,173.48
4709,4709,UPI,Success,2025-12-28 13:36:00,587.87
4710,4710,UPI,Refunded,2025-06-10 15:39:01,124.83
4711,4711,Credit Card,Success,2025-07-27 14:57:55,349.92
4712,4712,UPI,Success,2025-09-19 20:26:04,458.55
4713,4713,UPI,Success,2025-09-14 21:19:25,675.48
4714,4714,Wallet,Success,2025-03-24 12:33:33,913.42
4715,4715,Wallet,Success,2025-07-12 11:06:36,1441.11
4716,4716,Credit Card,Success,2025-04-25 12:04:57,429.18
4717,4717,Credit Card,Success,2025-12-03 10:36:44,72.26
4718,4718,UPI,Success,2025-08-07 13:33:15,525.18
4719,4719,UPI,Success,2025-05-15 20:33:08,989.71
4720,4720,UPI,Success,2025-08-12 19:20:35,893.2
4721,4721,Credit Card,Success,2025-09-18 00:18:25,364.43
4722,4722,UPI,Success,2025-08-17 12:59:43,793.52
4723,4723,Credit Card,Success,2025-09-20 12:28:30,1029.73
4724,4724,Credit Card,Success,2025-05-27 17:23:02,1029.06
4725,4725,UPI,Success,2025-07-11 20:45:56,702.44
4726,4726,Credit Card,Success,2025-06-16 23:01:03,390.45
4727,4727,UPI,Success,2025-11-01 18:22:33,341.08
4728,4728,Wallet,Success,2025-11-17 07:13:35,733.28
4729,4729,UPI,Success,2025-04-24 13:41:49,378.97
4730,4730,Debit Card,Failed,2025-11-01 14:38:49,532.89
4731,4731,UPI,Success,2025-09-29 13:41:07,654.72
4732,4732,Wallet,Success,2025-11-22 08:44:14,171.03
4733,4733,UPI,Failed,2025-08-08 21:50:56,822.88
4734,4734,UPI,Success,2025-03-01 11:21:23,27.14
4735,4735,UPI,Success,2025-02-24 19:56:41,490.94
4736,4736,Credit Card,Success,2025-10-25 13:38:30,379.54
4737,4737,UPI,Success,2025-10-21 10:23:55,612.93
4738,4738,UPI,Success,2025-10-04 08:14:22,1191.27
4739,4739,UPI,Refunded,2025-09-01 00:31:51,476.69
4740,4740,Debit Card,Failed,2025-01-03 18:23:30,591.54
4741,4741,Debit Card,Success,2025-11-13 11:53:30,116.41
4742,4742,Credit Card,Success,2025-01-26 08:27:53,753.49
4743,4743,UPI,Success,2025-12-07 06:09:19,411.64
4744,4744,Debit Card,Success,2025-05-01 18:03:58,376.86
4745,4745,UPI,Success,2025-10-19 18:41:02,339.82
4746,4746,UPI,Success,2025-11-22 20:05:35,489.04
4747,4747,UPI,Success,2025-09-23 21:43:45,191.99
4748,4748,UPI,Success,2025-07-29 20:21:24,235.2
4749,4749,COD,Success,2025-02-27 19:21:29,226.81
4750,4750,UPI,Success,2025-07-04 20:58:19,201.16
4751,4751,Debit Card,Success,2025-04-05 14:23:41,200.62
4752,4752,UPI,Success,2025-12-31 19:54:17,114.15
4753,4753,Credit Card,Success,2025-10-16 18:40:10,196.02
4754,4754,Wallet,Success,2025-09-11 22:22:48,306.77
4755,4755,UPI,Success,2025-10-27 18:12:44,592.18
4756,4756,COD,Success,2025-07-08 19:37:53,479.79
4757,4757,UPI,Success,2025-09-28 20:22:49,70.08
4758,4758,Wallet,Success,2025-06-12 19:07:57,110.98
4759,4759,UPI,Success,2025-07-13 14:20:07,408.87
4760,4760,Wallet,Success,2025-12-11 16:34:52,130.07
4761,4761,UPI,Success,2025-05-20 10:30:05,740.59
4762,4762,UPI,Success,2025-09-26 19:23:11,441.71
4763,4763,Debit Card,Success,2025-02-17 19:11:25,780.29
4764,4764,UPI,Success,2025-04-14 21:54:32,129.8
4765,4765,Credit Card,Success,2025-09-12 10:27:59,739.49
4766,4766,COD,Success,2025-12-20 13:10:45,688.02
4767,4767,UPI,Success,2025-08-07 23:32:30,181.75
4768,4768,COD,Success,2025-08-20 21:51:12,120.82
4769,4769,Wallet,Success,2025-04-16 06:58:47,339.67
4770,4770,Debit Card,Success,2025-07-25 13:11:15,147.98
4771,4771,Credit Card,Success,2025-10-04 06:41:59,247.11
4772,4772,COD,Success,2025-10-02 12:39:16,665.51
4773,4773,UPI,Success,2025-03-18 15:13:39,178.81
4774,4774,Wallet,Success,2025-08-26 20:32:54,796.72
4775,4775,UPI,Success,2025-12-20 18:01:51,268.97
4776,4776,Wallet,Success,2025-05-12 09:48:15,531.03
4777,4777,UPI,Refunded,2025-08-06 11:51:17,181.53
4778,4778,UPI,Success,2025-11-20 11:55:43,429.14
4779,4779,UPI,Success,2025-06-08 09:19:31,138.84
4780,4780,Credit Card,Success,2025-08-02 13:13:45,101.81
4781,4781,UPI,Success,2025-08-09 12:24:14,212.39
4782,4782,UPI,Success,2025-01-14 17:45:51,1434.13
4783,4783,Debit Card,Success,2025-05-16 10:57:20,421.79
4784,4784,Credit Card,Success,2025-08-06 21:42:47,821.54
4785,4785,UPI,Success,2025-10-07 15:51:04,358.67
4786,4786,UPI,Success,2025-06-18 13:50:49,94.58
4787,4787,Wallet,Success,2025-05-26 20:47:46,1353.88
4788,4788,Credit Card,Success,2025-08-27 17:54:28,264.24
4789,4789,Credit Card,Success,2025-05-08 18:29:47,1323.93
4790,4790,UPI,Success,2025-03-30 21:41:28,149.07
4791,4791,Debit Card,Success,2025-12-09 22:25:36,466.35
4792,4792,COD,Success,2025-04-29 20:57:12,712.98
4793,4793,COD,Success,2025-04-12 08:46:32,337.01
4794,4794,UPI,Success,2025-01-25 20:38:22,228.58
4795,4795,Credit Card,Success,2025-08-01 08:51:44,688.38
4796,4796,Debit Card,Success,2025-03-30 11:15:09,424.32
4797,4797,Wallet,Success,2025-06-18 21:01:13,243.72
4798,4798,Debit Card,Success,2025-04-06 10:13:07,287.32
4799,4799,Credit Card,Success,2025-02-16 10:57:41,417.65
4800,4800,UPI,Success,2025-09-22 17:31:59,178.43
4801,4801,COD,Success,2025-12-19 10:21:34,509.61
4802,4802,Credit Card,Success,2025-05-21 12:03:37,563.35
4803,4803,COD,Success,2025-05-10 11:34:03,326.68
4804,4804,Debit Card,Success,2025-01-30 20:33:45,207.57
4805,4805,UPI,Success,2025-09-11 19:45:24,60.01
4806,4806,Wallet,Success,2025-04-15 19:13:53,767.61
4807,4807,UPI,Success,2025-02-07 20:11:47,339.69
4808,4808,UPI,Success,2025-05-07 19:16:44,59.87
4809,4809,UPI,Success,2025-04-27 20:00:18,474.3
4810,4810,UPI,Success,2025-10-13 12:45:14,230.81
4811,4811,Debit Card,Success,2025-07-07 13:33:47,43.02
4812,4812,UPI,Success,2025-09-27 13:45:20,447.18
4813,4813,Debit Card,Refunded,2025-03-05 19:17:19,318.54
4814,4814,Debit Card,Refunded,2025-08-30 11:45:25,200.73
4815,4815,Debit Card,Success,2025-10-04 22:26:42,69.56
4816,4816,Wallet,Success,2025-04-10 20:47:15,291.6
4817,4817,UPI,Success,2025-04-07 14:02:29,249.47
4818,4818,UPI,Success,2025-11-12 12:40:49,73.29
4819,4819,COD,Success,2025-04-10 08:47:27,919.74
4820,4820,Wallet,Success,2025-08-24 20:39:12,484.07
4821,4821,UPI,Success,2025-04-19 13:39:16,158.93
4822,4822,Credit Card,Success,2025-02-23 14:21:28,587.93
4823,4823,COD,Success,2025-06-06 15:57:36,86.37
4824,4824,UPI,Success,2025-02-26 18:15:43,509.91
4825,4825,UPI,Success,2025-10-28 12:19:52,122.96
4826,4826,COD,Refunded,2025-10-19 17:57:57,167.09
4827,4827,COD,Success,2025-07-14 14:29:33,580.98
4828,4828,Debit Card,Success,2025-12-16 19:33:17,221.08
4829,4829,UPI,Success,2025-11-02 17:56:39,916.9
4830,4830,UPI,Success,2025-11-19 11:16:19,485.98
4831,4831,Credit Card,Success,2025-05-18 17:04:13,1199.62
4832,4832,UPI,Success,2025-10-18 22:43:57,884.35
4833,4833,Debit Card,Success,2025-07-05 11:16:37,989.36
4834,4834,UPI,Success,2025-07-02 11:41:25,588.67
4835,4835,UPI,Success,2025-07-28 12:50:02,310.02
4836,4836,Credit Card,Refunded,2025-07-28 20:10:23,375.8
4837,4837,UPI,Success,2025-12-12 10:10:58,749.95
4838,4838,Wallet,Success,2025-11-18 08:00:43,1023.34
4839,4839,Credit Card,Success,2025-06-25 17:30:20,115.6
4840,4840,UPI,Success,2025-09-08 16:56:39,121.62
4841,4841,Wallet,Success,2025-12-11 15:52:15,37.94
4842,4842,UPI,Success,2025-04-12 21:20:08,364.42
4843,4843,COD,Success,2025-04-15 16:33:53,260.88
4844,4844,Credit Card,Success,2025-02-26 14:02:48,348.07
4845,4845,Credit Card,Success,2025-06-04 20:56:17,493.44
4846,4846,Wallet,Success,2025-11-09 10:48:13,332.64
4847,4847,Wallet,Success,2025-09-08 12:33:55,613.07
4848,4848,Credit Card,Success,2025-05-05 22:54:58,496.14
4849,4849,Credit Card,Success,2025-03-02 13:53:24,917.88
4850,4850,UPI,Success,2025-07-05 16:51:39,749.62
4851,4851,UPI,Success,2025-10-08 12:52:16,263.75
4852,4852,Wallet,Success,2025-04-17 18:54:09,530.04
4853,4853,COD,Success,2025-09-02 11:14:48,730.22
4854,4854,UPI,Success,2025-07-16 19:59:00,390.22
4855,4855,UPI,Success,2025-09-19 09:21:29,434.59
4856,4856,Wallet,Success,2025-07-20 13:45:36,288.19
4857,4857,Wallet,Success,2025-10-24 12:49:37,230.37
4858,4858,Credit Card,Success,2025-03-12 14:11:38,437.01
4859,4859,UPI,Success,2025-09-21 08:58:21,651.63
4860,4860,UPI,Success,2025-04-30 18:10:15,500.46
4861,4861,Wallet,Success,2025-07-22 13:55:39,419.62
4862,4862,COD,Success,2025-04-27 19:45:57,643.43
4863,4863,UPI,Success,2025-08-04 20:38:55,1119.62
4864,4864,UPI,Success,2025-07-17 10:50:56,465.54
4865,4865,UPI,Success,2025-01-08 19:03:11,838.53
4866,4866,UPI,Success,2025-05-17 18:56:38,696.91
4867,4867,UPI,Success,2025-08-01 15:05:09,1203.59
4868,4868,Wallet,Success,2025-09-18 20:38:23,109.34
4869,4869,COD,Success,2025-11-03 20:48:17,503.72
4870,4870,Debit Card,Refunded,2025-04-01 12:57:44,592.55
4871,4871,Credit Card,Success,2025-11-06 12:10:37,446.46
4872,4872,UPI,Success,2025-06-07 08:14:40,1218.07
4873,4873,COD,Success,2025-05-17 20:32:19,618.55
4874,4874,UPI,Success,2025-12-25 11:17:57,333.04
4875,4875,Wallet,Success,2025-05-12 08:31:22,643.21
4876,4876,COD,Success,2025-12-28 22:40:25,264.85
4877,4877,UPI,Success,2025-05-07 12:36:04,855.52
4878,4878,UPI,Success,2025-03-01 13:12:07,1363.48
4879,4879,UPI,Success,2025-01-10 10:31:35,163.56
4880,4880,Debit Card,Success,2025-05-26 13:28:08,441.71
4881,4881,UPI,Success,2025-05-18 13:30:16,209.34
4882,4882,Wallet,Success,2025-08-09 16:29:02,437.5
4883,4883,UPI,Success,2025-02-03 18:15:08,541.4
4884,4884,Wallet,Success,2025-10-19 11:03:19,789.68
4885,4885,Credit Card,Success,2025-09-30 22:38:06,863.32
4886,4886,Wallet,Success,2025-02-23 07:23:27,848.08
4887,4887,UPI,Success,2025-12-28 13:05:36,813.61
4888,4888,COD,Success,2025-03-05 14:25:49,142.79
4889,4889,UPI,Success,2025-12-28 15:29:05,814.55
4890,4890,Credit Card,Success,2025-09-25 20:14:37,163.27
4891,4891,Wallet,Success,2025-08-21 11:29:59,589.54
4892,4892,Debit Card,Success,2025-12-11 22:36:50,395.08
4893,4893,Credit Card,Success,2025-10-11 19:07:19,259.46
4894,4894,Wallet,Success,2025-10-04 17:43:35,511.31
4895,4895,Wallet,Success,2025-09-17 19:18:47,1014.4
4896,4896,Debit Card,Success,2025-08-04 11:51:07,809.03
4897,4897,Wallet,Success,2025-04-24 15:18:10,628.48
4898,4898,Wallet,Success,2025-03-17 19:04:04,580.41
4899,4899,Wallet,Failed,2025-03-15 21:40:31,984.84
4900,4900,COD,Success,2025-03-17 15:09:04,408.45
4901,4901,UPI,Success,2025-08-25 17:36:36,942.73
4902,4902,UPI,Success,2025-04-23 17:52:10,58.99
4903,4903,Debit Card,Success,2025-08-22 19:01:16,242.62
4904,4904,UPI,Success,2025-02-26 13:33:21,1180.98
4905,4905,Wallet,Refunded,2025-11-05 22:32:40,107.04
4906,4906,Wallet,Success,2025-09-20 11:05:12,309.68
4907,4907,Credit Card,Success,2025-08-03 11:27:49,532.41
4908,4908,UPI,Success,2025-03-09 20:46:31,835.14
4909,4909,UPI,Success,2025-01-18 20:09:21,430.81
4910,4910,COD,Success,2025-03-17 21:31:47,611.34
4911,4911,COD,Success,2025-10-05 21:49:20,890.51
4912,4912,Debit Card,Failed,2025-06-23 13:46:58,565.68
4913,4913,Credit Card,Success,2025-11-30 13:19:18,246.04
4914,4914,UPI,Success,2025-09-06 12:45:16,909.62
4915,4915,UPI,Success,2025-10-17 20:51:37,114.24
4916,4916,UPI,Success,2025-08-27 00:09:16,287.11
4917,4917,Wallet,Success,2025-12-03 08:04:05,683.82
4918,4918,UPI,Success,2025-04-23 14:06:38,614.43
4919,4919,Credit Card,Success,2025-10-10 13:17:36,1310.52
4920,4920,Credit Card,Success,2025-04-21 21:52:45,685.86
4921,4921,UPI,Success,2025-02-21 14:46:52,194.55
4922,4922,Debit Card,Success,2025-04-08 12:49:08,192.29
4923,4923,UPI,Success,2025-10-11 18:05:34,878.83
4924,4924,Wallet,Success,2025-01-19 20:20:15,138.16
4925,4925,Credit Card,Success,2025-03-01 11:09:43,1199.11
4926,4926,Debit Card,Success,2025-10-06 12:27:10,852.81
4927,4927,UPI,Success,2025-05-16 19:55:51,385.66
4928,4928,Credit Card,Success,2025-06-08 20:16:00,153.55
4929,4929,Credit Card,Success,2025-10-24 00:56:01,857.76
4930,4930,UPI,Success,2025-04-18 19:58:47,476.64
4931,4931,Debit Card,Success,2025-06-09 19:54:16,578.51
4932,4932,UPI,Success,2025-03-17 20:07:08,317.06
4933,4933,Debit Card,Success,2025-09-02 14:19:53,681.71
4934,4934,Credit Card,Success,2025-02-16 10:31:09,181.47
4935,4935,Debit Card,Success,2025-08-01 20:28:41,1251.84
4936,4936,COD,Success,2025-02-17 09:03:57,325.91
4937,4937,Credit Card,Success,2025-01-21 21:17:18,1013.87
4938,4938,Credit Card,Success,2025-03-20 18:24:53,437.35
4939,4939,UPI,Success,2025-08-20 13:00:24,144.24
4940,4940,Debit Card,Success,2025-12-23 22:07:46,184.76
4941,4941,UPI,Success,2025-01-28 14:48:48,392.07
4942,4942,COD,Success,2025-09-12 20:40:24,705.15
4943,4943,Credit Card,Success,2025-07-07 20:56:29,98.37
4944,4944,Debit Card,Success,2025-05-22 20:52:07,802.06
4945,4945,UPI,Success,2025-01-25 16:09:33,300.09
4946,4946,Wallet,Success,2025-06-24 22:29:42,479.02
4947,4947,UPI,Success,2025-08-15 19:46:18,1367.31
4948,4948,COD,Success,2025-11-25 11:05:21,396.86
4949,4949,Debit Card,Success,2025-12-03 21:50:46,1845.09
4950,4950,UPI,Success,2025-10-02 15:39:05,238.78
4951,4951,UPI,Success,2025-11-05 23:37:07,363.5
4952,4952,UPI,Success,2025-07-15 19:25:57,1273.1
4953,4953,UPI,Success,2025-05-31 15:38:10,616.42
4954,4954,UPI,Success,2025-01-17 18:51:45,230.27
4955,4955,COD,Success,2025-07-26 17:18:04,155.14
4956,4956,COD,Success,2025-08-19 12:05:55,362.23
4957,4957,COD,Refunded,2025-05-25 12:10:13,250.24
4958,4958,UPI,Success,2025-12-09 13:05:10,328.74
4959,4959,Debit Card,Success,2025-04-16 13:39:12,549.6
4960,4960,UPI,Success,2025-05-08 19:11:40,908.6
4961,4961,UPI,Success,2025-04-19 12:36:45,82.6
4962,4962,UPI,Success,2025-10-27 11:25:32,608.67
4963,4963,COD,Success,2025-03-06 15:29:49,363.92
4964,4964,UPI,Success,2025-01-23 14:53:38,360.43
4965,4965,UPI,Success,2025-10-26 18:31:11,730.67
4966,4966,Credit Card,Success,2025-12-09 08:43:27,324.42
4967,4967,Debit Card,Success,2025-08-05 13:45:47,157.3
4968,4968,Wallet,Success,2025-05-22 21:32:17,346.53
4969,4969,UPI,Success,2025-03-18 08:24:06,1357.59
4970,4970,UPI,Success,2025-11-17 19:21:26,331.14
4971,4971,Credit Card,Success,2025-02-01 10:35:46,350.04
4972,4972,Credit Card,Success,2025-08-30 22:43:57,448.59
4973,4973,COD,Success,2025-08-16 17:05:12,866.28
4974,4974,Credit Card,Success,2025-09-29 11:29:33,666.28
4975,4975,Credit Card,Success,2025-03-16 09:07:00,388.78
4976,4976,UPI,Success,2025-01-03 22:50:21,441.71
4977,4977,COD,Success,2025-06-29 15:00:30,1311.86
4978,4978,UPI,Success,2025-07-06 17:45:06,594.24
4979,4979,Credit Card,Success,2025-03-17 15:04:40,126.12
4980,4980,Wallet,Success,2025-06-06 12:43:22,856.55
4981,4981,UPI,Success,2025-10-10 21:08:36,98.28
4982,4982,Wallet,Success,2025-10-18 11:55:48,594.04
4983,4983,UPI,Success,2025-03-21 15:06:32,1328.85
4984,4984,UPI,Success,2025-05-21 07:55:50,120.3
4985,4985,Wallet,Success,2025-11-15 23:00:26,55.5
4986,4986,Wallet,Success,2025-02-16 21:07:01,208.42
4987,4987,Wallet,Failed,2025-08-31 20:53:27,364.42
4988,4988,Wallet,Success,2025-04-17 07:36:43,67.15
4989,4989,Debit Card,Success,2025-06-14 09:23:20,154.26
4990,4990,UPI,Success,2025-12-31 22:22:30,79.5
4991,4991,UPI,Refunded,2025-08-14 10:27:31,249.87
4992,4992,Wallet,Success,2025-02-17 07:05:19,820.29
4993,4993,UPI,Success,2025-04-21 19:09:03,614.11
4994,4994,COD,Success,2025-01-04 07:20:12,609.82
4995,4995,UPI,Success,2025-11-21 20:45:58,88.47
4996,4996,COD,Success,2025-08-20 11:03:54,108.94
4997,4997,COD,Success,2025-12-22 14:05:54,185.28
4998,4998,COD,Success,2025-10-09 14:31:45,542.5
4999,4999,Credit Card,Refunded,2025-07-23 19:02:25,281.97
5000,5000,Debit Card,Success,2025-03-07 18:57:07,188.98
